Eval count: 1, Parameters: [-1.5121444527968047, 1.502849960021762, 4.0766434110788055, -5.637053620508101, 4.328223403387376, -2.2518266844450316, -2.6599210242258136, 2.3984164502835394, -2.427754136982867, 3.6969162331893717, -3.263086137228797, -1.9330125456016614, -0.10063794380608293, -4.170410746817839, -2.4590771973663954, 3.5854643838005007, 5.780361787496702, 3.6900081608004385, 1.5623871305645487, 5.811195083780428, -0.1544156888712589, 1.2434004439790858, -2.791881498484179, 0.4913740817372476, -4.7439192904363585], Energy: -31.23728746773662
Eval count: 2, Parameters: [-0.5121444527968047, 1.502849960021762, 4.0766434110788055, -5.637053620508101, 4.328223403387376, -2.2518266844450316, -2.6599210242258136, 2.3984164502835394, -2.427754136982867, 3.6969162331893717, -3.263086137228797, -1.9330125456016614, -0.10063794380608293, -4.170410746817839, -2.4590771973663954, 3.5854643838005007, 5.780361787496702, 3.6900081608004385, 1.5623871305645487, 5.811195083780428, -0.1544156888712589, 1.2434004439790858, -2.791881498484179, 0.4913740817372476, -4.7439192904363585], Energy: -27.590806654295818
Eval count: 3, Parameters: [-1.5121444527968047, 2.502849960021762, 4.0766434110788055, -5.637053620508101, 4.328223403387376, -2.2518266844450316, -2.6599210242258136, 2.3984164502835394, -2.427754136982867, 3.6969162331893717, -3.263086137228797, -1.9330125456016614, -0.10063794380608293, -4.170410746817839, -2.4590771973663954, 3.5854643838005007, 5.780361787496702, 3.6900081608004385, 1.5623871305645487, 5.811195083780428, -0.1544156888712589, 1.2434004439790858, -2.791881498484179, 0.4913740817372476, -4.7439192904363585], Energy: -27.49879770681565
Eval count: 4, Parameters: [-1.5121444527968047, 1.502849960021762, 5.0766434110788055, -5.637053620508101, 4.328223403387376, -2.2518266844450316, -2.6599210242258136, 2.3984164502835394, -2.427754136982867, 3.6969162331893717, -3.263086137228797, -1.9330125456016614, -0.10063794380608293, -4.170410746817839, -2.4590771973663954, 3.5854643838005007, 5.780361787496702, 3.6900081608004385, 1.5623871305645487, 5.811195083780428, -0.1544156888712589, 1.2434004439790858, -2.791881498484179, 0.4913740817372476, -4.7439192904363585], Energy: -26.745754810094013
Eval count: 5, Parameters: [-1.5121444527968047, 1.502849960021762, 4.0766434110788055, -4.637053620508101, 4.328223403387376, -2.2518266844450316, -2.6599210242258136, 2.3984164502835394, -2.427754136982867, 3.6969162331893717, -3.263086137228797, -1.9330125456016614, -0.10063794380608293, -4.170410746817839, -2.4590771973663954, 3.5854643838005007, 5.780361787496702, 3.6900081608004385, 1.5623871305645487, 5.811195083780428, -0.1544156888712589, 1.2434004439790858, -2.791881498484179, 0.4913740817372476, -4.7439192904363585], Energy: -31.954551730250728
Eval count: 6, Parameters: [-1.5121444527968047, 1.502849960021762, 4.0766434110788055, -4.637053620508101, 5.328223403387376, -2.2518266844450316, -2.6599210242258136, 2.3984164502835394, -2.427754136982867, 3.6969162331893717, -3.263086137228797, -1.9330125456016614, -0.10063794380608293, -4.170410746817839, -2.4590771973663954, 3.5854643838005007, 5.780361787496702, 3.6900081608004385, 1.5623871305645487, 5.811195083780428, -0.1544156888712589, 1.2434004439790858, -2.791881498484179, 0.4913740817372476, -4.7439192904363585], Energy: -34.132595386123796
Eval count: 7, Parameters: [-1.5121444527968047, 1.502849960021762, 4.0766434110788055, -4.637053620508101, 5.328223403387376, -1.2518266844450316, -2.6599210242258136, 2.3984164502835394, -2.427754136982867, 3.6969162331893717, -3.263086137228797, -1.9330125456016614, -0.10063794380608293, -4.170410746817839, -2.4590771973663954, 3.5854643838005007, 5.780361787496702, 3.6900081608004385, 1.5623871305645487, 5.811195083780428, -0.1544156888712589, 1.2434004439790858, -2.791881498484179, 0.4913740817372476, -4.7439192904363585], Energy: -31.415439800482886
Eval count: 8, Parameters: [-1.5121444527968047, 1.502849960021762, 4.0766434110788055, -4.637053620508101, 5.328223403387376, -2.2518266844450316, -1.6599210242258136, 2.3984164502835394, -2.427754136982867, 3.6969162331893717, -3.263086137228797, -1.9330125456016614, -0.10063794380608293, -4.170410746817839, -2.4590771973663954, 3.5854643838005007, 5.780361787496702, 3.6900081608004385, 1.5623871305645487, 5.811195083780428, -0.1544156888712589, 1.2434004439790858, -2.791881498484179, 0.4913740817372476, -4.7439192904363585], Energy: -34.00323365799255
Eval count: 9, Parameters: [-1.5121444527968047, 1.502849960021762, 4.0766434110788055, -4.637053620508101, 5.328223403387376, -2.2518266844450316, -2.6599210242258136, 3.3984164502835394, -2.427754136982867, 3.6969162331893717, -3.263086137228797, -1.9330125456016614, -0.10063794380608293, -4.170410746817839, -2.4590771973663954, 3.5854643838005007, 5.780361787496702, 3.6900081608004385, 1.5623871305645487, 5.811195083780428, -0.1544156888712589, 1.2434004439790858, -2.791881498484179, 0.4913740817372476, -4.7439192904363585], Energy: -34.05502118415188
Eval count: 10, Parameters: [-1.5121444527968047, 1.502849960021762, 4.0766434110788055, -4.637053620508101, 5.328223403387376, -2.2518266844450316, -2.6599210242258136, 2.3984164502835394, -1.427754136982867, 3.6969162331893717, -3.263086137228797, -1.9330125456016614, -0.10063794380608293, -4.170410746817839, -2.4590771973663954, 3.5854643838005007, 5.780361787496702, 3.6900081608004385, 1.5623871305645487, 5.811195083780428, -0.1544156888712589, 1.2434004439790858, -2.791881498484179, 0.4913740817372476, -4.7439192904363585], Energy: -34.298426415794665
Eval count: 11, Parameters: [-1.5121444527968047, 1.502849960021762, 4.0766434110788055, -4.637053620508101, 5.328223403387376, -2.2518266844450316, -2.6599210242258136, 2.3984164502835394, -1.427754136982867, 4.696916233189372, -3.263086137228797, -1.9330125456016614, -0.10063794380608293, -4.170410746817839, -2.4590771973663954, 3.5854643838005007, 5.780361787496702, 3.6900081608004385, 1.5623871305645487, 5.811195083780428, -0.1544156888712589, 1.2434004439790858, -2.791881498484179, 0.4913740817372476, -4.7439192904363585], Energy: -34.24316481175532
Eval count: 12, Parameters: [-1.5121444527968047, 1.502849960021762, 4.0766434110788055, -4.637053620508101, 5.328223403387376, -2.2518266844450316, -2.6599210242258136, 2.3984164502835394, -1.427754136982867, 3.6969162331893717, -2.263086137228797, -1.9330125456016614, -0.10063794380608293, -4.170410746817839, -2.4590771973663954, 3.5854643838005007, 5.780361787496702, 3.6900081608004385, 1.5623871305645487, 5.811195083780428, -0.1544156888712589, 1.2434004439790858, -2.791881498484179, 0.4913740817372476, -4.7439192904363585], Energy: -33.95270285827371
Eval count: 13, Parameters: [-1.5121444527968047, 1.502849960021762, 4.0766434110788055, -4.637053620508101, 5.328223403387376, -2.2518266844450316, -2.6599210242258136, 2.3984164502835394, -1.427754136982867, 3.6969162331893717, -3.263086137228797, -0.9330125456016614, -0.10063794380608293, -4.170410746817839, -2.4590771973663954, 3.5854643838005007, 5.780361787496702, 3.6900081608004385, 1.5623871305645487, 5.811195083780428, -0.1544156888712589, 1.2434004439790858, -2.791881498484179, 0.4913740817372476, -4.7439192904363585], Energy: -34.30648978209007
Eval count: 14, Parameters: [-1.5121444527968047, 1.502849960021762, 4.0766434110788055, -4.637053620508101, 5.328223403387376, -2.2518266844450316, -2.6599210242258136, 2.3984164502835394, -1.427754136982867, 3.6969162331893717, -3.263086137228797, -0.9330125456016614, 0.8993620561939171, -4.170410746817839, -2.4590771973663954, 3.5854643838005007, 5.780361787496702, 3.6900081608004385, 1.5623871305645487, 5.811195083780428, -0.1544156888712589, 1.2434004439790858, -2.791881498484179, 0.4913740817372476, -4.7439192904363585], Energy: -34.293130387179474
Eval count: 15, Parameters: [-1.5121444527968047, 1.502849960021762, 4.0766434110788055, -4.637053620508101, 5.328223403387376, -2.2518266844450316, -2.6599210242258136, 2.3984164502835394, -1.427754136982867, 3.6969162331893717, -3.263086137228797, -0.9330125456016614, -0.10063794380608293, -3.170410746817839, -2.4590771973663954, 3.5854643838005007, 5.780361787496702, 3.6900081608004385, 1.5623871305645487, 5.811195083780428, -0.1544156888712589, 1.2434004439790858, -2.791881498484179, 0.4913740817372476, -4.7439192904363585], Energy: -34.30423193681696
Eval count: 16, Parameters: [-1.5121444527968047, 1.502849960021762, 4.0766434110788055, -4.637053620508101, 5.328223403387376, -2.2518266844450316, -2.6599210242258136, 2.3984164502835394, -1.427754136982867, 3.6969162331893717, -3.263086137228797, -0.9330125456016614, -0.10063794380608293, -4.170410746817839, -1.4590771973663954, 3.5854643838005007, 5.780361787496702, 3.6900081608004385, 1.5623871305645487, 5.811195083780428, -0.1544156888712589, 1.2434004439790858, -2.791881498484179, 0.4913740817372476, -4.7439192904363585], Energy: -34.30350525991804
Eval count: 17, Parameters: [-1.5121444527968047, 1.502849960021762, 4.0766434110788055, -4.637053620508101, 5.328223403387376, -2.2518266844450316, -2.6599210242258136, 2.3984164502835394, -1.427754136982867, 3.6969162331893717, -3.263086137228797, -0.9330125456016614, -0.10063794380608293, -4.170410746817839, -2.4590771973663954, 4.585464383800501, 5.780361787496702, 3.6900081608004385, 1.5623871305645487, 5.811195083780428, -0.1544156888712589, 1.2434004439790858, -2.791881498484179, 0.4913740817372476, -4.7439192904363585], Energy: -34.30722696938875
Eval count: 18, Parameters: [-1.5121444527968047, 1.502849960021762, 4.0766434110788055, -4.637053620508101, 5.328223403387376, -2.2518266844450316, -2.6599210242258136, 2.3984164502835394, -1.427754136982867, 3.6969162331893717, -3.263086137228797, -0.9330125456016614, -0.10063794380608293, -4.170410746817839, -2.4590771973663954, 4.585464383800501, 6.780361787496702, 3.6900081608004385, 1.5623871305645487, 5.811195083780428, -0.1544156888712589, 1.2434004439790858, -2.791881498484179, 0.4913740817372476, -4.7439192904363585], Energy: -34.30784469904239
Eval count: 19, Parameters: [-1.5121444527968047, 1.502849960021762, 4.0766434110788055, -4.637053620508101, 5.328223403387376, -2.2518266844450316, -2.6599210242258136, 2.3984164502835394, -1.427754136982867, 3.6969162331893717, -3.263086137228797, -0.9330125456016614, -0.10063794380608293, -4.170410746817839, -2.4590771973663954, 4.585464383800501, 6.780361787496702, 4.6900081608004385, 1.5623871305645487, 5.811195083780428, -0.1544156888712589, 1.2434004439790858, -2.791881498484179, 0.4913740817372476, -4.7439192904363585], Energy: -34.30853727603363
Eval count: 20, Parameters: [-1.5121444527968047, 1.502849960021762, 4.0766434110788055, -4.637053620508101, 5.328223403387376, -2.2518266844450316, -2.6599210242258136, 2.3984164502835394, -1.427754136982867, 3.6969162331893717, -3.263086137228797, -0.9330125456016614, -0.10063794380608293, -4.170410746817839, -2.4590771973663954, 4.585464383800501, 6.780361787496702, 4.6900081608004385, 2.5623871305645487, 5.811195083780428, -0.1544156888712589, 1.2434004439790858, -2.791881498484179, 0.4913740817372476, -4.7439192904363585], Energy: -34.30865312209602
Eval count: 21, Parameters: [-1.5121444527968047, 1.502849960021762, 4.0766434110788055, -4.637053620508101, 5.328223403387376, -2.2518266844450316, -2.6599210242258136, 2.3984164502835394, -1.427754136982867, 3.6969162331893717, -3.263086137228797, -0.9330125456016614, -0.10063794380608293, -4.170410746817839, -2.4590771973663954, 4.585464383800501, 6.780361787496702, 4.6900081608004385, 2.5623871305645487, 6.811195083780428, -0.1544156888712589, 1.2434004439790858, -2.791881498484179, 0.4913740817372476, -4.7439192904363585], Energy: -34.308331701971554
Eval count: 22, Parameters: [-1.5121444527968047, 1.502849960021762, 4.0766434110788055, -4.637053620508101, 5.328223403387376, -2.2518266844450316, -2.6599210242258136, 2.3984164502835394, -1.427754136982867, 3.6969162331893717, -3.263086137228797, -0.9330125456016614, -0.10063794380608293, -4.170410746817839, -2.4590771973663954, 4.585464383800501, 6.780361787496702, 4.6900081608004385, 2.5623871305645487, 5.811195083780428, 0.8455843111287411, 1.2434004439790858, -2.791881498484179, 0.4913740817372476, -4.7439192904363585], Energy: -34.30837504322261
Eval count: 23, Parameters: [-1.5121444527968047, 1.502849960021762, 4.0766434110788055, -4.637053620508101, 5.328223403387376, -2.2518266844450316, -2.6599210242258136, 2.3984164502835394, -1.427754136982867, 3.6969162331893717, -3.263086137228797, -0.9330125456016614, -0.10063794380608293, -4.170410746817839, -2.4590771973663954, 4.585464383800501, 6.780361787496702, 4.6900081608004385, 2.5623871305645487, 5.811195083780428, -0.1544156888712589, 2.243400443979086, -2.791881498484179, 0.4913740817372476, -4.7439192904363585], Energy: -34.30864775217441
Eval count: 24, Parameters: [-1.5121444527968047, 1.502849960021762, 4.0766434110788055, -4.637053620508101, 5.328223403387376, -2.2518266844450316, -2.6599210242258136, 2.3984164502835394, -1.427754136982867, 3.6969162331893717, -3.263086137228797, -0.9330125456016614, -0.10063794380608293, -4.170410746817839, -2.4590771973663954, 4.585464383800501, 6.780361787496702, 4.6900081608004385, 2.5623871305645487, 5.811195083780428, -0.1544156888712589, 1.2434004439790858, -1.7918814984841789, 0.4913740817372476, -4.7439192904363585], Energy: -34.308629464774015
Eval count: 25, Parameters: [-1.5121444527968047, 1.502849960021762, 4.0766434110788055, -4.637053620508101, 5.328223403387376, -2.2518266844450316, -2.6599210242258136, 2.3984164502835394, -1.427754136982867, 3.6969162331893717, -3.263086137228797, -0.9330125456016614, -0.10063794380608293, -4.170410746817839, -2.4590771973663954, 4.585464383800501, 6.780361787496702, 4.6900081608004385, 2.5623871305645487, 5.811195083780428, -0.1544156888712589, 1.2434004439790858, -2.791881498484179, 1.4913740817372476, -4.7439192904363585], Energy: -34.30866035306872
Eval count: 26, Parameters: [-1.5121444527968047, 1.502849960021762, 4.0766434110788055, -4.637053620508101, 5.328223403387376, -2.2518266844450316, -2.6599210242258136, 2.3984164502835394, -1.427754136982867, 3.6969162331893717, -3.263086137228797, -0.9330125456016614, -0.10063794380608293, -4.170410746817839, -2.4590771973663954, 4.585464383800501, 6.780361787496702, 4.6900081608004385, 2.5623871305645487, 5.811195083780428, -0.1544156888712589, 1.2434004439790858, -2.791881498484179, 1.4913740817372476, -3.7439192904363585], Energy: -34.30864793045862
Eval count: 27, Parameters: [-1.9818811261802627, 1.021260769342302, 3.498047850883504, -4.544656225362535, 5.608797204193519, -2.601848442727612, -2.6765852961483545, 2.3884234050876487, -1.4063919194897097, 3.6897974785940937, -3.307621962899836, -0.9319738293561477, -0.1023588901224841, -4.170701600597652, -2.4594616610694704, 4.585559347664857, 6.780441362925011, 4.690097378001508, 2.562402053759474, 5.811153678703108, -0.15445151076409624, 1.2433997522301798, -2.7918845460010338, 1.4913750132252315, -4.743920890706822], Energy: -34.8616053245961
Eval count: 28, Parameters: [-1.9818811261802627, 0.6369627706407793, 3.8179150861452675, -4.544656225362535, 5.608797204193519, -2.601848442727612, -2.6765852961483545, 2.3884234050876487, -1.4063919194897097, 3.6897974785940937, -3.307621962899836, -0.9319738293561477, -0.1023588901224841, -4.170701600597652, -2.4594616610694704, 4.585559347664857, 6.780441362925011, 4.690097378001508, 2.562402053759474, 5.811153678703108, -0.15445151076409624, 1.2433997522301798, -2.7918845460010338, 1.4913750132252315, -4.743920890706822], Energy: -31.175764883689396
Eval count: 29, Parameters: [-2.357203074360742, 1.8502764351235472, 3.3080188161180635, -4.470830245153137, 5.832977072391716, -2.881517575814297, -2.6899001326458483, 2.3804389120648617, -1.3893234010169315, 3.68410955811713, -3.34320631004966, -0.9311438898880094, -0.10373393482472823, -4.17093399422042, -2.45976884948847, 4.585635224266784, 6.780504944089677, 4.690168662990766, 2.5624139774667545, 5.811120595839528, -0.15448013263538932, 1.243399199519349, -2.7918869809822215, 1.491375757488783, -4.743922169330915], Energy: -32.93593310872285
Eval count: 30, Parameters: [-1.8853800693597305, 1.021260769342302, 3.498047850883504, -4.054057054926505, 5.608797204193519, -2.601848442727612, -2.6765852961483545, 2.3884234050876487, -1.4063919194897097, 3.6897974785940937, -3.307621962899836, -0.9319738293561477, -0.1023588901224841, -4.170701600597652, -2.4594616610694704, 4.585559347664857, 6.780441362925011, 4.690097378001508, 2.562402053759474, 5.811153678703108, -0.15445151076409624, 1.2433997522301798, -2.7918845460010338, 1.4913750132252315, -4.743920890706822], Energy: -34.50184185056668
Eval count: 31, Parameters: [-1.213572293763401, 1.0478547351875205, 2.916679384686802, -4.734813921844459, 5.724724685363052, -2.746470430509951, -2.6834706399115773, 2.3842944787394136, -1.397565478606555, 3.686856151617293, -3.326023275057332, -0.9315446525846662, -0.10306995071016248, -4.17082177556048, -2.4596205137797753, 4.585598584833706, 6.780474241899956, 4.690134240764058, 2.5624082197250546, 5.811136570953534, -0.15446631165354288, 1.2433994664133714, -2.7918858051740276, 1.4913753980974305, -4.743921551906562], Energy: -29.817063287522444
Eval count: 32, Parameters: [-1.9818811261802625, 1.021260769342302, 3.498047850883504, -4.544656225362535, 5.998928912182277, -2.2891229234271004, -2.6765852961483545, 2.3884234050876487, -1.4063919194897097, 3.6897974785940937, -3.307621962899836, -0.9319738293561477, -0.1023588901224841, -4.170701600597652, -2.4594616610694704, 4.585559347664857, 6.780441362925011, 4.690097378001508, 2.562402053759474, 5.811153678703108, -0.15445151076409624, 1.2433997522301798, -2.7918845460010338, 1.4913750132252315, -4.743920890706822], Energy: -34.42403890431825
Eval count: 33, Parameters: [-2.330077490962685, 1.040120603146621, 3.0857545992730806, -4.5038457786141635, 5.057712892321811, -1.9671738443641953, -2.6814682248478863, 2.385495264727869, -1.4001324090011724, 3.687711556612036, -3.3206717536340062, -0.9316694669819939, -0.1028631580675686, -4.170786825939354, -2.4595743157872043, 4.5855871737697615, 6.780464679943869, 4.690123520231641, 2.56240642652158, 5.811141546277444, -0.15446200721719183, 1.2433995495354206, -2.7918854389777916, 1.4913752861678138, -4.743921359614592], Energy: -32.47249504054025
Eval count: 34, Parameters: [-1.9779570124619534, 1.0190040889544414, 3.5081083024743, -4.545428100130615, 5.60645333035286, -2.598924410474626, -3.1764489340928312, 2.3884234050876487, -1.4063919194897097, 3.6897974785940937, -3.307621962899836, -0.9319738293561477, -0.1023588901224841, -4.170701600597652, -2.4594616610694704, 4.585559347664857, 6.780441362925011, 4.690097378001508, 2.562402053759474, 5.811153678703108, -0.15445151076409624, 1.2433997522301798, -2.7918845460010338, 1.4913750132252315, -4.743920890706822], Energy: -34.63904197676294
Eval count: 35, Parameters: [-2.4046497960501707, 0.5748420175916931, 4.24046352475515, -4.5667264416197835, 5.644296124383485, -2.8469165663262315, -2.600620469448374, 2.3772916807485958, -1.382595537932014, 3.681867562113321, -3.357232519528357, -0.930816754341986, -0.10427593338817086, -4.171025596340328, -2.459889933320532, 4.58566513239208, 6.7805300057475675, 4.690196761249471, 2.5624186774101134, 5.811107555634722, -0.1544914144599719, 1.243398981658449, -2.791887940773786, 1.4913760508536278, -4.743922673323564], Energy: -30.106512968008133
Eval count: 36, Parameters: [-1.9795288297399138, 1.0199080100635376, 3.504078553906944, -4.545118923031279, 5.607392177100068, -2.6000956416739442, -2.6764217903211525, 1.888472427361954, -1.4063919194897097, 3.6897974785940937, -3.307621962899836, -0.9319738293561477, -0.1023588901224841, -4.170701600597652, -2.4594616610694704, 4.585559347664857, 6.780441362925011, 4.690097378001508, 2.562402053759474, 5.811153678703108, -0.15445151076409624, 1.2433997522301798, -2.7918845460010338, 1.4913750132252315, -4.743920890706822], Energy: -34.84326761629711
Eval count: 37, Parameters: [-2.404826744909938, 0.5748366967999764, 4.240293479541176, -4.566707976898968, 5.644368114419726, -2.847037555279389, -2.6006164088409998, 2.4009445954088537, -1.3825918425505825, 3.6818663306628148, -3.3572402236378798, -0.930816574657797, -0.10427623108914989, -4.171025646654191, -2.4598899998276735, 4.585665148819574, 6.7805300195130656, 4.690196776682868, 2.5624186799916293, 5.81110754847219, -0.15449142065668614, 1.2433989815387856, -2.7918879413009665, 1.491376051014763, -4.74392267360039], Energy: -30.106738865705836
Eval count: 38, Parameters: [-1.971419069199552, 1.0152442467591538, 3.5248699629195284, -4.546714116235562, 5.602548215648117, -2.594052697180933, -2.6758580887898247, 2.388859488706204, -1.4063919194897097, 3.6897974785940937, -3.806651164154519, -0.9319738293561477, -0.1023588901224841, -4.170701600597652, -2.4594616610694704, 4.585559347664857, 6.780441362925011, 4.690097378001508, 2.562402053759474, 5.811153678703108, -0.15445151076409624, 1.2433997522301798, -2.7918845460010338, 1.4913750132252315, -4.743920890706822], Energy: -34.895141901180864
Eval count: 39, Parameters: [-2.397282560649883, 0.5682111653468818, 4.265692164454057, -4.568540935078206, 5.639142176387175, -2.841184024192155, -2.599742601007423, 2.401359040300996, -1.3825129168471646, 3.6818400294272773, -3.784155623250248, -0.930812736975199, -0.10428258936626274, -4.171026721254202, -2.459891420282653, 4.585665499676867, 6.7805303135156265, 4.690197106308308, 2.562418735127462, 5.811107395495335, -0.1544915530056846, 1.2433989789830224, -2.791887952560444, 1.4913760544562757, -4.7439226795128135], Energy: -30.052543463557754
Eval count: 40, Parameters: [-1.9800816450640892, 1.0539244993907522, 3.5248684784079645, -4.545010184031655, 5.607722373794165, -2.6005075690424846, -2.6761654003708357, 2.3886752035161556, -0.9080379747583025, 3.6897974785940937, -3.8074724646627085, -0.9319738293561477, -0.1023588901224841, -4.170701600597652, -2.4594616610694704, 4.585559347664857, 6.780441362925011, 4.690097378001508, 2.562402053759474, 5.811153678703108, -0.15445151076409624, 1.2433997522301798, -2.7918845460010338, 1.4913750132252315, -4.743920890706822], Energy: -35.16601984591466
Eval count: 41, Parameters: [-2.4020497716482483, 1.878252425088661, 3.4279644680772883, -4.48976629768482, 5.80251800858216, -2.896481866317203, -2.6710263648730312, 2.383044271451974, -0.9648794373810015, 3.6877057166148908, -3.8412978580231023, -0.9316686148526182, -0.10286456987653621, -4.170787064546434, -2.459574631188852, 4.58558725167506, 6.780464745224989, 4.690123593422561, 2.562406438764089, 5.8111415123100505, -0.15446203660431976, 1.2433995489679321, -2.791885441477876, 1.4913752869319765, -4.743921360927402], Energy: -32.69880062982753
Eval count: 42, Parameters: [-1.98121434844284, 1.055932283325507, 3.522858362443497, -4.544787380815301, 5.601719864283346, -2.593019311311192, -2.6761522075766098, 2.3886831148242265, -0.9080548868286831, 3.1898989992113402, -3.807437206477623, -0.9319738293561477, -0.1023588901224841, -4.170701600597652, -2.4594616610694704, 4.585559347664857, 6.780441362925011, 4.690097378001508, 2.562402053759474, 5.811153678703108, -0.15445151076409624, 1.2433997522301798, -2.7918845460010338, 1.4913750132252315, -4.743920890706822], Energy: -35.13747708794318
Eval count: 43, Parameters: [-2.371436366722869, 1.0168467277154714, 3.1750624832049343, -4.506154172240193, 5.042599787682197, -1.9682470606248539, -2.656674636237039, 2.3883967544093774, -0.8697920572616249, 3.7111825426992833, -3.8207038683990278, -0.9315546303162727, -0.10305341959251763, -4.170818981668535, -2.459616820686827, 4.585597672626975, 6.780473477511924, 4.6901333837587975, 2.562408076375382, 5.811136968683665, -0.1544659675545323, 1.2433994730581939, -2.791885775900099, 1.4913753891497152, -4.743921536534636], Energy: -32.54378071906376
Eval count: 44, Parameters: [-1.9787148388767022, 1.054388597844358, 3.5246782837495156, -4.545279035365901, 5.607612222477072, -2.6003701529417107, -2.676158858093918, 2.3886791267159944, -0.9080463614158811, 3.6898002733674917, -3.8074549802082034, -0.9319738293561477, -0.6023566666574206, -4.170701600597652, -2.4594616610694704, 4.585559347664857, 6.780441362925011, 4.690097378001508, 2.562402053759474, 5.811153678703108, -0.15445151076409624, 1.2433997522301798, -2.7918845460010338, 1.4913750132252315, -4.743920890706822], Energy: -35.172525370118535
Eval count: 45, Parameters: [-1.2059572605697775, 0.9466549467877712, 3.01591437343447, -4.785740242480431, 5.669882433709445, -2.846838918250008, -2.627497936594414, 2.390093415801828, -0.8237076170687867, 3.692000040119129, -3.828973761131068, -0.9310011482168349, -0.6016738982226265, -4.1709739637065795, -2.459821682966063, 4.585648274318478, 6.780515879443457, 4.690180923328884, 2.5624160282306585, 5.811114905902592, -0.15448505532420864, 1.2433991044583588, -2.7918873997757574, 1.4913758854950139, -4.743922389242062], Energy: -29.78237637042031
Eval count: 46, Parameters: [-1.978741127795869, 1.0543385606250266, 3.525557048361444, -4.545273864324784, 5.607549005875545, -2.600291288892553, -2.676140402445604, 2.3886901939938556, -0.9080411751693047, 3.68979854510044, -3.8074056568690384, -0.43197461794740605, -0.6023570844629197, -4.170701600597652, -2.4594616610694704, 4.585559347664857, 6.780441362925011, 4.690097378001508, 2.562402053759474, 5.811153678703108, -0.15445151076409624, 1.2433997522301798, -2.7918845460010338, 1.4913750132252315, -4.743920890706822], Energy: -35.159431394957664
Eval count: 47, Parameters: [-2.3429483564097078, 0.5695541162250145, 4.28133745364912, -4.548225991515203, 5.664020146817668, -2.813065402950761, -2.6178146327035163, 2.4002530431484064, -0.8246995607204217, 3.6875797575693956, -3.779333953584025, -0.9360005104936394, -0.6054825389816422, -4.170931265813719, -2.4597652429568835, 4.585634333441009, 6.780504197617921, 4.69016782607261, 2.5624138374770142, 5.811120984247375, -0.15447979660161823, 1.2433992060084251, -2.7918869523944365, 1.4913757487507908, -4.7439221543192875], Energy: -29.977771968715786
Eval count: 48, Parameters: [-1.978845775751923, 1.054934473635412, 3.5247434722043662, -4.545253280029168, 5.6076750486457145, -2.6004485299175766, -2.676161831237564, 2.388677343814289, -0.9080927770346617, 3.689800584320892, -3.807462926034323, -0.9319738747281779, -0.6023565914849868, -4.170701600597652, -2.959461328711897, 4.585559347664857, 6.780441362925011, 4.690097378001508, 2.562402053759474, 5.811153678703108, -0.15445151076409624, 1.2433997522301798, -2.7918845460010338, 1.4913750132252315, -4.743920890706822], Energy: -35.17244323126732
Eval count: 49, Parameters: [-2.3898136111048114, 1.8789712753235042, 3.411155655360689, -4.501686060036408, 5.798780612860877, -2.909970510921237, -2.6655388549605807, 2.3833489971084396, -0.9577658073522589, 3.6904877015633795, -3.8429317422748612, -0.9329681006983543, -0.6034841268882983, -4.170816354390459, -2.4583802834876654, 4.585596814819732, 6.780472758708207, 4.690132577861084, 2.5624079415743735, 5.811137342695142, -0.15446564397588144, 1.2433994793067518, -2.7918857483719224, 1.4913753807355976, -4.7439215220794155], Energy: -32.7766549342557
Eval count: 50, Parameters: [-1.9787885981442699, 1.0544488554555906, 3.52463461870211, -4.545264526887902, 5.607364825039499, -2.600061519399145, -2.6761576449389253, 2.388679854207284, -0.9080457977161662, 3.6898084586204436, -3.8074517380107933, -0.9319738309291556, -0.6023566640512592, -4.670701432869097, -2.4594616604872472, 4.585559347664857, 6.780441362925011, 4.690097378001508, 2.562402053759474, 5.811153678703108, -0.15445151076409624, 1.2433997522301798, -2.7918845460010338, 1.4913750132252315, -4.743920890706822], Energy: -35.179678494755194
Eval count: 51, Parameters: [-2.3576490863018256, 1.022516530469953, 3.157870042654955, -4.51110414866944, 5.040999340455116, -1.9705207154712565, -2.655577312605255, 2.38835230538561, -0.868330401106067, 3.7114003297222316, -3.8216058517820772, -0.9329646848458499, -0.6037199341348507, -4.670734602044084, -2.4596077432440713, 4.585599922459244, 6.780475362769729, 4.690135497444243, 2.562408429927607, 5.811135987737074, -0.15446681622735112, 1.2433994566696547, -2.7918858481002125, 1.4913754112180224, -4.743921574447374], Energy: -32.568511469101225
Eval count: 52, Parameters: [-1.9787164066003675, 1.0544668199695264, 3.524633605369959, -4.545278726994017, 5.607359087302856, -2.6000543614511735, -2.676157089002533, 2.388680187585035, -0.9080457334417025, 3.6898085411831882, -3.8074502522521367, -0.931973825436971, -0.6023564387185556, -4.670701434406979, -2.459461662520089, 5.085559341840997, 6.780441362925011, 4.690097378001508, 2.562402053759474, 5.811153678703108, -0.15445151076409624, 1.2433997522301798, -2.7918845460010338, 1.4913750132252315, -4.743920890706822], Energy: -35.18142714744869
Eval count: 53, Parameters: [-1.2039893732130102, 0.9636940072212786, 3.0043857861924184, -4.778073015389487, 5.671180950684722, -2.8330907937982026, -2.6326193011723817, 2.3895504247696344, -0.8308307413416336, 3.691677122617579, -3.8288604991320465, -0.9338523129652738, -0.6015059910505525, -4.67253194778857, -2.4597879915381022, 5.085830618844489, 6.7805090946504265, 4.690173316455042, 2.56241475584305, 5.811118436199393, -0.15448200106318824, 1.2433991634385397, -2.7918871399371166, 1.4913758060741007, -4.74392225279914], Energy: -29.820635635435906
Eval count: 54, Parameters: [-1.978714826500776, 1.0544614657946778, 3.5246985238531723, -4.545279037800251, 5.607353722625442, -2.6000476689024903, -2.6761556810672182, 2.388681031880021, -0.9080451393852332, 3.689808419882946, -3.8074464894977833, -0.9319739421651259, -0.6023564607290139, -4.670701434150455, -2.459461662181005, 5.085559341757242, 7.2804413585885355, 4.690097378001508, 2.562402053759474, 5.811153678703108, -0.15445151076409624, 1.2433997522301798, -2.7918845460010338, 1.4913750132252315, -4.743920890706822], Energy: -35.18172174883301
Eval count: 55, Parameters: [-2.3522917781886457, 0.5737928637890422, 4.278797882580224, -4.55043752547387, 5.659084899896467, -2.814635025891632, -2.6154821797847485, 2.400380697946233, -0.8221507017421111, 3.687978146454418, -3.7800386295979598, -0.9361411232880342, -0.6055732163702972, -4.6724621170796, -2.4597416098065055, 5.086010485215254, 7.280405592233503, 4.690171650507585, 2.562414477183124, 5.811119209353924, -0.1544813321631266, 1.2433991763555257, -2.7918870830310167, 1.4913757886804813, -4.743922222917386], Energy: -30.00728517986181
Eval count: 56, Parameters: [-1.9787440353002799, 1.054590398541086, 3.5247118689428083, -4.545273292417481, 5.607369176635827, -2.6000669481077194, -2.676156417970204, 2.3886805899822363, -0.9080560879816861, 3.6898084786567216, -3.8074484588957302, -0.9319739489719893, -0.6023564376662177, -4.6707014348755385, -2.459461505715922, 5.0855593419939815, 7.280441358786913, 5.190097359578568, 2.562402053759474, 5.811153678703108, -0.15445151076409624, 1.2433997522301798, -2.7918845460010338, 1.4913750132252315, -4.743920890706822], Energy: -35.18280709290019
Eval count: 57, Parameters: [-2.3917331359217266, 1.879390593507717, 3.4120064876434317, -4.500377272034616, 5.7978404176857605, -2.9070207868538946, -2.666084459149385, 2.383314110715832, -0.9584785806289235, 3.690473884834427, -3.842794338372002, -0.9329369825367145, -0.603472462785814, -4.671522880955377, -2.4583798664649357, 5.085770374936113, 7.280501813834748, 5.189951649696883, 2.5624077944645185, 5.8111377508580695, -0.154465290850864, 1.2433994861258735, -2.7918857183301142, 1.4913753715531763, -4.743921506304271], Energy: -32.76130190724251
Eval count: 58, Parameters: [-1.978694273124041, 1.0546003686590897, 3.524723847338759, -4.545071660019015, 5.6073633680463555, -2.6000597017693434, -2.6761560729774994, 2.3886807968636234, -0.9080565302337826, 3.6898086260330016, -3.807447536891155, -0.9319739704760507, -0.602356402038263, -4.6707014288541275, -2.459461497756548, 5.085559340027989, 7.2804413571395, 5.190097357731546, 2.562402053759474, 5.311153722165374, -0.15445151076409624, 1.2433997522301798, -2.7918845460010338, 1.4913750132252315, -4.743920890706822], Energy: -35.18192508059383
Eval count: 59, Parameters: [-1.7902435520933333, 1.0510834812858605, 3.5201800731633366, -3.5633558727906105, 5.599425466018973, -2.6102759023909785, -2.669888566978602, 2.3891295514597597, -0.9000969612505224, 3.6905863950388373, -3.8087638893703306, -0.9323427176715382, -0.6025588912144079, -4.6709088261360465, -2.459462501407695, 5.0856104669331454, 7.280450429894969, 5.190129356101203, 2.5624037194905096, 5.811593537576944, -0.15445550921341994, 1.2433996750169807, -2.7918848861656858, 1.491375117198171, -4.743921069329442], Energy: -33.76613343444234
Eval count: 60, Parameters: [-1.978625914943207, 1.0547114993415745, 3.524857363042042, -4.54529652673987, 5.607298623324974, -2.5999789313583057, -2.676152227559147, 2.3886831028413202, -0.9080614597418682, 3.6898102687444077, -3.8074372598816253, -0.9319742101684015, -0.6023560049156897, -4.6707013617372155, -2.459461409038374, 5.085559318114293, 7.2804413387768125, 5.19009733714394, 2.562402053759474, 5.811153689114861, -0.6544513384410194, 1.2433997522301798, -2.7918845460010338, 1.4916085624877669, -4.744154439969358], Energy: -35.18482409650193
Eval count: 61, Parameters: [-1.709723665424327, 1.331764750471605, 3.8575772026146904, -4.602786295367772, 5.441492127797815, -2.4019863439503326, -2.6637534954573807, 2.394661616527522, -0.9169164940538872, 3.694270797534103, -3.782252465279457, -0.9327374005082476, -0.6014495488057177, -4.670624379376475, -2.4592394371288777, 5.085526882634849, 7.280399297116351, 5.190059807472513, 2.56240278686414, 5.811186788829067, -0.6536472623686425, 1.2433997182478889, -2.791884695710854, 2.0701016265194774, -5.322647536855129], Energy: -36.493993640762426
Eval count: 62, Parameters: [-1.709674460310571, 1.3318151971415242, 3.8576378107425446, -4.6027959740337065, 5.441462737574382, -2.4019496790241956, -2.6637517498679, 2.394662663303202, -0.9169187317551385, 3.6942715432266358, -3.7822478001330193, -0.9327375093142104, -0.6014493685358685, -4.67062434890942, -2.4592393968561437, 5.085526872687344, 7.280399288780791, 5.190059798126973, 3.0624027256062685, 5.811186793166266, -0.6536472586162841, 1.2433997182478889, -2.791884695710854, 2.070198915575449, -5.322445497114104], Energy: -36.4824292862109
Eval count: 63, Parameters: [-1.5174261912360272, 1.5298912372243274, 4.095512006737354, -4.6438986194150615, 5.322920278293663, -2.260397926809453, -2.6548867729019068, 2.3989369857413894, -0.92324874802891, 3.697460630932527, -3.7642423206525835, -0.9332831815238648, -0.6008013273481734, -4.670569332004457, -2.4590807004063304, 5.0855036884118086, 7.280369232436837, 5.190032969888045, 2.5618032591643294, 5.811210459558171, -0.6536448850115151, 1.2433996939448353, -2.791884802778555, 2.483796035482165, -4.510402431421297], Energy: -34.311864093836675
Eval count: 64, Parameters: [-1.7097136167078302, 1.331775052739917, 3.8575895800658886, -4.602788271954403, 5.441486125697616, -2.4019788562032267, -2.6637531389713884, 2.394661830301076, -0.9169169510394272, 3.694270949820162, -3.782251512558685, -0.9327374227287079, -0.6014495119908326, -4.670624373154463, -2.4592394289043407, 5.085526880603361, 7.280399295414055, 5.1900598055639575, 2.5624027865448995, 5.811186789714815, -0.6536472616023322, 1.2433584575284382, -3.2918846930931505, 2.070080234266271, -5.322647536820896], Energy: -36.492792845360725
Eval count: 65, Parameters: [-1.5189435545605392, 1.5283278413774184, 4.093634491356048, -4.6435740879166305, 5.3238560366467, -2.2615150944777382, -2.6549568160829877, 2.3989032429703903, -0.9231988746371084, 3.697435450312062, -3.7643844249516687, -0.9332788702992288, -0.6008064401150882, -4.670569763910837, -2.4590819530032544, 5.085503870828984, 7.280369469572103, 5.1900331812839795, 2.562297250502028, 5.811210272521484, -0.6536449032991024, 0.42614463519862256, -2.791771612143193, 1.6632753498985395, -5.3340675491179885], Energy: -34.33460785506395
Eval count: 66, Parameters: [-1.6008164939584422, 1.4684838614207454, 4.033101969878606, -4.62196232996373, 5.359410981471274, -2.2995883756563638, -2.6589695997253386, 2.3975303698991026, -0.9233653484878126, 3.6963795580711882, -3.7694673434726975, -0.9330542399845905, -0.6010345143600885, -4.670535907298569, -2.4591228038376935, 5.174561339629454, 7.191317522873249, 5.190032853672131, 2.562398278352191, 5.811199297898792, -0.6536364400592979, 1.521737775473606, -2.791883775012155, 1.7917634968651353, -5.3226470533903925], Energy: -35.205981090240414
Eval count: 67, Parameters: [-1.501534715369021, 1.360679209181142, 3.806473098171711, -4.678398772457347, 5.42615271182142, -2.416860223587133, -2.652353983496494, 2.3959026899769014, -0.9020977102054822, 3.6954360369228745, -3.782327471335754, -0.93326969125998, -0.601110555690064, -4.670998603214896, -2.4592699952802053, 4.411269018500379, 7.9547293849391325, 5.190119751202359, 2.561865585210383, 5.811219205481928, -0.6537164356624238, 1.399957343109802, -2.791831409242797, 1.9752074187287718, -5.384475400687964], Energy: -36.28652996360921
Eval count: 68, Parameters: [-1.708997887428702, 1.3588764182941409, 3.8309196501534295, -4.597014527742423, 5.789208649951105, -2.1031108480062644, -2.6642977608956957, 2.3943352374844458, -0.9187698607772938, 3.694789579524973, -3.7837070329192692, -0.9326908436521514, -0.6014098517293337, -4.670606290752787, -2.4592161648220423, 5.159429879892299, 7.366100519663212, 5.030452255450127, 2.5624018525107983, 5.811189381234551, -0.6536450195308685, 1.2433997615588492, -2.7918845049033507, 2.070101568198259, -5.322647436660898], Energy: -36.37257353734401
Eval count: 69, Parameters: [-1.754070747220225, 1.1664531223912549, 3.9211687390061947, -4.653427019027935, 5.81037030857322, -2.249387844933333, -2.6433863559432242, 2.396821295595069, -0.8827824894590299, 3.6937789429764525, -3.7827014792306515, -0.9339899200622241, -0.6023291232300951, -4.671357908635618, -2.459376306034733, 4.71578063362297, 6.928962055478808, 5.911555760841124, 2.5614410132671406, 5.811235141221462, -0.6537801303619732, 1.254698366748604, -2.791789669537296, 2.169611080824337, -5.4337514728140786], Energy: -34.97273366081993
Eval count: 70, Parameters: [-1.7897241247853009, 1.2584804441364765, 3.7475006712098526, -4.710351686800784, 5.265015229842163, -2.1847497777386025, -2.664001759037626, 2.394512740585662, -0.9076069036933248, 3.69992518716712, -3.7829159580249945, -0.9326109413075503, -0.6015381218133335, -4.6703934070640045, -2.4593754632629983, 5.153849780850707, 7.356719253806305, 5.286604971588182, 2.562403028797567, 6.052277487503561, -0.41250700037475607, 1.2433997070333211, -2.791884745116909, 2.069989005049877, -5.3225349262277675], Energy: -36.83007621787215
Eval count: 71, Parameters: [-2.1973796305247295, 1.2587567608151933, 3.3732933397421836, -4.5508245630820765, 4.849854789399284, -1.7864911012663183, -2.6417776368941053, 2.39288565537853, -0.8705024477545332, 3.7170837963391143, -3.8051515399207925, -0.9337919301310761, -0.6032410953485741, -4.670773900166397, -2.45941610656563, 5.004165087979191, 7.302331852789819, 5.145031304932843, 2.560973609759517, 5.7062594724645574, -0.7588651591544338, 1.260205362497453, -2.7917436334005914, 2.2181619920881017, -5.487953696676856], Energy: -34.71786668983293
Eval count: 72, Parameters: [-1.7275192411763816, 1.2105715018863479, 3.6565401667594988, -4.693106837788037, 5.226111218264199, -2.491081717253248, -2.6667639899331137, 2.392856316692173, -0.906444656583681, 3.695843023490018, -3.790298112744769, -0.9324085383140425, -0.6014631873924158, -4.670569874886635, -2.459411869063003, 5.230895851681749, 7.290523650117571, 5.210483837587377, 2.3791850167028223, 5.986993353871937, -0.4777295403025319, 1.2001469087011176, -2.6086281036356707, 2.2423601222777223, -5.450852973993338], Energy: -36.65380178876177
Eval count: 73, Parameters: [-1.1962487445978447, 1.1328569034308316, 3.1882294982256685, -5.041495029419349, 5.3846518445973635, -2.0956688463448168, -2.6268520960018993, 2.3947116882607498, -0.83437343110025, 3.705548787088322, -3.8041521245020573, -0.9341168434610826, -0.600892938228357, -4.671833199527736, -2.4597478547127754, 5.318053959025541, 7.372748895390662, 5.257755785568376, 2.776004426831587, 6.203075845253708, -0.26216326189528694, 1.3191354024322257, -3.007433510478947, 2.08553907985341, -5.4154127259864415], Energy: -32.12045881344034
Eval count: 74, Parameters: [-1.7893772247385598, 1.2577761354052792, 3.747904868422943, -4.710590191806431, 5.265135977140963, -2.185081765452006, -2.663989860956317, 2.394519875494695, -0.9075508827316083, 3.6999134186440057, -3.7828841600036065, -1.182611279080915, -0.8515381197072636, -4.4203947285700425, -2.2093770322606803, 5.154107818628673, 7.35697669662865, 5.286238531886763, 2.5624030438125596, 6.052426380266643, -0.412358071432274, 1.243399706337317, -2.7918847481831723, 2.069988936405746, -5.3225348582565335], Energy: -36.83538688850223
Eval count: 75, Parameters: [-2.220050627858825, 0.7596555041395754, 4.316685284164633, -4.810414134421211, 5.325216623213719, -2.3047872572543855, -2.619554966627791, 2.403099615732445, -0.835479719057459, 3.6985243067790963, -3.7627496885863163, -1.1843277643101127, -0.8530194869014066, -4.423058197019206, -2.2110953604351997, 5.229286717511813, 7.6261488666973625, 5.0768768783122145, 2.6145384214195926, 6.186892118113924, -0.2782117995071265, 1.2764182906354677, -2.845587616034942, 2.1980775268892625, -5.484409056352523], Energy: -31.038382916410853
Eval count: 76, Parameters: [-2.0146324113258394, 1.547269565070351, 3.7409989286825414, -4.7576244018826515, 5.308361268906982, -2.1853866111384463, -2.667335972470894, 2.3925133165672428, -0.9342451655720956, 3.7010698996243483, -3.791826755262598, -1.0996146462925525, -0.768906575398717, -4.503308893732278, -2.2919570723738745, 5.160589047686485, 7.434054040783409, 5.3828927006212774, 2.590925248058146, 6.23266533709758, -0.23209375251206346, 1.2501329864306778, -2.8204128590213267, 2.04307598322396, -5.302479777907667], Energy: -36.67135637290653
Eval count: 77, Parameters: [-1.8718559009248437, 1.76216449255001, 3.440792719055893, -4.676065101188078, 5.460599948023501, -2.621147840142356, -2.6506867411831587, 2.3890927697025846, -0.924331543064813, 3.6978206058856022, -3.8205024919975914, -1.4287907761787415, -1.0974561435201826, -4.176156802763549, -1.9634019389907824, 5.141424058074719, 7.280092242095823, 5.169343943519368, 2.5169468030851383, 5.845795636967188, -0.6192544042652417, 1.2480353869602878, -2.7475740400207167, 2.2443114396687043, -5.5016946074667405], Energy: -36.75751962507701
Eval count: 78, Parameters: [-1.703836833082106, 1.2658133015772353, 3.710884693969791, -4.243010376491423, 5.267938975303958, -2.191414727936368, -2.6594346608262787, 2.394440627143572, -0.9017625599945354, 3.7006775675921144, -3.7860538401373613, -1.1921520283404876, -0.8609834925751005, -4.411281667744582, -2.2000806582024763, 5.169841008771214, 7.395106235513797, 5.325988109215882, 2.5673486331033253, 6.146175983655242, -0.3188639451095009, 1.2477897454861733, -2.797074222749576, 2.092860632370381, -5.349902028384224], Energy: -36.575841021562326
Eval count: 79, Parameters: [-1.7903882867354435, 1.2583575772143258, 3.745312756928446, -4.7103913154994785, 5.265739884656365, -2.1858351528665607, -2.684594477939188, 2.6436511632675908, -0.9075508827316083, 3.6999134186440057, -3.7828841600036065, -1.182611279080915, -0.8515381197072636, -4.4203947285700425, -2.2093770322606803, 5.154107818628673, 7.35697669662865, 5.286238531886763, 2.5624030438125596, 6.052426380266643, -0.412358071432274, 1.243399706337317, -2.7918847481831723, 2.069988936405746, -5.3225348582565335], Energy: -36.73200695109091
Eval count: 80, Parameters: [-1.7862413961351225, 1.258754129293497, 3.746772566111832, -4.709069405901031, 5.264874639122516, -2.1825422703916977, -3.1618780324919644, 2.3516486156614818, -0.905641276003516, 3.700176438485774, -3.783892519725135, -1.185796711120213, -0.854687894177586, -4.417353641308948, -2.2062742312388943, 5.148143434123159, 7.358526883896804, 5.288328201274655, 2.564060698229231, 6.050083045468639, -0.4147212228692741, 1.2448713970748444, -2.7936243690624694, 2.077671972751395, -5.33172490657355], Energy: -35.7269242102696
Eval count: 81, Parameters: [-1.7836536517443755, 1.252414368494973, 3.7612143989194653, -4.7117160209476365, 5.2617172859461645, -2.1808168757880737, -2.663610132819914, 2.394747586639044, -0.9381669758393838, 3.6999134186440057, -4.03045771097008, -1.182611279080915, -0.8515381197072636, -4.4203947285700425, -2.2093770322606803, 5.154107818628673, 7.35697669662865, 5.286238531886763, 2.5624030438125596, 6.052426380266643, -0.412358071432274, 1.2433997063373168, -2.7918847481831723, 2.069988936405746, -5.3225348582565335], Energy: -36.82348237799414
Eval count: 82, Parameters: [-1.7832876943203055, 1.2240599665968732, 3.730304554547561, -4.70920428629069, 5.263446749697461, -2.180299001113509, -2.6542472055264645, 2.3932101011608227, -1.4017840931764884, 3.7002313302181813, -3.721489116084263, -1.1864615046275313, -0.8553452460192058, -4.416718972277738, -2.2056266826651574, 5.146898678609464, 7.358850404982259, 5.288764311235369, 2.5644066475007854, 6.049593996027317, -0.4152144080048372, 1.2451785360861372, -2.793987424576285, 2.079275407580978, -5.333642851887631], Energy: -36.741754616831486
Eval count: 83, Parameters: [-1.7873572908806092, 1.2583583451305476, 3.750919496939572, -4.710870786121092, 5.266833186655872, -2.188408877199167, -2.663942055657443, 2.3945480825589787, -0.9076193739696269, 3.9497219341621963, -3.782758911293366, -1.1825059441048504, -0.8514240616981864, -4.420502907773813, -2.209484529784618, 5.154111976176735, 7.3568382796797875, 5.286168762986855, 2.561718962529106, 6.0522234085080076, -0.41256090063812084, 1.243239274306472, -2.791205014408433, 2.0742685318305463, -5.31555476669947], Energy: -36.90560411929238
Eval count: 84, Parameters: [-1.7061917180522599, 1.3627667176025449, 3.8244242548821963, -4.712113607907969, 5.198803118766907, -2.165987080643621, -2.631607421030573, 2.3920226391659094, -0.9143364338766405, 3.937525556302377, -3.776254642265451, -1.1881392709650944, -0.8564161883264471, -4.415569593646195, -2.204283127755645, 5.13229163304122, 7.354491105033063, 5.289825252542447, 2.5279104820148994, 6.031704497430561, -0.43314479319990207, 1.2393163703122063, -2.757953570302854, 2.3525551251950167, -4.942014444845109], Energy: -36.981122576451924
Eval count: 85, Parameters: [-1.7058178051532693, 1.3634518346301778, 3.824889875366652, -4.712139350256194, 5.198290529000708, -2.1658420309118007, -2.631594604878477, 2.3920301639556207, -0.914375375268876, 3.937533948663774, -3.776221267649712, -1.404581597178826, -0.7842077949032722, -4.487775710036846, -2.27648894262687, 5.13229333355827, 7.35443451950728, 5.289796731105931, 2.527632558479706, 6.03162151965212, -0.43322771229831303, 1.2363711352264326, -2.7576753258534845, 2.351414154002277, -4.942063032728637], Energy: -36.9868115216816
Eval count: 86, Parameters: [-1.613831871392178, 1.4815736475415953, 3.908613707240383, -4.713539017559227, 5.121217380951429, -2.1410709033157302, -2.595178113678582, 2.3891991522409652, -0.9219815610005233, 3.942989548357464, -3.7688408672661002, -1.4049296616625195, -0.7916922462106072, -4.480355398890356, -2.2687663487288847, 5.107731809449152, 7.351666221228514, 5.2938498594392955, 2.489210636743003, 6.008336420106828, -0.4565857776815424, 0.7967093649471646, -2.7195674443823967, 2.2318636088300767, -4.953673011237258], Energy: -36.454561226665874
Eval count: 87, Parameters: [-1.705478126605951, 1.363284695538621, 3.825126132892707, -4.712317579706205, 5.199196453748975, -2.1655540666435003, -2.6315364951051405, 2.392038013843612, -0.9142977614447192, 3.9375316103250264, -3.776213334053061, -1.4045325175263934, -0.988264014096476, -4.589883166298942, -2.378596284529936, 5.131259411480556, 7.353148049224144, 5.292018950723882, 2.527303884645041, 6.031523189694822, -0.4333258808237713, 1.2363378960120321, -2.757346553815651, 2.3517232642859067, -4.942340003415582], Energy: -36.988617039119674
Eval count: 88, Parameters: [-1.7279263816811332, 1.3070674325285625, 3.8477821847240787, -4.717886084501876, 5.355539775881271, -2.135485484207671, -2.596532846410571, 2.3893630386808935, -0.9023769250868109, 3.9402206301790668, -3.776690837412556, -1.4065531781575944, -0.984599880364903, -4.586498917509756, -2.3749929973099473, 4.947525024554659, 7.153031442211958, 5.651417382942976, 2.4763514443325265, 6.006990517757416, -0.4578969220366925, 1.2188091155714804, -2.7066617549722385, 2.4359970626008582, -4.9899622740307095], Energy: -36.74328593266347
Eval count: 89, Parameters: [-1.7062524433393158, 1.3623122955565055, 3.8241980121176757, -4.7121093132863585, 5.199474833090943, -2.166211937262947, -2.631573335812192, 2.392021606689295, -0.9142614379785825, 3.9375186694549527, -3.776280759055336, -1.4044911354337652, -0.9882276193057606, -4.766663029972692, -2.201895501175427, 5.132021728563761, 7.353851741373409, 5.292888848985879, 2.5270597967989716, 6.033858622702225, -0.43661229476350827, 1.2361619988470072, -2.7571024766877583, 2.3503130034730217, -4.940754021030452], Energy: -37.024812154009226
Eval count: 90, Parameters: [-1.782929575603067, 1.2907952514955556, 3.7253844707237427, -4.688421963129019, 5.237227122757657, -2.2449985126009553, -2.6252967606954236, 2.388867508703665, -0.9132958689602261, 3.9373200304694884, -3.7836663391339562, -1.4042068801775727, -0.9883047278207838, -4.760281647135733, -2.208755837917055, 5.200778990943725, 7.426105247358103, 5.380585008301321, 2.5034738563027616, 6.262497160113384, -0.766549515881336, 1.2139647179014017, -2.7336272469258964, 2.2236392586752216, -4.784433226053226], Energy: -37.234066553466334
Eval count: 91, Parameters: [-1.7827806170164127, 1.290931374076771, 3.7255554630589747, -4.68851657053833, 5.237143180828502, -2.2448264172679604, -2.625288832391767, 2.3888710297895304, -0.9132974781513976, 3.937323403037204, -3.7836518825171845, -1.404215819554792, -0.9883126931515364, -4.760273117671375, -2.208747266243419, 5.075861024884229, 7.301199998439397, 5.255643707648432, 2.5035268066488525, 6.387730704807423, -0.766824176088197, 1.2140028755397865, -2.733680194946877, 2.2239456499896093, -4.784777736914391], Energy: -37.2339388986112
Eval count: 92, Parameters: [-1.9044167062545605, 1.1774923708309464, 3.5685197910566946, -4.650621463500867, 5.297069139544728, -2.3698416575078562, -2.615177755360628, 2.3838435087341434, -0.911773749392315, 3.937028672034023, -3.795380899347939, -1.4038275276268042, -0.9884961383542373, -4.761336139600872, -2.208322950587107, 5.132429476235862, 7.363464425589186, 5.342374193047775, 2.466143300998525, 6.096052341533488, -0.5835335961624848, 1.1787326964091929, -2.6964740140629204, 2.023000748205496, -4.536628940961193], Energy: -36.62834174756637
Eval count: 93, Parameters: [-1.8326971193038266, 1.2853981831437606, 3.733189499965378, -4.674306762266893, 5.249706628868898, -2.216213539188104, -2.627870081799748, 2.388592038725129, -0.9165421486022484, 3.937352951338923, -3.7836238091815817, -1.408414066935706, -0.9927110733865733, -4.755853301498027, -2.20441893057565, 5.374936701842495, 7.266728329120804, 5.373300677556939, 2.5294994264899264, 6.2700143112538615, -0.7590066921566107, 1.183616174237267, -2.759656839335719, 2.2420154889995785, -4.772397644801271], Energy: -37.13874181864759
Eval count: 94, Parameters: [-1.4871638237171836, 1.305793493344829, 3.4350516008174248, -4.832669726778317, 5.29262479719704, -2.1903447035180648, -2.5271692118607922, 2.377511930075904, -0.892143264699996, 3.9506345951172803, -3.7923467747299755, -1.3931303776573394, -0.9751637268872688, -4.777642326642001, -2.2177516496387666, 5.258428852217739, 7.440480457236359, 5.4213397896223725, 2.596960930167551, 6.374828418751811, -0.7111619303947913, 1.2422390524652327, -2.8280121475236513, 2.248593116188032, -4.776834284948376], Energy: -36.503706127897715
Eval count: 95, Parameters: [-1.8452250378305035, 1.3317868166227276, 3.6069006091299896, -4.653328541770943, 5.129489514459103, -2.1167849049896383, -2.623589854276436, 2.388048289275423, -0.9105580795937892, 3.9417888014298694, -3.789163832301326, -1.3838624948660252, -0.9680774182788829, -4.780616855565334, -2.229119570073042, 5.159384318471486, 7.399719970152395, 5.380427137180893, 2.5034694034668012, 6.194517102389976, -0.8345814967595311, 1.22376785652496, -2.7336181337676257, 2.225953913662798, -4.796661652841938], Energy: -37.40961084866058
Eval count: 96, Parameters: [-2.106589263219549, 1.1799937086751164, 3.664539537892079, -4.65831791540897, 5.068021100454132, -2.0820434860000647, -2.404618317205631, 2.366718852030477, -0.8743385618634575, 3.9700832146885316, -3.7869252920663214, -1.4137921238191833, -0.9954132959876788, -4.765241891000614, -2.195301364269627, 5.131826244641595, 7.546789021628811, 5.285646636203555, 2.5417798589088743, 6.218341212366501, -0.9375796882885109, 1.2286093980565564, -2.773902876980477, 2.4374777913685666, -4.876451727135312], Energy: -36.05622774471544
Eval count: 97, Parameters: [-1.8211005953760266, 1.2056956225984943, 3.6865950189218877, -4.662572475482672, 5.073529832673748, -2.0083053553106334, -2.626758696152134, 2.389478659679314, -0.9061845723592904, 3.942374330954133, -3.7794518224887046, -1.3255277939647458, -0.9097908995047833, -4.838473172351296, -2.2874126738854095, 5.163468057441493, 7.415866976144867, 5.411337848362006, 2.511688409331066, 6.245701108408885, -0.7833316260261426, 1.2280464406345764, -2.7418525215694407, 2.1770963743820992, -4.752034878694894], Energy: -36.62789120975225
Eval count: 98, Parameters: [-1.768990109129031, 1.5689302324306722, 3.7027919645972016, -4.645472133495466, 5.028297078557495, -2.1887764059362897, -2.517956605959822, 2.377949930784527, -0.9188372549537823, 3.955303943746894, -3.783811802995872, -1.4280578655924534, -1.0102278709720371, -4.743340168605495, -2.182521331569353, 5.189028863672814, 7.302565511016113, 5.389135457120354, 2.3932563399045446, 6.135458670730043, -0.9564303175693774, 1.4769989621449193, -2.6243929659324072, 2.0614337196970456, -4.817686132097007], Energy: -37.728562991608726
Eval count: 99, Parameters: [-1.7745290981470414, 1.547287291104418, 3.6977175319449547, -4.659845161586691, 4.8608167801367985, -2.3080445069085744, -2.552263438395857, 2.375144571350876, -0.9169016456512226, 3.9554807376461913, -3.7837150393836616, -1.4413837241077854, -1.023578082637676, -4.730011142173914, -2.169222113898856, 5.168648415505757, 7.270937294237452, 5.462683770671694, 2.462878718980305, 6.156983085592943, -0.934897770119298, 1.4747963397720172, -2.6940128132196386, 2.0709828029199033, -4.824954987934787], Energy: -37.52978967824822
Eval count: 100, Parameters: [-1.7727481084300847, 1.7006579877246608, 3.657870887319977, -4.653186575457155, 5.099126462441508, -2.1848041735757757, -2.93989635481564, 2.316434242447235, -0.919698619007757, 3.9721085074338838, -3.7876631090201536, -1.480329517620942, -1.0605547901244803, -4.699781328761861, -2.1269276224566473, 5.184269886235323, 7.3147047196158335, 5.342186907269749, 2.3340968248922973, 6.095448356294806, -1.0786236801099491, 1.5386463068293141, -2.5665246856323543, 2.115172181281432, -4.844373242818702], Energy: -36.53936318992618
Eval count: 101, Parameters: [-1.7629747993959075, 1.5559782203858643, 3.6736946072531174, -4.586299840757006, 4.999593549117561, -2.180483817661785, -2.517484569957328, 2.3777882853338927, -0.9164759308475336, 3.955960705752443, -3.7849778077076994, -1.447877399870962, -1.0300744734015796, -4.723533084792745, -2.16272899274228, 5.207519212191063, 7.31510833320265, 5.404180476525252, 2.193076125369047, 6.181543081358993, -0.9103742746308071, 1.474440105645906, -2.724190772156316, 2.0779225742817937, -4.831698997359686], Energy: -37.76069018384703
Eval count: 102, Parameters: [-1.6793518226728215, 1.6033763662932443, 3.6441678590995843, -4.131933570396705, 5.0270501734546675, -2.2026373772808316, -2.484057255184018, 2.3742557657562338, -0.9127015576987544, 3.9599960250481634, -3.788241044520484, -1.4541089928590367, -1.0357657320219082, -4.719654218484487, -2.15597593722983, 5.210648290922277, 7.347380646737316, 5.430662784650781, 2.3245250493517235, 6.243474379489539, -0.8670066322246687, 1.494016427252225, -2.6562726820995817, 2.1019641320712847, -4.855589498738929], Energy: -37.19929370697838
Eval count: 103, Parameters: [-1.7703272622584052, 1.5883429784221108, 3.7296794323011735, -4.57144994760851, 5.049210272602036, -2.1089442466611317, -2.5163987333794706, 2.378439427732932, -0.9187492094304263, 3.956365036537374, -3.7820758730319164, -1.491976747926103, -1.0740833351208658, -4.679514688768288, -2.1186902464891357, 5.165151501070105, 7.324794111820216, 5.413458957137687, 2.261687235726135, 6.158163964303078, -0.9337862884030271, 1.490629149237164, -2.8920587191524634, 2.0133914399309036, -4.783669022222468], Energy: -37.48025198650663
Eval count: 104, Parameters: [-1.7132731023411596, 1.6012609197921384, 3.7000259023716264, -4.537172225199566, 5.079230675365798, -2.3572671058468737, -2.497070949420745, 2.3749379615212964, -0.9211916291583359, 3.9550186129520157, -3.786670610230422, -1.2815661675364338, -0.863381821035086, -4.891385238553913, -2.328446702827146, 5.1900868362954755, 7.263392266770019, 5.336710115389858, 2.1447930651707106, 6.044898512027947, -1.060280325866919, 1.4745936450323915, -2.9224262375211905, 2.1227549364134792, -4.8622241356831015], Energy: -37.79371859387771
Eval count: 105, Parameters: [-1.7720466071561185, 1.6879985525911363, 3.7059233099436217, -4.549494369895711, 5.090733770845147, -2.3594114272899094, -2.5020472713482493, 2.3741222601198473, -0.7140010146275588, 3.955169296270992, -3.815361116126477, -1.259215199357982, -0.8411404904377945, -4.913640168898992, -2.350650632515697, 5.194821196620613, 7.281791504205084, 5.359706343262315, 2.1510347590517243, 6.091044706184881, -1.0141174477132224, 1.4755021582976888, -2.928626539465773, 2.112029637961225, -4.852419931511079], Energy: -37.35682544269366
Eval count: 106, Parameters: [-1.9036420266948395, 1.8475968738825368, 3.676062682374557, -4.583197911231724, 5.116108798545235, -2.364718001377759, -2.4754383829560758, 2.3711920354546403, -1.204853249588632, 3.95861787140377, -3.762566923016434, -1.2176644429752894, -0.7994878009706916, -4.956588346140457, -2.391528048122462, 5.1928026597424894, 7.329074469930275, 5.4154050083475225, 2.1587470179290373, 6.191935704492163, -0.9255917963898098, 1.489369443736446, -2.937995718593616, 2.114854688399598, -4.855859012937399], Energy: -36.42480631471852
Eval count: 107, Parameters: [-1.7190747632059253, 1.6066540025129443, 3.6865072176014104, -4.536031036142384, 5.082696008459957, -2.3615901822680048, -2.4998052918507883, 2.403211626853343, -0.8907765273379308, 3.9550186129520157, -3.5407223524243934, -1.2815661675364338, -0.863381821035086, -4.891385238553913, -2.328446702827146, 5.1900868362954755, 7.263392266770019, 5.336710115389858, 2.1447930651707106, 6.044898512027947, -1.060280325866919, 1.4745936450323918, -2.9224262375211905, 2.1227549364134792, -4.8622241356831015], Energy: -37.67442590778501
Eval count: 108, Parameters: [-1.7022577198083084, 1.6022132954174197, 3.689305656507004, -4.541285428667648, 5.078008342727911, -2.367878189731933, -2.517333593420964, 2.868094609470964, -0.9285671692582346, 3.957519490740206, -3.8479177175481234, -1.2915096258662238, -0.8730089043067769, -4.882790700873571, -2.3179841028695587, 5.190732546776853, 7.257807468375341, 5.325756196508971, 2.1311344290632213, 6.028934522978274, -1.0892217061136988, 1.4827050624165472, -2.910403671490085, 2.1350083064378254, -4.868543491259928], Energy: -37.55511579407977
Eval count: 109, Parameters: [-1.6783630765841036, 1.6471261630092493, 3.7310775462192423, -4.537588107467677, 5.048358953073569, -2.3457766895079626, -2.4828037856984526, 2.373808466637388, -0.9241275953646778, 3.83089393501116, -3.78385566125606, -1.2841058115875434, -0.8656422407764847, -4.889153604470154, -2.3260969146663153, 5.180441633579129, 7.262420752349804, 5.338359216370665, 2.1301769774099535, 6.0359269099680635, -1.069280713433463, 1.4729362206416194, -2.9080542586235274, 2.243706098633466, -4.7004603372664], Energy: -37.483872337633386
Eval count: 110, Parameters: [-1.7479845189961816, 1.5494144402106942, 3.651877334105285, -4.539309535521223, 5.1086475121653985, -2.370236986769259, -2.497220306413752, 2.371993695933338, -0.9179960975191502, 3.5272956525847983, -3.7933041073249694, -1.286544850391196, -0.868451513661934, -4.8870838139398245, -2.3228550050321637, 5.201358205079743, 7.260536759187904, 5.3266743382201724, 2.1522868651474756, 6.0432265418872895, -1.0718128203268216, 1.4829958013335771, -2.930884239360899, 1.987067077116222, -5.063865772523244], Energy: -37.788231497559934
Eval count: 111, Parameters: [-1.6841408680480248, 1.6509753388461266, 3.7071848400725194, -4.534960520004323, 4.993036171713152, -2.3656455451451066, -2.50525506059898, 2.3755534412123382, -0.9281219032251831, 3.9549403020342484, -3.7849278297929665, -1.2807795631955199, -0.86659680798103, -4.891403176163328, -2.3285004465275025, 5.2675407490251125, 7.352718325188274, 5.176095165899253, 2.1597265713294815, 6.051097781600768, -1.0540789284440546, 1.3914267377977025, -2.9373045378194242, 2.060140593356074, -4.843234649076177], Energy: -37.53025748107518
Eval count: 112, Parameters: [-1.6201966453926222, 1.6694024634865796, 3.7519654227298744, -4.552536853917529, 5.087852005211381, -2.3520234195951732, -2.3952553972005637, 2.356576992916845, -0.9224194995348353, 3.9816905728642644, -3.792699267820489, -1.309149873187256, -0.8941644441299977, -4.860153712708204, -2.29174883147529, 5.087387462252533, 7.152805713769145, 5.476935258249417, 2.053783609939559, 5.971599105135463, -1.169295352359325, 1.1109411359549628, -2.836250809167757, 2.0659593218614836, -4.947664244677599], Energy: -37.48377069403085
Eval count: 113, Parameters: [-1.710846206306988, 1.602014944478973, 3.6983697339660138, -4.538210688344105, 5.079138955202061, -2.3567573234157972, -2.4963545082743464, 2.3748625736431377, -0.9210803745493776, 3.955122129247095, -3.7867029840700743, -1.497903232351533, -0.7910891153909094, -4.963674574514728, -2.400733334928497, 5.190517857316459, 7.263301793882955, 5.336914966583946, 2.1451839516579816, 6.0454430161130395, -1.059736818268437, 1.471825630800794, -2.9228232807609573, 2.1217378033255914, -4.862134516872083], Energy: -37.79796484602264
Eval count: 114, Parameters: [-1.4289335797816993, 1.591298585508933, 3.386030382641137, -4.680624073860009, 5.144600912727506, -2.347799448242939, -2.344427153004567, 2.3469501671777007, -0.9014296810555912, 3.9916051699171033, -3.8101978734211115, -1.5135029880273532, -0.8117595823336732, -4.9461005011963035, -2.3767686694009154, 5.247969213524966, 7.237105989762, 5.337050533746514, 2.191207987248753, 6.076432906554224, -1.0715006065452262, 1.5567840706410747, -2.9749598566169526, 2.1570426493997825, -4.908362724384971], Energy: -36.856182826271834
Eval count: 115, Parameters: [-1.7108154817095504, 1.6016428640056202, 3.698691577567672, -4.53839848256336, 5.080016595124871, -2.35647986013116, -2.4960408920565267, 2.37484513711417, -0.9209617686248944, 3.9551513389457935, -3.7866922036597788, -1.4978960576607718, -0.9951831146955272, -5.065745999013057, -2.5028040770259503, 5.189470757471435, 7.262145142062482, 5.339005843359551, 2.1448996125289974, 6.045329648754488, -1.0598502430122332, 1.4717853539549992, -2.9225411689519407, 2.122270392973658, -4.8624672015609365], Energy: -37.7949814066302
Eval count: 116, Parameters: [-1.9429450528989494, 1.4490035475500211, 3.7679451680175595, -4.527523936286781, 5.062831327847581, -2.422970343962899, -2.283492170688457, 2.3400233442614735, -0.9002112509612391, 4.002319579108796, -3.801984040376494, -1.5682789851045704, -0.8544833538828978, -4.903826196074169, -2.3328835699306834, 5.171688698527431, 7.316422324931449, 5.210824049244288, 2.100460526463063, 5.953185791804422, -1.2062518158636553, 1.5408348953897082, -2.8860332191325684, 2.2797834614715256, -4.982080862537765], Energy: -37.538439560952554
Eval count: 117, Parameters: [-1.7435161181879992, 1.5131727463283229, 3.6371990493642814, -4.506952115329613, 5.124415291677826, -2.4199448701678503, -2.516381763595645, 2.338938281076317, -0.9582372990497594, 4.005426965907691, -3.83757164165498, -1.447916239334048, -0.8028621500655152, -4.951548003877389, -2.388700908464666, 5.15193498480707, 7.206966177716287, 5.334755684785747, 2.121404220337274, 5.949508578793839, -1.0104521782721827, 1.5117695467946421, -2.9121820627367887, 2.033007106432399, -4.789941705111245], Energy: -38.05277268116026
Eval count: 118, Parameters: [-1.8548763451603967, 1.594448327833088, 3.5310429607873957, -4.520150304114107, 5.099138561378762, -2.503136210213967, -2.4298942886962145, 2.4343775140379043, -0.8452202829269035, 3.8588783800195348, -3.7095490076406956, -1.638052329142632, -0.7913776746759397, -4.967416823162733, -2.3980738721567496, 5.1339325182774145, 7.2207224845307465, 5.2490460655752464, 2.0608752702099604, 5.86112349428286, -0.9064484485896868, 1.374253126670029, -2.8142516454835262, 1.9112718968824478, -4.603752303671486], Energy: -37.73232656509481
Eval count: 119, Parameters: [-1.7431211194985985, 1.5064482626275844, 3.6400161224089764, -4.507187539384728, 5.122088000146085, -2.4155472405836638, -2.5165692049225634, 2.3389901286590153, -0.9580003293530573, 4.005441152586719, -3.8371861973600767, -1.4451886815399129, -0.8001415221185773, -5.130809699372169, -2.214866769569508, 5.1528329844755305, 7.208358530310469, 5.336982382924294, 2.1215565848323847, 5.954027166018756, -1.0111274651516433, 1.5118075235680404, -2.912335063265647, 2.0294433667963867, -4.786419503481765], Energy: -38.067756443162125
Eval count: 120, Parameters: [-1.6783668666707643, 1.2435047853244101, 3.813943630924439, -4.510957860742067, 4.984802945037626, -2.2396409804157087, -2.4994425275234486, 2.349094970342429, -0.9350105719729079, 3.9967046848310486, -3.8027879128505426, -1.3971600857201756, -0.6964733825984686, -5.22095050818942, -2.3289031343721813, 5.146420347019892, 7.180360643308552, 5.364841358113195, 2.0231181057296697, 5.947699485536499, -1.0215781170357345, 1.5850624019593271, -2.8121044152222447, 1.853868207007787, -4.735765828701929], Energy: -36.70388496739446
Eval count: 121, Parameters: [-1.7827027244191727, 1.4745839216888688, 3.586832003897298, -4.496813059069722, 5.147130361360721, -2.4550169479773474, -2.548466896981544, 2.3330210911497344, -0.9573997500018907, 4.006232054479246, -3.8411819183191147, -1.4483053622266933, -0.803340399462944, -5.124902244500959, -2.214788906430794, 5.186531047496025, 7.246125589824462, 5.377349702900458, 2.109434991149725, 6.065802968711876, -1.1783155769411897, 1.498942837636138, -2.9003405488297607, 1.9756026497961854, -4.711055999833307], Energy: -37.992400418302964
Eval count: 122, Parameters: [-1.7383800901290694, 1.56953111771548, 3.6095345998491752, -4.515536372251679, 5.177700575794673, -2.449931670881125, -2.910453460406971, 2.2930831529423514, -0.9467897950801076, 4.008520795715761, -3.829934195130114, -1.5414180175512613, -0.8540455483172684, -5.086705847682075, -2.1505501536821967, 5.124461466875786, 7.171483026136919, 5.255582293621655, 2.0350533300428952, 5.807223021698429, -1.0831309967657379, 1.5412416795781974, -2.8253111745018002, 2.106299373416835, -4.874059767981731], Energy: -37.419265873728705
Eval count: 123, Parameters: [-1.6962659627804972, 1.548933054266486, 3.6729236663074176, -4.341405502596512, 5.11335259119546, -2.396662284671643, -2.5359339822049463, 2.3512021624720054, -0.9526635670493969, 3.989606513231765, -3.8241553536039907, -1.5312495470044833, -0.6883433997513485, -5.129129182353952, -2.213764879152147, 5.16177440188602, 7.229128785570603, 5.359827785640959, 2.171812348594226, 6.006264409457404, -1.0083323414953933, 1.4962847242920225, -2.8864898609648746, 2.0507315432469158, -4.8174041985665585], Energy: -37.78121608090015
Eval count: 124, Parameters: [-1.7311286689447254, 1.4365095910727486, 3.5131678033574327, -4.212380227733493, 5.18236565592438, -2.5151344887250477, -2.41560372124085, 2.3138914531893904, -0.9562866145206226, 4.0390623054402655, -3.865289605941058, -1.2893016490599525, -1.0656436107749885, -5.1276345827639265, -2.2016040849683454, 5.123925380037454, 7.187980029181604, 5.305306927654396, 2.1713914585151666, 5.87400628933185, -0.974052646154815, 1.5594396840905647, -2.8379968047158926, 2.0140121723158275, -4.774675756864728], Energy: -37.665699534642215
Eval count: 125, Parameters: [-1.750704163469388, 1.4752998706520815, 3.6306727142355713, -4.522823332105072, 4.9525037995409695, -2.5404745995349014, -2.5477476147190874, 2.3376181805780187, -0.9541974677414874, 4.004245864502577, -3.8360173473462074, -1.4633929345276218, -0.8175117825447934, -5.1172016666018925, -2.2001195929517143, 5.12749339222185, 7.171533599615532, 5.405848729415766, 2.1822671999238525, 5.960750866538394, -0.9957508457437328, 1.5079498316495799, -2.9740706920829605, 2.036973165920938, -4.798941563764586], Energy: -37.762401412910606
Eval count: 126, Parameters: [-1.7432289219905934, 1.5063765876383548, 3.639935852395942, -4.507130784490817, 5.122138327079051, -2.4156140143805143, -2.516574892110712, 2.3389881836689517, -0.9580016983964761, 4.005439488347471, -3.8371933971848495, -1.4451870288961115, -0.8001404898499808, -5.130810998976545, -2.2148681515036, 5.215408523717655, 7.270704383450362, 5.399448099805624, 2.1215475358391513, 5.891415483139349, -1.0109850846605468, 1.5117681240408123, -2.9123260181281605, 2.029302475600935, -4.786239189442053], Energy: -38.06553174928615
Eval count: 127, Parameters: [-1.7924301154764524, 1.5011693542749875, 3.648017469843852, -4.493403396616135, 5.133446358657471, -2.3898276785608292, -2.515565136160183, 2.339194522042201, -0.9605991267300963, 4.005094993525671, -3.8365550025238293, -1.4523371592506313, -0.8070690836683968, -5.125618637033332, -2.209075845298538, 5.326113901535624, 7.044345582847861, 5.326947472466795, 2.1411501325163482, 5.954082618915523, -1.0085255016701915, 1.4851888700810618, -2.9324094541908696, 2.0439233043826217, -4.7769737336685605], Energy: -38.0225525836762
Eval count: 128, Parameters: [-1.7068516057758676, 1.5375944632241596, 3.699597145509427, -4.517892140046525, 5.140193794521777, -2.4739369894973224, -2.496936897704716, 2.3373415488320908, -0.9605380547467194, 4.006474292208521, -3.8342488539643105, -1.46072875103768, -0.8152493104125267, -5.11659757806111, -2.1988598800404815, 5.172910271809145, 7.198935238958576, 5.338704732178924, 2.1004550780602633, 5.966369027353916, -1.0107903350971013, 1.5568844858529876, -2.8914243352271427, 1.9971365861329586, -4.786190930605191], Energy: -37.925690152190725
Eval count: 129, Parameters: [-1.7280544272578449, 1.3846848642992595, 3.6863402067199855, -4.5358463463165615, 5.234846367142124, -2.4855682477858427, -2.549932909366759, 2.344789154850797, -0.9549882101635142, 3.9959912198715415, -3.8338772928147873, -1.4498497083569482, -0.8044259527945221, -5.129130141273394, -2.215023256790438, 5.168730777659966, 7.253229511306231, 5.3269100852561, 2.1480909813342812, 6.00520058641472, -0.9282171093233627, 1.415103407148624, -2.939730785927957, 2.0822993399782104, -4.776293613901377], Energy: -37.72933327648758
Eval count: 130, Parameters: [-1.7405514237966848, 1.5018561565645832, 3.6287479751185625, -4.476948569622054, 5.110653090506275, -2.407356706986224, -2.516272927685858, 2.338946886427442, -0.956956707478814, 4.0057904094165755, -3.8376002675995076, -1.4575436644072177, -0.8125048017068103, -5.118465508113311, -2.2025287448023296, 5.159607014911848, 7.2151403881283125, 5.344984030918477, 2.026021410983571, 5.975589177165529, -0.9895814177712839, 1.5114576973902951, -2.971462764278634, 2.033961874446727, -4.790647111214612], Energy: -38.05640604070527
Eval count: 131, Parameters: [-1.75849859808058, 1.524978807184362, 3.6894531297425335, -4.499329766138193, 5.176389558387841, -2.3420141078598, -2.5120069130507505, 2.34198935604872, -0.9577700969501296, 4.003680200250109, -3.8327876776203915, -1.4934346700943228, -0.8470889025337561, -5.089192665997451, -2.1717035428374674, 5.1009805467263805, 7.20844144692948, 5.335598120689994, 2.204172060010869, 5.9013466886203805, -1.0502237009970088, 1.5216027603129896, -3.0619923984218977, 1.9612859146908301, -4.742588484498266], Energy: -38.025379283507164
Eval count: 132, Parameters: [-1.7711420742229471, 1.4983293020059096, 3.6242475513510284, -4.50583691445014, 5.118113432119466, -2.4163383848922835, -2.5392666411146037, 2.34899132662479, -0.9608278720492113, 3.9900038872728514, -3.82577084817969, -1.4475597976950636, -0.7941993220897895, -5.141997110041887, -2.22720942527083, 5.179501788094808, 7.239324610528088, 5.301347230691497, 2.1439192708826207, 5.976096424383255, -0.9791580314768499, 1.5969496983030982, -2.9305343981532923, 2.0406020539834344, -4.763124130286093], Energy: -38.02143048412705
Eval count: 133, Parameters: [-1.8588273422135897, 1.597866879428558, 3.6149636786578188, -4.53137297505869, 5.1598076571141, -2.404278896443405, -2.4933028242548123, 2.326286207989115, -1.1244844077389518, 4.029183760020624, -3.8451792367294653, -1.4123972899655681, -0.7805932554774734, -5.152256162489741, -2.231607816108605, 5.120383645976451, 7.209353855004157, 5.3858656075292775, 2.110856693318254, 5.972410430127778, -0.9737319387109864, 1.4925964910355334, -2.9132103895914008, 2.0120495710188524, -4.814361599063149], Energy: -37.958309541951905
Eval count: 134, Parameters: [-1.7787748268080796, 1.478326123950377, 3.6466532071125446, -4.517357426397212, 5.104754803155622, -2.3818639352562627, -2.4955058462405524, 2.33028835642064, -0.9606718693511801, 4.020261045834471, -3.8475406510672134, -1.4901965030048558, -0.8303226658184724, -5.082786612292504, -2.1664397847033534, 5.153117552318231, 7.224236096074507, 5.343356590911177, 2.1276432158272383, 5.976450785049176, -1.000168601059449, 1.5205916977427432, -2.8668836695307283, 2.043345788017695, -4.802233254757893], Energy: -38.08836378010676
Eval count: 135, Parameters: [-1.8703542726031939, 1.4492443599885196, 3.6826827439938095, -4.509168323018387, 5.112652889023005, -2.437702598221638, -2.3978963564617115, 2.3216380697382415, -0.9435445923220855, 4.031618279642017, -3.8490482260297094, -1.5102022255623906, -0.7761089616182126, -5.097778834651973, -2.1762605677070663, 5.142311055058342, 7.241540522581676, 5.268862645366427, 2.097994713138725, 5.908492160856903, -1.1032803736172787, 1.537973929805502, -2.9030798536209637, 2.13173489492768, -4.8615153047762805], Energy: -37.95445712531313
Eval count: 136, Parameters: [-1.7793195845935885, 1.4865490242065609, 3.6489575533675236, -4.516816994911014, 5.099668842273471, -2.380362745530476, -2.4902473854504636, 2.2117398511478696, -0.9497561684344374, 4.018044175856073, -3.8214291489408114, -1.4947663234392794, -0.8283674696485132, -5.090140015426509, -2.174224634332952, 5.156583418211424, 7.230417961865207, 5.3377712680499405, 2.1309441996966427, 5.980551906421745, -0.9904285538984917, 1.5145918155689224, -2.870049891627084, 2.0433068733252675, -4.786527455132088], Energy: -38.08725230191641
Eval count: 137, Parameters: [-1.7660854137390825, 1.5169727847294685, 3.6624145246707793, -4.518524626323523, 5.084601299469185, -2.3749372489819724, -2.496185640306227, 2.35529415479738, -0.950963240747203, 4.2210245040116, -3.8257693020750763, -1.5015895506136607, -0.8312110064372689, -5.095045325158925, -2.178505168731025, 5.150486878425547, 7.231468049302772, 5.332048906936039, 2.1221273836426584, 5.970030384707695, -0.990627786001716, 1.5083256691033895, -2.862763537312027, 2.107111342330695, -4.685477752014715], Energy: -38.106919057991945
Eval count: 138, Parameters: [-1.715013546733795, 1.4957643059056642, 3.657244295882075, -4.5285680838833695, 5.096765513994241, -2.3552905643621167, -2.5012972775612448, 2.3319958113298775, -0.9783056133084498, 4.257942261313968, -3.8552141582881214, -1.471770424282806, -0.8250038850197615, -5.089045578364481, -2.1733600376013102, 5.159272213388046, 7.225229090083142, 5.352012650558998, 2.1397791954697176, 5.992148050080617, -1.0159568512743948, 1.5467955241578273, -2.8891212312676045, 2.1370520378796853, -4.733857054604301], Energy: -38.181280379511406
Eval count: 139, Parameters: [-1.6335152831465214, 1.525211809261737, 3.480823965663085, -4.609648486892889, 5.126850741524246, -2.335321715763774, -2.411261035113485, 2.339965614565518, -0.9668156101438946, 4.256217544119509, -3.842908804888398, -1.5456345143725632, -0.7983890222215189, -5.079659770876383, -2.156392671585123, 5.169051036764511, 7.213747599111927, 5.334815302264791, 2.1462061267481403, 5.974265254206594, -1.009661850075092, 1.5453679475979536, -2.8953261817484104, 2.1366073741947957, -4.728615355809262], Energy: -38.06858524368914
Eval count: 140, Parameters: [-1.6796236517545702, 1.450990255964304, 3.669653392420069, -4.522911098039908, 5.069172934530394, -2.342598235865694, -2.4978684175923793, 2.335329333735327, -1.0598309352418358, 4.2431288742109725, -3.8148642522205654, -1.4894554416962362, -0.8309438592365771, -5.094319816822852, -2.180817060175024, 5.16405526620452, 7.224884362094803, 5.325917012168807, 2.129390773867061, 5.970527755595084, -1.0349066523752768, 1.5424898549351296, -2.8789094051471986, 2.1337829705087477, -4.7106363099366595], Energy: -38.09993522715598
Eval count: 141, Parameters: [-1.7338951404323426, 1.4193442215227594, 3.6777470270798847, -4.570753060359279, 5.071942001196808, -2.2213875363108246, -2.4797664604467524, 2.324628335960922, -0.905108865133749, 4.301852435773985, -3.890799197846583, -1.4114036067717763, -0.7777659346699436, -5.133172188910949, -2.2249296560631233, 5.130745466838815, 7.197030672279855, 5.392974988317007, 2.0948721403792883, 5.9781599576442375, -1.0100197979689884, 1.5888437804582074, -2.8555828679180895, 2.0501585931643302, -4.73908865084248], Energy: -38.10729742930869
Eval count: 142, Parameters: [-1.7251196919465468, 1.4904584952930542, 3.6391708905344258, -4.527830600327564, 5.103120588511176, -2.367266420884411, -2.5500526957191747, 2.3305866697004203, -0.973918157619604, 4.306712590846629, -3.8219092992847883, -1.4969635102171923, -0.8350659555384535, -5.095824345379001, -2.1785175352616886, 5.1707680333372235, 7.233796321759149, 5.318624067141149, 2.137779745291108, 5.978848522476012, -1.018455248938624, 1.538715212858123, -2.887382272224079, 2.0866534241015007, -4.798458442009337], Energy: -38.1105374931883
Eval count: 143, Parameters: [-1.7151581704629684, 1.540308315861227, 3.6340313319911153, -4.560519005372545, 5.126621957944739, -2.3094364898194395, -2.6514268930608367, 2.3023208116193903, -0.9679526329301384, 4.2246652384326975, -3.9070911726952566, -1.4707582129345276, -0.8441444510637094, -5.062838754018783, -2.138179236075798, 5.116823677240649, 7.186442528636101, 5.354696745851187, 2.085678432284596, 5.914635609967378, -1.0610587018560953, 1.5771949514695576, -2.8425484545204163, 2.2287759183299163, -4.710281461301953], Energy: -38.000460865814034
Eval count: 144, Parameters: [-1.7065838219496485, 1.5237938629907182, 3.684121854336219, -4.578660870472302, 5.058818804461969, -2.338933512669038, -2.517403694411813, 2.3321944628587965, -0.9847766105820359, 4.250717363567889, -3.8944229478852703, -1.4716995098688792, -0.781476599418538, -5.075503862374173, -2.160934055741723, 5.188416908686925, 7.257229735363343, 5.307893186723683, 2.1366157355950706, 6.008993261460893, -1.0212654954135076, 1.5133397321004833, -2.9061732460636036, 2.1246750325411243, -4.733061505203519], Energy: -38.13150387321559
Eval count: 145, Parameters: [-1.6998694936858891, 1.503050524266063, 3.6002517387234803, -4.422989652613462, 5.079088161524389, -2.349352323985583, -2.4505404942378046, 2.312068300127271, -0.9799999971896819, 4.278685813637691, -3.953633657656794, -1.3547518086499695, -0.918139076156017, -5.068843552980839, -2.148749655901271, 5.175649130918458, 7.257251257240501, 5.273094067546144, 2.1645961937643334, 5.962864835881529, -1.006881296704904, 1.527605021335371, -2.8648807671767784, 2.1079196060030982, -4.722969822083896], Energy: -38.2624482799817
Eval count: 146, Parameters: [-1.7055009077033705, 1.4943561117996502, 3.5904623287812116, -4.4189072803325065, 5.084693441602884, -2.3576708282335446, -2.4537150876539946, 2.3148359225952992, -0.9769505383357655, 4.284275837057278, -3.900509325827942, -1.2974366994470168, -0.8651191026298791, -5.014382842646446, -2.094300358644355, 5.1715992365156085, 7.251379411381786, 5.272069890736945, 2.1619434911790445, 5.952047151813857, -1.0014605019304843, 1.5327474928127907, -2.8636949433899166, 2.098054152675784, -4.714801990121316], Energy: -38.21354640499169
Eval count: 147, Parameters: [-1.6858199080706076, 1.5736114269823922, 3.618374432655301, -4.450218687912346, 5.051488120518195, -2.2684174210591808, -2.4200179091116256, 2.344162118567746, -0.9341665502463817, 4.25332909728903, -3.8402335472395857, -1.2769669060180087, -1.0215563253598965, -5.088511714223204, -2.1666099991927537, 5.192439230115113, 7.29225182732724, 5.27907617681433, 2.178868548613094, 6.020690332592192, -1.045000023438668, 1.5037817400137012, -2.8687356379279367, 2.1730256551865903, -4.7735750471823755], Energy: -38.15120587749175
Eval count: 148, Parameters: [-1.6750731306906186, 1.4593088173542517, 3.605145859163013, -4.446865255507386, 5.124485509342596, -2.3649336461284562, -2.4626718903999283, 2.314356761768019, -0.9660883561413619, 4.275080687475776, -3.9540705655336406, -1.3260271363252916, -0.9091925781925531, -5.1015498860731645, -2.1578463058597563, 5.140650155960616, 7.252620906589168, 5.246188099757464, 2.184600621642454, 5.965960474099173, -0.9873901275924676, 1.4615180785673745, -2.857276178973803, 2.1323142957149264, -4.724384250310007], Energy: -38.219436379631816
Eval count: 149, Parameters: [-1.745510850826361, 1.423775276893343, 3.619030004592014, -4.415095007548393, 5.166850635173206, -2.3420906682050657, -2.431415792081248, 2.3018447211380284, -0.9938337014550714, 4.300377593914187, -4.0079097239570896, -1.3758663417069503, -0.9852932454204819, -4.999533176464161, -2.1389085193628476, 5.263383177705919, 7.334181647437806, 5.3367379734280584, 2.1516026524478225, 6.0176445948284, -0.9231610024777591, 1.5471054443059353, -2.9160234243502146, 2.1308213003025456, -4.697223879647971], Energy: -38.238928165569405
Eval count: 150, Parameters: [-1.7033405608421008, 1.4894443571209894, 3.5965237905133796, -4.426051676979851, 5.031634425290445, -2.4010968131280412, -2.447007846909531, 2.3069965914314845, -0.9678020412720453, 4.283568549457057, -3.962387277786181, -1.3407925168255588, -0.92537068001296, -5.07011766347227, -2.145487683470036, 5.1476991535233445, 7.227837437739843, 5.335309717715726, 2.204395332783677, 5.980170592157973, -0.9998251237195193, 1.536797823012947, -2.900693427641871, 2.1395514305899717, -4.733471366801705], Energy: -38.196537234469645
Eval count: 151, Parameters: [-1.7212943170716577, 1.4579648373631622, 3.537827563696427, -4.457642642188633, 4.943990104569459, -2.3194587220080716, -2.4856510841353736, 2.31099150342228, -0.9983327053459461, 4.294160879226667, -4.003256733511327, -1.3726406011798633, -0.9848423899869566, -5.049404968880451, -2.1472730329985614, 5.207611767446183, 7.296380344853941, 5.199985245426456, 2.143361968301185, 5.8964752939119505, -0.9757528024079902, 1.4683209773746955, -2.8591931815610216, 2.0164161427499563, -4.696524463000555], Energy: -38.08956135919664
Eval count: 152, Parameters: [-1.6789072251601902, 1.5164432996130988, 3.5999878740720517, -4.335150590906819, 5.075733141825688, -2.3098290356049493, -2.453401165391766, 2.3148124737636464, -0.9736800637886145, 4.279805799213382, -3.9710656347578523, -1.3866763506801123, -0.8737669972281774, -5.070662656158501, -2.152439362649238, 5.178229506342087, 7.273974847590304, 5.281648609940803, 2.190669534859057, 5.982073129014553, -0.996122595613272, 1.5090403534009598, -2.8481476535043613, 2.115075568503325, -4.735275893329695], Energy: -38.14435532745313
Eval count: 153, Parameters: [-1.701703259479173, 1.5192719292876595, 3.6121926492043954, -4.427452403058994, 5.077205563293977, -2.340386847985718, -2.440472018480841, 2.3123007649073424, -0.9957112728009414, 4.280618991646948, -3.9532335816683615, -1.3530197939120499, -0.917104350926345, -5.069631951858787, -2.149534764506842, 5.168425944147871, 7.249818598458838, 5.268918320290655, 2.1647604279344175, 5.93944796665478, -0.9638660535759966, 1.5327425909200325, -2.868433619691283, 2.1177956115606578, -4.742354178741251], Energy: -38.3009740115499
Eval count: 154, Parameters: [-1.75595302828148, 1.555881241331528, 3.5855614785310426, -4.438773167117444, 5.100348819556334, -2.3364248700500467, -2.43285446805721, 2.3042430807823484, -1.0701467755313836, 4.294824817846783, -3.966692761046901, -1.326323395642378, -0.9090526994907212, -5.089752303947222, -2.1612790218754845, 5.147732173766317, 7.251504786571132, 5.291672464931583, 2.1619359462288306, 5.964558342427878, -0.9741473017320932, 1.5117728709012583, -2.8594326278083586, 2.098497624798314, -4.742376197325554], Energy: -38.336375214575924
Eval count: 155, Parameters: [-1.7465296042434408, 1.5566289911381044, 3.586506917693746, -4.441467064561417, 5.097694833821242, -2.343753977906186, -2.4306941589365505, 2.304074278370047, -1.0695605936658623, 4.295093833313977, -3.9666571663884755, -1.3287673400856037, -0.9093438997302399, -5.0860587682981695, -2.161422654469874, 5.1099107197756055, 7.296445086618818, 5.294795064904042, 2.153618904556026, 5.963624627308233, -0.9739145737907414, 1.5248783261540673, -2.8571234015499423, 2.095466244816804, -4.745008473589883], Energy: -38.3478999932982
Eval count: 156, Parameters: [-1.801127253431915, 1.5424236022447406, 3.598075758462307, -4.437524239450007, 5.104862155507939, -2.357169617911712, -2.373947968679174, 2.2970581737362252, -1.0671317503489726, 4.307323611865486, -3.981636395666744, -1.332911495081864, -0.891537523391355, -5.092160472883209, -2.1688182108938086, 5.111591585288306, 7.307476943546015, 5.257315299259474, 2.134299634130763, 5.9255152507260895, -1.0151594563447544, 1.5344564144927628, -2.874402208753926, 2.1366276621064006, -4.774089144153015], Energy: -38.40230789090441
Eval count: 157, Parameters: [-1.797934679536783, 1.5380610215866406, 3.5887095139871135, -4.439179765309475, 5.091373093746249, -2.376740989282882, -2.373947710764612, 2.296287081331796, -1.067537862554124, 4.307799589119512, -3.982504619141275, -1.3247482445014707, -0.8826502269409369, -5.097432602396269, -2.178039952035864, 5.129539124845621, 7.311928480330656, 5.259497551076741, 2.1102395950732795, 5.9391173545772, -1.0028552507315858, 1.5388523629002722, -2.8381294835184643, 2.1525677576794777, -4.784589424757825], Energy: -38.38878975990423
Eval count: 158, Parameters: [-1.7787614650245172, 1.5802234068473122, 3.6540800161379363, -4.452652983735537, 5.140174094436387, -2.3938282338015737, -2.3265129822946253, 2.288460376843284, -1.079358273602841, 4.323798999097527, -4.009034710789825, -1.3276121983849978, -0.9147046071552598, -5.095139290394701, -2.1569216353137444, 5.108496150955226, 7.288267592653718, 5.242752811350254, 2.121131749223056, 5.916805900067382, -1.0225957829983954, 1.5607341471205656, -2.8573848614846833, 2.096139719488633, -4.777888682950921], Energy: -38.49632922899917
Eval count: 159, Parameters: [-1.7988525396522979, 1.5880340005098976, 3.6496207601801, -4.459857221633607, 5.153773628820642, -2.404035136659225, -2.3342053980279047, 2.2958230566456312, -1.0872790412282787, 4.314212350730003, -4.011087048724652, -1.3103397995850783, -0.9072147414908863, -5.132967448858662, -2.171566527075982, 5.113288998511934, 7.2945276287151355, 5.185516801969765, 2.158958380340195, 5.934135143084815, -1.0017479223717596, 1.6402776636390617, -2.8681849570149893, 2.093155860506993, -4.753999576933124], Energy: -38.44840583748345
Eval count: 160, Parameters: [-1.7773453529951302, 1.5781503279744102, 3.65170817327375, -4.444854467941455, 5.137106820273289, -2.3914478153564063, -2.3268789709139432, 2.2886261947564592, -1.0789921766312518, 4.3236085284952015, -4.008859468528016, -1.3292973687271512, -0.9166754756079301, -5.131495932022396, -2.1173181945664976, 5.109208507987129, 7.288795963649624, 5.243948100430343, 2.0968586535478595, 5.924002437452741, -1.017496680493208, 1.5604873459619433, -2.8732543740409233, 2.0962552430467607, -4.777903867261583], Energy: -38.4979342445435
Eval count: 161, Parameters: [-1.7617216654057952, 1.5916940683912757, 3.644430776975469, -4.421537351215845, 5.141628285429612, -2.4008205162371774, -2.3275869384050276, 2.2905529489043053, -1.0796959744621841, 4.3211659280648975, -4.011418592141008, -1.3170172790936445, -0.9166149883397853, -5.105231362962549, -2.166760752823888, 5.0859502328249935, 7.259502044632201, 5.217276722277862, 2.0274775815829535, 5.951265779035981, -1.0075825769986695, 1.5581358196013355, -2.931421306506504, 2.0906059160276946, -4.776029656598578], Energy: -38.459752447829885
Eval count: 162, Parameters: [-1.7762104614509044, 1.5747297318707545, 3.6503956043929207, -4.444875713588374, 5.140065917173959, -2.3930161858395573, -2.3300136090707784, 2.3479717328643392, -1.0843722994794478, 4.32435443636178, -4.021633128734792, -1.3259248958533199, -0.9169178559462788, -5.128994081620687, -2.1146109401174495, 5.108992269488166, 7.286840712151455, 5.248096228887152, 2.0950640386312047, 5.91989181956731, -1.0226178589674555, 1.563265941431493, -2.8727784710796733, 2.0959336428065294, -4.785349841638974], Energy: -38.4844377560579
Eval count: 163, Parameters: [-1.7539387036606826, 1.6008465950045072, 3.650406436187275, -4.438919527767691, 5.152375726773114, -2.4142698024768867, -2.334167365807945, 2.283543793833159, -1.0783845418910667, 4.316297619075132, -4.005225958219947, -1.2969160989897022, -0.8990073121567773, -5.165692436115552, -2.1507632406241632, 5.153748779235248, 7.32315446252195, 5.282283769690016, 2.0907661777429563, 5.860809458319846, -1.0241537039687758, 1.5552882384849969, -2.904078245505986, 2.083501637021314, -4.766594418291269], Energy: -38.439571453646465
Eval count: 164, Parameters: [-1.7743180343229632, 1.5895270411791984, 3.6549907957820964, -4.445733720990028, 5.133952580879734, -2.3888689889577823, -2.3329186930934296, 2.2935741353465007, -1.076320919218835, 4.371688396950147, -4.005202482531147, -1.3320816337653423, -0.9180486520206044, -5.133402707643621, -2.1188197566855833, 5.106702267580665, 7.288800476872394, 5.242181649846772, 2.093814348634993, 5.91982725054433, -1.0169207791547232, 1.559089972779684, -2.8707492096043543, 2.116590198521649, -4.7483629836426005], Energy: -38.47762454863857
Eval count: 165, Parameters: [-1.7877277652355674, 1.601617270229263, 3.6542138487839924, -4.456795617657844, 5.1713374251399395, -2.376953649074923, -2.370512059468033, 2.260978401585631, -1.0839672113475625, 4.29499839721761, -4.0509874876233525, -1.3271253402442453, -0.9447979952623474, -5.113276875801924, -2.0912493251660287, 5.08501000130105, 7.267986854154953, 5.251147819808738, 2.071094373847043, 5.887372013213987, -1.038011754996273, 1.5866303236116142, -2.848460030418469, 2.1343968781787304, -4.787522915320997], Energy: -38.44501114696794
Eval count: 166, Parameters: [-1.7664994014122466, 1.5993877392756746, 3.631035689096512, -4.443836214320744, 5.1432915874008, -2.419347907656621, -2.326210338162946, 2.290990452219516, -1.093834583417979, 4.315650365310227, -4.001059666140545, -1.3495338936880084, -0.9243309226992602, -5.120330682213341, -2.1037192996304817, 5.118623393728681, 7.296651753881366, 5.227945157943307, 2.1072052539739907, 5.924982194837792, -1.018142628305663, 1.5480467244391922, -2.8813509783078604, 2.1113653206170273, -4.77879750798634], Energy: -38.461274801187756
Eval count: 167, Parameters: [-1.7500830191440202, 1.5781761118175643, 3.58375399225075, -4.486789900104788, 5.160317485801845, -2.3582935113725494, -2.261325225507063, 2.2852889282324367, -1.0553323030503783, 4.330973503333929, -4.0202556192788945, -1.3457706057837386, -0.9029248372703365, -5.1351507484226815, -2.117716889579468, 5.1005445580917215, 7.271253048691513, 5.2628650397056855, 2.0923753804068856, 5.917803880776106, -1.0107151211935628, 1.5808794451952588, -2.8693598600923114, 2.0882466588215034, -4.776982811717331], Energy: -38.63283791783613
Eval count: 168, Parameters: [-1.719183084486001, 1.5567400025189178, 3.585456324570859, -4.489630687703314, 5.155207917311068, -2.3465343842911643, -2.2639233730975095, 2.277124209425282, -1.0915297667351644, 4.342131119091639, -4.019981634931691, -1.3396462994686074, -0.9020705519516232, -5.1341018038449615, -2.1176293656047402, 5.106892031489877, 7.270310747977749, 5.259240393864785, 2.0959794064345263, 5.919449436813094, -1.026623791969553, 1.5928979089441657, -2.876645009313182, 2.096511789631836, -4.790401993666189], Energy: -38.70433113506704
Eval count: 169, Parameters: [-1.7140401922271074, 1.5220493425133244, 3.599977513348509, -4.478905153233946, 5.154777706189477, -2.3397965160018392, -2.2129905073280103, 2.2835232366929743, -1.139342539014695, 4.305643757582299, -3.981428877837587, -1.3624148282830084, -0.917891487873555, -5.14427313411239, -2.127850176260144, 5.086602314254197, 7.250496214800985, 5.276565444622649, 2.079755938612759, 5.897360059937692, -1.0268498893781637, 1.603107980112372, -2.853762708117669, 2.1051056999082647, -4.737953477197862], Energy: -38.777626267011215
Eval count: 170, Parameters: [-1.7196277436758658, 1.5103189873296705, 3.5812955989505597, -4.454662867310021, 5.169993089734869, -2.3493970458610183, -2.220012418252065, 2.281977505152052, -1.1356230283899276, 4.324995595946626, -3.9612579576550813, -1.364507257023002, -0.9420427226074034, -5.150434539498603, -2.132852680713788, 5.080300377583007, 7.242998494616211, 5.278216341195473, 2.0815620970973674, 5.885350037033549, -1.02521357409659, 1.6119592033910641, -2.845633738629516, 2.0920800551002694, -4.758363781487552], Energy: -38.70148284797773
Eval count: 171, Parameters: [-1.7100150195535118, 1.5125935978671983, 3.636153820193288, -4.552744070913453, 5.162693230587478, -2.3216391442918325, -2.2011337058819826, 2.278574682348885, -1.1639966993147108, 4.314829428234212, -3.9589089134828535, -1.4190040361684195, -0.8762551556154663, -5.150547284631701, -2.133116472324837, 5.088111669612615, 7.2437478588273745, 5.291514114671418, 2.061334822978073, 5.907595699519074, -1.0356967271060076, 1.6161649276023458, -2.863503630902437, 2.09063284105685, -4.764975639732221], Energy: -38.88164491823795
Eval count: 172, Parameters: [-1.6971838727212751, 1.4889495354725544, 3.635241796781872, -4.602479304241677, 5.110800763966794, -2.2892886624861033, -2.1512476449686284, 2.2633728561247417, -1.1988084952070321, 4.321281088763947, -3.9995234186992645, -1.4141450394917985, -0.8875053071229082, -5.1419176225439855, -2.121974544249875, 5.0907174901356385, 7.250279455487116, 5.265901484917202, 2.052203941479075, 5.887016275321178, -1.0326623047825447, 1.6041286276519793, -2.8620250148967985, 2.0542152469312103, -4.7603785027082735], Energy: -39.01979472655319
Eval count: 173, Parameters: [-1.6810441890837684, 1.5179380778240859, 3.6585236062653537, -4.63348822341947, 5.10544460151275, -2.235655054525486, -2.099383762711756, 2.268940968042751, -1.1967625707731797, 4.310545067351826, -3.963652481225222, -1.3776530058210386, -0.9279470163446816, -5.147160544553998, -2.124644511125666, 5.099971779942497, 7.266372062836918, 5.2691688467812146, 2.053160906442073, 5.917041159395881, -1.0537790691517572, 1.6038096993227327, -2.863348277067481, 2.080553000242837, -4.784613283853598], Energy: -39.031394813905194
Eval count: 174, Parameters: [-1.693220040101855, 1.4954335531870897, 3.6630051459557946, -4.638784437284586, 5.129811307804037, -2.237245242944502, -2.095040544964753, 2.266448669376669, -1.2001412430690666, 4.315894848317927, -3.973515291582151, -1.377174374312656, -0.945302174369936, -5.128751217019999, -2.120014872833973, 5.120338779623203, 7.284057304705876, 5.282687445439331, 2.0482366849716453, 5.9286837490843, -1.0329479481219916, 1.6077296841378195, -2.87661338653007, 2.0858819625807046, -4.77691932484014], Energy: -39.050063552067
Eval count: 175, Parameters: [-1.66368513986424, 1.487205054522719, 3.6858600847603333, -4.605709727739203, 5.142435403986868, -2.19522314299033, -2.0382497420526775, 2.250045712918756, -1.2290602344905999, 4.321197920654283, -4.024173015597569, -1.4026287117810794, -0.8942614071458533, -5.122317545256585, -2.1116965290697713, 5.120429180825175, 7.291559080272731, 5.294385544179129, 2.06083038033009, 5.945637587839339, -1.023980727689755, 1.611180476415766, -2.867550608654499, 2.0840863571000314, -4.783089637143267], Energy: -39.10227051247165
Eval count: 176, Parameters: [-1.6614264820704427, 1.4704163841739117, 3.6929276237730484, -4.633238035725755, 5.10006570929668, -2.2404810619815145, -2.0066473777520764, 2.236452082572194, -1.2347761159282036, 4.326632140070644, -4.048678750702506, -1.3904061991875898, -0.8975397545002467, -5.12394803905253, -2.1058586670050135, 5.091492420449621, 7.257371876682374, 5.3518324528938415, 2.091131685668524, 5.958738752414907, -1.0230660434261951, 1.6319005264295396, -2.9022271713307473, 2.10743254012577, -4.7914551476412495], Energy: -39.10705509731821
Eval count: 177, Parameters: [-1.6725956222593308, 1.4839676839295197, 3.6878575200489103, -4.622926109605036, 5.084872723671687, -2.2373781523309226, -2.003141085423718, 2.236506827366988, -1.2389921045265493, 4.329831583640849, -4.030972010294118, -1.3822639918064707, -0.8833903770284931, -5.093684781170265, -2.084463186983469, 5.103295064743986, 7.257171293541005, 5.361595814095501, 2.0827452570766365, 5.954004313555487, -1.0285937454350582, 1.6584103251774487, -2.9046906520448688, 2.095016040229834, -4.788226935236279], Energy: -39.12497006751988
Eval count: 178, Parameters: [-1.655922929740544, 1.4472987764004737, 3.693834006872733, -4.658016079316061, 5.122898061757963, -2.246467263011857, -1.9863259014839052, 2.231960535573894, -1.245310231648472, 4.3322939327315355, -4.005816043702925, -1.3227069951319743, -0.8336665299642133, -5.07298208930419, -2.0463421663731154, 5.077893088154714, 7.24568065710666, 5.338649224095106, 2.0835413008518398, 5.943451557113943, -1.0183172518633192, 1.632088552693909, -2.8974709412398862, 2.094336870167659, -4.780713435054036], Energy: -39.02259511383443
Eval count: 179, Parameters: [-1.6970115275250104, 1.4940487911886657, 3.6703909202024643, -4.626279721616232, 5.096426117796245, -2.239364495926067, -2.0039002273175286, 2.232664875119931, -1.266860916252628, 4.335604958599987, -4.037394454916336, -1.3706029828484945, -0.8800920899461965, -5.10269402280879, -2.089583202291603, 5.09676597596289, 7.261126927985656, 5.373947232560025, 2.0813632087910467, 5.97566269368483, -1.051729104635997, 1.6464772322801804, -2.898993330218771, 2.081836991460275, -4.77996351648065], Energy: -39.19547286232455
Eval count: 180, Parameters: [-1.6751718575851962, 1.4571888095060894, 3.6674338709749943, -4.638102564823524, 5.093214856218617, -2.246575436213436, -1.9929878387236126, 2.2249323452436722, -1.238479367702135, 4.328566432832621, -4.055762669187069, -1.392195339788681, -0.8858747710554129, -5.09666249217212, -2.0859128508827203, 5.120200951282145, 7.2709438707879634, 5.372943872270635, 2.068744298639597, 6.007911860113001, -1.1382349646049459, 1.6630553963133716, -2.89423874271467, 2.057286154099508, -4.742168962654237], Energy: -39.131725960297956
Eval count: 181, Parameters: [-1.716522117596644, 1.490556546256373, 3.671790039116068, -4.622999132173022, 5.100304532628322, -2.2351930725191234, -1.9947346890483195, 2.23144026988314, -1.2669275677229834, 4.337763017259501, -4.040377062808038, -1.3691471324123528, -0.8763151879512577, -5.107328964412259, -2.090905921948055, 5.132255372217772, 7.221523155862751, 5.363664457656323, 2.0852905370922024, 5.969026651186287, -1.0600668641948903, 1.6361805358301165, -2.904542285538986, 2.0927599132861285, -4.7832427765414405], Energy: -39.21796105131449
Eval count: 182, Parameters: [-1.674723617239796, 1.5110085063295096, 3.6666239681172192, -4.641457299039478, 5.097271034011617, -2.208404685577135, -2.027992658558313, 2.231303206749364, -1.2924323419040376, 4.32773213445395, -4.041295276661734, -1.3678018452804381, -0.8932987081647722, -5.106993062802209, -2.0855946420181515, 5.1601092911041055, 7.173081102542476, 5.3970790230173025, 2.1013818928833956, 6.003054502218009, -1.0231802588948042, 1.6287779510589118, -2.888967757143382, 2.0475416696840267, -4.754428828953974], Energy: -39.163298766897015
Eval count: 183, Parameters: [-1.7102551129560573, 1.4916050836673316, 3.6705049013306823, -4.626745385259442, 5.092077955768195, -2.2594875116065833, -1.9880647030122232, 2.229477256959859, -1.2690438735126643, 4.340545071861624, -4.045078567065262, -1.360418706195371, -0.87088127440201, -5.1129037225423275, -2.0982516303116316, 5.14937204106706, 7.223175578316336, 5.363751003972121, 2.059909359009994, 5.9811043123451295, -1.0490794937069068, 1.644174438550261, -2.8666763678974982, 2.1026557073678735, -4.794045838445], Energy: -39.21300988024848
Eval count: 184, Parameters: [-1.7498555317334237, 1.457429660686941, 3.6147426056123537, -4.636906825030341, 5.057074947686957, -2.1835866430440998, -2.006373033221956, 2.2280432707332603, -1.295002484809833, 4.322322717598377, -4.037181571562132, -1.3812640788721293, -0.8452494131960759, -5.110743778585577, -2.1121117296981082, 5.141819493743022, 7.241561168025387, 5.380312679378271, 2.075036197002504, 5.976734476049239, -1.0529995296756474, 1.629417493320149, -2.9111485756179234, 2.1327617800885754, -4.785563354022773], Energy: -39.13602827283427
Eval count: 185, Parameters: [-1.7314979860443938, 1.4864822686629438, 3.6704731650646405, -4.627509323560672, 5.100688382576806, -2.231937528925685, -1.9953585931667412, 2.2354013327160764, -1.2701047065422204, 4.336385534835603, -4.0422162245498505, -1.3727125083248866, -0.879012890656665, -5.110955331112649, -2.0861759177074646, 5.119975301559815, 7.212993642454221, 5.329600700906069, 2.1013442774162248, 5.995680589552134, -1.049924212166781, 1.668160416315519, -2.89923923476073, 2.0956107877256627, -4.777612319072221], Energy: -39.22341309385314
Eval count: 186, Parameters: [-1.731715496558477, 1.5140436668827058, 3.6737901228370613, -4.645632782285954, 5.121340111721056, -2.2417103715756794, -1.979589607042266, 2.229162544519107, -1.2992469283268773, 4.327652294149535, -4.057401211830428, -1.3461933734599691, -0.8619853585918442, -5.158977447913362, -2.1196654331487252, 5.152973355799578, 7.239023135592462, 5.3254275478624065, 2.110795895484639, 5.953922010928378, -1.0480438746921843, 1.7207602646672957, -2.9303604226514626, 2.076447399474136, -4.757208829826987], Energy: -39.28744253873282
Eval count: 187, Parameters: [-1.7407290992541615, 1.5152811219545859, 3.677498204517485, -4.65834704945005, 5.128805489195749, -2.2339248483966188, -1.9914712406730548, 2.222364897108447, -1.300349745969665, 4.322501012240542, -4.0680132184842925, -1.3505785528580943, -0.8697234678613638, -5.164583129150804, -2.092629798305398, 5.1556830260400535, 7.245141190143142, 5.338196212929438, 2.1316895810076466, 5.932680813072541, -1.0577427880903434, 1.7288502794140002, -2.899988817167972, 2.089810645394762, -4.759747627568268], Energy: -39.30861807959661
Eval count: 188, Parameters: [-1.7443350014997707, 1.5455602210968775, 3.6817468939945597, -4.670241755958586, 5.157158150029819, -2.216185957796966, -2.003292364173995, 2.200014698776593, -1.3251346875831997, 4.306703959764536, -4.115170304598928, -1.3499781454407047, -0.8917816316040721, -5.1353617691277655, -2.0987781823257126, 5.121798866018635, 7.210594631472907, 5.331808081472964, 2.0671652322251606, 5.9150480721004355, -1.073276215182943, 1.752625135161566, -2.9127554482236997, 2.110869116570386, -4.7662198871391075], Energy: -39.3972126093164
Eval count: 189, Parameters: [-1.7417270391223578, 1.5459005120359368, 3.66885740215226, -4.668979191050086, 5.162914456492931, -2.2319623848961596, -1.9976852084436538, 2.1968323251304023, -1.3346640889951422, 4.260790425081515, -4.114589324232539, -1.3573494749700623, -0.894290374219749, -5.128283068410396, -2.090874566818582, 5.128553693958338, 7.214397673881059, 5.3255980725833565, 2.0748422394185555, 5.919175035663429, -1.0740930061429215, 1.7478186174039634, -2.9188704833059957, 2.100403994733535, -4.792493269562584], Energy: -39.389637544029824
Eval count: 190, Parameters: [-1.7283782217874533, 1.5961691817996595, 3.657197900100487, -4.68805780938435, 5.162595046923406, -2.247399226368578, -1.9780521469568726, 2.201911039207168, -1.3726047507432955, 4.344368091280085, -4.112204894614052, -1.3969421344474604, -0.905317226392897, -5.118958196851451, -2.075687904726515, 5.134150527375064, 7.2225847599634925, 5.306284567051973, 2.0763917700110963, 5.9092537766468, -1.0790619939225057, 1.7350226297592808, -2.924480007678846, 2.1459559420664682, -4.741840607073382], Energy: -39.38312157600046
Eval count: 191, Parameters: [-1.7427947798869698, 1.543097713112524, 3.6792366470494065, -4.662500315030938, 5.154461773954147, -2.214007402195409, -2.004025957910857, 2.2071874049787694, -1.3254064848978564, 4.306602905308933, -4.116504715812185, -1.3512532731279159, -0.8937673323708865, -5.17116858364726, -2.059132149055774, 5.122480703345234, 7.210888411999898, 5.333484855019999, 2.042850050628023, 5.921708837231034, -1.06881754521538, 1.7527081821085346, -2.9284577234043545, 2.1109458543992283, -4.7671142520285015], Energy: -39.38708306963224
Eval count: 192, Parameters: [-1.7445266656888794, 1.5395586040804956, 3.6827141155778262, -4.678083865591071, 5.1629640726267025, -2.214669409310735, -1.9999876220805, 2.3152089787428727, -1.343185798542293, 4.309452531270409, -4.1451448290584, -1.3452671814132975, -0.8912525071515207, -5.122048865500648, -2.1031518167732517, 5.120520797533976, 7.205899690768689, 5.341347355327344, 2.067568985299069, 5.904076770403955, -1.086300114050454, 1.7601557101823644, -2.9077845873870234, 2.106263214116941, -4.782084674918686], Energy: -39.31844829258705
Eval count: 193, Parameters: [-1.7330447861878773, 1.5308403241622652, 3.7076289060185768, -4.65694003708245, 5.145210384273105, -2.2201739225281254, -2.028916131131562, 2.1956253718260426, -1.35857987597318, 4.311682351370699, -4.1108376955266435, -1.3397843052153104, -0.8961962535028438, -5.133312736449316, -2.0985731204011087, 5.129305748776917, 7.216328039770017, 5.3224408988554455, 2.071268984046994, 5.918431644460238, -1.0866598714343092, 1.7534565382942355, -2.919171247313095, 2.1194536453943216, -4.7757637666904795], Energy: -39.38670923980425
Eval count: 194, Parameters: [-1.8198062293554524, 1.5772391608987504, 3.7487649253775372, -4.6774003597506315, 5.141020662047721, -2.2191184911261006, -1.980400955189857, 2.177058455607506, -1.3420026234258053, 4.294743147928607, -4.134951370892976, -1.3639781657663934, -0.8989294107239095, -5.137926497016732, -2.100730724363246, 5.114874783948427, 7.220194346106315, 5.332897755992351, 2.053048861353497, 5.911142263072277, -1.0664269357020093, 1.7346802843616638, -2.9045957480134037, 2.0784916727783687, -4.7541008926336925], Energy: -39.27398308928497
Eval count: 195, Parameters: [-1.7442288349405655, 1.5662767464038798, 3.683306592688791, -4.6855873704178785, 5.150753361662441, -2.2150580313244856, -2.0231940562560062, 2.1978020766998103, -1.3052065156957318, 4.314750222556196, -4.141287340786902, -1.338812717660625, -0.8741798557484488, -5.128107164747556, -2.0920038779391184, 5.13367308727416, 7.222773354253111, 5.323286606159003, 2.0736911507972584, 5.930208584949592, -1.0738839885323084, 1.744186555549886, -2.9265900633582898, 2.1126462391936194, -4.780998147368542], Energy: -39.382497039119016
Eval count: 196, Parameters: [-1.7489315045781693, 1.5369979391395634, 3.646474251354464, -4.667293458712545, 5.1803052914536005, -2.2039001511150165, -1.992723468923902, 2.1679113778226182, -1.3351357371899726, 4.369098937983759, -4.119794436649023, -1.3522528558510105, -0.9195752854827661, -5.142844173644618, -2.1031948154545668, 5.120307657740327, 7.202852917621928, 5.332740871160256, 2.0718385262710446, 5.902366099796419, -1.081861146066237, 1.7778553194814526, -2.912711005312448, 2.0700112295363087, -4.836616109639463], Energy: -39.44077814998985
Eval count: 197, Parameters: [-1.746375796381871, 1.5332129189807104, 3.6297580755784056, -4.65079122164414, 5.158997991997522, -2.201088366166365, -1.981067332468001, 2.1649649620301705, -1.3358418165758659, 4.367136352786672, -4.143873692614033, -1.324932460773736, -0.9422971965729158, -5.137052587887208, -2.0970024852484914, 5.120512930548043, 7.20814318871265, 5.317217105519548, 2.0770743078450127, 5.890698049191379, -1.0768133368406523, 1.7678248127780307, -2.9077889631542253, 2.0641399862059737, -4.822792816809125], Energy: -39.4535635112411
Eval count: 198, Parameters: [-1.754003267263364, 1.5691861260844049, 3.6075410340271867, -4.5774025655191215, 5.2110130303843185, -2.207628470705319, -1.9838079940374271, 2.147872013449193, -1.3283182982051898, 4.365917897663042, -4.150635253881991, -1.2931626743241378, -0.9496009005824623, -5.143471807810467, -2.1062363051529776, 5.117551981624734, 7.201598902404082, 5.345898897139324, 2.096400515431507, 5.907939448046865, -1.091181496340355, 1.7925674549561532, -2.9084621185272597, 2.1049396473552373, -4.817936375860736], Energy: -39.3138543907574
Eval count: 199, Parameters: [-1.7379341203388876, 1.5460478656439802, 3.6412743775410017, -4.668260155478086, 5.1582361242821735, -2.17522019840097, -1.955457115505865, 2.1678242719817655, -1.3346671169979352, 4.361795205792574, -4.1240186664318905, -1.3036455729390768, -0.960767965263516, -5.138863875823488, -2.0967222713346603, 5.123990291086422, 7.215654479184342, 5.317224813589517, 2.0772801967520356, 5.904819229339659, -1.0869540895613417, 1.7661504356694286, -2.908027765979291, 2.0771469223195345, -4.834370141682055], Energy: -39.43865233880172
Eval count: 200, Parameters: [-1.7387501913793937, 1.498950537874777, 3.620254884315935, -4.691684971753325, 5.20443895893626, -2.2115325961167307, -1.9682733725133346, 2.1435689081775697, -1.3577771824381308, 4.376576923419423, -4.133835149396391, -1.2706332415307304, -0.8936744674529074, -5.121022892806687, -2.065498819047902, 5.095548008913483, 7.1907734940907035, 5.292909521211391, 2.071688329898034, 5.868545470500734, -1.0740923455631777, 1.751273773300843, -2.902180423839319, 2.054191462670045, -4.810363070232779], Energy: -39.445459844930554
Eval count: 201, Parameters: [-1.7271492886678474, 1.5497545140858466, 3.632879317574749, -4.636311740844825, 5.142210873751157, -2.1870371953661665, -1.9675677017338522, 2.162112559634932, -1.3417292672288694, 4.364216134119693, -4.150851483886683, -1.3330339949320116, -0.9121882156583596, -5.150674020927694, -2.0984020064830564, 5.10331804151492, 7.195457008590051, 5.3093230878303395, 2.0850462464671438, 5.885979589342523, -1.091716538482206, 1.7655535350989386, -2.893831683163465, 2.0590908948241085, -4.8311645472135485], Energy: -39.47848364028147
Eval count: 202, Parameters: [-1.7406097947113408, 1.582916190414957, 3.602517840309065, -4.663968988284816, 5.107271428840193, -2.218338168550936, -2.0128970912523436, 2.166532293318283, -1.3258224918832482, 4.358298927143041, -4.1076887256337224, -1.3117311371875335, -0.9332586154012581, -5.177730890228534, -2.1117461738129837, 5.078946520048427, 7.164555976360903, 5.287722506693852, 2.0787204502734506, 5.854772094656582, -1.127848881733702, 1.7659740839935663, -2.8890681057603445, 2.051371048922972, -4.833660715896101], Energy: -39.32456505856845
Eval count: 203, Parameters: [-1.7251909326123573, 1.5402441177690551, 3.6364820495741617, -4.650371825871465, 5.120910558346405, -2.2098151379862343, -1.9514943083259437, 2.1551462950621105, -1.343556368827559, 4.366678980172474, -4.163573746086731, -1.3276446468795706, -0.9140418241312905, -5.15131023924983, -2.0953895489716956, 5.08955194392251, 7.17863212025562, 5.337843853334875, 2.09985098358298, 5.893237951502786, -1.0934434185630282, 1.7763964379651047, -2.9110503627302338, 2.0702020037838316, -4.83437225198987], Energy: -39.50057568997124
Eval count: 204, Parameters: [-1.6992515982670002, 1.502577441256458, 3.6316716249827534, -4.664966139574415, 5.1257196720155465, -2.2074540664709477, -1.9334553528740333, 2.1345526284368965, -1.3236301419240126, 4.363557705503425, -4.193106281759199, -1.353834355445223, -0.9176750210734128, -5.144975506131473, -2.0935223317970677, 5.115505813293615, 7.185930010105452, 5.331696543709278, 2.084040243270358, 5.913093276867281, -1.1742720784662437, 1.801449435456517, -2.907780101240291, 2.045104682984884, -4.798497627518444], Energy: -39.52670719317183
Eval count: 205, Parameters: [-1.712944941405878, 1.5098818485942398, 3.6192498436699725, -4.657278576445368, 5.104146105408354, -2.1967614234499195, -1.9320737286855132, 2.13432328641269, -1.3303150608263632, 4.36386817898744, -4.175563069600895, -1.348643594699266, -0.8999451730534508, -5.1164347923874605, -2.0762843167953404, 5.12791050580878, 7.189155593428685, 5.342952016254717, 2.0745427734477278, 5.908813601013249, -1.1768339763275988, 1.8262571633597688, -2.911134344622236, 2.0399367518348157, -4.796198747913189], Energy: -39.508375480498785
Eval count: 206, Parameters: [-1.7124865843274513, 1.4609488236056742, 3.5818526507523925, -4.691665878250942, 5.105973701517076, -2.156268644408719, -1.934609544649044, 2.1125128934956487, -1.357501638428073, 4.353220218156826, -4.220828932103427, -1.3758260654822876, -0.8982835547235503, -5.168450368890096, -2.128903257390216, 5.1149145953669555, 7.201996567227287, 5.339123784780371, 2.077237741115897, 5.912062048324464, -1.161659979660461, 1.7916431140676647, -2.9142160098840058, 2.0859004387517968, -4.802739662967375], Energy: -39.41755767043469
Eval count: 207, Parameters: [-1.6886336975596214, 1.5154809034109866, 3.623059836509413, -4.6745601671793775, 5.128378310434305, -2.1962363475382163, -1.948944394699504, 2.1331513843825096, -1.3450681949008245, 4.361050689720512, -4.1957319503963, -1.3490990573671737, -0.9242402795544256, -5.147915577295364, -2.0929278217296274, 5.124686007626282, 7.1666875303065405, 5.35143497290587, 2.0906705048436196, 5.936333280461584, -1.1657230610967835, 1.7941444267060314, -2.8985798427135827, 2.0197436768435595, -4.782490015639571], Energy: -39.49561387840072
Eval count: 208, Parameters: [-1.63373436005307, 1.4942286206496747, 3.66574960939154, -4.67057421398947, 5.124907099068706, -2.1948518103759205, -1.9230684616986893, 2.116520287107756, -1.2957759499166324, 4.361792129091574, -4.207011632027659, -1.3773425305751876, -0.9305962728082968, -5.128318102045653, -2.08124426754447, 5.135835090244434, 7.154114383865918, 5.315984004731505, 2.089271619425554, 5.869850077209897, -1.1260256187259448, 1.838233725959182, -2.916648276900169, 2.0429719428273034, -4.803357364776807], Energy: -39.47975722298963
Eval count: 209, Parameters: [-1.7011768917638193, 1.502304324278943, 3.6326258678849177, -4.6620128964901655, 5.132919901387694, -2.1846248026123827, -1.9419400836222123, 2.136733038763934, -1.3215490050484988, 4.360376701582253, -4.187873431049911, -1.3626716586068945, -0.9237939375648282, -5.138534545505213, -2.086064030364055, 5.091158645305694, 7.192831758459378, 5.3338230026031335, 2.1079833122329044, 5.9027249790349385, -1.1832096877469624, 1.7958564835814628, -2.9435672141140383, 2.033091726547765, -4.787242148435768], Energy: -39.52969889523257
Eval count: 210, Parameters: [-1.6590883677115293, 1.5099297922236607, 3.630795315591252, -4.671202397047136, 5.128322881128282, -2.204032323625216, -1.949913945015683, 2.1306475679037016, -1.3258349557349955, 4.361316640560705, -4.191737303891595, -1.3627238662634895, -0.928774738249745, -5.131737383542319, -2.0863869781349274, 5.027672111327777, 7.2702356864520805, 5.351661166302042, 2.0880789796688943, 5.915160931285439, -1.165002065687778, 1.8251933252662367, -2.9180433375757415, 2.013903888352632, -4.786165686421531], Energy: -39.4821148862772
Eval count: 211, Parameters: [-1.715943157630874, 1.4959652517767372, 3.6310469895892505, -4.664941989959437, 5.131562838438781, -2.180589332052135, -1.9438815772212752, 2.141167938612275, -1.322235825378838, 4.35975094335745, -4.188412629015385, -1.368420716793568, -0.9278885316275155, -5.1380777881151944, -2.0785792835373647, 5.076261597819304, 7.182223140057483, 5.300545214395171, 2.1230374498643148, 5.932548686678494, -1.1733546726548216, 1.8230062110677423, -2.935715825943161, 2.037517078196612, -4.78339876251445], Energy: -39.52867946701963
Eval count: 212, Parameters: [-1.6947865910558266, 1.4746961609233094, 3.6317679661835984, -4.642851112823441, 5.120779010523961, -2.1761905053978343, -1.9476652357914754, 2.1305793899937813, -1.2947219246768549, 4.376130819519595, -4.182682973746483, -1.3912057163515137, -0.9408675663960265, -5.0860970290301175, -2.0515610300009235, 5.058805585701762, 7.16559037043125, 5.345688264988367, 2.0909757117368795, 5.929537872111094, -1.1931144752994538, 1.7376214093757048, -2.915026680943013, 2.0496869804585316, -4.811879565167284], Energy: -39.47781234101717
Eval count: 213, Parameters: [-1.6829075312602877, 1.4988091051067247, 3.6201324120617175, -4.649698286886892, 5.128947753025314, -2.1912784088172343, -1.9335808014062126, 2.14387350752588, -1.3190098754558501, 4.366926110926879, -4.176388177816443, -1.3572733199633649, -0.9163248018120819, -5.131643834420099, -2.1118100648454416, 5.08838390460566, 7.184736739314522, 5.321056888029726, 2.0880614159841597, 5.922781501786655, -1.1751970183399953, 1.7910260189013294, -2.973834679440534, 2.0257303435100393, -4.785864334256949], Energy: -39.46469018234126
Eval count: 214, Parameters: [-1.7639858505589892, 1.5150163595666486, 3.6994903838379694, -4.660588835232315, 5.127996876085524, -2.1928345109361493, -1.8954065503227213, 2.1088322929325156, -1.3390968623823485, 4.365234179503533, -4.21843795860366, -1.3774296727339583, -0.9244717852223416, -5.140140299908183, -2.087877712279923, 5.08396258515704, 7.197899822459011, 5.32696477909152, 2.096634536359042, 5.896034177455412, -1.1825406785221773, 1.7833950625336314, -2.9445940135024187, 1.9877107329425, -4.784800286154854], Energy: -39.678165047538755
Eval count: 215, Parameters: [-1.7741391470074823, 1.4829947646811272, 3.7136739506998255, -4.6500795630191885, 5.109388267419383, -2.213037934401312, -1.860138581400113, 2.1099129747733536, -1.3208168565199487, 4.392036035749754, -4.190762575454565, -1.3868762200257845, -0.9033157274626347, -5.168616372461112, -2.072888965863603, 5.114969040493732, 7.232170871362863, 5.33004688183722, 2.1649288170777594, 5.9011167233727955, -1.1739262330836497, 1.762415189423595, -2.9264322355511636, 1.9545164723542883, -4.781160921293553], Energy: -39.58677843964557
Eval count: 216, Parameters: [-1.7718779473999884, 1.4895900481188409, 3.711793738279254, -4.652533016420605, 5.125771255531007, -2.17716775125772, -1.9075891502038393, 2.118190390156033, -1.3172507444305044, 4.347485004043554, -4.2225705288581965, -1.3538332503396349, -0.917741802378888, -5.14713655165293, -2.0996752820204327, 5.0776982007219615, 7.191542795803008, 5.340437055041549, 2.0920228500871807, 5.897866212243866, -1.1808406896824306, 1.7927760185027586, -2.938330697322179, 1.9701677905687316, -4.797898883680893], Energy: -39.623432738039696
Eval count: 217, Parameters: [-1.771858362521291, 1.5219539062455947, 3.7097983675092925, -4.674177682931026, 5.144898192735504, -2.1996209686690222, -1.8679853092431418, 2.2003828608321387, -1.374753649362884, 4.383926726281743, -4.265734961032944, -1.3912510544882444, -0.9295522336488204, -5.121077230231629, -2.079369474031754, 5.080911321652045, 7.193530475995817, 5.326849247890563, 2.097399708487717, 5.872779116421534, -1.2030940610489447, 1.790411697726246, -2.9393701089048347, 1.9830605949419025, -4.797370050542066], Energy: -39.67024922293035
Eval count: 218, Parameters: [-1.7731136878320253, 1.539032770050945, 3.679330190346612, -4.680330685801421, 5.13400070644198, -2.1889332883275054, -1.8861124106594525, 2.111119492948222, -1.300297256194121, 4.365856596731556, -4.237137228948778, -1.379240205923205, -0.9106527382554024, -5.137593488654629, -2.084109058756672, 5.084750840548964, 7.200308474403585, 5.329638481104841, 2.0970856041684445, 5.902087729563918, -1.1720003244330712, 1.777815924811163, -2.9474092405472425, 1.9817559009137546, -4.785617669827532], Energy: -39.66270784193489
Eval count: 219, Parameters: [-1.7552018224366228, 1.5326305352470193, 3.73913258254175, -4.670804367082998, 5.108067759015952, -2.1968738812136817, -1.9491400441033924, 2.0901998368633885, -1.3509084750088869, 4.388567845926554, -4.2638237295763695, -1.3517460517660551, -0.9027117162757707, -5.124478730325949, -2.0730123367105295, 5.110192974856444, 7.223480829723657, 5.299892532761298, 2.111532692644705, 5.919283799992404, -1.2025168185520632, 1.7720649063913991, -2.9733331325924133, 1.9979081240217116, -4.820512356519665], Energy: -39.69895662673076
Eval count: 220, Parameters: [-1.7563679658854205, 1.5308832664712457, 3.7479516297345277, -4.667179268870149, 5.101843082666615, -2.182934829882398, -1.9540698004768948, 2.0970440036510363, -1.3434397476010767, 4.425276605868434, -4.26508815492429, -1.3466064654425385, -0.9018918210567741, -5.1515916661442445, -2.055598563367383, 5.105191795358817, 7.220611150598573, 5.30586992969652, 2.090822739552333, 5.919967783404427, -1.1991924857609522, 1.7759638812795122, -2.9778397889704777, 2.006334942749486, -4.800007265826938], Energy: -39.67372535271045
Eval count: 221, Parameters: [-1.7526423768044819, 1.5300047348468708, 3.7246241980352113, -4.657579371024584, 5.11375213469742, -2.213689450450346, -1.9379939351789504, 2.090524035730377, -1.3669129316960968, 4.335399665635724, -4.271165202667071, -1.3656154390366575, -0.9099727399538179, -5.171286691593616, -1.9979213103355828, 5.118519094865467, 7.228206493327074, 5.293061604962936, 2.082261480512796, 5.931341577425276, -1.1990486763000376, 1.7672064389170223, -3.005076276778042, 1.9834105721299056, -4.854880491280682], Energy: -39.70000388803885
Eval count: 222, Parameters: [-1.7559299862381474, 1.5312535631413302, 3.7051123376067205, -4.645783600516435, 5.132384143406255, -2.208922354589405, -1.9335920639860058, 2.0730631008526634, -1.3704950631925514, 4.364447451669887, -4.2740036787284215, -1.3624259310732205, -0.9237496505393157, -5.175790819374566, -2.00140327181741, 5.117389986160256, 7.223569246073188, 5.297846701151143, 2.0871801845984788, 5.9280502926086, -1.2052101446742736, 1.7827224189795723, -3.0052151543506938, 1.9702709306013875, -4.887295926700953], Energy: -39.73025266389067
Eval count: 223, Parameters: [-1.7766315058770104, 1.5695938119375639, 3.7284020643064206, -4.590962604923524, 5.184132868688016, -2.2271258786968997, -1.911160697931937, 2.0331329218670358, -1.3823311842025967, 4.348412028794855, -4.307351757202759, -1.353193097174871, -0.9226417852998464, -5.16788710282763, -1.995861023928834, 5.11104574743354, 7.21935349832466, 5.311251982903185, 2.103222801606506, 5.9295431080789935, -1.228262109864869, 1.797720984955903, -3.002506263470717, 2.0098669859543996, -4.863758696115937], Energy: -39.673821337855145
Eval count: 224, Parameters: [-1.7603925028796001, 1.5488580675866908, 3.708096515612062, -4.625272198078516, 5.108094961629779, -2.2054458142716773, -1.9419095943687479, 2.0837214517709945, -1.3590902047632856, 4.359669670001676, -4.278918940161153, -1.3887882235287852, -0.9487778440095846, -5.184398165816488, -2.0173887975982305, 5.129027079239037, 7.231211255661753, 5.308909912914332, 2.0897890114952413, 5.937393857394596, -1.2072130482240417, 1.7907876903369813, -3.0077567595332573, 1.9744445902586318, -4.892830844497453], Energy: -39.68780280493394
Eval count: 225, Parameters: [-1.782917366412032, 1.5590716468561674, 3.7058336854264806, -4.6918618567586785, 5.1097064180035945, -2.245437341335258, -1.9475026253859187, 2.043329979460278, -1.3781297440934677, 4.3674050749652364, -4.259147965772953, -1.3586811973306394, -0.9465720256096787, -5.188545769755578, -1.9994505701412884, 5.090448472096908, 7.1941842729241365, 5.261624149967594, 2.07913167001874, 5.878193468507739, -1.2496712105150931, 1.7814550640375204, -2.9978452303766927, 1.9472257591225128, -4.895611287981393], Energy: -39.715161122187055
Eval count: 226, Parameters: [-1.7664566037092737, 1.514437072276336, 3.687991593655877, -4.6320100484101525, 5.131023869560709, -2.2275378250301077, -1.959069859474955, 2.0680895810243083, -1.3759787617075467, 4.368417078836863, -4.295472553559532, -1.385265034688525, -0.9035977862789742, -5.176548422880121, -2.0058488572096533, 5.114063755142066, 7.2185004104060155, 5.298823251930277, 2.0860120635540342, 5.914036784111283, -1.1925629185287778, 1.7829968436882981, -3.0058585742868593, 1.9629648377060707, -4.877122419985999], Energy: -39.738127052184154
Eval count: 227, Parameters: [-1.7899832541376335, 1.4867609133896764, 3.671572531510007, -4.674312082651583, 5.119813192420397, -2.1716603005979858, -1.9298956717676985, 2.0283637351567827, -1.4241826693732498, 4.362967334737063, -4.3250181383038475, -1.407351742055249, -0.898392354340302, -5.187201381615909, -2.0270170013840083, 5.113844229161307, 7.239015815100747, 5.295075349657543, 2.0782819778993424, 5.903650954558316, -1.1838850315689213, 1.771445497512047, -3.0098565779062088, 1.9964110969455915, -4.895024963425324], Energy: -39.8056729189492
Eval count: 228, Parameters: [-1.7763419909597677, 1.4827177686029314, 3.6619508228164404, -4.660218527127281, 5.100637318741021, -2.1660240205985564, -1.9187893335746027, 2.0228243138138797, -1.4206431176525676, 4.360830289277168, -4.348464949507799, -1.3859055553564998, -0.9221685349592025, -5.17805894839102, -2.018756826630694, 5.118717984195751, 7.237964390907161, 5.278471555476486, 2.0837935032439847, 5.8852659650409285, -1.1683381979605076, 1.7687424476444693, -3.006764719995515, 1.9899428541113509, -4.882948166292108], Energy: -39.8284459867092
Eval count: 229, Parameters: [-1.7314674201108926, 1.4815020381425539, 3.713439586331168, -4.684644937991388, 5.120470901470971, -2.1543721971504306, -1.9119838053299962, 1.9966433988368963, -1.411101562942173, 4.363907728442556, -4.350331826272828, -1.432351276921395, -0.92076925759589, -5.15965746554271, -2.006317452295659, 5.139354314909421, 7.207288689542213, 5.272486596360588, 2.08268371437394, 5.849410383205892, -1.1249023424208606, 1.8058999300797431, -3.015717641128278, 1.9834331368280478, -4.899234176181268], Energy: -39.93038924033385
Eval count: 230, Parameters: [-1.7427563004782056, 1.463412285881471, 3.714064937952114, -4.7047712352523146, 5.115668148598607, -2.1807378604255505, -1.9089114884267893, 1.9933228058010388, -1.4085632047501093, 4.367687841253903, -4.355222918647506, -1.42294415650359, -0.9421297097902074, -5.151097483346389, -2.0031348561975526, 5.14045985250643, 7.2031144165108465, 5.299065087711077, 2.088473615810096, 5.857971837900478, -1.1163082049456385, 1.8155202755068958, -3.0378610735444274, 1.9950968984879187, -4.896080912680832], Energy: -39.877407749686824
Eval count: 231, Parameters: [-1.766613173548043, 1.4710124221131309, 3.717604377036022, -4.6922497205647185, 5.17769595360027, -2.1409951914656484, -1.9400849840951582, 1.994655896398198, -1.4110886187953076, 4.367745628726229, -4.335922680110458, -1.4394631142075658, -0.9615959317548404, -5.134545186073502, -2.0034229721404855, 5.182522297587926, 7.2498772369572055, 5.235005897640601, 2.049378617671433, 5.8358702085305865, -1.1050145238602798, 1.7931436346584742, -3.008687762149261, 1.968079478394386, -4.886565115462407], Energy: -39.89534696970412
Eval count: 232, Parameters: [-1.7446012649639338, 1.5039411066555954, 3.7160757375169906, -4.6819949699496854, 5.121062774993753, -2.1574502081140317, -1.9186328440753164, 2.0072446165185567, -1.425246121750133, 4.362032549170604, -4.338256409146499, -1.414714445663092, -0.915610931161138, -5.1737902159271325, -2.0146000601670786, 5.134269850088076, 7.209922871725934, 5.27227501762008, 2.0934268171071095, 5.834406083244094, -1.0866273879651798, 1.8066683049204135, -3.023435831451756, 1.9917552082953247, -4.9104892717051545], Energy: -39.92291199364149
Eval count: 233, Parameters: [-1.7405395194432507, 1.4784253741505191, 3.726275700268064, -4.665388265541038, 5.10898423735122, -2.1435207892139947, -1.9137372847089515, 1.9866723032672162, -1.4094387481960817, 4.381525900413172, -4.343355180386572, -1.4552109825658177, -0.9311949106604572, -5.1126041171997905, -1.9718073567775907, 5.0977073474247065, 7.179371557218024, 5.278075351929048, 2.0742554495791046, 5.855350345169042, -1.098857181623174, 1.742311546586727, -2.986700580382264, 2.000641729826469, -4.940900003869038], Energy: -39.946728084277765
Eval count: 234, Parameters: [-1.727370402534885, 1.4836932468055462, 3.7294829680334787, -4.6742387946285495, 5.107980470030811, -2.149792811822423, -1.9208245093847252, 1.9812224953429605, -1.4130233895986304, 4.379561565155848, -4.349091263597776, -1.4569453268788868, -0.936083314926348, -5.111554248622205, -1.962455531517576, 5.069552996905443, 7.21794702273331, 5.291673592966716, 2.072076524362632, 5.854530756098863, -1.0930228786731444, 1.7579502744899915, -2.963640648899261, 1.9936074433222541, -4.940463971586191], Energy: -39.95366273384417
Eval count: 235, Parameters: [-1.6882623329529833, 1.48921080283202, 3.7340953245485187, -4.662221605295848, 5.103926519089477, -2.160958070173485, -1.8797641841018042, 1.9626680606176805, -1.437073436060873, 4.397711658275255, -4.353206742556739, -1.4677271240549776, -0.9165876080502212, -5.091659205913559, -2.002883375700943, 5.038010895813627, 7.228340224181156, 5.2514728591132265, 2.02804034559177, 5.871253943084716, -1.0728585262325168, 1.7545484413324266, -3.003771284549581, 1.9586567630786091, -4.949883618424512], Energy: -39.987528926636344
Eval count: 236, Parameters: [-1.671073900360766, 1.4894719009173467, 3.7404221231971446, -4.673716473647556, 5.123860913110632, -2.164471849542947, -1.88882084930573, 1.9621539666489067, -1.4422026827960335, 4.396170957092726, -4.36965251980348, -1.469793668536863, -0.9351949769258805, -5.117738249002187, -2.017430799606229, 5.031987496897301, 7.215788839516949, 5.251801693469005, 2.0395891021144075, 5.8867435966267125, -1.0663097990133537, 1.7294682669283707, -2.996209257479004, 1.9502283677037642, -4.943734084709132], Energy: -39.94723889574698
Eval count: 237, Parameters: [-1.6899392519971368, 1.523879434053675, 3.7208146673530282, -4.67257554661323, 5.08597159982549, -2.1265038630435713, -1.8869230528158492, 1.9437630443498684, -1.4952661504409326, 4.397719904492669, -4.3501691581883275, -1.4653703898903783, -0.9022890152930965, -5.060409137919584, -1.980016947820115, 5.063927817320652, 7.199758672748292, 5.283023170965566, 2.0261190245131986, 5.892175874084076, -1.0615038066110336, 1.7682804271170272, -2.9907056712032603, 1.9019626567917203, -4.927846185769904], Energy: -40.00573736367295
Eval count: 238, Parameters: [-1.6896326717280425, 1.5237482737578663, 3.72049358563021, -4.669472946268209, 5.093341247374697, -2.103818625984059, -1.8962192039911583, 1.9462295626170727, -1.4927861960049764, 4.394486733032667, -4.344287339648077, -1.4735178480315096, -0.9081189832609036, -5.053980129968846, -1.9730149161907444, 5.040734205058714, 7.207212594570751, 5.287397369428285, 2.049280416577016, 5.88007771624029, -1.0710585402783743, 1.7612340261933823, -3.0268814686841017, 1.8906305238471552, -4.916912648973481], Energy: -40.00113557437737
Eval count: 239, Parameters: [-1.6333271308352528, 1.5348233543569998, 3.7008049481455454, -4.6707983298970595, 5.088927964891574, -2.1267446541552095, -1.8879829588931705, 1.931941272329218, -1.5027799853529464, 4.401283617614175, -4.344224781177538, -1.4579486252231135, -0.884089560260322, -5.051829000554689, -1.9879764525094432, 5.096800414178993, 7.215652737780783, 5.3313096404334965, 1.9971777298812505, 5.826820397705307, -1.078899346914867, 1.729024704288138, -2.9974116214372666, 1.9117980169949098, -4.946826097226253], Energy: -39.92907941231641
Eval count: 240, Parameters: [-1.674822338389296, 1.531672351260889, 3.699386104281366, -4.677612968956083, 5.093922765838119, -2.1159133120880105, -1.911746834339375, 1.9509105447354753, -1.4983153196475045, 4.38618670805942, -4.353733718801949, -1.4596507990580387, -0.9111796311239219, -5.049035438666, -1.983575602892982, 5.050267897038953, 7.182985215884273, 5.2756668214688895, 2.0061716741369247, 5.898769871330044, -1.0626507269465004, 1.7855667606718475, -2.9955761993252437, 1.9263045867209174, -4.928910448917771], Energy: -39.9697412517142
Eval count: 241, Parameters: [-1.667506173430198, 1.5012087852118132, 3.7032781664735945, -4.675253427061315, 5.0743350006857195, -2.1142895620030546, -1.8600541174657266, 1.928647794777264, -1.5115315612244231, 4.421083045200161, -4.3322304706996215, -1.4934805360827248, -0.8695705195589974, -5.054504203790696, -1.9480729052767842, 5.07180834936142, 7.208543532861339, 5.2227750969750515, 2.0843820028573385, 5.890582858070445, -1.0483896943572595, 1.7967684325760385, -2.967042587958959, 1.9032732661792822, -4.945123250692725], Energy: -39.98463694671318
Eval count: 242, Parameters: [-1.6866105056548257, 1.518630016667796, 3.7165970081092876, -4.665279237697972, 5.0774541614428035, -2.1220271992900543, -1.9013550942786202, 1.899157611614091, -1.4760701952188153, 4.387206348502606, -4.3270748162609625, -1.4568475702537536, -0.8992952166560536, -5.070336845195394, -1.9850683512623675, 5.064988717717443, 7.201464782266101, 5.284043886356785, 2.0254107788820805, 5.9038072966362565, -1.0512178969347392, 1.7654814279670519, -2.992841090190822, 1.9030075734878567, -4.92256688027452], Energy: -39.961147071028165
Eval count: 243, Parameters: [-1.7124710406784185, 1.4826982280665957, 3.764187432454447, -4.663488110778642, 5.083975103263201, -2.086257961979018, -1.8790695606351544, 1.9573509641681768, -1.4858541741409637, 4.372676825849696, -4.384072108463359, -1.4395534969240051, -0.8762169672859303, -5.055375279267934, -1.9921936679785266, 5.046419500490333, 7.18487661022503, 5.28312702347205, 2.0126420065887016, 5.869533852973499, -1.0624841797551496, 1.7963744969757771, -2.973791824649218, 1.856098419074721, -4.970277669301098], Energy: -40.00470167412783
Eval count: 244, Parameters: [-1.691399061602257, 1.5447364556727727, 3.726047684698646, -4.687938924872657, 5.081019053277563, -2.125999059326227, -1.904150521831137, 1.93726348080171, -1.478395466633116, 4.4078189597310855, -4.379641390405365, -1.4556568234901566, -0.885430789683773, -5.0524341004216735, -1.9716878867004024, 5.07533038153411, 7.211800593094444, 5.273214520717386, 2.0325972628094355, 5.9052921710221, -1.0639264246006903, 1.7604109361688765, -3.0042956104106255, 1.90287664056888, -4.943226747060849], Energy: -40.008705981487765
Eval count: 245, Parameters: [-1.713473933620856, 1.5772663361199288, 3.676023187629739, -4.716434834337531, 5.102033257722918, -2.1135287473071207, -1.8490700252307548, 1.9441506159683666, -1.4164351020372092, 4.397823508613331, -4.3908960007105104, -1.4793954034331522, -0.8700279500917577, -5.051823313503642, -1.9706008274040805, 5.060186135166986, 7.200768942295603, 5.283935884945174, 2.0233387684053215, 5.8946409258040084, -1.0352617291370552, 1.7604327850985697, -2.9914432336885066, 1.8835650404876745, -4.9293088660281885], Energy: -39.9776098129841
Eval count: 246, Parameters: [-1.6862736870801622, 1.5320066397799756, 3.7242841406592007, -4.700761046073777, 5.062131225073118, -2.1098947841899904, -1.9141942377334054, 1.953196695137858, -1.4696010649441846, 4.441708522433382, -4.370842341749187, -1.4544539960659424, -0.8861163819948626, -5.075768935134819, -1.9599850844378808, 5.07346385490142, 7.210636024294016, 5.273952245350821, 2.0123788353691348, 5.905224750384547, -1.054914016532279, 1.7598409240774093, -3.0087220848037877, 1.8963590174892646, -4.937300129990832], Energy: -39.974020621454315
Eval count: 247, Parameters: [-1.7113100083069224, 1.5748025689725538, 3.769523103880744, -4.647448926956214, 5.10806860125598, -2.1155900044232507, -1.8750959653411812, 1.9039010403443908, -1.4973782553153128, 4.440504472794905, -4.415698157994968, -1.455965702658362, -0.8723902520933434, -5.067363593508012, -1.9411082466681682, 5.060921645909435, 7.204269433707239, 5.271445065193305, 2.0156637409981815, 5.89147380935025, -1.076350777262005, 1.779997591278018, -3.0039956371007586, 1.9372022684635088, -4.9047643291888825], Energy: -40.03695143420521
Eval count: 248, Parameters: [-1.7104569801878626, 1.5739954401494787, 3.7623604400010957, -4.6414958816578356, 5.11038890401106, -2.124556505009297, -1.8697924165212831, 1.9037091251634326, -1.505430801918534, 4.413864123605013, -4.419150904819458, -1.4629689992625585, -0.876440073624243, -5.090976787356215, -1.9036132969516404, 5.064723319947107, 7.2062273208604894, 5.267507193629938, 2.0009074425994418, 5.896783350695837, -1.0752927942910244, 1.7775364820399155, -3.019756377468685, 1.9296630932887513, -4.921988105748176], Energy: -40.028109766864816
Eval count: 249, Parameters: [-1.7392150484072622, 1.6075969356824102, 3.7801111639541376, -4.690698549790295, 5.074652699385968, -2.1468490136412237, -1.8846170750575115, 1.8760541433871314, -1.508128455683886, 4.4399719504476, -4.405639363572532, -1.4652669498946256, -0.8947585864025223, -5.073979249576437, -1.9449399035786648, 5.036783133183777, 7.178304569759029, 5.231436769891573, 2.008075356119935, 5.83963719755192, -1.118563731956446, 1.7804795193482066, -2.994593494796415, 1.9158225582374941, -4.9107840089161], Energy: -40.00590495206205
Eval count: 250, Parameters: [-1.7165770792811785, 1.5860357822872924, 3.7553645816671875, -4.625939456014491, 5.109146941894534, -2.1096902306030967, -1.8763379171422365, 1.8958662205775043, -1.4936770882944608, 4.461388112450789, -4.420862193787833, -1.468666659559767, -0.8981343130675393, -5.076026698132955, -1.9532205846878257, 5.066755302815116, 7.204927681663068, 5.2817621663747305, 2.0211834351124143, 5.894215637355399, -1.0825309406618138, 1.797314077416841, -3.0055836723481346, 1.9289235011661836, -4.934375179298174], Energy: -40.032013643681694
Eval count: 251, Parameters: [-1.7130280181072026, 1.5999038633468292, 3.811867684627774, -4.624877446195951, 5.048790297402318, -2.097934004255482, -1.8677343911583137, 1.930044465119574, -1.4976060734812326, 4.4041305222417835, -4.434660773349377, -1.5195002043470631, -0.8804508954642553, -5.055724809160301, -1.9614888673579052, 5.082010769060121, 7.226152835488916, 5.267550526801532, 2.013975250086521, 5.899558862342226, -1.063199420264925, 1.782263485319863, -3.003317560831153, 1.9533692237891076, -4.886216103417966], Energy: -39.892952067058445
Eval count: 252, Parameters: [-1.7261167999929548, 1.5573859179979024, 3.7529425611608103, -4.6344078463134775, 5.113144970262435, -2.1337640168006686, -1.9036143649129806, 1.8998030877789414, -1.5020804435026203, 4.444927344729977, -4.434389051057465, -1.4779480283856403, -0.8577454719897226, -5.065264421357092, -1.9449555601575308, 5.062255791118327, 7.2042002385221435, 5.268944741175076, 2.01097339509765, 5.877292810964766, -1.0625089727060304, 1.7786764546943616, -3.004091348780396, 1.9282162836576766, -4.8929587562335985], Energy: -40.087379909605886
Eval count: 253, Parameters: [-1.7608240967366329, 1.5494788011119782, 3.7642024571241537, -4.641905897338798, 5.175421296415299, -2.1190908261965715, -1.9117993336157315, 1.89758221709592, -1.509984386252124, 4.45545042109216, -4.416657102462875, -1.473962131305527, -0.8945336250299252, -5.02855072506403, -1.9365020968730648, 5.100880700448851, 7.247871815841601, 5.22880121143882, 1.9808813306559327, 5.868818480605751, -1.0483231152890204, 1.769419479759722, -2.9963867876983934, 1.908872824617282, -4.887992422043653], Energy: -40.08828667313645
Eval count: 254, Parameters: [-1.7429373145956208, 1.5538630636655397, 3.7608146587387195, -4.618395699701953, 5.162656032730815, -2.130037512847051, -1.9107461299753552, 1.9040942215267613, -1.4935749115004204, 4.455201962674, -4.427838194671934, -1.4500066641053542, -0.9157019933358542, -5.017992674928573, -1.9237361611816577, 5.104982983852225, 7.241265249405318, 5.216082384409131, 1.9876118791237538, 5.856478377876641, -1.0378587456737651, 1.7704073595960363, -2.992705683426246, 1.8941604261491995, -4.872974911982529], Energy: -40.09415489432695
Eval count: 255, Parameters: [-1.7357373945889707, 1.5766428662542242, 3.7910726781936748, -4.5906055618295705, 5.203624127919821, -2.1817913263542246, -1.935481866170651, 1.9345734775071952, -1.4715429839456662, 4.472721598160332, -4.387408237670994, -1.4637195190922303, -0.8744208276943758, -5.002186069081745, -1.9094150631719171, 5.096885544424054, 7.221948432207297, 5.225125739076648, 1.988853452602005, 5.873724397786567, -1.0547647985892772, 1.7905459539793904, -2.9885501181013905, 1.8603698192625195, -4.877951416666351], Energy: -39.92141255540878
Eval count: 256, Parameters: [-1.7512799533518093, 1.5668428474929046, 3.7418285765688806, -4.595640654078671, 5.158839337437706, -2.115956451903784, -1.9153283649880424, 1.9158299614107535, -1.498772799748334, 4.451472320318692, -4.4237744957553025, -1.4397932705091834, -0.901396858603563, -5.030557814830266, -1.9304248507784787, 5.096780789094336, 7.255212419934948, 5.1998118739596135, 1.9839975881189242, 5.863462218534439, -1.0594679950461985, 1.7503488688205595, -2.974127581525266, 1.8884194656908375, -4.869292883901629], Energy: -40.08630834346553
Eval count: 257, Parameters: [-1.7929164062021334, 1.5111515610948836, 3.722613148593339, -4.62031755284796, 5.147559145127933, -2.16248563592508, -1.8804144050838574, 1.8939456728670179, -1.5321303497659817, 4.474555651305355, -4.466438262986867, -1.409917480584552, -0.9233984709725644, -4.990124054485497, -1.9212279541643567, 5.086558231910255, 7.258674988945191, 5.233316508037675, 1.9989524965245036, 5.869651999821455, -1.0397635293692873, 1.7639003777455275, -3.011680161324821, 1.9005434454648351, -4.866111844722325], Energy: -40.059234929658714
Eval count: 258, Parameters: [-1.72748463405328, 1.5317404079966475, 3.759175995241866, -4.623219694797636, 5.165581953143436, -2.1275247367684202, -1.906237008024881, 1.8938321623122338, -1.4802232246208902, 4.456474061653206, -4.4425355611564274, -1.467496539220374, -0.9241511962432496, -5.008994894276214, -1.9177279648004555, 5.10954918756039, 7.2365629655119506, 5.216820041178441, 1.9795754107283658, 5.8736754970970395, -1.0748450021379834, 1.7657432943424807, -2.983448713291368, 1.8848568173201334, -4.860504103619672], Energy: -40.12448370517785
Eval count: 259, Parameters: [-1.7007046807556645, 1.5266611468402547, 3.7699817968853875, -4.642813537034774, 5.211246996233572, -2.1253143039310545, -1.9140681122508654, 1.8841882107398782, -1.5108579180834358, 4.458511837289302, -4.492394331954012, -1.4695412447761622, -0.9483774854049458, -5.05411273360841, -1.941182821885287, 5.1001708213257375, 7.212918041287959, 5.207350474192406, 2.013262434890639, 5.884381016560039, -1.048541919288737, 1.7227946325326529, -2.9608426851052916, 1.8642210216302815, -4.852017734987745], Energy: -40.0907257557339
Eval count: 260, Parameters: [-1.7272497539587601, 1.5308487068278018, 3.763606607605959, -4.613708275353521, 5.160485692156769, -2.122301129371, -1.9078273809446415, 1.8883344163640468, -1.47917218652976, 4.465127801248651, -4.438493217871661, -1.4778402786534686, -0.9279973795151016, -4.985755847733726, -1.9011143655000196, 5.0925695561622035, 7.224417814857841, 5.224489200760848, 1.97352668790752, 5.869916505849148, -1.06421035538767, 1.7307899533235243, -2.9694366745406042, 1.895306829796442, -4.882716464418603], Energy: -40.1177234748788
Eval count: 261, Parameters: [-1.6779002568245887, 1.5267576722971834, 3.736346575166003, -4.622721330442328, 5.177756260990997, -2.122756838562764, -1.8958070116174714, 1.8763491561134498, -1.4956579389664524, 4.460545484024836, -4.457901852808528, -1.4592893844856356, -0.8965967500530699, -5.003772951087535, -1.9256843538522233, 5.152025574113901, 7.259282160756667, 5.248720267058235, 1.963228194193077, 5.79599780624125, -1.0986799549328519, 1.7489086440009867, -2.987988689138447, 1.8899541308977228, -4.869961767285286], Energy: -40.1567558535009
Eval count: 262, Parameters: [-1.6620556582397337, 1.5281220024523314, 3.735434288876231, -4.631928597025037, 5.175895521596806, -2.126153583209062, -1.9008670332151894, 1.8700444239184177, -1.5003456037854075, 4.46110862588241, -4.460664251106207, -1.4647273935090641, -0.8974351247392699, -5.002039426327355, -1.9114050741978619, 5.126106815259244, 7.296189872848535, 5.252460727620823, 1.9702204013638607, 5.794595357486457, -1.0919521302155195, 1.7689434780406181, -2.962340856829379, 1.8865190263170561, -4.872241695161881], Energy: -40.14220829837302
Eval count: 263, Parameters: [-1.6666789916946136, 1.4966645899406144, 3.710681959208221, -4.619695144722009, 5.1756962927971575, -2.100113743553416, -1.872792171987687, 1.8666717892652156, -1.5095285252060435, 4.479336800707967, -4.4492162962766795, -1.4820316876907234, -0.865034412514248, -4.9939259097294855, -1.900389826138299, 5.175624614405417, 7.2366253313781295, 5.179702018895428, 2.0166016968177685, 5.787388609649746, -1.09472037989571, 1.772344483968448, -2.980326330569884, 1.9071361066509938, -4.885414669653268], Energy: -40.15975564199181
Eval count: 264, Parameters: [-1.6768152208353801, 1.5108182101018548, 3.7036455567792563, -4.627202360162719, 5.16865330485506, -2.082051288173921, -1.8858444795876934, 1.8626853402990824, -1.5297360778232043, 4.47498370821165, -4.44687225927715, -1.4783914287339253, -0.8633304790721149, -4.984749724225877, -1.8804765863585053, 5.194766822846506, 7.221370091408193, 5.2034377258407405, 2.026314415844904, 5.792715100145341, -1.0944912626189602, 1.7792918095803947, -2.96486007795834, 1.8902142220825482, -4.873314792455897], Energy: -40.15012777827474
Eval count: 265, Parameters: [-1.7044064992521406, 1.4705181779869183, 3.714066561232009, -4.623597928991632, 5.191268075820684, -2.104389081587604, -1.9008807825288323, 1.888378186404189, -1.4647878852827938, 4.4641680148997915, -4.457452477472655, -1.4729486994642973, -0.8865633206584849, -5.023173925354032, -1.8760374691684685, 5.193443009147493, 7.240714205915707, 5.1994927662556965, 2.0548674599705166, 5.756348144421616, -1.1194454270125709, 1.7691896997028107, -2.950203065943811, 1.961850614275173, -4.885915281320347], Energy: -40.13925832321263
Eval count: 266, Parameters: [-1.6688382325759505, 1.470510469872574, 3.740307403162287, -4.607882744608915, 5.16910711910269, -2.084544035758289, -1.8878276848277724, 1.8665858431837798, -1.520126542869999, 4.469144174216263, -4.458624723102601, -1.4633374896827605, -0.8584177564407443, -4.991922898220318, -1.906644789202572, 5.170856428166763, 7.23202878016706, 5.176408491210761, 2.0117719982072204, 5.782190212640455, -1.1018763864801806, 1.7854725486909668, -2.977546954441107, 1.8946591313338148, -4.906752713683275], Energy: -40.14869832379998
Eval count: 267, Parameters: [-1.696955420265725, 1.4982217695843716, 3.685502798082442, -4.6361614123988595, 5.196700048018089, -2.0653051897982277, -1.8255044378008922, 1.8660678190936468, -1.4521461637812358, 4.45520394623886, -4.4817332805127785, -1.486216613813816, -0.8386357294608839, -4.988364385695021, -1.907946145385117, 5.153746650484511, 7.2179933598537795, 5.186281296576173, 1.997486575213505, 5.763389301254326, -1.0712353972730955, 1.7881774430383284, -2.9629092927648957, 1.872054096074041, -4.890875015496472], Energy: -40.17782679351052
Eval count: 268, Parameters: [-1.7066270529724903, 1.4888607239293465, 3.6995271948433546, -4.627658704637562, 5.185163109530589, -2.070733793109134, -1.8152542192252807, 1.8324880796228729, -1.4377159385405456, 4.457574042004282, -4.464453313412838, -1.4853135695925437, -0.829837393160457, -5.003450251367781, -1.9083501045447324, 5.165041881726642, 7.232116525746955, 5.19264645079381, 2.0125628199747516, 5.7655645887661695, -1.0638820325461396, 1.7729687232368212, -2.960460845645223, 1.8537698850706819, -4.886730790596809], Energy: -40.17274070563616
Eval count: 269, Parameters: [-1.680573571973861, 1.491089482000426, 3.643640886141048, -4.627407795812577, 5.207349346365541, -2.046107749828212, -1.8673036063169863, 1.7897628818052653, -1.433092997948124, 4.42916367864732, -4.476532596646843, -1.467973006508776, -0.8436597936780701, -4.982457251986144, -1.921516839921434, 5.145667932747444, 7.201266975547697, 5.17405752212334, 1.9669055389732848, 5.7732416034437355, -1.0606958417439851, 1.802036822500585, -2.9732325963096513, 1.9101679076531504, -4.8711078990685825], Energy: -39.995166536483
Eval count: 270, Parameters: [-1.6971348881094448, 1.4987983147796509, 3.6867297180203717, -4.638867177511421, 5.187360565285315, -2.0873920912261137, -1.8162406956557968, 1.8646949470592429, -1.4544634240549414, 4.457288415333142, -4.4878732681347895, -1.479965003000756, -0.8331694702167387, -4.9945002289909475, -1.9156263582779676, 5.177612366824977, 7.211260583116302, 5.1818541059465995, 1.974326214868158, 5.775828502902977, -1.061162198804887, 1.7951531272196268, -2.926854148611896, 1.8835630068768485, -4.9015095030569364], Energy: -40.17851376563857
Eval count: 271, Parameters: [-1.7060743982908564, 1.5030779280165287, 3.7125939179123724, -4.6225492951104075, 5.140465444139929, -2.071225251256285, -1.795072774545341, 1.8932868398836689, -1.461532155619686, 4.430881538286862, -4.5308372687097105, -1.5479419342616916, -0.8425153441525309, -4.9764291274353045, -1.9361780290470225, 5.20869989505745, 7.240307910679403, 5.176725021766498, 1.9758362677686399, 5.762684496106971, -1.05225736947769, 1.7853036903280166, -2.932734926281069, 1.8892563923819758, -4.877839610238058], Energy: -40.25153782894364
Eval count: 272, Parameters: [-1.7029201471693878, 1.4725469862778353, 3.710628137581705, -4.645298443592206, 5.103415294288393, -2.038128474675436, -1.8021583422951921, 1.9264508167504508, -1.4502939279551497, 4.50257183599686, -4.534949661410424, -1.5571171070014074, -0.8438031735616018, -5.018258202567242, -1.9142212576688562, 5.213944319085945, 7.244158322728328, 5.175832661549719, 1.9344436365029851, 5.7496114076484375, -1.0360576317568457, 1.7794396525152876, -2.942561473389154, 1.8768546930176833, -4.856195343309653], Energy: -40.18062375369658
Eval count: 273, Parameters: [-1.7098999371414296, 1.5263670459875942, 3.7184616996847555, -4.641702955876904, 5.132487224803838, -2.0735807269219575, -1.8129978027504103, 1.8845737509087614, -1.4458188218001724, 4.44056525628439, -4.558756043858201, -1.5392276006334131, -0.8279997048822832, -4.969140227338933, -1.9284177572032661, 5.217838095831917, 7.249875686780723, 5.16351345748939, 1.9815900823098251, 5.771038013456485, -1.0583416651092423, 1.7775078712124759, -2.9452885320306845, 1.8880700547936715, -4.893717372353153], Energy: -40.26613561544326
Eval count: 274, Parameters: [-1.7390561982786665, 1.5479954022735114, 3.7253921951350653, -4.679048292132283, 5.10116327712111, -2.1052641549878963, -1.8116422313198357, 1.8612638497057215, -1.4643774595745354, 4.434869728038723, -4.547393994974065, -1.5570216872449358, -0.8562411022381252, -4.97476251562914, -1.9370773014794913, 5.1954039727698715, 7.223738118535254, 5.1266114452782325, 1.9730130703271853, 5.710876474176053, -1.0993119093271035, 1.7774069372934207, -2.9320804058416288, 1.865445623116156, -4.892554255899358], Energy: -40.35196329225414
Eval count: 275, Parameters: [-1.7303837981960528, 1.531115823816309, 3.7016189900436367, -4.700961487314559, 5.085505867605765, -2.1065857998413793, -1.8246046802679166, 1.8753102211475652, -1.4568175896306386, 4.41768804086786, -4.5328018366028635, -1.5560361924012984, -0.8659704079478673, -4.968065786394118, -1.9532267553028977, 5.203555829550266, 7.229382333802092, 5.126272115553359, 1.9808816840401562, 5.716014264046314, -1.091518862515904, 1.7661024319350118, -2.9324043609446044, 1.8507594037604953, -4.9107452942639425], Energy: -40.30764915500259
Eval count: 276, Parameters: [-1.7477769173069537, 1.5681593365577722, 3.756045101535146, -4.661064100977025, 5.125078054815969, -2.167329590957338, -1.8003704290012479, 1.8920689318599455, -1.4582093496519442, 4.445818882516074, -4.558844905527707, -1.6020389328545428, -0.8189582031887154, -4.945526659697755, -1.935653996476471, 5.203804869091433, 7.210771724505263, 5.125979296913266, 1.9832218551206857, 5.688110980883311, -1.1370507473759341, 1.7826120044732074, -2.929808943657267, 1.8271360046956073, -4.886966548693302], Energy: -40.30968313464547
Eval count: 277, Parameters: [-1.7361166516962774, 1.5499325121521692, 3.7380595520290893, -4.691263604982654, 5.0977724920945295, -2.09431798779694, -1.811178686590108, 1.8637227199299515, -1.4564252892296203, 4.45581462691759, -4.539594044115846, -1.543768807369463, -0.8502559818639654, -4.9507636328106, -1.970240320631937, 5.190394928992215, 7.221739855118833, 5.128943536626652, 1.9870862179076514, 5.70790064469082, -1.1017679342015556, 1.776782322250147, -2.91656775523364, 1.8759507881069144, -4.872609534251472], Energy: -40.36416896789672
Eval count: 278, Parameters: [-1.7175156570886971, 1.5580063604650713, 3.7810611867581696, -4.7368561678063745, 5.090016201139549, -2.086458335581298, -1.7540947461990946, 1.8790010201017007, -1.4663583340168138, 4.408295929726968, -4.529582037110265, -1.5117682085662054, -0.8372677194369824, -4.94594988462649, -1.9321295597127202, 5.189530337077317, 7.225653127215837, 5.109877298767333, 1.9792805759518384, 5.708978381589956, -1.1193282949704781, 1.7484111535533857, -2.9218699110543014, 1.8946134665840522, -4.84780189842682], Energy: -40.33229147603919
Eval count: 279, Parameters: [-1.7534045567921042, 1.546210896863681, 3.743713380607781, -4.694945920711417, 5.128900198600585, -2.086778860943777, -1.8150505819587581, 1.862579227923601, -1.4603112291398437, 4.4612148242465, -4.530610870968524, -1.54169837371627, -0.8689942069435476, -4.932481827703013, -1.966078290059749, 5.209758090009839, 7.24359724698263, 5.108962427515434, 1.9721130750484686, 5.703799120665467, -1.0948339972659937, 1.7723032477495866, -2.912724944163378, 1.866277925633845, -4.870463980962622], Energy: -40.373357440724476
Eval count: 280, Parameters: [-1.7513516630649972, 1.5879692565159385, 3.7527156778999142, -4.684001361911886, 5.123238745238254, -2.056508494353677, -1.7594693593763167, 1.8551673133078466, -1.456513837622715, 4.487432379742106, -4.535843819762785, -1.5425780168030856, -0.9286981698101162, -4.93765055061145, -1.9828695260080498, 5.225205596290526, 7.24962586404571, 5.119791660900444, 1.9881582967633193, 5.70738826756251, -1.1329884462449011, 1.7934588208283024, -2.913816553171383, 1.8657305895937506, -4.919587269178006], Energy: -40.329444647801665
Eval count: 281, Parameters: [-1.7798378264117527, 1.5316362655028235, 3.726125869446121, -4.6892543880810615, 5.1083937556246815, -2.098847209374684, -1.8013735089718796, 1.8617536521132632, -1.4634925142161785, 4.467514794041315, -4.528366440034682, -1.5274788372334547, -0.8637468733048722, -4.907167219034755, -1.9572203406374538, 5.206366307404313, 7.257736315273618, 5.11829164833358, 1.9644717366269175, 5.705905239738276, -1.106301881512743, 1.7839039595649038, -2.926524290689275, 1.875099536883961, -4.870338249363487], Energy: -40.34721106626051
Eval count: 282, Parameters: [-1.7717578097781659, 1.520857784252579, 3.7314749340671565, -4.710140348347358, 5.1514663037870605, -2.106268162444585, -1.7938302381888616, 1.850102312197431, -1.5124038235904786, 4.4747048558354665, -4.60306221676155, -1.5274293181306065, -0.8879349529234176, -4.946339711843866, -1.9865956878057285, 5.195106166198312, 7.239573903448099, 5.108274868897255, 2.0054441767629516, 5.706123231657662, -1.0808675123907026, 1.7330574583736054, -2.906817495710189, 1.855876666374261, -4.855516459286478], Energy: -40.345009295667296
Eval count: 283, Parameters: [-1.7440770007626925, 1.557495600081516, 3.729629435752564, -4.662490350268579, 5.116391705018299, -2.0871118771285673, -1.8169515011000388, 1.874822793647497, -1.4502833060779485, 4.458782137581375, -4.537131092916917, -1.5163975340505371, -0.8773787194561355, -4.931552139248056, -1.9598610294964716, 5.208130898670069, 7.246659684539672, 5.08903241729905, 1.9753383805380593, 5.698099643038568, -1.0993959297106857, 1.7610811449561175, -2.8986504580930887, 1.8510576734448616, -4.8562325036786875], Energy: -40.37715220748913
Eval count: 284, Parameters: [-1.779049287874718, 1.5751043303873709, 3.705837703442256, -4.6540304895086315, 5.125071199062804, -2.051253353923429, -1.8231350176103254, 1.8860281603762064, -1.4781028552050142, 4.4526362254164615, -4.520982048340587, -1.5335930594795597, -0.8284082058192533, -4.963352828018426, -1.9869640789421728, 5.192418786108043, 7.276914105584567, 5.07622862702008, 1.961412062195978, 5.71888376015997, -1.1489564144085553, 1.7271044713407318, -2.8724224533419997, 1.859186729332291, -4.86625446994331], Energy: -40.34239118113794
Eval count: 285, Parameters: [-1.7476681235268292, 1.563178923886662, 3.7256614549041887, -4.670724441224685, 5.120729336089312, -2.092757041317364, -1.8163802218518579, 1.882421455777027, -1.4542139476164102, 4.450058922898952, -4.53787906731931, -1.5024964776909082, -0.8717864635160472, -4.956192092810054, -1.977383823151308, 5.223710401711224, 7.259536948536528, 5.081386471845739, 1.9829906249274523, 5.6980272089417054, -1.101729156215185, 1.7962119641799337, -2.9143408056482336, 1.8428820513897557, -4.837265327192151], Energy: -40.36115700828367
Eval count: 286, Parameters: [-1.7743832513985127, 1.6072991509904093, 3.7440537570899193, -4.647731507458648, 5.106156305406657, -2.0897443520289225, -1.8187040919191164, 1.8928304057747019, -1.475056344751009, 4.459263731119135, -4.518481999869336, -1.5022315808344435, -0.8614936926482502, -4.933704962275231, -1.9662737470737315, 5.198460615041292, 7.2490954161591645, 5.085341081475919, 1.988357416354297, 5.644640404606842, -1.0270925865785996, 1.7513507275979208, -2.9077551319553776, 1.8736615182024656, -4.885283874015327], Energy: -40.28262003227775
Eval count: 287, Parameters: [-1.7724460069500612, 1.5581505113417822, 3.737950326943091, -4.655818785259363, 5.1136977393713465, -2.0861853463049798, -1.8166852992804603, 1.8853587744799019, -1.4416341236547805, 4.4570007637752065, -4.529934751815441, -1.5151063833793306, -0.8859813049170444, -4.9345879752591335, -1.9678027224516297, 5.213160123727676, 7.21164118592033, 5.075574068383193, 1.9756181991372337, 5.725147856763938, -1.0964128456560067, 1.7518371414515617, -2.9161796181324786, 1.8519024062703517, -4.8513727188439155], Energy: -40.340926245145
Eval count: 288, Parameters: [-1.7583111522686892, 1.5661746224084787, 3.751985686853636, -4.675776759031747, 5.103175994428506, -2.0954925748829654, -1.8264169474161722, 1.878698493699901, -1.4434305689056488, 4.455858082070913, -4.5387581520335765, -1.5423942722055535, -0.8996152838848177, -4.929107851138259, -1.934516651549843, 5.143902652572011, 7.280705283523096, 5.065995936552888, 1.9972310839405523, 5.744641086129603, -1.078058617262127, 1.800330090666717, -2.8560936188219412, 1.8411728181501563, -4.847318493248424], Energy: -40.36503771513395
Eval count: 289, Parameters: [-1.7412471198459398, 1.5407500498430768, 3.717166286221393, -4.66128334471347, 5.116480969970144, -2.0761928252220048, -1.8075991318742761, 1.8715879854035087, -1.4539607486848882, 4.466983969148061, -4.533422259827318, -1.5269917658663312, -0.863307311447304, -4.928767825729616, -1.945572955626606, 5.2211101625826295, 7.235724181004428, 5.056339906831195, 2.004502770931483, 5.691619551750735, -1.0992114790644785, 1.7724580564543295, -2.8926770138652067, 1.8634627657699205, -4.863897202010397], Energy: -40.385106712348716
Eval count: 290, Parameters: [-1.7795885810236678, 1.5213792322299373, 3.727455617504125, -4.666017104283376, 5.131148206944947, -2.083648753194363, -1.8365332256814566, 1.894009285657117, -1.4074328133653686, 4.448828685584235, -4.54726202526665, -1.5206299309886702, -0.8895680535503621, -4.956929484437688, -1.9249076570131398, 5.236268876126234, 7.2436669799763385, 5.08455919068473, 2.0344404429494007, 5.65814386863383, -1.1266510770800249, 1.7659580885642994, -2.8615567753902744, 1.913613208569156, -4.859450968455894], Energy: -40.339056125495006
Eval count: 291, Parameters: [-1.737963961320726, 1.5662175846336797, 3.6855969494124663, -4.672333193958988, 5.123416770398644, -2.0906823401167247, -1.7955807100831909, 1.8671087572026184, -1.4428434941060362, 4.475709695653537, -4.523517136175573, -1.5443617452066267, -0.8703306152555913, -4.9304417081969945, -1.9400598912476585, 5.225606587208071, 7.239405589568937, 5.058918832064815, 2.0076889399550297, 5.697549963610771, -1.0916808229966406, 1.7601609050646272, -2.8961124447546402, 1.87822909448385, -4.8415366589954445], Energy: -40.307455445258654
Eval count: 292, Parameters: [-1.7179027947753036, 1.5236127929479302, 3.7427910702036056, -4.641730488203039, 5.1067269267060205, -2.0483661586813384, -1.8414451750424323, 1.8033842379122336, -1.4560921997074447, 4.436357938405324, -4.56882201869314, -1.5387434866426821, -0.8636030401112135, -4.903866712223704, -1.9645145055683477, 5.216209425343305, 7.2250651255757585, 5.026764522913576, 1.9717086734378428, 5.668042259881001, -1.1168229736848918, 1.7957931862844394, -2.88538263329326, 1.8696240214598716, -4.850539617847966], Energy: -40.3903968261605
Eval count: 293, Parameters: [-1.7072906116011932, 1.5064728708565867, 3.74899354296039, -4.6370912403412925, 5.11067717240196, -2.0631036816707677, -1.8302836965020859, 1.8100249669614688, -1.4353945954203666, 4.448962627616468, -4.570254678239738, -1.5415728219384752, -0.8653318148304574, -4.91771638986993, -1.9810543796114028, 5.197502989025813, 7.2397717456898985, 5.003631258819682, 1.957992539563313, 5.661950647621972, -1.1156999492686779, 1.788518957325837, -2.9014643798697923, 1.884868958588953, -4.860583443095554], Energy: -40.40836914899927
Eval count: 294, Parameters: [-1.7008310413547183, 1.479395294785868, 3.7677678870875133, -4.660281142297781, 5.074339308738016, -2.025353064473638, -1.8423461920399027, 1.8333404380122276, -1.438440555298704, 4.518552806020078, -4.5838524008822095, -1.5514892456076241, -0.8626309349047251, -4.948025077886621, -1.951737716695507, 5.2039125615396555, 7.234556519658265, 5.002544629441229, 1.9192328392601992, 5.63784494760221, -1.115378959780977, 1.7915935943366512, -2.895960020946501, 1.8532923951383045, -4.840219513585587], Energy: -40.374448480097726
Eval count: 295, Parameters: [-1.7198385429822298, 1.5069476451373094, 3.735198979477823, -4.6474473369604565, 5.121755487455501, -2.0582209371085147, -1.8078917149069644, 1.8060612951395136, -1.40990690999208, 4.442024766825406, -4.582400079413027, -1.5331430805595214, -0.8502976294928933, -4.919700066335114, -1.9851526282210321, 5.1936706921724864, 7.225349448334464, 5.005361854287887, 1.9399253739946567, 5.657701902136885, -1.1022105097104844, 1.7995884924021741, -2.8785584234320134, 1.8732128621228958, -4.870020782782084], Energy: -40.3936620313433
Eval count: 296, Parameters: [-1.6866750479335777, 1.5038089021245589, 3.7637038397494367, -4.638655738657841, 5.104518870102842, -2.121481004824064, -1.8446138145291542, 1.7953176986786048, -1.4655056627922813, 4.473198955311955, -4.554924277748653, -1.506598021320176, -0.8641898915349728, -4.933208977410025, -1.9831609437378928, 5.231087817768448, 7.226019759832763, 4.990272913437705, 1.927788580765832, 5.691436404169525, -1.1207547849693333, 1.7987606921737893, -2.84615386206094, 1.9126259474481127, -4.8864896694187046], Energy: -40.35205069614909
Eval count: 297, Parameters: [-1.7174952968959036, 1.4975311608486603, 3.7647388663363732, -4.627737433823071, 5.095403947798278, -2.0688862811081075, -1.8180489717592465, 1.7786192897387771, -1.4217406698173831, 4.449648010058429, -4.556492586036218, -1.5448975178887951, -0.8568808083415438, -4.931845577151126, -1.983384392828541, 5.212449173873626, 7.255288407929796, 5.009283762324184, 1.9714481116255127, 5.664057450628881, -1.1071179630659191, 1.7732557746451072, -2.8969761835403154, 1.8679313179368, -4.855586854110439], Energy: -40.36445416790292
Eval count: 298, Parameters: [-1.6935535238249009, 1.4986701703565688, 3.747309048973931, -4.645199811273443, 5.1611867582138675, -2.057902373766523, -1.855824932127794, 1.778523478388458, -1.4303170154225522, 4.470128620665076, -4.535651180490063, -1.4927716999997493, -0.8596188417107499, -4.92234244091493, -1.9573942466300616, 5.142381195106871, 7.221466629839944, 5.00349164149113, 1.9788004610776635, 5.649401121823627, -1.1458783046186432, 1.7934551241260601, -2.925271939178495, 1.8576206003976499, -4.87503818760673], Energy: -40.39484777858763
Eval count: 299, Parameters: [-1.7030607380299603, 1.4795805550403307, 3.7479427646974397, -4.617263590853238, 5.117716743552489, -2.0590281138768045, -1.808968734127581, 1.8220696126121054, -1.4556463735853045, 4.44139135354425, -4.543572846664613, -1.54969936318337, -0.8743872898162209, -4.922759930196155, -1.9871185184740856, 5.189214059204442, 7.2285965111232775, 5.010220838565301, 1.9581747626902188, 5.6528662597044095, -1.1110130040306057, 1.799215515817899, -2.8881749731810133, 1.8813858367707383, -4.85215585933118], Energy: -40.395262852904295
Eval count: 300, Parameters: [-1.6945344830214433, 1.529740715249224, 3.7423266015147822, -4.636407451236534, 5.127700871411978, -2.0739001133680444, -1.8576434881441182, 1.7873065989472627, -1.4143521000253805, 4.428660429196039, -4.57936925198547, -1.5580414809203027, -0.9123262086621539, -4.918986581377113, -1.9979644574780855, 5.170607915732096, 7.2463565141324215, 5.040876737710202, 1.9046758019159817, 5.641179748570112, -1.1317898925506653, 1.7784026154727937, -2.901595260791389, 1.9097605457021003, -4.804988870515317], Energy: -40.38138414910969
Eval count: 301, Parameters: [-1.676937093757612, 1.4986986389375467, 3.7496727216207386, -4.612555166367276, 5.119746268832637, -2.0570040883799017, -1.8268032375994612, 1.8200201616717286, -1.4264707738757045, 4.453273747380388, -4.584227921957772, -1.52739215669779, -0.8604210695518684, -4.901509636027001, -1.9707016413584078, 5.202655403181833, 7.254046610212078, 5.026689749959086, 1.954337106172056, 5.671652745519238, -1.1094847235518972, 1.773982238045879, -2.896219831928667, 1.879180553512134, -4.865347145467544], Energy: -40.34625645781978
Eval count: 302, Parameters: [-1.7310166777195317, 1.5006316908955293, 3.7738124440627536, -4.6492359320676195, 5.146699252799453, -2.0283248469678243, -1.8552369812312544, 1.8155829067853757, -1.4396686104680045, 4.441167078687816, -4.5813212248207815, -1.5686292297553799, -0.8405639286932116, -4.935369895690531, -2.0022382037480675, 5.193920595985775, 7.2374285591829155, 4.978709774096149, 1.9685863752488248, 5.700529029551953, -1.1037607221291925, 1.843305324292095, -2.9372847653075205, 1.9293347499557396, -4.848252958758717], Energy: -40.3745655323832
Eval count: 303, Parameters: [-1.7028186680587702, 1.5105740021154466, 3.771326092260883, -4.645949826850669, 5.137131983931035, -2.08165116156196, -1.837701126774451, 1.8219807640276195, -1.4308691474512714, 4.4477898706443355, -4.563196464973374, -1.5702649000825826, -0.8535529139301863, -4.9031252918533585, -1.9821794818916145, 5.209921631874314, 7.238458072465099, 5.00123635314431, 1.9540295798461222, 5.650535826349002, -1.1216130513547973, 1.7848193162269828, -2.8973019710700076, 1.8644551442020418, -4.864073954099287], Energy: -40.40384249978746
Eval count: 304, Parameters: [-1.7286885362427318, 1.5196612468727955, 3.7437542178870475, -4.61542784066545, 5.069446565847242, -2.1045077650673427, -1.8157407573043551, 1.8280724568970115, -1.4427684187123915, 4.449579463680602, -4.613569001958017, -1.5480787944865408, -0.8541029557232925, -4.90313151086239, -1.9981120707029587, 5.162486320454297, 7.219937361816571, 4.984676451600037, 1.982806940584256, 5.641078121475767, -1.1766315822270714, 1.8172523338508575, -2.914488915801039, 1.8725377286693434, -4.853389748041409], Energy: -40.441650348210146
Eval count: 305, Parameters: [-1.719920781419041, 1.523092030055379, 3.765923578390279, -4.641130816204185, 5.063380969291206, -2.099266320467132, -1.7911652607204833, 1.8345313270312213, -1.4495675051705654, 4.423196156812159, -4.611983732598442, -1.5341104224127164, -0.8508645568164281, -4.900853890195043, -1.9822306390001776, 5.157702342086685, 7.220762460887272, 4.970457014529786, 1.978292531610524, 5.6385668461587795, -1.1895162728460014, 1.8068252202484718, -2.9188961966761444, 1.8817448825808554, -4.842603874108394], Energy: -40.47072342409956
Eval count: 306, Parameters: [-1.7237782561240933, 1.5192488317264672, 3.7636481157793873, -4.638536474829518, 5.060089927528766, -2.107591940278727, -1.8016311940516456, 1.838165654434286, -1.4530656750900333, 4.418507013690017, -4.611176007064429, -1.5292551614768468, -0.8353146093689575, -4.898992916365742, -1.9783128255288476, 5.1513478494540825, 7.2197313651677915, 4.96861926036889, 1.9766259128526595, 5.63179473783906, -1.1756212796917413, 1.8013476864379077, -2.9195166988896357, 1.8845400794750782, -4.833206172824093], Energy: -40.458500416341906
Eval count: 307, Parameters: [-1.7252682430277881, 1.5532915467968869, 3.783052261550621, -4.638677863303528, 5.057895156872886, -2.089071620997327, -1.7863749002645002, 1.8369832244063597, -1.4620044004849138, 4.4233964218517645, -4.610219381863087, -1.5301141251641506, -0.8633892161885075, -4.898728977439588, -1.98946844975286, 5.149574168758357, 7.224081924315581, 4.965233490413671, 1.9793382466458234, 5.606117951205522, -1.175360675948769, 1.8101284537369038, -2.923119716269036, 1.8896207680173522, -4.868413293521473], Energy: -40.4917156449431
Eval count: 308, Parameters: [-1.7213227558171638, 1.5587485338626985, 3.7817998937399144, -4.633263827388741, 5.046771973529429, -2.0859643019934913, -1.790653200544069, 1.8418122686765839, -1.4483879743828083, 4.419263021529768, -4.593281883598836, -1.5308039958097939, -0.8577560722268736, -4.895366740602801, -1.9852888576831706, 5.151585322119658, 7.224309699673484, 4.965302769851008, 1.973626165620035, 5.606737739440413, -1.1802534499001285, 1.819969803252825, -2.9250470502215205, 1.8921642773716096, -4.871038347458095], Energy: -40.48007701320813
Eval count: 309, Parameters: [-1.7196067330001639, 1.5387678933489066, 3.7706794510036556, -4.6697177015762295, 5.043367810730597, -2.085810681726355, -1.7997217891670734, 1.844931379462263, -1.4664052822965492, 4.402980806681374, -4.611892872708692, -1.530874874773823, -0.8820142170881345, -4.893048001325154, -2.012105952520272, 5.14463233467696, 7.226385079756382, 4.9523629061406975, 1.9871431410887797, 5.600993323195914, -1.1781126624479217, 1.8044116539655892, -2.926454296297555, 1.8785190487747636, -4.885599578011903], Energy: -40.49334441779996
Eval count: 310, Parameters: [-1.71453970301742, 1.5341430731393466, 3.774431851465424, -4.671978631502555, 5.041274518387951, -2.0961139910869173, -1.7976279427457091, 1.842289941789756, -1.4602638253635598, 4.4017488448768605, -4.615867079260581, -1.5294548658934577, -0.8936542859316264, -4.8899747015965485, -2.002860871942856, 5.149604096941861, 7.217742726979772, 4.953476620485159, 1.9910447643953628, 5.598953904065449, -1.1660613972459013, 1.8157843475448556, -2.9365233875596615, 1.8770950414845522, -4.883886495785619], Energy: -40.46255118242152
Eval count: 311, Parameters: [-1.7261773005864316, 1.5406149614607325, 3.7583608926646552, -4.658234120722597, 5.0473149059311595, -2.089100423767581, -1.8021122477928377, 1.842821387018078, -1.480559358467665, 4.3807638331663785, -4.620568152250044, -1.5459000487602166, -0.8832131994828168, -4.919476520086836, -1.9854862530938504, 5.143139623709243, 7.232846522179621, 4.945616136650227, 1.9698757685395885, 5.602399550454441, -1.1864394962769669, 1.8004475286871333, -2.9372296771130175, 1.8697395580406249, -4.907236162366958], Energy: -40.50873768200967
Eval count: 312, Parameters: [-1.733921411310226, 1.531716093154577, 3.7604119468211668, -4.657291917584482, 5.051192978304679, -2.088100554369338, -1.807440813746424, 1.8491955426410034, -1.4722880313161388, 4.377480746680733, -4.623478395697075, -1.541122608221511, -0.8850897366852788, -4.92611084152889, -1.9818510119059247, 5.152732462103362, 7.230668028838821, 4.951291255761887, 1.977781305470121, 5.590178872344916, -1.1947467258486775, 1.7974739123252812, -2.93302887281646, 1.881113160944377, -4.91045030352235], Energy: -40.50990468949266
Eval count: 313, Parameters: [-1.7268672015021425, 1.5342693762306052, 3.7465189298142607, -4.65633443079838, 5.054236741148742, -2.083517121640807, -1.797173308112152, 1.841687109741955, -1.4838268036883537, 4.3795002726991745, -4.620968450128223, -1.5345416432850014, -0.8700005915102553, -4.9274639324472655, -2.0019778859275283, 5.1793327888395515, 7.210385285946955, 4.952988958796487, 1.964508508457264, 5.576994479871991, -1.2040277142643065, 1.7868423131902689, -2.9641173992366645, 1.8832798229821655, -4.909877974989915], Energy: -40.493917002515786
Eval count: 314, Parameters: [-1.7192809598495309, 1.5415718478231892, 3.759619186312274, -4.65429229730348, 5.051069965373645, -2.085983197884294, -1.8100366278260056, 1.8526202242327419, -1.4675269141839156, 4.374710762490058, -4.625617581525696, -1.544458839740321, -0.88409159431851, -4.941238549868701, -1.9844229867296275, 5.152019914644604, 7.219478094974957, 4.945413355257483, 1.9879749906792454, 5.59066776273665, -1.1916708741557156, 1.792776909711889, -2.927411362741793, 1.879157231946024, -4.906130698015288], Energy: -40.498079965835416
Eval count: 315, Parameters: [-1.7405135855066836, 1.5426344373959586, 3.732480649867604, -4.672435675432387, 5.058324209593293, -2.0874395036958764, -1.7908609902411066, 1.8492604292520347, -1.4793251872716489, 4.391813569270487, -4.6168669459848894, -1.5588457401405373, -0.8867001978812554, -4.917260681290287, -1.9665010101356153, 5.147787219180376, 7.245831584640253, 4.932901728024793, 1.9892778868344045, 5.579347740885331, -1.204956206375549, 1.7888641326300219, -2.9258949767394604, 1.9012733621394913, -4.90952501036094], Energy: -40.54396481384879
Eval count: 316, Parameters: [-1.7698555910533265, 1.548083765786452, 3.7382652570408523, -4.66332371861256, 5.0595789611784125, -2.0812352632227693, -1.7897513734719888, 1.861676909881942, -1.4749093716231643, 4.396245359395597, -4.6107108424061085, -1.5592666682121235, -0.904861462908537, -4.905384087360849, -1.9634686166585358, 5.140528366116959, 7.223653242534642, 4.914633943796598, 1.982100545193957, 5.595867822559462, -1.2092847938127533, 1.7587675812804824, -2.928248124385655, 1.9027522959001888, -4.912897950826844], Energy: -40.5466847302755
Eval count: 317, Parameters: [-1.7723658624744634, 1.5507967937641411, 3.73511946854955, -4.656363967076737, 5.065943692604038, -2.079420730464765, -1.7920539886137896, 1.864800099139127, -1.47431241674349, 4.394125102923422, -4.611146435792921, -1.5481614503414034, -0.9109815520860001, -4.90539547210392, -1.9651897393879345, 5.150155663419981, 7.233784460599345, 4.898900377072981, 1.9805451241457106, 5.592033166241305, -1.209733285000212, 1.7645027855350996, -2.926706855029176, 1.893784334203699, -4.902846416842548], Energy: -40.54600741421024
Eval count: 318, Parameters: [-1.7846648566877006, 1.5656723428706543, 3.732174755673417, -4.6795932594424965, 5.064256056871116, -2.0969577034040907, -1.7787530977922266, 1.8929505405562561, -1.4780896914392918, 4.401764351199585, -4.599861430431529, -1.5485560271608274, -0.9079558125159101, -4.926388545814986, -1.9694903868820817, 5.1370834779388055, 7.238056255669945, 4.93539310673649, 1.9861134491535717, 5.605827308878085, -1.2091891978762446, 1.7578009207953034, -2.9397829905350616, 1.896262977759997, -4.910442717766779], Energy: -40.52642706750106
Eval count: 319, Parameters: [-1.7684340814382864, 1.5532046107847095, 3.7362513995097553, -4.658617259204372, 5.066544393680686, -2.0969969110323654, -1.7888179175785588, 1.854919199556024, -1.4777856599360626, 4.384879092249882, -4.605918516797681, -1.5526175897059218, -0.905240018589624, -4.9012187729607755, -1.9701794507766064, 5.143272776734078, 7.223105203138327, 4.912799392241173, 1.9860601792724373, 5.604690678404718, -1.2099357764443637, 1.7594002603819006, -2.9223237161533087, 1.9131961806397138, -4.920755485560773], Energy: -40.52936335650753
Eval count: 320, Parameters: [-1.7692425310758186, 1.5451597939877508, 3.749434525992249, -4.679268189745034, 5.047159362876191, -2.0840023380947805, -1.7976088284951017, 1.8616220250433386, -1.4973045777495364, 4.423171542067933, -4.613906078812975, -1.5546816099666592, -0.9055841144723863, -4.918276548595545, -1.958039422542063, 5.14274045527668, 7.221917929705407, 4.899332856610431, 1.9581601052203939, 5.592258323657912, -1.2269218402861595, 1.7634646414119535, -2.9041959483271533, 1.9104681911763306, -4.919325876039538], Energy: -40.5964090219984
Eval count: 321, Parameters: [-1.7849947393404797, 1.543162485477717, 3.7647782014941344, -4.6902356971285615, 5.057171979486281, -2.0551647863673517, -1.801787030870375, 1.8624861530831731, -1.51191997945232, 4.4255844226847545, -4.627140995577473, -1.5704326577712684, -0.8938067743444381, -4.924808768751087, -1.964535270400494, 5.131376795065373, 7.232232708887334, 4.881212041536608, 1.957101397658669, 5.59867140149534, -1.2403119025024234, 1.7809381314566803, -2.9082678168966125, 1.9298168810356986, -4.918707320402001], Energy: -40.60809847507187
Eval count: 322, Parameters: [-1.789015436439757, 1.5492288876506566, 3.7637583407547637, -4.693948366630492, 5.059138046988037, -2.058547610484088, -1.8073979452268574, 1.8521270067371023, -1.5078827615031578, 4.419440193471893, -4.62473044041676, -1.5765795534507185, -0.9048132146372231, -4.9291155308370955, -1.9701025618247234, 5.125007933570783, 7.2310175495124, 4.887206513363867, 1.94651186157108, 5.591824506355311, -1.2444487448405641, 1.7808640119281276, -2.9076311302983435, 1.9340686222861256, -4.90408729957167], Energy: -40.60325404151189
Eval count: 323, Parameters: [-1.7670146269857991, 1.5447044196339204, 3.764955523958284, -4.684113257634298, 5.054506882562501, -2.0422284205700887, -1.796683244881737, 1.8732485393906193, -1.5212578541031083, 4.4351399911405265, -4.649403982945347, -1.5668469777312934, -0.8994380319820959, -4.910115783380244, -1.956194555673818, 5.118741467668438, 7.253457653446975, 4.886606975474709, 1.939567427153827, 5.587199763417568, -1.2624266792250785, 1.7608098692688534, -2.8940479494785696, 1.932241535863279, -4.9251872850748795], Energy: -40.66052814888627
Eval count: 324, Parameters: [-1.7775196079414894, 1.5396340161320305, 3.779868249391453, -4.684634621432263, 5.032757691889377, -2.037502953061821, -1.7809503620115483, 1.8509435643616827, -1.5251333919372674, 4.445954270080369, -4.647805478081059, -1.5708065369900484, -0.8942378034322223, -4.9184219489256105, -1.9535326023068622, 5.118140759981466, 7.27823748329152, 4.878461324695689, 1.9444014593767454, 5.574656685233478, -1.2787631563438415, 1.737502990042866, -2.8811573911256647, 1.9189641593773683, -4.931497148466538], Energy: -40.66819148736408
Eval count: 325, Parameters: [-1.7824356664983203, 1.5445715470577233, 3.7793136166290013, -4.683480993062763, 5.020303547510736, -2.036049934100155, -1.7774884058490505, 1.8569900725189665, -1.5304838308285502, 4.43888792885357, -4.655285218920876, -1.5815814629018277, -0.8954479626925533, -4.9147818260505245, -1.9558415366062356, 5.134263350623817, 7.279930215750805, 4.882730357893325, 1.9424303460390901, 5.578714576500872, -1.2722591861725212, 1.7375506862206032, -2.8730801125238257, 1.922564534104621, -4.926198657862384], Energy: -40.634440148148315
Eval count: 326, Parameters: [-1.783105289926601, 1.5536764831449825, 3.7735295190279485, -4.695003245403234, 5.040089571424532, -2.0192855839001576, -1.795156270968993, 1.8412651551312413, -1.548194132581155, 4.444991655681144, -4.643088332242647, -1.555935568817988, -0.8925006016930039, -4.905492676031004, -1.9315306264808105, 5.112862699887634, 7.2647111819523795, 4.891990013830083, 1.9572305702952906, 5.570286643174043, -1.2977915296500928, 1.7418081247613326, -2.869975827078538, 1.900649302164929, -4.931758743889785], Energy: -40.66762900149064
Eval count: 327, Parameters: [-1.7832726722879544, 1.5498304401816914, 3.7756716743415804, -4.695480973787086, 5.033815172055844, -2.037400036236639, -1.7814581316315103, 1.8451289524538486, -1.509095137817026, 4.446472604438216, -4.661805610384908, -1.5649688381303795, -0.8858563542617568, -4.917199150348038, -1.9526322504994982, 5.1199600619637815, 7.277611394239484, 4.876577224978045, 1.9383233263725086, 5.576634386274577, -1.2760254072361972, 1.7371924522944413, -2.878498368337639, 1.9163869100816786, -4.937782403317117], Energy: -40.6406747929459
Eval count: 328, Parameters: [-1.7804946054381838, 1.5192125545189172, 3.770541233540849, -4.680242896435905, 5.045373329107334, -2.028635213719566, -1.7495848816931576, 1.8605148900185446, -1.5285081764663053, 4.442337802818421, -4.63907955099761, -1.5697926111910168, -0.892748256185637, -4.92281291557898, -1.9594264958824423, 5.098618118009648, 7.265148946591267, 4.8763460354267085, 1.9290292927269963, 5.558153107304971, -1.2779065797560563, 1.7488153212311117, -2.8564601283664746, 1.911042468635764, -4.937498231472969], Energy: -40.71062454704281
Eval count: 329, Parameters: [-1.7888743852658504, 1.5140092058983288, 3.7506724332799566, -4.653988057932213, 5.043918463187869, -2.037653829863786, -1.7659760213939157, 1.8633632683858536, -1.5330800688204997, 4.472483534028066, -4.647689238960948, -1.5832812022212543, -0.8972369128704059, -4.922084917770085, -1.9760246218138184, 5.083656139342983, 7.264923498218587, 4.877556702662981, 1.9343623247986366, 5.54789522170555, -1.2899333885631226, 1.7601886940201037, -2.8541971433688063, 1.9030520624876617, -4.950941212458007], Energy: -40.70622891097611
Eval count: 330, Parameters: [-1.782254465764322, 1.516585121132787, 3.7588775044314438, -4.675712447540895, 5.033977057220172, -2.018154048223271, -1.7473188251602112, 1.8537157073932002, -1.5302390815251272, 4.4438443271629815, -4.64107396572231, -1.5558573098140958, -0.8990990932032209, -4.93064195646563, -1.958827263587203, 5.093900821104782, 7.2664823950677615, 4.878723775785761, 1.9302615587421055, 5.564644148417892, -1.2723266623800338, 1.7499888851628491, -2.8578942019027354, 1.9212602173066435, -4.936416453056758], Energy: -40.68591611610128
Eval count: 331, Parameters: [-1.7675152328512647, 1.5072427526703545, 3.7738808911234822, -4.685787285723762, 5.075360339970356, -2.012297221442525, -1.7625491969584133, 1.8606188587626225, -1.533747912019319, 4.458491870537483, -4.616285152191991, -1.5795530744609252, -0.9002529392754322, -4.925827042174322, -1.955882793397417, 5.103385937553038, 7.279177357969798, 4.87843868057434, 1.9134345621452022, 5.553872677461158, -1.2634250111163918, 1.7333899957536132, -2.8468111898419908, 1.9110200983095937, -4.952023165915179], Energy: -40.737152355191256
Eval count: 332, Parameters: [-1.772246567807782, 1.5165687777221042, 3.7791055370818576, -4.683057116909725, 5.070958772345705, -2.0139190694295803, -1.7677594088319213, 1.8640544555857048, -1.5410370299485003, 4.455388461202617, -4.615039696903508, -1.5746784969659884, -0.8946486618201249, -4.923724251476492, -1.9560840304131626, 5.0958609621072775, 7.279789352435288, 4.875127121178852, 1.912716669395754, 5.536453053282977, -1.2484002961540224, 1.7309777505345736, -2.848901404737999, 1.916029656419714, -4.9558444091575256], Energy: -40.746405230876576
Eval count: 333, Parameters: [-1.7671953312099424, 1.487656943330164, 3.7737897314353894, -4.687308082752793, 5.075607604214128, -2.028166110025397, -1.7797890331143413, 1.8773234923896123, -1.5513615013198503, 4.45413897402014, -4.611101310728615, -1.5728546381061093, -0.8685532673174952, -4.919984983418118, -1.9429299770831057, 5.076582188683985, 7.282692404214949, 4.86289512678251, 1.903185214434621, 5.532570534138259, -1.2552285447139027, 1.7140008976732775, -2.84570433742228, 1.9168782524958476, -4.9340098894679345], Energy: -40.731558403330496
Eval count: 334, Parameters: [-1.7744474013802032, 1.5105148155397765, 3.78221494384725, -4.687426373774161, 5.081396494997138, -2.0206390326173214, -1.7623409944416228, 1.8581893746948797, -1.5514632057336266, 4.45984325777871, -4.632294527938887, -1.573490961571764, -0.9031434417505263, -4.926081080697189, -1.955642653321225, 5.095966197201461, 7.2764115886948435, 4.876086193700164, 1.9190848092882027, 5.535401412184814, -1.2394086222523495, 1.7260140391096792, -2.8504788785595765, 1.9136785819447035, -4.951927428821854], Energy: -40.7300666074795
Eval count: 335, Parameters: [-1.7535818630589581, 1.5174073815067979, 3.799532592876279, -4.685398489224908, 5.070565418331843, -2.014844623356215, -1.7534155129637035, 1.874435875811312, -1.539353509284732, 4.463426365815671, -4.601634553893141, -1.5781785609269965, -0.9149533853219808, -4.915614519145398, -1.9360527481484466, 5.086139617747358, 7.27804479453187, 4.862109127788839, 1.9042031673267834, 5.514760691122043, -1.2636786522972916, 1.7473297505799876, -2.860847443286035, 1.9203844998741488, -4.970289511365181], Energy: -40.794216129243694
Eval count: 336, Parameters: [-1.762220314292174, 1.534652214843311, 3.803507681927405, -4.699540928691672, 5.0782117716105, -2.0237290838679116, -1.7406146624284282, 1.9076154101102119, -1.5479952314095171, 4.472361079861189, -4.589322481444532, -1.5671166185116674, -0.9170928884656437, -4.936793939725176, -1.945252170096968, 5.076209255894624, 7.29552015944426, 4.8798589389214975, 1.903490668248593, 5.518461415479343, -1.274000667564844, 1.7446780341673462, -2.8681249320719995, 1.9135760568119264, -4.972264567058344], Energy: -40.81234661930944
Eval count: 337, Parameters: [-1.7590588778580225, 1.5273318858645888, 3.798002487874157, -4.715582450910499, 5.070779095445623, -2.021934185097546, -1.747126751216831, 1.9116793456489063, -1.5494391102289724, 4.463376801549796, -4.589698244845926, -1.5667042898295047, -0.9262926698355856, -4.932577828143101, -1.957911426592511, 5.073830057491637, 7.296325577218391, 4.873812977503147, 1.9082809888715624, 5.515838755007813, -1.2749311416640037, 1.7420434720953908, -2.8692162996741577, 1.9085167837534436, -4.979673326346139], Energy: -40.806761167570244
Eval count: 338, Parameters: [-1.7546996579601077, 1.5352306538869394, 3.8203477092312683, -4.707133202513691, 5.078447962260175, -2.0166561581465103, -1.734061337974991, 1.9101736874341533, -1.5375901484183485, 4.499794737780457, -4.578974824502052, -1.5537186675022143, -0.9139061004151473, -4.91031751318981, -1.9690527599453018, 5.073955915905491, 7.29149477686947, 4.88405257968236, 1.917155999733424, 5.51344215066333, -1.2728975809265395, 1.746440104743966, -2.8545617518888444, 1.9251665302276546, -4.9520147522732065], Energy: -40.788956700587335
Eval count: 339, Parameters: [-1.7674850908547637, 1.530205787399042, 3.7981935711396315, -4.700826522279946, 5.079533892294807, -2.0230187469718066, -1.7348976257843538, 1.9025748001862457, -1.555457450494534, 4.47475556995728, -4.58707895190015, -1.5625311683515124, -0.9113987498427177, -4.9288672165277925, -1.9521545946572163, 5.087607364674714, 7.293392056682897, 4.8838439100083555, 1.8922676831405734, 5.512750314269155, -1.2795517652859945, 1.7429115364743952, -2.8841562415597464, 1.9155472461862866, -4.974441126472171], Energy: -40.81093881660911
Eval count: 340, Parameters: [-1.7330201730976829, 1.5532478573105786, 3.799904124271564, -4.69269935594098, 5.084173014899707, -2.011273877156883, -1.7350806120568083, 1.9113261080909234, -1.554111989919724, 4.472865061440467, -4.5894172808414515, -1.5727936021078681, -0.9079274176132925, -4.961915468592876, -1.9574575781424604, 5.081267580633135, 7.272255150698556, 4.864368969997209, 1.9074328555785276, 5.505682201367161, -1.2868450075085927, 1.7268713254791364, -2.8714224522245795, 1.9137778633823939, -4.97165900561718], Energy: -40.82931414256052
Eval count: 341, Parameters: [-1.740525745378706, 1.5439905188119214, 3.8029071237278, -4.691240742010331, 5.087800625195807, -2.01029830425201, -1.7409673181422693, 1.917687302526991, -1.5456138927185017, 4.4690972473945365, -4.592548767364031, -1.5674179853379453, -0.9097457059784437, -4.968841333335266, -1.9543535163061279, 5.091013407306096, 7.269561652761459, 4.870663546922682, 1.9149318247262341, 5.493852600913732, -1.2947890181901025, 1.7241972213760322, -2.8674727450227784, 1.9244427113747418, -4.974899380349753], Energy: -40.8239606146376
Eval count: 342, Parameters: [-1.7237788106659042, 1.543515234296975, 3.8372986684049017, -4.674676721900828, 5.081546427611322, -2.003987759301842, -1.7470964195788, 1.9131611938608446, -1.5574695227046258, 4.462904256970895, -4.5935119798562365, -1.5591219021227298, -0.9072501167565309, -4.969272443881395, -1.9702219697150218, 5.073794141240087, 7.265067868327932, 4.8750264519885675, 1.8864187725983985, 5.511439038543391, -1.2909131565487357, 1.7316586573533648, -2.8735049801377155, 1.8929601528240974, -4.9811737188070495], Energy: -40.77571250711321
Eval count: 343, Parameters: [-1.747534900347595, 1.5563649831962674, 3.8026299247871655, -4.687788969262165, 5.085343667178337, -2.0094149765453824, -1.7344544419667627, 1.9169863592200902, -1.5521359899914262, 4.4741844928988375, -4.58597356556025, -1.5724829809648468, -0.9170098212863197, -4.955669361032199, -1.9564713063218917, 5.077864100819185, 7.261157104766283, 4.855119505800694, 1.9041651249210856, 5.514607486755986, -1.28905361517782, 1.7119187391235133, -2.872131698548757, 1.9153325297346084, -4.9739553300447055], Energy: -40.829804837282325
Eval count: 344, Parameters: [-1.7400520606004823, 1.566776919056237, 3.8015831968712486, -4.6802222559537245, 5.103445151008071, -2.0333610651727096, -1.727230609419258, 1.904626363253696, -1.566809255490334, 4.4574862574319, -4.5751866560450205, -1.565370054377869, -0.9161246811977835, -4.947860891712788, -1.9647016337768257, 5.074402336102822, 7.272116284317804, 4.8460499625977596, 1.9076596772579606, 5.521474446878031, -1.303710718667986, 1.7130131988890227, -2.8549483194834626, 1.9386006837286633, -4.995413889579537], Energy: -40.86352697127944
Eval count: 345, Parameters: [-1.7375506842867172, 1.5641043013802154, 3.8045761925842183, -4.686963353952283, 5.0972509402894, -2.0351375198139525, -1.724821488762796, 1.9015046009682413, -1.5671010920797375, 4.459239359221996, -4.5747076432056755, -1.5765352975148177, -0.9099960821840998, -4.947673933869918, -1.9630548228276026, 5.064747008181389, 7.26201090284419, 4.861988483482211, 1.909540792014204, 5.525357424722261, -1.303022135499182, 1.7072152756995294, -2.8568168073013265, 1.947461615554738, -5.005375698116131], Energy: -40.85199213298961
Eval count: 346, Parameters: [-1.7373757477877376, 1.5715362459941242, 3.7941516621378995, -4.663179015495049, 5.125145973090658, -2.017658081366887, -1.710318499116072, 1.908396034108686, -1.555757890829389, 4.437315966410484, -4.568947338910058, -1.578211685992506, -0.9160145425334079, -4.9329294116525135, -1.9625407275053564, 5.058582754244872, 7.292110205181951, 4.8493426697140505, 1.9259336969923626, 5.509979883505516, -1.306122415063091, 1.704849226393032, -2.872809744816322, 1.9328388653684399, -4.996382376585208], Energy: -40.86233669304994
Eval count: 347, Parameters: [-1.7482178591461115, 1.56338841811782, 3.8089635680753773, -4.684693578782436, 5.107659002367852, -2.0206638913008725, -1.727746517958123, 1.9074178635754437, -1.5737313400782404, 4.459578761925944, -4.579104981092681, -1.570776498409133, -0.9058573717215982, -4.951250388302624, -1.966736769370721, 5.073302028243271, 7.274393511893246, 4.834781184009741, 1.9135205574016423, 5.528531458339058, -1.3052771896456552, 1.723788230105274, -2.858991527243183, 1.9455405553256784, -4.999701292374312], Energy: -40.84944506108832
Eval count: 348, Parameters: [-1.7326445114229443, 1.5579518701654558, 3.7966466095219156, -4.671949211974431, 5.099484995223349, -2.0466515518430364, -1.7143419447877102, 1.9163749856819148, -1.5666412926710793, 4.46605272902917, -4.556389660309772, -1.5521939319652318, -0.9024421235432853, -4.945503064193317, -1.952127470353711, 5.091849399660426, 7.264490833006672, 4.837117067422937, 1.9309715748003877, 5.52718121592791, -1.2877376981119713, 1.7126821843759459, -2.856752309004062, 1.9202754498795997, -5.020319977638084], Energy: -40.84006313109438
Eval count: 349, Parameters: [-1.7466447067413815, 1.5648271020844267, 3.803463273504225, -4.684609122512277, 5.109672128761418, -2.039618728004375, -1.7311472389496356, 1.8902493333308368, -1.5592019642116273, 4.457347396026082, -4.561409626346333, -1.5630693418146286, -0.91669283060133, -4.958151431412312, -1.9681030311493912, 5.067026510679382, 7.266134745977106, 4.842639353546111, 1.912042789152649, 5.51908799646734, -1.3031333506990561, 1.7172736531240975, -2.863053653922675, 1.935356336076333, -4.991626985191929], Energy: -40.85962731169536
Eval count: 350, Parameters: [-1.7453945476811634, 1.5834024486793932, 3.7949024992922062, -4.682084264940496, 5.102842302870551, -2.0424042663528836, -1.7168315519180826, 1.911104155271319, -1.5818236144472326, 4.449523363581351, -4.55030649175107, -1.5942318666649875, -0.9319468822281513, -4.951074030370893, -1.9591704675039865, 5.0871574177822865, 7.273787558461014, 4.840387837732309, 1.8935154064968671, 5.501827274607304, -1.3068075785810342, 1.721318622892077, -2.836867592033002, 1.9432747353927164, -4.986588733185869], Energy: -40.881500845977826
Eval count: 351, Parameters: [-1.7454342762997415, 1.6068304712126806, 3.782084122419452, -4.700936417245808, 5.117443402391335, -2.0473473681463683, -1.7104300415911553, 1.9094427025053853, -1.5558449731955226, 4.456740610998146, -4.562732054130709, -1.589537411475612, -0.9239959587702891, -4.948740827881097, -1.9497894602695522, 5.0814127910435145, 7.278719478609529, 4.827227840248444, 1.8689629251218918, 5.488619914383973, -1.311840409431962, 1.721558055378946, -2.826007755293365, 1.9413063427567705, -5.00506179983016], Energy: -40.876607224357315
Eval count: 352, Parameters: [-1.749746446570747, 1.5814922380965022, 3.803570169218186, -4.6817989619136, 5.09046090023525, -2.042528425548638, -1.7106872202435321, 1.9002509035261348, -1.5813403176431773, 4.455201883173636, -4.550729435170501, -1.5975870363099463, -0.9297017899314066, -4.955890766588091, -1.9593233557990275, 5.089079902831829, 7.288244123376823, 4.835392520921522, 1.8960899769321318, 5.497579735309031, -1.3131356698517838, 1.7085662292003883, -2.833793182592559, 1.939156140841557, -4.989104635285505], Energy: -40.888568022223524
Eval count: 353, Parameters: [-1.7345239527632164, 1.5899847500112276, 3.809852498322239, -4.675821747519583, 5.087181500052891, -2.065931476315221, -1.7237211638629117, 1.9099377699112867, -1.5663624261996334, 4.460272784403661, -4.55119478512272, -1.6122708456063979, -0.9386324116550162, -4.959943678446623, -1.9659565492885163, 5.1022788406337165, 7.30670259663114, 4.823723757893513, 1.8910717303913351, 5.505441972925179, -1.3039428176550534, 1.7018007966549862, -2.859877948923376, 1.9624496148537163, -4.986347273352624], Energy: -40.84773298010015
Eval count: 354, Parameters: [-1.7498939023747766, 1.5930651307046024, 3.8099475938933094, -4.687714886427923, 5.094855721763808, -2.0455837410509314, -1.7261674298289738, 1.8981625010050147, -1.5865043933458847, 4.456260855398867, -4.551181203690451, -1.6012729591470525, -0.926421865444915, -4.946510656063291, -1.9518345050636214, 5.0953362516399565, 7.287398431238471, 4.838880489357819, 1.9041056322455354, 5.497431065061457, -1.3224928325519985, 1.7062369210274388, -2.837018847439633, 1.9303392142374634, -4.988423558535743], Energy: -40.87238252515863
Eval count: 355, Parameters: [-1.7423462992571948, 1.5910759248074908, 3.7826624714416694, -4.678653465689403, 5.079229622569269, -2.0229043827597635, -1.7109812206916137, 1.8890353855293263, -1.5993733548105975, 4.462274208313126, -4.537538245146335, -1.5730985292490174, -0.9492823349680242, -4.964725885856022, -1.9380785449357885, 5.076853377666665, 7.298173527756768, 4.83540182685191, 1.8959661697738348, 5.495481227605106, -1.3215718704714248, 1.7060493503420127, -2.8334130859610878, 1.9559808488004604, -4.989862621344678], Energy: -40.91105644292429
Eval count: 356, Parameters: [-1.739265856966047, 1.5946299362055678, 3.7922144069508867, -4.691182788479915, 5.077491887145715, -2.019783233353984, -1.7018130878742612, 1.8876182752454749, -1.5966830899024298, 4.446042727521475, -4.535148372519269, -1.5656283064296144, -0.9464476373255231, -4.964838913966842, -1.9301607555681843, 5.083861746464522, 7.297135498642469, 4.834631647186799, 1.8946067248735472, 5.500904743820011, -1.3168109788259235, 1.7016889318494224, -2.835322840989861, 1.9599341277837552, -4.98202454259358], Energy: -40.87987898065876
Eval count: 357, Parameters: [-1.7522420787666324, 1.6033388459278646, 3.7719753711196313, -4.665321692376411, 5.0517266212832945, -2.042582261331849, -1.6950051346782373, 1.8930064910907107, -1.5996317231320352, 4.455077860623443, -4.554267353001637, -1.567467201360413, -0.9477857269107196, -4.962741944609533, -1.9403695616524308, 5.062596534491927, 7.28761305143593, 4.828519924100172, 1.907412031518381, 5.4883658046273816, -1.3456278648797513, 1.7242887945030507, -2.839052485081375, 1.9563209936896595, -4.980405570600247], Energy: -40.90898052680103
Eval count: 358, Parameters: [-1.7388032472086712, 1.5801896848265518, 3.778566363836782, -4.678795606253847, 5.076962563177073, -2.0262196421132854, -1.7184614996350522, 1.8973821814660443, -1.5989256311003974, 4.459931210261192, -4.528190353121235, -1.573112817058011, -0.9341436857665032, -4.962132645556244, -1.9323533314098906, 5.068620376280016, 7.300937967779636, 4.829690186366911, 1.888904054344133, 5.49529936637437, -1.329573946390827, 1.7007782636749196, -2.831145580651511, 1.9570903455869115, -4.981553128681258], Energy: -40.93094735781699
Eval count: 359, Parameters: [-1.7347158292874034, 1.5590514530773263, 3.775870456827676, -4.683222099458292, 5.099953813673562, -2.0456187877538703, -1.7072252732830666, 1.8973528051038293, -1.626137323160015, 4.4725603199836135, -4.5462744044525945, -1.573287695935747, -0.944634556316595, -4.96608410549218, -1.921551480186157, 5.052344881602592, 7.300826861303346, 4.820295107107187, 1.8894988907331896, 5.480682677034762, -1.3278520143866068, 1.6870367639605335, -2.827773289837933, 1.955117566349733, -4.969676228989257], Energy: -40.96273505635253
Eval count: 360, Parameters: [-1.7266848018350944, 1.550230944123874, 3.774646691594784, -4.686286167704957, 5.104117249095747, -2.044230099014908, -1.6995381943905457, 1.895979759082313, -1.6188076037897636, 4.477044811511522, -4.5449760734921565, -1.578631699216802, -0.9538113370639977, -4.966597439502959, -1.9176263103144413, 5.057777102014087, 7.299912808654724, 4.8210576149495825, 1.8886039820087992, 5.493408962856225, -1.3451600748546342, 1.6924047458516673, -2.8279866959261297, 1.9511068669770397, -4.968688971999937], Energy: -40.960203713453836
Eval count: 361, Parameters: [-1.7457135338082936, 1.5562458453400365, 3.7376023788543904, -4.672536112896305, 5.109188357389211, -2.048463943488112, -1.7096813027424826, 1.8911861119173548, -1.636536163095772, 4.474531280907558, -4.546584909799957, -1.5761124681814107, -0.9347220686871929, -4.980019721238947, -1.9377517402345021, 5.050942997005371, 7.310986907942026, 4.826451238589749, 1.8889278010085442, 5.492512872095713, -1.3336920427219123, 1.6701510048419541, -2.803138560469234, 1.9509009695305597, -4.957062596739582], Energy: -40.93567103241293
Eval count: 362, Parameters: [-1.7358085515969068, 1.5659425788707566, 3.782486167361454, -4.691181901376199, 5.102973740819832, -2.0469531171571638, -1.700264956481286, 1.9111764554968729, -1.626391135036888, 4.484302713370471, -4.53831487111768, -1.5648904500521432, -0.9445748541143139, -4.966356546325599, -1.9324509615933065, 5.047749345519899, 7.3064728819421, 4.828487045071655, 1.8933870117604725, 5.480598126534774, -1.3315756741893223, 1.6865106372586625, -2.826533848571326, 1.9559163817114604, -4.964377485230484], Energy: -40.95758388308303
Eval count: 363, Parameters: [-1.7199639025294449, 1.549623159864639, 3.778791879824253, -4.674124614815711, 5.09780833848594, -2.03672787246652, -1.70633635876674, 1.8801260732209657, -1.6194409236682754, 4.491167027926904, -4.539280667243024, -1.5727224424460553, -0.9452233675626298, -4.933602691313819, -1.930450934364392, 5.048696527326029, 7.2902891377900945, 4.805774804594186, 1.8949300774029927, 5.462308452299947, -1.3263681564418763, 1.689648821942937, -2.807138934904159, 1.9703647942764861, -4.956156533023347], Energy: -40.98052047107677
Eval count: 364, Parameters: [-1.7225818864557183, 1.5555317945932683, 3.787852913216105, -4.65679665928667, 5.104750642984214, -2.037932986924014, -1.7012384410001884, 1.87631105482825, -1.618244206219925, 4.498951317905997, -4.5393221457407495, -1.57169259185259, -0.9362980805521328, -4.938124565744937, -1.9191599029331434, 5.05028570557896, 7.289098316107064, 4.812952025515165, 1.888183516970931, 5.465535567645704, -1.325727704812183, 1.692907419260464, -2.8062308566180723, 1.9733340312307721, -4.94987129666699], Energy: -40.983490701288986
Eval count: 365, Parameters: [-1.7103013998561765, 1.5425346726920512, 3.8056681946399333, -4.635646202698861, 5.103340891835856, -2.035517235141572, -1.708540867346558, 1.8798662884741801, -1.631926602237999, 4.492481231862367, -4.531674622003404, -1.5641753563967267, -0.9475420174432787, -4.9406455330017085, -1.9263403401022268, 5.028959486428213, 7.290838701324073, 4.809494350424736, 1.8616225081260616, 5.4485636958222035, -1.3381907576145922, 1.6976545952397593, -2.7972692755230946, 1.9582358914252562, -4.966307406575065], Energy: -41.01025180721712
Eval count: 366, Parameters: [-1.7378814142922976, 1.5433447691142042, 3.8072216434671584, -4.626752835993435, 5.097948528910516, -2.021907751319049, -1.7089307743282909, 1.8959304956874536, -1.6248787780061635, 4.504561299887724, -4.527141590447169, -1.5686653048748884, -0.96650272695133, -4.9329749755646, -1.9183893505010974, 5.019984841400717, 7.2676398834909675, 4.793554692378118, 1.8509092761040713, 5.45501215484504, -1.3377952023551924, 1.6705806351143058, -2.803397736991432, 1.951009163792331, -4.961729698446913], Energy: -41.01406607213403
Eval count: 367, Parameters: [-1.7350754952983056, 1.5462114172871035, 3.8127634259311436, -4.6260440124694195, 5.096154883680178, -2.023629346903741, -1.7150285020149576, 1.9006030958365094, -1.6170103079702167, 4.502155948625108, -4.529348849289127, -1.5727274575297638, -0.9728753199018619, -4.938743124552482, -1.9105748031896863, 5.008317191914798, 7.271646730029916, 4.790889232407642, 1.8616667387319215, 5.461697519168512, -1.3312624737376428, 1.6737833474635877, -2.7872999922897517, 1.9490464880621372, -4.959630398561002], Energy: -41.010306151057705
Eval count: 368, Parameters: [-1.7673751936986346, 1.5232355251681506, 3.804642045395606, -4.629536538425565, 5.093733571115782, -2.035119322960997, -1.7103689229269499, 1.8909776157382003, -1.625066565000587, 4.507097964938051, -4.52217787551285, -1.563279330365372, -0.9767492371345862, -4.904833336448449, -1.9057451796148035, 5.013690168979539, 7.2918096104104455, 4.80595693790909, 1.8392889328176683, 5.4584371121808735, -1.3301030742684656, 1.6873994011596471, -2.8018876097110685, 1.9528258506277392, -4.964850372287832], Energy: -40.992484845582
Eval count: 369, Parameters: [-1.7460486500438315, 1.5365683837539963, 3.8103209159149016, -4.623515708177936, 5.1042531639020545, -2.024261878487262, -1.7133516844407348, 1.9009725227520178, -1.618699410640382, 4.498701771943455, -4.5280001925468465, -1.5624612929223034, -0.96944563504974, -4.937460689243713, -1.916519261746143, 5.028214399741501, 7.26506305878071, 4.796808023967358, 1.8580596853241274, 5.44613070818928, -1.3478388620339095, 1.6659848900093155, -2.7972029299319634, 1.9648166118985255, -4.968332529473717], Energy: -41.01125590205913
Eval count: 370, Parameters: [-1.731893108125746, 1.5266362052161206, 3.7989770475779987, -4.628244011080199, 5.085650130861796, -2.0028945274918986, -1.7149782106234193, 1.9066356298091112, -1.6160713949739325, 4.5203229130144145, -4.533908370112683, -1.5757991998125063, -0.9654035070514504, -4.950057153179847, -1.9055603845247537, 5.022666879444725, 7.268081710107319, 4.804555622534266, 1.847839144133794, 5.419261433276099, -1.3343050599673039, 1.6797443714771383, -2.809306154883793, 1.9377370642031133, -4.945803028561704], Energy: -40.998738656956505
Eval count: 371, Parameters: [-1.739014113129395, 1.5406553427726803, 3.8105046270401126, -4.634394548169659, 5.0873391773271655, -2.03026774692317, -1.7168189214486682, 1.8948910207350407, -1.6303877003056457, 4.514964098640551, -4.529292567781237, -1.5608864546747574, -0.9661646152903519, -4.9403129826177485, -1.918906655164351, 5.029400043428925, 7.257922260595339, 4.790379670255533, 1.8429631341977295, 5.460830078004589, -1.3357908552479356, 1.6750447623111122, -2.794499539464903, 1.952372725850135, -4.961970759517586], Energy: -41.0036955775671
Eval count: 372, Parameters: [-1.7276952422136287, 1.5360065548187734, 3.796446606343544, -4.612075961404813, 5.09774264198772, -2.0331962076508634, -1.6915346763716432, 1.9077429817770366, -1.63022307021585, 4.514489579540145, -4.50326805031463, -1.5615718597150643, -0.9557491824516569, -4.929614793145134, -1.9032182219594405, 5.027145102164627, 7.263072108110864, 4.7788464762962946, 1.8696468189654094, 5.450442905223206, -1.3274024394416908, 1.6689566821662771, -2.8027612112026405, 1.935638411191711, -4.9888453942364], Energy: -40.98963670659583
Eval count: 373, Parameters: [-1.744990937049389, 1.5432650986936651, 3.80958301608739, -4.62437128772195, 5.105410579109474, -2.0124876105944893, -1.7111213875730655, 1.900114392902572, -1.629039362085912, 4.50453106761202, -4.529995097496195, -1.5634538015329558, -0.9647376769676504, -4.935267443809777, -1.9209529366579325, 5.026756963583304, 7.276900425214267, 4.774083918482103, 1.8531679367498386, 5.4564801326736445, -1.3393205229041278, 1.6818937700311563, -2.804514353115179, 1.9485519691166642, -4.956740063865758], Energy: -41.01204780743711
Eval count: 374, Parameters: [-1.743690081960508, 1.5374129953797426, 3.8147920050611757, -4.635596960967367, 5.09854883104307, -2.005039219750493, -1.7045145756993512, 1.894832817991578, -1.6439096175167365, 4.513815408728625, -4.5277304126518905, -1.5961463976000383, -0.9500075535456715, -4.938673816342836, -1.9171750177360047, 4.994842786016216, 7.260637676037878, 4.788758257497477, 1.8506079117337553, 5.457123739614905, -1.3473922588932468, 1.678512823453555, -2.805048267698909, 1.9771224008038712, -4.980125639393265], Energy: -41.00668451765614
Eval count: 375, Parameters: [-1.7299597264818327, 1.5452582040433571, 3.8061791124304785, -4.6216480524151935, 5.091443478530029, -2.017401027692099, -1.706543353479017, 1.910811550554948, -1.6310727239404046, 4.505199146391604, -4.5412201810524575, -1.5714571443304128, -0.9663975880211824, -4.923100404622395, -1.9158535340225593, 5.028083485617094, 7.2748787017217715, 4.796282508258069, 1.8468365768077775, 5.458712710686572, -1.3374178694780396, 1.6656796872729978, -2.798209239270968, 1.95607377787703, -4.965203337985844], Energy: -41.0109879601207
Eval count: 376, Parameters: [-1.7199539391294827, 1.5460029550833303, 3.807380962141355, -4.6114149368651, 5.098547610381598, -2.0439553966809716, -1.7242877286228666, 1.8966363088281453, -1.61645766786412, 4.514308205533102, -4.521547913357914, -1.578584766772845, -0.9810435480153402, -4.940465895942641, -1.9260189715683325, 5.01375846752655, 7.283287583110053, 4.776264953043253, 1.8410928379907094, 5.452353619037153, -1.3364684264030309, 1.6624347173202376, -2.8289995354041815, 1.9745114181285495, -4.955692254613865], Energy: -41.014127461616
Eval count: 377, Parameters: [-1.7192460767709716, 1.5327605712524062, 3.814314810221937, -4.602244306657797, 5.091708655025892, -2.0404474543316637, -1.7286614060537275, 1.8965878905364382, -1.6268275827015133, 4.511916320288834, -4.51887067971086, -1.5770861574218917, -0.9827693368920983, -4.941156748873083, -1.9311762387343283, 5.01483468747329, 7.280735725283197, 4.783229261200087, 1.8545478726557398, 5.461144072356228, -1.3336849023863837, 1.6612501108437512, -2.8364759093006233, 1.9748410365368636, -4.94807956913128], Energy: -40.97935107855676
Eval count: 378, Parameters: [-1.712509124524341, 1.5385443487337331, 3.8052919501078297, -4.612675709007088, 5.105734300130328, -2.036634781276355, -1.7316628827568712, 1.888040989112312, -1.5952780938855284, 4.527234523929837, -4.549358917443914, -1.5485326115641558, -0.9656271476363113, -4.936635550207261, -1.9271322063522283, 4.992126151718608, 7.284408489746501, 4.773362666543411, 1.8405878099228845, 5.460384117682902, -1.339477807281272, 1.6530067097992835, -2.8399551891211066, 1.9703741472025433, -4.9709381058983295], Energy: -41.00026828556423
Eval count: 379, Parameters: [-1.7240012321275564, 1.5488832906955696, 3.8178763831569396, -4.613520754718452, 5.088959309023925, -2.045291780008099, -1.724851243564843, 1.8858541873352084, -1.6180811791645255, 4.519936024376568, -4.522116296056374, -1.5831345426241559, -0.9776735620657495, -4.941126690562963, -1.9231623891997058, 5.018023830053118, 7.296197861961802, 4.773082732115151, 1.8466597969188807, 5.448401480185974, -1.3460121010960506, 1.6498157320244546, -2.8274727637653223, 1.96720880956087, -4.957725411560454], Energy: -41.02198156430467
Eval count: 380, Parameters: [-1.7172531510616864, 1.5740031345912084, 3.8156509240229974, -4.61894444567925, 5.109058242765354, -2.050892343336393, -1.7567892558676261, 1.8867292182182098, -1.6325011186918033, 4.522618639035191, -4.520805851719447, -1.587886209223362, -0.978460726112877, -4.920386171218636, -1.906818498017352, 5.015548506153275, 7.286364569816914, 4.775732457954627, 1.8484364004284477, 5.438420854757656, -1.367000244108556, 1.6522089098522115, -2.82967545263273, 1.9557296671899107, -4.955195458675423], Energy: -41.039288702937085
Eval count: 381, Parameters: [-1.7217788579591908, 1.5682897447313104, 3.8222441628458435, -4.616173190426242, 5.114930376378496, -2.0611813198927185, -1.7597613755487458, 1.8924851633213027, -1.6249320587628318, 4.524798928902213, -4.527821067649719, -1.6019386432032374, -0.9702128027611318, -4.916192262811389, -1.9194971151945621, 5.018921527150623, 7.282046479172192, 4.775989373853064, 1.848955840987851, 5.437567884832926, -1.3646475025578937, 1.6548720390296983, -2.829206321695366, 1.9464750361553989, -4.957498107453573], Energy: -41.02618275833976
Eval count: 382, Parameters: [-1.706207413160524, 1.584736682220514, 3.83026797620575, -4.634846848203095, 5.11784616985401, -2.054832196619195, -1.7388417972645223, 1.880902942457929, -1.6297059174057578, 4.497447822667812, -4.518292973701222, -1.5863806689093032, -0.9738989600213305, -4.91451143116626, -1.8935683317239838, 5.009258063990701, 7.285222976297986, 4.758087987982415, 1.822954128535694, 5.421609912037363, -1.374545282443738, 1.6372731898014152, -2.820982832192721, 1.957277465014011, -4.940006227582456], Energy: -41.03580789914366
Eval count: 383, Parameters: [-1.7124966183441568, 1.5684473046279304, 3.8212006685174913, -4.625593867997948, 5.122909198917139, -2.0408940090179444, -1.7643766358163813, 1.8843113982352804, -1.6323954416647595, 4.526334021339782, -4.5129397967666955, -1.5906973028700955, -0.979996912896063, -4.9215119319654335, -1.9059728962382516, 5.0230962771370145, 7.291493574099501, 4.779466376820432, 1.8430892637533494, 5.441983209347922, -1.3545715886248793, 1.6433762638964042, -2.826977747662548, 1.955502008156012, -4.9603505803474], Energy: -41.016111787833324
Eval count: 384, Parameters: [-1.7211348570547902, 1.6016424597173016, 3.8158346108802537, -4.611404256081679, 5.114158853850298, -2.049299855357364, -1.7392537872726466, 1.8667948270099657, -1.6384072385246122, 4.53072725356469, -4.5402903273646364, -1.5895077503475068, -1.0123958712731609, -4.923338520737391, -1.9151195789725297, 5.0154740010173, 7.281780477016393, 4.77626344008926, 1.8504321561098875, 5.421186385146299, -1.3665134394594043, 1.660883761478445, -2.827622963852699, 1.95349334296855, -4.969953415015606], Energy: -41.0421393657258
Eval count: 385, Parameters: [-1.7186457234647987, 1.6091616608290384, 3.830138853021361, -4.613774808725581, 5.103906207534195, -2.0424821612254043, -1.7419176122287483, 1.8689999658670933, -1.626689521367865, 4.52614588458578, -4.534759127384483, -1.588360505578353, -1.0125530291990987, -4.917233872203609, -1.9127443502557377, 5.020767050873226, 7.278255031323206, 4.7769117989645835, 1.8504708222719182, 5.421185574021861, -1.3646515358264886, 1.6708647814274407, -2.8373053480048993, 1.9556469057852248, -4.977988524301588], Energy: -41.011061890913254
Eval count: 386, Parameters: [-1.7276165408362103, 1.6202996322821623, 3.783001493271015, -4.593851921516647, 5.1063750682943745, -2.0414746065406786, -1.7468220524494982, 1.8586464612404763, -1.6311300037032557, 4.527238988049077, -4.5274839216884315, -1.5936267338987526, -1.0024104751254819, -4.928076854314799, -1.9307605759565942, 5.009784205022808, 7.290504175078005, 4.7762973441352194, 1.8361776276314095, 5.422230328371717, -1.3875270068366257, 1.6562264408275873, -2.8054908654899617, 1.9517489812048174, -4.968290915736796], Energy: -41.05228155168339
Eval count: 387, Parameters: [-1.7255769082407226, 1.6132414328990357, 3.774613375810027, -4.585101665389311, 5.103520980308026, -2.0424782290910724, -1.7507558816241238, 1.847283112668814, -1.631487161174628, 4.517369210922277, -4.531877956858523, -1.600606543653312, -1.000454475215445, -4.927840235982019, -1.9178814722299764, 5.016102071648102, 7.284617348400438, 4.766649758441528, 1.836077230825066, 5.422763222954724, -1.3820934911596219, 1.656492857562379, -2.806879808937661, 1.949114490373307, -4.977245269265884], Energy: -41.04671713820443
Eval count: 388, Parameters: [-1.7192103822149987, 1.625091475149802, 3.7691871462183006, -4.587328027920182, 5.111293878283026, -2.060144364740339, -1.7239097727203785, 1.8759889530626779, -1.640206914271045, 4.546679313261284, -4.50401447561818, -1.5833893159263666, -0.9940032510764516, -4.926889688280463, -1.9199474776358054, 5.005178433542478, 7.292324233171197, 4.762003852600215, 1.850540146755852, 5.410531288010292, -1.38968908177486, 1.651678995511004, -2.800488272641302, 1.940924505537609, -4.986628308946747], Energy: -41.05018933159391
Eval count: 389, Parameters: [-1.738321786805525, 1.6274806567895461, 3.783675776831997, -4.5915323925353055, 5.101956970679448, -2.044165616127713, -1.754419772280794, 1.8596044470848536, -1.6382040155941815, 4.522946001924127, -4.52852072946355, -1.5880128680573105, -0.9940650331637814, -4.9253548930738535, -1.9333409220975526, 5.004251695005791, 7.293683733845324, 4.7768563523316505, 1.8364713627209004, 5.410421566064507, -1.3696314672277616, 1.6524329420430273, -2.8053984239204826, 1.9559818351576945, -4.9694080806842695], Energy: -41.02924302785374
Eval count: 390, Parameters: [-1.75016933987282, 1.6023676779133336, 3.773104263026028, -4.599778369646654, 5.1077610134974885, -2.057166026277043, -1.7416074467717342, 1.8515156615052917, -1.6294419202538757, 4.5341133252334895, -4.525691216452324, -1.594210266914677, -1.0185685199966172, -4.903928519901005, -1.9137711864466673, 4.999681882011245, 7.315148990320871, 4.784457289189137, 1.820629152840506, 5.425568075058532, -1.3981178677298542, 1.6728133611113298, -2.8024060379008424, 1.9529479962410088, -4.966521197161608], Energy: -41.07676012511206
Eval count: 391, Parameters: [-1.754989203202137, 1.6094654230541365, 3.7812358165222166, -4.584784010144032, 5.11468557565096, -2.059717401785788, -1.7369129214982109, 1.8506258910156914, -1.629367564319523, 4.538549324979097, -4.5268383773793754, -1.5933229996095575, -1.0100096941600996, -4.91336258542573, -1.9016520537116883, 5.0017671088158675, 7.3156886982125435, 4.793564859567238, 1.8133697903867545, 5.431539471924038, -1.3977454503449114, 1.6754903582886604, -2.804813247685884, 1.9533491069101974, -4.9627012460899005], Energy: -41.05834480136815
Eval count: 392, Parameters: [-1.759554913119243, 1.6076083495048938, 3.7605334936986745, -4.620043509482561, 5.1070061363279855, -2.0665543297201925, -1.7441898288578532, 1.8693296001867605, -1.6384935598763335, 4.51307259366452, -4.5333147280548785, -1.59735669610837, -1.0290348385512862, -4.931320832254329, -1.9120695697278474, 4.994788595205521, 7.327070150676879, 4.788915173242155, 1.8138683952596149, 5.434869549934595, -1.4100577450469742, 1.6671928469157689, -2.8199920427059113, 1.935532324679623, -4.982299666126296], Energy: -41.06704651764244
Eval count: 393, Parameters: [-1.7560074713622205, 1.6125435849718637, 3.772031232424271, -4.604262731035903, 5.113071380223457, -2.065375455507098, -1.7371202962242924, 1.8462671217573545, -1.6299066489542036, 4.529473171854147, -4.524623632301933, -1.5931657163086574, -1.0163829823124866, -4.895912146995969, -1.9174145994162501, 5.003763093948403, 7.314146459358706, 4.780498452708685, 1.8279038224862676, 5.444662898187358, -1.3964930104069884, 1.667442768939633, -2.802667467532471, 1.9618697907067357, -4.968987820059025], Energy: -41.04184621745935
Eval count: 394, Parameters: [-1.750997439805071, 1.603041082661409, 3.7454008650145214, -4.619953256550424, 5.10433369572021, -2.0502852676191434, -1.7364251105960802, 1.8525380685587498, -1.6144691121960424, 4.553217320383864, -4.538514565561213, -1.6087455110505395, -1.0168994383197867, -4.910779500306456, -1.898394157903877, 5.007385262708536, 7.316048069602407, 4.7860916725111435, 1.8327972138096849, 5.40630200243648, -1.402581826495523, 1.673358035075379, -2.8079148092991826, 1.9572522576256557, -4.9392922148362475], Energy: -41.05059535601072
Eval count: 395, Parameters: [-1.7640471733878735, 1.601505792163747, 3.7754458207955115, -4.597555677047786, 5.105196268934975, -2.0478580267094353, -1.7412304597519073, 1.8587508287059311, -1.6299256434040696, 4.541646949732417, -4.523818310255585, -1.601349554681466, -1.0241504685276248, -4.901787690948682, -1.9098275102368165, 4.990928383652497, 7.3029649528495755, 4.776034742216463, 1.8156101174714951, 5.429091209447627, -1.3997548439762244, 1.6620811815736505, -2.8051286051099726, 1.9547706775252278, -4.9679786355184214], Energy: -41.070422732433485
Eval count: 396, Parameters: [-1.7423493223694193, 1.5959682084955311, 3.7785913716967343, -4.611600929169832, 5.110349053893209, -2.049433309329466, -1.7383279610122555, 1.8435593972361959, -1.650661895596087, 4.5390371867592885, -4.528757599813664, -1.6164012465450137, -0.9989787452048023, -4.912972109119844, -1.9157485755194597, 4.9781378439421164, 7.318286267659535, 4.783642986861264, 1.8212528312989487, 5.421963486805969, -1.4116693930928865, 1.6916571363667017, -2.7977499364623615, 1.978935240911822, -4.984524025644516], Energy: -41.1125286943697
Eval count: 397, Parameters: [-1.745228888433224, 1.5976644035677152, 3.781061148270185, -4.6170726925980246, 5.100810147626917, -2.058865924997589, -1.7415674519540596, 1.8455586769602856, -1.660744378632935, 4.542719245440985, -4.520909879209996, -1.6212793622736688, -1.0041272572199127, -4.9197025514498245, -1.9156179738139052, 4.991928845998795, 7.3114243528208975, 4.781350115932158, 1.8142331786250327, 5.422670004609772, -1.4093828123014849, 1.697912228416248, -2.7879139449853794, 1.9818551952688321, -4.97999189058886], Energy: -41.107718397568874
Eval count: 398, Parameters: [-1.7308629221200653, 1.5838419136680544, 3.7781359228992963, -4.620874678061062, 5.103215484874901, -2.0571405024171887, -1.7521087828407427, 1.8330827158002885, -1.6487298106795905, 4.561563053034093, -4.552214364643293, -1.5852071781168409, -0.9941259882686617, -4.918542953525345, -1.9183292416816682, 4.965498234736838, 7.30935222708691, 4.774025532051873, 1.8043646867275611, 5.4255083815621745, -1.4257310244889678, 1.692730670168398, -2.787565735415659, 1.9744637822164448, -4.993632959919434], Energy: -41.12791421031335
Eval count: 399, Parameters: [-1.7338235396009039, 1.579531344181723, 3.7733661803804748, -4.620811513747184, 5.104252369090303, -2.0547501437692315, -1.746299827783433, 1.8284063733499902, -1.6577865340084663, 4.563565663714652, -4.549797937397363, -1.5808720931917803, -0.987771033923533, -4.91277920544342, -1.9265522618636426, 4.977292152747258, 7.304868378306549, 4.777670515931993, 1.7952474844230866, 5.419844484311447, -1.4319409395704272, 1.6895319167407252, -2.8040320499883475, 1.9761150093486204, -4.99498132899833], Energy: -41.12296988830525
Eval count: 400, Parameters: [-1.7153668193897251, 1.5595854020126163, 3.782272701983551, -4.6053468626366705, 5.0970654931265145, -2.0540604074433557, -1.7531674737501588, 1.8277279126381376, -1.6748341835010057, 4.5542272582405525, -4.549009735884247, -1.5865386573220652, -1.010940796063575, -4.917025713599856, -1.9251064249855687, 4.944330715319024, 7.311921984857787, 4.778845383529718, 1.815462568052794, 5.418905917526085, -1.4498425720223966, 1.6967390968157527, -2.7791964027041463, 1.9646261335152804, -4.977656902541554], Energy: -41.143791135829986
Eval count: 401, Parameters: [-1.7230184376228133, 1.5565695663077466, 3.783758378275656, -4.611157509297995, 5.104945388787685, -2.0567325230880975, -1.756519273840519, 1.812625782356478, -1.6688039876026854, 4.5545359788952915, -4.534040230064113, -1.5839774493501562, -1.0112233335662129, -4.927182624495696, -1.9277048759561748, 4.9375135325873645, 7.305449057771942, 4.777209131555712, 1.8194216157516596, 5.416184235721854, -1.4482716110852232, 1.7006951482978299, -2.7838636131048666, 1.9593565762268497, -4.975310172146377], Energy: -41.13687197972291
Eval count: 402, Parameters: [-1.6980341938502972, 1.5454460758571609, 3.7814509723218417, -4.613964516742742, 5.121134725100164, -2.032169437184568, -1.7635149404572619, 1.823945444718175, -1.6816332985068916, 4.568561549763828, -4.539294654149334, -1.5943789962627473, -1.0236741830076588, -4.9175596456365085, -1.9254952807352126, 4.950560264643516, 7.331843218848182, 4.786893130904908, 1.7994151389818696, 5.416928821177996, -1.441161168542963, 1.684125323014408, -2.761786380174336, 1.9602873303346975, -4.993863553566628], Energy: -41.12276900757513
Eval count: 403, Parameters: [-1.7051371557596808, 1.565116104484888, 3.7759241623281983, -4.606522044392006, 5.0944570807315745, -2.0530281212423658, -1.7500070265960264, 1.8266893092305145, -1.6794240367004258, 4.558514133419997, -4.547619172870396, -1.591504922282582, -1.010391260458248, -4.913195523051724, -1.9283579560249204, 4.934828984121608, 7.311194272500891, 4.775569537298814, 1.8062570192371978, 5.428274776123734, -1.4372505367706245, 1.7046266338188443, -2.787338362921323, 1.955950467556803, -4.970395540011279], Energy: -41.12399653518139
Eval count: 404, Parameters: [-1.7054003790227086, 1.5511113427207033, 3.7655186437088584, -4.593323835486875, 5.119323029760219, -2.0638401163281666, -1.7601089605160567, 1.8487438975278274, -1.6651990770240144, 4.543697297845251, -4.547337649263818, -1.5787898550381392, -1.0271542614818754, -4.9216461341965125, -1.9309241885640596, 4.937324099817011, 7.296763209253503, 4.777372992388637, 1.8045026372494535, 5.411574569128105, -1.4488216696022125, 1.7115108353747914, -2.7831143515582273, 1.9955194387830502, -4.977004984728149], Energy: -41.11760661366304
Eval count: 405, Parameters: [-1.7184865239821525, 1.5607497181437189, 3.7867097688677194, -4.600317959854944, 5.101582884671256, -2.05103912395432, -1.7586284906581868, 1.8291387647474089, -1.676955130444471, 4.557626183777438, -4.550383452685439, -1.5852086180877965, -1.0118873063491152, -4.920844924059927, -1.9284097929527404, 4.949811087189058, 7.326375998108824, 4.757271479443007, 1.8164893710638381, 5.418715795103424, -1.4530059953730947, 1.7019979349619472, -2.785535752268507, 1.966088240542096, -4.972405000647296], Energy: -41.1524033212973
Eval count: 406, Parameters: [-1.735405832007332, 1.5566787125288126, 3.780222016761312, -4.608580550736866, 5.116172140939762, -2.024106880680292, -1.747379386329878, 1.8401233271214008, -1.6870960744242176, 4.545441455127068, -4.557617977137583, -1.5692121101089118, -1.0024802995724826, -4.916317010025689, -1.9267383718832316, 4.956274988191221, 7.314598264889052, 4.752950265021687, 1.820638569264207, 5.4220801311954725, -1.4524329088895633, 1.7291836423386462, -2.7654377792666494, 1.9498790604641196, -4.970800181223116], Energy: -41.15840791397363
Eval count: 407, Parameters: [-1.7409215936630857, 1.5476645177252981, 3.7732476793398426, -4.600938460469629, 5.107214943415491, -2.0195858073615325, -1.7481082848237277, 1.8415752238192775, -1.6865184645169815, 4.555542804034387, -4.5578761100767915, -1.5666513786453358, -1.0056200064433733, -4.923867638228657, -1.9339211483879375, 4.959005262358819, 7.317829140584922, 4.760072889659911, 1.8313282291492898, 5.431642997032552, -1.4451393823923075, 1.7347934219172512, -2.768854568734894, 1.953059984803062, -4.977602586105396], Energy: -41.131426222247455
Eval count: 408, Parameters: [-1.7355234038836111, 1.5380786421932289, 3.788833398842741, -4.61122774940217, 5.103480359250769, -2.0232540180615364, -1.7073692335145363, 1.8354175441302267, -1.6732013763572233, 4.531089566994935, -4.560251670750201, -1.5671260709021908, -1.0006169707810055, -4.931073032524673, -1.9367778030734315, 4.952222874300704, 7.325770464209422, 4.739300575740677, 1.804037200498715, 5.41563398461501, -1.4466151775247316, 1.720797585533905, -2.7530674613124457, 1.956564395347166, -4.966874034376884], Energy: -41.16798492069955
Eval count: 409, Parameters: [-1.740878389602578, 1.5312551951008482, 3.7894285829288448, -4.6073629890749785, 5.113146910630189, -2.035354802751736, -1.7082185925985676, 1.838906584112188, -1.671005835083327, 4.535289312856985, -4.5698733051411216, -1.5806866605334333, -0.9946038296333165, -4.92969048978789, -1.9498731154561482, 4.953301764907461, 7.3228982614037355, 4.7393148206488345, 1.804604027593491, 5.413980232454079, -1.4451281121671988, 1.7198434962675548, -2.7487861239065747, 1.94703469112914, -4.96664240324781], Energy: -41.158753404751394
Eval count: 410, Parameters: [-1.728821083635864, 1.5412058458157718, 3.8117526619052478, -4.6150845389521535, 5.085183278896075, -2.01694012986168, -1.7114098434701595, 1.8412634042560148, -1.652274696677295, 4.524773749379967, -4.553549128059844, -1.5734570550916227, -0.9974774037019976, -4.915770113331553, -1.9364550588288634, 4.952065335654664, 7.330104474148892, 4.73392921557557, 1.7984451152559655, 5.397710823846597, -1.4744667325038252, 1.7431295531454973, -2.7527174959387537, 1.9467433882670857, -4.9844268173416095], Energy: -41.20675421110576
Eval count: 411, Parameters: [-1.7453649861600276, 1.5465543409623599, 3.819608494729052, -4.617088713938847, 5.0711308371917525, -2.0190003127092098, -1.727572276346255, 1.8419359333409577, -1.6680911193577634, 4.512993844493416, -4.5588184398934475, -1.5617867395278777, -0.9845662189214164, -4.906301292050941, -1.9357697733631696, 4.933480722984336, 7.3456590058084, 4.731550920999954, 1.7945025974056854, 5.360224960867883, -1.4617425034434364, 1.7417422781648788, -2.744963222427684, 1.951117938873586, -4.9873058709436116], Energy: -41.21443970300675
Eval count: 412, Parameters: [-1.7472774280083172, 1.56047552021168, 3.81934674602635, -4.613896654947232, 5.073716155388798, -2.0180163963793847, -1.7186734316593153, 1.8319283435798546, -1.670659027014524, 4.517434690993338, -4.569070203227212, -1.5629789510350554, -1.0013804912266733, -4.907991252502066, -1.939495430311058, 4.933838079035178, 7.343159370476817, 4.731864704316051, 1.7959948228251479, 5.351394722003054, -1.4613630766789667, 1.7460041288886863, -2.7442713875193414, 1.9502949362893607, -4.9938956967253425], Energy: -41.223797578257006
Eval count: 413, Parameters: [-1.7424333400119036, 1.561044128046602, 3.8050416054446474, -4.63588186160441, 5.068070882857578, -2.0092636566950386, -1.7132074757951594, 1.8290137902924213, -1.6600073765513674, 4.529520219760852, -4.585253973323762, -1.5746441966175178, -0.9976008992001087, -4.9117166478366725, -1.9204961700623508, 4.9369091393684625, 7.348160924111816, 4.7275180599090705, 1.807623536311719, 5.32493574969369, -1.4845508984186135, 1.7485063499686742, -2.7420979356696606, 1.9544216149452396, -4.970515267666135], Energy: -41.23993637991521
Eval count: 414, Parameters: [-1.74622756686192, 1.5718204409118135, 3.7890921479698134, -4.627697348557531, 5.064860846456534, -2.005937125158739, -1.7167473330618983, 1.823916437110813, -1.6562564304426453, 4.526943358743724, -4.579085399010474, -1.5766572612608694, -0.9922013208174422, -4.91301528180544, -1.9292085549122546, 4.934889008203499, 7.351908842352912, 4.7270840045461044, 1.8016052771326543, 5.32817601939476, -1.4944754079422289, 1.7453592766636203, -2.731122789539398, 1.9551258346056615, -4.969600716948474], Energy: -41.24711535805153
Eval count: 415, Parameters: [-1.746602290208342, 1.5845319417313521, 3.8035889722894454, -4.644923597884997, 5.066862622787664, -2.0138489117815532, -1.7084282904803538, 1.8074311278774837, -1.66170066941706, 4.513153773647066, -4.584860170080364, -1.5719376245665553, -0.9930743758110122, -4.88896707092453, -1.9316515936601333, 4.9318956671877086, 7.359486683524508, 4.710283717401365, 1.8140600837520604, 5.338132189973217, -1.5243846796271403, 1.7429514149971723, -2.7168127620481197, 1.9698019064780776, -4.976396352804826], Energy: -41.25069741168386
Eval count: 416, Parameters: [-1.7511063842445136, 1.5829012922973458, 3.8113366406592055, -4.647527755180286, 5.06494388017024, -2.0046016747426743, -1.719446315860139, 1.799148129991753, -1.6571561277716673, 4.504061909272785, -4.596498996483635, -1.5767394606936056, -0.9967487102816223, -4.890243722827193, -1.9368022235308024, 4.934132010556599, 7.3587454385194, 4.71831998866321, 1.8064819756103732, 5.344322309637372, -1.5234435985521269, 1.7453288750401073, -2.7194230144618774, 1.9753235201574266, -4.966680429500367], Energy: -41.2276278835007
Eval count: 417, Parameters: [-1.7489486494510762, 1.5982015451446905, 3.822279751151045, -4.6188334848383334, 5.076695098344337, -2.0197912681090235, -1.693805087710488, 1.8064438334094426, -1.6667521559715703, 4.521888403632647, -4.585158852165683, -1.566478521865446, -0.9766411040728279, -4.903899520242143, -1.9032506604768977, 4.928114801867734, 7.367832813535933, 4.718873373585421, 1.8016462948833236, 5.333184679270598, -1.5458586294956862, 1.7505458886531333, -2.71109785951324, 1.9655728018346816, -4.976215919421888], Energy: -41.260182758522035
Eval count: 418, Parameters: [-1.7517897338240918, 1.5879541444431207, 3.8124893114445784, -4.612020196642177, 5.0743583381248225, -2.023997705005187, -1.6963345829564558, 1.7944939500121477, -1.6667276992224411, 4.514243089401273, -4.588827778963376, -1.5730243500014005, -0.9782213248182854, -4.898629728590847, -1.8878432822265458, 4.931815855733574, 7.367570865182402, 4.71170150884703, 1.798301031554802, 5.334373402882857, -1.5430736788990596, 1.754261196653188, -2.7117307793120364, 1.96339903681527, -4.984086666118444], Energy: -41.25486990515844
Eval count: 419, Parameters: [-1.721912587312361, 1.6095260608733737, 3.828374809052797, -4.609375837007306, 5.07057855001556, -2.0059803696779683, -1.698247918954942, 1.8046356967276207, -1.6720464302831155, 4.507780688958215, -4.589602678988578, -1.5685805290355415, -0.9606942064440117, -4.923700217428108, -1.90630135864199, 4.93632813565144, 7.346298896766409, 4.698458473484403, 1.8163729472027117, 5.318731413984542, -1.5487516291137002, 1.737500480357759, -2.707418650058438, 1.9593275150953435, -4.9887697125541335], Energy: -41.24552675718712
Eval count: 420, Parameters: [-1.7442317326410612, 1.6008056273835587, 3.8158665881698726, -4.628227928286127, 5.077955612510761, -2.029179017738106, -1.6950592460279483, 1.8091124247652022, -1.670050144174119, 4.508955601642774, -4.589323575254429, -1.5633844941892658, -0.9773993496118117, -4.916072653678778, -1.9049742347759753, 4.931497471729374, 7.37997520086804, 4.7257658321734635, 1.8020162251994911, 5.334732990223503, -1.5496013363833117, 1.7548435524863866, -2.716420937776041, 1.9575525177267916, -4.981591218124396], Energy: -41.25951849880346
Eval count: 421, Parameters: [-1.7742680084863036, 1.5998697592642857, 3.8207496234092138, -4.628897228842558, 5.070811708005592, -2.010597146588338, -1.6925785334240786, 1.8286375071724212, -1.6746431955837655, 4.522054403378263, -4.586081534338615, -1.5779081673408981, -0.992156650437974, -4.914585816713403, -1.8945683437543785, 4.9076589027266735, 7.3591716409732415, 4.705427753913091, 1.7897545522353266, 5.337580346549083, -1.5651506563988151, 1.7316815675842632, -2.7212101872920513, 1.9567812186671913, -4.989591095907201], Energy: -41.28268259838529
Eval count: 422, Parameters: [-1.7725028433687857, 1.5990628669976377, 3.817652009137539, -4.622077882958019, 5.079687129493804, -2.002492498379399, -1.6898761248950969, 1.8277401106487794, -1.6621509455593333, 4.517859261129293, -4.593261690931785, -1.5703155652951923, -0.9897289296832427, -4.9069118907202585, -1.8944376628944795, 4.897139103648976, 7.36539061828759, 4.7077476844078205, 1.7964522906668154, 5.337366198717285, -1.5655988463679158, 1.7231939436585788, -2.7313132825830047, 1.9505865582116477, -4.9916296881732345], Energy: -41.27279461972739
Eval count: 423, Parameters: [-1.780622714105102, 1.6070150346395744, 3.8226803902005595, -4.6252742022294, 5.057963841383954, -2.0232983542218106, -1.6926390963683102, 1.839626088467892, -1.6657435322466965, 4.5222350285423305, -4.5760706823968995, -1.5567265709500688, -1.0168315082588328, -4.905477009969147, -1.8884117189367882, 4.927354453467156, 7.358667362098166, 4.6966808280118615, 1.783569740798786, 5.3257652246393485, -1.5747838498263518, 1.7196715415525634, -2.708351043840045, 1.9302652684924317, -4.973939841322605], Energy: -41.29661099054948
Eval count: 424, Parameters: [-1.7872673159793204, 1.61303469303907, 3.8270301630103423, -4.623422414620018, 5.056113239519954, -2.0171604935341136, -1.6851990521691076, 1.8392149262997475, -1.6699266174984726, 4.514574108579895, -4.5659236440045055, -1.572387245759803, -1.0161079414491467, -4.9019145914685405, -1.8861266373385321, 4.934043547540524, 7.366593654496687, 4.701668040962328, 1.7939113931375619, 5.325423824894287, -1.5699024049765837, 1.7155537413377993, -2.7111419483644017, 1.924829943196325, -4.969848867156044], Energy: -41.28195619951947
Eval count: 425, Parameters: [-1.7772904049960698, 1.6101220425969334, 3.8119397848582195, -4.616643221299738, 5.075357006338128, -2.0317019712361666, -1.6876277474831316, 1.8667841549581636, -1.6587210608000436, 4.5060733716613, -4.561765350351795, -1.5597649413328523, -1.0343530969238057, -4.903432675214677, -1.8877154440701904, 4.921967018605167, 7.352309056308008, 4.689937277625433, 1.7774620644865902, 5.30453889977262, -1.5855743051889115, 1.7357079374429352, -2.7077973477552724, 1.9575865237485732, -4.97315503004892], Energy: -41.32670920310608
Eval count: 426, Parameters: [-1.782214820586895, 1.601621139194765, 3.8033863774754217, -4.617419618591257, 5.076697676893425, -2.0277977226146153, -1.6747417978357586, 1.8595468512058921, -1.6778875988066992, 4.510321338287949, -4.555613862248418, -1.5498778100766755, -1.0237279099787202, -4.890774981182225, -1.902951989742305, 4.94312406284224, 7.344434446794487, 4.694384546697485, 1.7580627706527163, 5.287875861500915, -1.6051400285448625, 1.7308306746117499, -2.7370896296640415, 1.9611932577574238, -4.976787315375742], Energy: -41.32701965278454
Eval count: 427, Parameters: [-1.7713437429118115, 1.5879254940570373, 3.8048184878304183, -4.6139550441772395, 5.081427687713502, -2.020359011156641, -1.6782306286866284, 1.8559298095797465, -1.6899443047963363, 4.511570972796828, -4.551138429837304, -1.5525870097511627, -1.034015343955753, -4.8906156513906565, -1.9058022595600885, 4.936400909847413, 7.3509992026364745, 4.698551409675872, 1.7579189758606244, 5.28463365992696, -1.6120810183603969, 1.7288866922767916, -2.728916136636126, 1.9559274754424527, -4.97510320958542], Energy: -41.347027357670015
Eval count: 428, Parameters: [-1.764705545700628, 1.5916856930739578, 3.8044825321467495, -4.633607355243853, 5.103407219409696, -2.0071487189789092, -1.6827903404279119, 1.8609289373675266, -1.6815578900123587, 4.5284763795131555, -4.540415263337563, -1.5545969070765284, -1.0397784072561347, -4.889719436322796, -1.8986486553919186, 4.947234294493076, 7.368174855380424, 4.694023372510299, 1.7351284438334924, 5.272160550553327, -1.609662677960857, 1.7207031375867625, -2.710043295495372, 1.958940827853256, -5.000638395735157], Energy: -41.36186145103818
Eval count: 429, Parameters: [-1.7541070017700435, 1.5963575819177078, 3.800985238946421, -4.628509929325187, 5.095107967682642, -2.0042856412637216, -1.6785834171914558, 1.8748425109045754, -1.6887648570123792, 4.529599489991134, -4.5540875044150075, -1.5586533838027987, -1.0393303640222162, -4.878867551623496, -1.8972686475981089, 4.950534370455799, 7.374045119810458, 4.6944870494188145, 1.728353581971114, 5.27782123694751, -1.6069906579604674, 1.7195713093591474, -2.708324091370277, 1.9610525354010182, -5.000457657436588], Energy: -41.36004135249755
Eval count: 430, Parameters: [-1.7472734723330088, 1.600649951196048, 3.798126143367279, -4.644583998671018, 5.102316435763951, -2.0100401066431246, -1.674547324636439, 1.8579053656906248, -1.6890577131635414, 4.53833648436658, -4.521945855148861, -1.5569727357942735, -1.0476667263381267, -4.885171420738423, -1.9006950695621827, 4.916371618384041, 7.367918194639613, 4.6750970064240285, 1.7153225157032683, 5.264887299297633, -1.6145904598965208, 1.743263946526875, -2.7117862460393014, 1.941337552796528, -4.99141800657311], Energy: -41.37313141037038
Eval count: 431, Parameters: [-1.75183956206877, 1.5990459641170942, 3.8002707130020683, -4.63743626809664, 5.103838025335212, -2.0059161087744144, -1.6800251238862407, 1.8596387231339033, -1.6908564955060692, 4.544694684745248, -4.523299457230315, -1.5550036658556596, -1.0495644554636043, -4.891121156512763, -1.9060283594060834, 4.922391835864973, 7.382727163281075, 4.656716619005493, 1.719522158903634, 5.267589310181076, -1.6153968744889562, 1.7498491631368218, -2.71895723046013, 1.9437709052789591, -4.988482582710849], Energy: -41.37164666259366
Eval count: 432, Parameters: [-1.7499362509120946, 1.5852376706353115, 3.7889731419204384, -4.640630406041498, 5.081712001688757, -2.0086563183821626, -1.6668504162162214, 1.870369411322956, -1.69030693159827, 4.556653652066487, -4.513158975001305, -1.5471421059416988, -1.0641373167882573, -4.890982821822281, -1.9041057972074318, 4.905873943276021, 7.371875054091253, 4.6854335572444725, 1.7262317729861605, 5.2522852291802575, -1.6374577022112577, 1.7563947738215109, -2.693533703624806, 1.94861696501868, -5.01381318796715], Energy: -41.376631505337116
Eval count: 433, Parameters: [-1.7596273248169758, 1.581288937984988, 3.786031723181012, -4.6433728812329695, 5.091662240025221, -1.999534328955974, -1.6619140035544775, 1.8766840679870869, -1.6945198014630438, 4.552192934265937, -4.519532620262337, -1.5436776467010649, -1.0578287860873339, -4.888345678014227, -1.9072710069125052, 4.909297281447745, 7.365345394055102, 4.683435084425019, 1.728446749434135, 5.253407485843802, -1.6367537428006205, 1.769080074003544, -2.682706237772866, 1.9379612792563854, -5.012994036790339], Energy: -41.36965064890035
Eval count: 434, Parameters: [-1.7520880239859706, 1.5754372236922267, 3.7945662142230927, -4.633217354300891, 5.095145416045809, -2.042263432665126, -1.6713600252028122, 1.8767006828724035, -1.6843415122693766, 4.569073934512974, -4.525814740575568, -1.5760834959869647, -1.0597100184724317, -4.88733597371149, -1.925950606937795, 4.901695814927798, 7.372438935265136, 4.681484782386324, 1.7230748277076657, 5.237766813485761, -1.6479749427171813, 1.7473273263982343, -2.68575642851489, 1.9367921417733096, -5.015822930216025], Energy: -41.38600655903156
Eval count: 435, Parameters: [-1.7512181359772048, 1.584940838345404, 3.7931191594120426, -4.6323860955486, 5.0991543275894795, -2.0419166829249042, -1.6914774883496253, 1.879717623881165, -1.688621875241431, 4.575349177076745, -4.523710490060786, -1.577874056544416, -1.060243649184728, -4.878242640266134, -1.9209864450776373, 4.9036645721059555, 7.36748339239153, 4.687529999451557, 1.7305413039432833, 5.238757112458944, -1.6542041003399206, 1.7541475462053573, -2.691782533765632, 1.9323223683869046, -5.0198760905937565], Energy: -41.383722551810024
Eval count: 436, Parameters: [-1.753052999181082, 1.5790546181958318, 3.772573559318102, -4.633949706245738, 5.117889911774209, -2.0568036089118964, -1.6718769695734572, 1.8782194984780525, -1.7139915138819106, 4.580954771451095, -4.525404776397796, -1.5659060952495663, -1.0735306413528813, -4.896956933179052, -1.9169090676945, 4.892066469577265, 7.37149029635715, 4.676990084562131, 1.7249667419947983, 5.23419600542426, -1.6485601681269635, 1.7246998227532064, -2.67388953980667, 1.9500540746112958, -5.000717764451387], Energy: -41.34404898984678
Eval count: 437, Parameters: [-1.7590134697238253, 1.5726228847229415, 3.798299134268718, -4.63535687159102, 5.087663794443429, -2.0435900643628635, -1.6822158345770386, 1.8808132493716212, -1.690681496108596, 4.561938564553109, -4.524357650859422, -1.5702328478192786, -1.0473512076799267, -4.882314487850341, -1.9242184105866191, 4.892964285940665, 7.380582758059057, 4.680265575529697, 1.7206844880842078, 5.22378307204284, -1.6422338432317918, 1.745066764937241, -2.6824327124198937, 1.9391280932225983, -5.014651327175554], Energy: -41.383794190424055
Eval count: 438, Parameters: [-1.73777701819214, 1.5486387110304682, 3.795115407132988, -4.6406119277666065, 5.0955135776894345, -2.045572185937881, -1.6780437285571401, 1.8977042413035337, -1.6719132450716634, 4.566577791761144, -4.501349313009933, -1.5783759646472701, -1.0388818410738114, -4.886317888713653, -1.9167662476591951, 4.905495624099224, 7.372626631534534, 4.676104079466538, 1.7184082984785312, 5.260379841779053, -1.6684539591639778, 1.741686444470449, -2.684498883972793, 1.9372065418886493, -5.004951977229023], Energy: -41.35662780114484
Eval count: 439, Parameters: [-1.7565326788130666, 1.5832995070514122, 3.787404165743612, -4.619795898314979, 5.094623275938415, -2.0426869968324635, -1.675821306679319, 1.8738609490343652, -1.6850790727175493, 4.5631321721298574, -4.515827502259477, -1.5737106605535478, -1.0569319729498348, -4.88706811194013, -1.938774094947459, 4.899165882701279, 7.373576875069572, 4.682605059598674, 1.7147137286098966, 5.248981119052867, -1.6476835156373528, 1.7441444762166685, -2.6782789482959224, 1.9359468149072234, -5.022909936434031], Energy: -41.38629841713782
Eval count: 440, Parameters: [-1.751852932713341, 1.5722790640980533, 3.823841581411875, -4.613844904867134, 5.103357689895433, -2.0567283806407715, -1.671028366172532, 1.8841993955145464, -1.6982447215253773, 4.557953376826096, -4.508524784385077, -1.5610771218674122, -1.0752583577768637, -4.880614999897919, -1.941331594936472, 4.895910518624085, 7.366093271165054, 4.680844323060629, 1.7093404017227232, 5.255919012975889, -1.630208741250428, 1.74863761612473, -2.6883853025964566, 1.932129078661776, -5.047615917219826], Energy: -41.376145993912814
Eval count: 441, Parameters: [-1.7570681093210434, 1.5895099720762176, 3.7952305255065277, -4.628584752459698, 5.095472644647361, -2.045915256959334, -1.672527094028835, 1.8650018934871961, -1.6874412638001355, 4.555554326108365, -4.519607106791813, -1.5717295990596656, -1.0576515957721633, -4.875178897127289, -1.9403906244492666, 4.89784680234743, 7.377297053753182, 4.67485214997163, 1.7203358797163957, 5.254423404069579, -1.662520443133195, 1.7431281801539502, -2.6713474421523014, 1.94369022598026, -5.025545517691485], Energy: -41.391689625756214
Eval count: 442, Parameters: [-1.7591925920543283, 1.5907049042181296, 3.8124817118741166, -4.62706724932188, 5.090688424004438, -2.0300050915491727, -1.6889650137945886, 1.8566072232867874, -1.6756633243034489, 4.543712808906195, -4.533978417207099, -1.5814551522375844, -1.0816068078439256, -4.882876043569827, -1.9495240443187816, 4.895663278737199, 7.376365209693741, 4.685035617478604, 1.6905586645329587, 5.243777199752249, -1.6798919497602418, 1.7532490661937739, -2.667533501262078, 1.9501543528084746, -5.014718296976923], Energy: -41.39971086215331
Eval count: 443, Parameters: [-1.7531063008527166, 1.59919842501073, 3.8217011132315064, -4.613571167303145, 5.093135943244232, -2.028925127483835, -1.6840824464740969, 1.855499564459807, -1.679163317647412, 4.5435011280380255, -4.535340324535319, -1.5798522178408665, -1.0705843568541527, -4.894219166464515, -1.93819883644145, 4.896316690507082, 7.374172463360378, 4.683111845903283, 1.689196603920272, 5.237930928112005, -1.6895580811894637, 1.7530505993754955, -2.664193184362482, 1.9467065327955917, -5.01809263128538], Energy: -41.41170490496381
Eval count: 444, Parameters: [-1.7269080134150845, 1.6021380589297, 3.816772799894404, -4.618453418061119, 5.081783764495071, -2.0151483913845056, -1.6943915066884914, 1.856368828708779, -1.6794561768436016, 4.528056639822713, -4.536102695547636, -1.5852804830872411, -1.0740574780779237, -4.903034169072401, -1.9562353646174133, 4.902821360674249, 7.351876222983153, 4.6582208631677515, 1.7024884968109735, 5.220063005299823, -1.6880031975173653, 1.7402634486578636, -2.6605043193513076, 1.9426902007681481, -5.032343376045009], Energy: -41.41398431824814
Eval count: 445, Parameters: [-1.7319409621233153, 1.5982827728603461, 3.821921786935409, -4.608286276566643, 5.080243083408345, -2.0063550308194684, -1.693460854012495, 1.8522383169915606, -1.6761806335418126, 4.539941027919886, -4.532425325240327, -1.589162701700291, -1.073501137208077, -4.890301295378227, -1.9526136223267498, 4.899923987507534, 7.33979514531905, 4.650491891055937, 1.7017064014431422, 5.218674132516825, -1.6839438964525653, 1.7364599188441323, -2.6553008871370243, 1.9503788394866035, -5.027986072472719], Energy: -41.41095928199525
Eval count: 446, Parameters: [-1.7299324745182645, 1.5833736319937903, 3.796079674224333, -4.606814096990532, 5.077078231977932, -2.026520405259059, -1.698788824697118, 1.834894129812559, -1.6794396185319818, 4.51046075427596, -4.542667756169816, -1.5976190225880416, -1.0820977684444573, -4.896164759119452, -1.9266051088182674, 4.90943826132416, 7.35485674618563, 4.644292810530744, 1.6925078216040017, 5.217763529874227, -1.6882239225842968, 1.7500745324913622, -2.660924735145702, 1.9356845108982121, -5.051250838669789], Energy: -41.400126340616964
Eval count: 447, Parameters: [-1.7198762018514797, 1.602193463841025, 3.8196045245708947, -4.620253559118132, 5.077059397377551, -2.0242707452293596, -1.696826182462379, 1.8497169827372528, -1.6862344737456434, 4.531152854640308, -4.530405047315638, -1.5872105547652877, -1.070759449282933, -4.9052706952732175, -1.959199457870358, 4.9174751457773, 7.350064050748821, 4.660916594074324, 1.7013830985523604, 5.218772892053229, -1.6812984711398185, 1.7528654860207666, -2.6495778238883037, 1.9502450719298232, -5.026397171558244], Energy: -41.400451868055484
Eval count: 448, Parameters: [-1.7011748703211336, 1.60342029490992, 3.8153441610057155, -4.600137330701321, 5.0985273800543, -2.011256253977341, -1.6882860202128822, 1.8444129921902992, -1.6526561230555048, 4.524911406599185, -4.540669514421554, -1.5651707055964632, -1.0723651534970877, -4.885708106074038, -1.9655620052394365, 4.897261362868751, 7.3688361642362326, 4.668245190844799, 1.7117487808961722, 5.201835405958535, -1.6885393793087191, 1.745009365720277, -2.6617873168873363, 1.9382455291188518, -5.030225173605554], Energy: -41.37158331356392
Eval count: 449, Parameters: [-1.7211862517741963, 1.5963275111729247, 3.814033870813542, -4.620884397374898, 5.088380180751245, -2.0120469842519175, -1.6975575441458814, 1.8515828531810201, -1.6816798245660447, 4.531263260538553, -4.544978878697277, -1.5881242948671916, -1.0632248571439367, -4.908676762076817, -1.9599964959280016, 4.891055764836553, 7.348701862411577, 4.660030389868659, 1.7008427580617684, 5.225545259086605, -1.685748034234307, 1.747454613697803, -2.665113618351629, 1.9569977570952672, -5.041167408935445], Energy: -41.40413917820911
Eval count: 450, Parameters: [-1.7353538043249361, 1.6137047570962069, 3.8259288043806814, -4.617892748533159, 5.082810239236559, -1.9976408818774305, -1.6774274065351975, 1.8587774900676632, -1.6913192174700051, 4.5170345270079695, -4.516567649520455, -1.6272009738786957, -1.0755228672037345, -4.90491256269113, -1.9569945791406904, 4.898031203339163, 7.366750798270875, 4.6667622610168005, 1.7136633806910238, 5.211622203898039, -1.690500213031629, 1.7399840105395072, -2.666979031185522, 1.9435641311566352, -5.039136018806044], Energy: -41.41567765163387
Eval count: 451, Parameters: [-1.737834214436816, 1.6094365322278332, 3.8217057620281696, -4.618325636976831, 5.083391111221576, -1.9956445995420284, -1.6710076452905795, 1.8550172352446634, -1.7009426477703191, 4.519242765588464, -4.513564451083968, -1.62223970500073, -1.0701176945554676, -4.898591668061832, -1.9646195681982088, 4.908641859062042, 7.362844684020248, 4.669021599974847, 1.7039912683409635, 5.203396783369094, -1.700231413970237, 1.7374616411061643, -2.6816340345127476, 1.9452272765534857, -5.040956955326507], Energy: -41.41528371157608
Eval count: 452, Parameters: [-1.738336858948722, 1.614357144433156, 3.840931259568638, -4.629260969182621, 5.061299372939773, -1.9867216906137437, -1.6795320260910669, 1.8357611321468028, -1.6998517673323992, 4.538844619014468, -4.527220050573824, -1.6290329512588917, -1.0697114061338875, -4.91224460395534, -1.9600245916818468, 4.894875961682719, 7.374751844353867, 4.670060786927394, 1.7101563103491313, 5.222581466120038, -1.6943718285865392, 1.7235334784531864, -2.6628503218922503, 1.910947565603561, -5.048119708610702], Energy: -41.40266740472873
Eval count: 453, Parameters: [-1.7360596319614867, 1.6206121920156231, 3.825234929223751, -4.628923772169128, 5.091980470126579, -1.9938208616091655, -1.6784068622523112, 1.8625904519238354, -1.682718446129774, 4.524966823815736, -4.5128916386952085, -1.6272015919755365, -1.0745974173467836, -4.904526303369518, -1.9523943016052305, 4.905883652674673, 7.372860981019414, 4.6629807935332535, 1.7024025591719099, 5.206623581133179, -1.6867450094603074, 1.736637002388947, -2.660618432767149, 1.9469981396937057, -5.052432122571328], Energy: -41.411546496889116
Eval count: 454, Parameters: [-1.757681516648614, 1.6434266726780058, 3.8291281328254243, -4.618692345936477, 5.059303235704549, -2.014705847472995, -1.665121585644829, 1.8711434999205354, -1.6733375118452483, 4.513710724550647, -4.524061290534966, -1.628749754685364, -1.0717720790447915, -4.9135285688366865, -1.957373150273141, 4.89228683473048, 7.3490226615083944, 4.6555693883241345, 1.711393704014785, 5.20844360682526, -1.6988732114143588, 1.748001409185054, -2.682698126734522, 1.946155312365145, -5.041948898997859], Energy: -41.39175910333938
Eval count: 455, Parameters: [-1.7461785859971308, 1.6093470629119961, 3.828777289625183, -4.622976602437324, 5.09219569011219, -2.000725556485072, -1.6818407673368458, 1.8448300840141014, -1.6851679607995165, 4.515865394557148, -4.503239952406376, -1.6226977589787912, -1.076123103607319, -4.916038992502357, -1.95784000357069, 4.894990834864605, 7.360767053555369, 4.666242507820439, 1.7206281553833267, 5.206229600904262, -1.69273453742058, 1.739978631171978, -2.668506767194531, 1.9420568939782794, -5.038554035004581], Energy: -41.41551273301616
Eval count: 456, Parameters: [-1.7381603303881021, 1.6240157419830838, 3.8155365697560883, -4.61510771165368, 5.1005755052761605, -2.0014406744025157, -1.678190031697421, 1.8652206276029735, -1.7238274970646053, 4.519166874747044, -4.522083023548453, -1.6241340453904975, -1.098634156994868, -4.919025679154832, -1.9482253714286433, 4.887271130427857, 7.36432668392149, 4.661821485427913, 1.7099391207508865, 5.2058754729022345, -1.7019263519123837, 1.7134661506322826, -2.656282054798724, 1.9510893098553777, -5.025170954115623], Energy: -41.40746005470561
Eval count: 457, Parameters: [-1.733159186239562, 1.6141137976096476, 3.8246647911693508, -4.623406197468646, 5.081477829427426, -2.001260420769607, -1.6731805219135953, 1.857486530595376, -1.6886243563774321, 4.509630036990511, -4.517611646225902, -1.6288023861058851, -1.072682832228678, -4.899738589934176, -1.9515766046674212, 4.89614145153622, 7.352463282281666, 4.686947161192589, 1.7121255339998331, 5.209935951630079, -1.6890926347620323, 1.730741980736535, -2.6598226733847774, 1.9434536718416056, -5.043149200539434], Energy: -41.41319836380791
Eval count: 458, Parameters: [-1.7555250736099846, 1.6040037897754338, 3.8354413180201687, -4.60202264737606, 5.08233115722637, -1.992000023940357, -1.6878615291895482, 1.8645660272428402, -1.6858870449302958, 4.510925300131208, -4.535510965705425, -1.6258159087878319, -1.073564793068052, -4.915070418224808, -1.958980283060157, 4.928798227925046, 7.374844931067225, 4.675925507221501, 1.7345007139174637, 5.217128498308399, -1.6919834908774105, 1.7203610513168164, -2.6673613925981474, 1.9611856853267282, -5.048696286660599], Energy: -41.40665850769898
Eval count: 459, Parameters: [-1.7348052646940362, 1.6228066274519792, 3.830482408979296, -4.619383943342848, 5.093064912907492, -1.9983746664949642, -1.6808763297231482, 1.8514165438239574, -1.6913320430095067, 4.508174076608426, -4.522359958814432, -1.632142428187872, -1.0685292073457735, -4.902091836494385, -1.9559451096065006, 4.902999715097864, 7.364799561793282, 4.661910964414537, 1.70847661421955, 5.216533625115448, -1.6780641764034703, 1.7336763276385094, -2.676098996116381, 1.9398990570183383, -5.028641450173961], Energy: -41.40346572349898
Eval count: 460, Parameters: [-1.7229875585809857, 1.5916530686952544, 3.8342623404629603, -4.623385174690973, 5.081661079437163, -1.9952867976182915, -1.6850165557201506, 1.8816341177420919, -1.682283623304139, 4.508519713383011, -4.4939955612320315, -1.634101499032251, -1.0628330939165196, -4.909403449858118, -1.9479250760160385, 4.898558359766418, 7.366045246200089, 4.659309087375533, 1.7047883648564803, 5.23099529644517, -1.7196144177548285, 1.7299295905828505, -2.6665617314639802, 1.940268303522357, -5.027488538455885], Energy: -41.40315501487015
Eval count: 461, Parameters: [-1.7417614108718145, 1.6073238074673009, 3.8266228784895024, -4.616316888210377, 5.09413118767618, -2.0066636703430274, -1.6765318169283145, 1.8650351509925103, -1.6911892289400352, 4.51975095901728, -4.525530768109679, -1.6374625435097547, -1.0700730776024896, -4.901875570592325, -1.9680195074470193, 4.8982083498059295, 7.363284230868838, 4.663960079154492, 1.7135863591760432, 5.206125171577136, -1.694544151850828, 1.743350555151935, -2.6575499820041744, 1.9325225278443074, -5.03952033009692], Energy: -41.419640121085024
Eval count: 462, Parameters: [-1.7578766341179328, 1.6070400053730192, 3.822561913245062, -4.623477315557237, 5.101603410108451, -1.970722548710883, -1.6656079885674606, 1.8743499066620841, -1.7030397167032332, 4.50366606328896, -4.5298567377598795, -1.6186810102189901, -1.0674298357366405, -4.903032003028698, -1.9622558639658896, 4.903674997973027, 7.351801175890852, 4.662064074521358, 1.717160839678879, 5.213287713939643, -1.694561341494654, 1.7675229460472572, -2.6426764773663316, 1.9192702006627915, -5.038009497532193], Energy: -41.41669571587141
Eval count: 463, Parameters: [-1.7416316408887116, 1.5964299504774593, 3.8353684136497335, -4.6158815841762415, 5.092228054236283, -2.009839596742878, -1.657330654070166, 1.8644181140436986, -1.6900077656143926, 4.512965461238247, -4.5259572228722265, -1.6332400103045657, -1.0732548029437794, -4.908800658126055, -1.9730326652635661, 4.895716382306621, 7.366304571958583, 4.658103070914959, 1.7057040377106685, 5.206559576820695, -1.6853039515867194, 1.7380585047265125, -2.6541181298423453, 1.9358194175469654, -5.040850218006504], Energy: -41.42081315840085
Eval count: 464, Parameters: [-1.737881919959413, 1.595078494453743, 3.869366257713823, -4.609125549974309, 5.1021612037189, -2.0198486184231434, -1.669736215993547, 1.877926707229449, -1.7067731466809963, 4.511891217925171, -4.518104154429547, -1.6247491552388462, -1.0934159662464489, -4.897690685511046, -1.9715225699801489, 4.892708138482781, 7.355236714694091, 4.661055385580334, 1.7059671876296019, 5.211685237330787, -1.6793030693982824, 1.7469257437620997, -2.667205763779781, 1.9272257031075686, -5.066909278517737], Energy: -41.38625963993104
Eval count: 465, Parameters: [-1.7469438825959485, 1.603856618074463, 3.8287561055052524, -4.6028552366713065, 5.090731893179952, -2.0104330300870785, -1.6631734238072888, 1.8621406466178536, -1.6915681841683687, 4.506141516023586, -4.5158652015096425, -1.6301223623887082, -1.0688842363064048, -4.907878347354663, -1.9855194537887433, 4.8920662025091355, 7.368497851152946, 4.659054267791616, 1.697102129783685, 5.215848650742665, -1.6842641611345386, 1.7346073398689896, -2.6462701764368135, 1.9352868660279512, -5.047723117871984], Energy: -41.420617097183936
Eval count: 466, Parameters: [-1.754731789384003, 1.5891458593985364, 3.8447217558370377, -4.623501292512842, 5.076825683255985, -2.0111505779574195, -1.677371614860244, 1.873640874765018, -1.7024835516224033, 4.4998019783950065, -4.526069134054493, -1.6230779178986137, -1.0503402936823758, -4.900109303424755, -1.9664070184544211, 4.878507051913515, 7.3822858202461035, 4.655147102155012, 1.7027335405520603, 5.175074181594292, -1.6760404354438834, 1.7338759380020572, -2.6487770650068487, 1.9402800875014514, -5.036215449345773], Energy: -41.407338980862846
Eval count: 467, Parameters: [-1.7413746391270728, 1.5919426768335472, 3.827844260968283, -4.608911961961326, 5.090450293439879, -2.0061968503705296, -1.6613936725810032, 1.8755522003375495, -1.6869473516613136, 4.5179045884937405, -4.5231860937291355, -1.6335333778221293, -1.0750102992162198, -4.922174074165165, -1.9725390859715854, 4.8972010814427485, 7.362861845641668, 4.665107833555172, 1.6999896641909147, 5.200586177483381, -1.6730457936886705, 1.7363664474305303, -2.6618019033431244, 1.9248824157270348, -5.038144026535868], Energy: -41.42208229803907
Eval count: 468, Parameters: [-1.7436117148194787, 1.5785946552557573, 3.822501613479651, -4.586807466558285, 5.09199515037886, -1.9947819768672839, -1.6498253026938536, 1.8602612775488272, -1.6926845197383802, 4.539548905507871, -4.517055717185329, -1.660361776482984, -1.063844216503919, -4.927005020295793, -1.964039843686092, 4.891139747737904, 7.359133740917914, 4.672056056298921, 1.694378994297758, 5.1969472902078335, -1.6687499784560864, 1.75610192271912, -2.6493384238007374, 1.9470927692079334, -5.033007238097706], Energy: -41.393198451105036
Eval count: 469, Parameters: [-1.7414973069410324, 1.5869979681479878, 3.823397556097494, -4.613493412439917, 5.080265201137523, -1.9999905004276655, -1.666603861252152, 1.8774418173126841, -1.6847779034974255, 4.515388051781109, -4.523700310847542, -1.6378622491594585, -1.0928949582803917, -4.915422141764137, -1.9813441567657555, 4.890856155565295, 7.370341664775787, 4.666749846990798, 1.7009476806813202, 5.204658554684223, -1.6680158302687245, 1.7442652828641467, -2.6635847355773214, 1.930386531269747, -5.032874208596695], Energy: -41.40786271516669
Eval count: 470, Parameters: [-1.7661565230544283, 1.5827897826486816, 3.8222098176788815, -4.633964065180256, 5.108841870838479, -2.0098661158132405, -1.6659590396066883, 1.8685199626304891, -1.675572417831289, 4.517986728305038, -4.528385750861746, -1.6399844194399449, -1.0742316158897627, -4.9224166244177745, -1.9875101592636952, 4.911017455800173, 7.344220372277699, 4.67149969777775, 1.678844033291032, 5.194733283944761, -1.6844412459093592, 1.7148202189591113, -2.6584259148794884, 1.9204528547857962, -5.033858985287309], Energy: -41.402952570140656
Eval count: 471, Parameters: [-1.7444161988454043, 1.5881544386630035, 3.814674370454191, -4.614935372326385, 5.091579285217916, -2.0125275806643717, -1.653476003403611, 1.8804400633102238, -1.6915896547530216, 4.523917292371608, -4.515778760286916, -1.6316109673577341, -1.068289937337853, -4.916387587632877, -1.9728272868716858, 4.897634226880454, 7.3634407771802834, 4.660399986332131, 1.7147157244421762, 5.207048961336247, -1.6644815746840587, 1.72969024306228, -2.6634404014013744, 1.922194989735625, -5.041485675631376], Energy: -41.421593379882495
Eval count: 472, Parameters: [-1.739624249029123, 1.5960694646194358, 3.833237569958233, -4.610673852545059, 5.092433890298218, -2.0032653588266776, -1.660039468927666, 1.8793022573841411, -1.686438486418345, 4.523049425409318, -4.521461278622211, -1.6307711669602218, -1.0720974440063316, -4.922850638712904, -1.9799899237329035, 4.895448490763168, 7.362322498269481, 4.66915805090205, 1.702463581021855, 5.200676900031824, -1.672302903195641, 1.7353463073071047, -2.6611564779225323, 1.9281302120748958, -5.0333288256519975], Energy: -41.416607481911
Eval count: 473, Parameters: [-1.7329697223519065, 1.592451899407104, 3.8202698947575544, -4.599408913228461, 5.09671239454926, -2.005742199027519, -1.6537542069933893, 1.8715880941958667, -1.6756734818404295, 4.513135851504465, -4.525303603339353, -1.6253233840654342, -1.0759923855753606, -4.919018342069929, -1.9715601420618298, 4.896506899735623, 7.371767149210337, 4.665875151923325, 1.7056734516828147, 5.19041012868287, -1.6810680106348268, 1.7329811223324618, -2.6605406231800903, 1.9140870723825327, -5.03897826085967], Energy: -41.422618792457456
Eval count: 474, Parameters: [-1.7376205911644522, 1.5928419382551708, 3.820967701739385, -4.5995667266261915, 5.097699519289918, -2.0120326775642146, -1.6520184633663122, 1.8719436022712577, -1.6761370996457328, 4.515041683739992, -4.524391559196364, -1.6218929826609925, -1.0766307345807389, -4.918275987434964, -1.9678702664371375, 4.898930504620658, 7.378251755561477, 4.672109925584706, 1.702733326983835, 5.193899254243714, -1.6814626389256293, 1.736793448844001, -2.6599698427205283, 1.9125747485215012, -5.034263944712189], Energy: -41.424512705152665
Eval count: 475, Parameters: [-1.727190992208579, 1.595364815477361, 3.8187222790841524, -4.602933085610093, 5.089965695798921, -2.021085226764016, -1.6538459555803438, 1.8691035797294606, -1.6817252555999749, 4.511055010796596, -4.5193667113766205, -1.6207800783226223, -1.0774657843538527, -4.925333469239879, -1.9721166547212945, 4.916710775841417, 7.376144964061558, 4.6694888136615305, 1.7054410533037807, 5.187941033171343, -1.6801620287169803, 1.7422521916768818, -2.6486877112806124, 1.9097525635990638, -5.030698126405587], Energy: -41.42043449987136
Eval count: 476, Parameters: [-1.7388729614745484, 1.5961521089719457, 3.8219175637651253, -4.602536986771768, 5.0994644070204345, -2.0105796066776755, -1.648659908846136, 1.8730278758852985, -1.6792268059724513, 4.509809862723375, -4.521183599680769, -1.6303155539281344, -1.0761621377629214, -4.921808885818164, -1.9691177720954214, 4.899069874411769, 7.383491232916555, 4.67604127312262, 1.70465990179876, 5.1920848684040415, -1.6831773621896298, 1.7368163287404117, -2.6627523554986356, 1.9108816173166752, -5.03714868564951], Energy: -41.4229459515023
Eval count: 477, Parameters: [-1.729316269232122, 1.588663869282398, 3.812432713367326, -4.606079398749622, 5.102690617592622, -2.0178424124749776, -1.6557749966927995, 1.8705841919009638, -1.6781996807953186, 4.5126270230013334, -4.536334055666685, -1.614838963125195, -1.0687913939454319, -4.930818242228701, -1.971181962644497, 4.892385499573104, 7.381365067518672, 4.675830242300722, 1.7010431095735834, 5.200090992425162, -1.6837544607943955, 1.7441255938553841, -2.6642152127277083, 1.9173318077142905, -5.042063390154678], Energy: -41.41992523750696
Eval count: 478, Parameters: [-1.7395675857784176, 1.5957477967369416, 3.818080558175589, -4.597587353720437, 5.100778736925236, -2.0162766128888054, -1.6503434312365246, 1.878158912579819, -1.6722221648308389, 4.509876482195444, -4.522716032108591, -1.6217884307462302, -1.0771697871471348, -4.917530217452738, -1.9672712607409728, 4.899508071177884, 7.3744010612123825, 4.670358373980655, 1.702848297476134, 5.190879462808815, -1.6815362268457166, 1.740711634935008, -2.6624221451189234, 1.9199131307582573, -5.032811683308181], Energy: -41.422020893913384
Eval count: 479, Parameters: [-1.7465902853552744, 1.6046225155773999, 3.820963741533998, -4.598903311580676, 5.0801308542808945, -2.016586504518243, -1.6441408128840957, 1.8727547032792728, -1.6711564907008254, 4.520559428206079, -4.530541232101065, -1.620921837268259, -1.0751034786198648, -4.925566912060977, -1.9652341450750481, 4.894351140670488, 7.375162232382317, 4.665637356121609, 1.7029995058331608, 5.195772416315738, -1.6890445345038136, 1.7374464032540726, -2.6626210098270606, 1.904822749022852, -5.036965502575678], Energy: -41.43078612037539
Eval count: 480, Parameters: [-1.7409961088680537, 1.6045675258983363, 3.8199192975555443, -4.603309032621856, 5.080937539053867, -2.0177042188940977, -1.6427800168016156, 1.8737314297577763, -1.671349532793562, 4.520668045573559, -4.5239736860985715, -1.6222044145349774, -1.0737678786648912, -4.9237638023943875, -1.96378540078065, 4.888019667399251, 7.372978061609453, 4.662788011849889, 1.697019567474328, 5.196600912288518, -1.691710381765432, 1.7400695944953015, -2.6626809810645167, 1.9004260042724848, -5.033369765974482], Energy: -41.432070954382766
Eval count: 481, Parameters: [-1.7386807823401773, 1.5933739933552484, 3.8238209632480045, -4.599254871550163, 5.075442438754172, -2.014702622483248, -1.6466053965436815, 1.885152592062272, -1.6653775206741697, 4.51648784098414, -4.519818958756362, -1.6238516583709446, -1.0680577727572542, -4.928969689236961, -1.9577846920486723, 4.893888237759183, 7.377042044298104, 4.659425941867146, 1.6998494404157702, 5.208795143363512, -1.7051201583426572, 1.7331990249277387, -2.6619099072796564, 1.9014502038509402, -5.029695736708785], Energy: -41.43319020541139
Eval count: 482, Parameters: [-1.738819852960094, 1.5959594377926611, 3.8198474388221655, -4.59816590399164, 5.077820995716442, -2.0145408221440895, -1.6463804391148418, 1.8870210883835425, -1.6727400171320732, 4.517417959960043, -4.521539097552628, -1.6230370236587812, -1.0737283518698937, -4.93309826294183, -1.9552685486854278, 4.890806487365284, 7.378039506601056, 4.657561477442723, 1.6996006829033148, 5.20799440307154, -1.7081503839950831, 1.727289261329492, -2.6585127765455536, 1.9041377613884682, -5.025283433002766], Energy: -41.4350818244867
Eval count: 483, Parameters: [-1.7384724035061487, 1.5950810914955473, 3.8314590747101906, -4.590866833630505, 5.081880011639747, -2.023696567000656, -1.6473149474776518, 1.8928151394822759, -1.682003935442479, 4.52048483141746, -4.518841124259586, -1.617045217236974, -1.0835267483033253, -4.931761444255309, -1.9487163304906414, 4.888930629118546, 7.372461449347579, 4.655643325090746, 1.7001135923848576, 5.210283790655719, -1.7129044447697368, 1.7268140013445301, -2.6618984932971688, 1.8936007625677154, -5.0388682267146], Energy: -41.43802786448566
Eval count: 484, Parameters: [-1.7347204342599043, 1.594463825966598, 3.832249919940668, -4.588367394193261, 5.0800175627551, -2.0323248674263255, -1.649648487750766, 1.8901343763639162, -1.6793266297060554, 4.525272602308236, -4.517526637907164, -1.6225263391540432, -1.0837879637227943, -4.931613805205956, -1.9500215724763235, 4.887265832223768, 7.375167273837595, 4.656390159459904, 1.6991572544421223, 5.208144425852514, -1.7130521345918723, 1.7215966901119049, -2.6649859563337057, 1.8975473393239153, -5.039206214076757], Energy: -41.43160480777834
Eval count: 485, Parameters: [-1.74384975788961, 1.5900630652796368, 3.8281171957560876, -4.578637231154703, 5.083302691198508, -2.015872679529714, -1.6368115025047087, 1.8874629963431344, -1.6881922094237198, 4.5283050389331505, -4.517516999737594, -1.6214646176272958, -1.0771144234668704, -4.935481416988185, -1.9359935396061343, 4.88759596079258, 7.367723719571257, 4.654596686203259, 1.6982591899585493, 5.211168222216539, -1.7159336254345672, 1.7369487284621516, -2.6531147483889814, 1.8922061225706643, -5.0400672210414355], Energy: -41.43844853417846
Eval count: 486, Parameters: [-1.7441463383368712, 1.5892920104822204, 3.8308468806273615, -4.577314292701182, 5.078289953558415, -2.0161107987845366, -1.6403500128692474, 1.8903312156913967, -1.6922495874206396, 4.525719830068852, -4.516889670154271, -1.6183775609789837, -1.071608137747202, -4.9339223929279195, -1.932815566262982, 4.882498464122811, 7.372867582160962, 4.6532861544773265, 1.6999757617900981, 5.204568267173416, -1.7131682160699395, 1.7382415182986506, -2.6520615854631653, 1.893337586816817, -5.039891124749183], Energy: -41.43814585032459
Eval count: 487, Parameters: [-1.7611221946400248, 1.5839113192952516, 3.8262019272382046, -4.588599733553586, 5.0864923859574205, -2.0166657532508365, -1.6390580784964845, 1.8876779377653612, -1.6886658293734467, 4.52489319275129, -4.520809761252939, -1.6166343298033639, -1.0730514119860124, -4.934354136577569, -1.933997924427423, 4.889579258211386, 7.36183283766854, 4.6531352724794885, 1.6890887115306197, 5.203802800241081, -1.723556647227457, 1.7280074489275157, -2.6480189232379314, 1.881690124249677, -5.040256029299102], Energy: -41.4447430027862
Eval count: 488, Parameters: [-1.7631309035523617, 1.5918836306754498, 3.8297580782089358, -4.5850072859140765, 5.091389133380144, -2.01595645391788, -1.6396476559624507, 1.8835648925482908, -1.6924769519173906, 4.5156629443161975, -4.529334673200607, -1.6157497560101064, -1.0677779675997752, -4.933856909876825, -1.9256518232307802, 4.89240278387742, 7.360862644996159, 4.642783809124885, 1.6863399507792523, 5.212756779239551, -1.7160700994327187, 1.723425666018337, -2.654540733210047, 1.8697429441421343, -5.030025030566172], Energy: -41.44913318781062
Eval count: 489, Parameters: [-1.7650636932018986, 1.5930098946925981, 3.830050279930585, -4.586014052737321, 5.0954060498725, -2.0138428154654613, -1.6415295915668435, 1.8846700396827323, -1.6913115206600213, 4.521061757817326, -4.527566235390014, -1.6151309672428993, -1.0682397588391734, -4.935933818851353, -1.927404826607057, 4.8957009193500864, 7.3678284327273085, 4.633450340798385, 1.6836972122657594, 5.211230597876066, -1.7162757884522402, 1.7262931189195085, -2.6559667009323187, 1.8702847834066751, -5.032178515259966], Energy: -41.44925077921232
Eval count: 490, Parameters: [-1.760621984196887, 1.603228309414252, 3.8290920452045527, -4.593588841934696, 5.094544749699334, -2.008994799502467, -1.639972783855624, 1.891157095368956, -1.6844438684408674, 4.521701811361793, -4.529334584038533, -1.6129913145255996, -1.0691155822283824, -4.933736203222866, -1.9117762915980008, 4.898375895134526, 7.370096664064356, 4.636324375874884, 1.6755299848411482, 5.214515009951961, -1.7095665009249568, 1.7193822263188894, -2.6454353278691265, 1.8708748307348673, -5.0430486533058385], Energy: -41.45453229408571
Eval count: 491, Parameters: [-1.757670351561354, 1.6032204754108408, 3.826620950236337, -4.591863628345573, 5.091556104687855, -2.00736203701175, -1.6361489285497135, 1.8950430068937856, -1.6899793943818149, 4.5229364784852795, -4.533307463057359, -1.6131154411196271, -1.066936561432243, -4.927470651070006, -1.9143000777095294, 4.903128197979966, 7.3708586045837166, 4.637235845203203, 1.6696787188188245, 5.2135395670538385, -1.7121771856889818, 1.7185815982005854, -2.649737379921522, 1.8717824834191084, -5.043892802751994], Energy: -41.45359151880109
Eval count: 492, Parameters: [-1.7624036737229403, 1.6054134960734046, 3.8275766126639423, -4.596922259629979, 5.089654181046806, -2.001723283091415, -1.63837104072275, 1.8794929412353591, -1.6868719388685294, 4.519422653710732, -4.516533289850741, -1.5988626664147008, -1.070779734486672, -4.938115682818752, -1.9030837849399538, 4.902226385775597, 7.368013813958244, 4.637960792495447, 1.6731703551397141, 5.213971633463397, -1.7124386344734648, 1.7145467620004695, -2.6587979506065547, 1.8761757072898848, -5.044355541750434], Energy: -41.45352337706936
Eval count: 493, Parameters: [-1.7605623614476533, 1.5975965558068994, 3.833267215804137, -4.59356025923328, 5.093177719620066, -2.010322258600851, -1.63061888264995, 1.890927298989761, -1.683765955814476, 4.5182170994817294, -4.529568227795884, -1.6110651449597644, -1.0714362547668557, -4.936909469089713, -1.9146363401399717, 4.896873304806358, 7.3719091995579165, 4.633473285164242, 1.6716415482876863, 5.21489888294643, -1.7047552719161378, 1.7170698612047532, -2.6437984988579113, 1.872743955969559, -5.043494716541553], Energy: -41.452028700283904
Eval count: 494, Parameters: [-1.7690254133966796, 1.6031306197694857, 3.8213065049203183, -4.598312713574643, 5.086850498032883, -2.0007994956892086, -1.6456414982790204, 1.894944690211316, -1.684141060202449, 4.518254309881888, -4.533631828369485, -1.6105653663520838, -1.084446549202961, -4.926914760452735, -1.9048516064967125, 4.894295627257661, 7.373037942569718, 4.63319607985804, 1.6753180785330606, 5.221488892570327, -1.7113521498939845, 1.7249496206548602, -2.642022180590587, 1.8585125335814316, -5.041675931643699], Energy: -41.45354772569033
Eval count: 495, Parameters: [-1.7579327289693907, 1.5995923155946092, 3.8325036598682907, -4.6001284014622685, 5.095327553437832, -2.0086410460181057, -1.6370330580894321, 1.8923596981182582, -1.6836514009653667, 4.525201527992993, -4.534353920189103, -1.6145015977382775, -1.0712528567863637, -4.9342135393382875, -1.9056675598371462, 4.9001689133086215, 7.3689900870832306, 4.635924932155961, 1.6798644399573268, 5.2098683255391185, -1.7100788330870536, 1.7210938266581455, -2.6493459898585403, 1.8712012115454077, -5.039523907385028], Energy: -41.45371169253934
Eval count: 496, Parameters: [-1.7640219428119552, 1.6159229850236394, 3.8386673347193474, -4.596158036267143, 5.100116162255566, -2.0006433565085797, -1.637482409667897, 1.9001394532163653, -1.6845116306193304, 4.530254414471945, -4.528825393386566, -1.6013047490798287, -1.0619506910926435, -4.935726443260327, -1.9157547747531558, 4.895895088259775, 7.365724583387475, 4.640974422846781, 1.6774675761197366, 5.217449245414463, -1.7135510262920708, 1.7155155870736134, -2.6388638895940764, 1.8632818550885584, -5.036276909509633], Energy: -41.44438453585798
Eval count: 497, Parameters: [-1.7594693429375607, 1.6005395157434976, 3.82447338713296, -4.591143722592792, 5.094293041918646, -2.0079289308437183, -1.6425117961091393, 1.896365918060225, -1.6833190061308074, 4.523758432502866, -4.529567851960375, -1.6123411271231387, -1.068951385070328, -4.941878497909938, -1.9119951896891225, 4.8982085062362355, 7.3687578124628965, 4.640187938293588, 1.6724647341931038, 5.212488726238359, -1.7039305101207876, 1.7195554575251475, -2.649724494709624, 1.866332015863534, -5.0427799476255695], Energy: -41.45245765702026
Eval count: 498, Parameters: [-1.7561113284353354, 1.6015060204069156, 3.822557731293499, -4.601978079231052, 5.099706994214832, -2.0149213862525492, -1.6428730525393869, 1.8866165704157782, -1.6885221620770636, 4.516594988085195, -4.542611819384589, -1.6054971669559233, -1.0611653691203624, -4.941665348428316, -1.90998612916864, 4.892288156492575, 7.372405425729301, 4.6355597209093675, 1.6741545633845392, 5.223586407008728, -1.7170994966630948, 1.7263382093527608, -2.6456225466566656, 1.8739025518065664, -5.05321918518441], Energy: -41.45665065795072
Eval count: 499, Parameters: [-1.7540147491122942, 1.6035297458516238, 3.828990870044745, -4.599214416902027, 5.098675266088509, -2.012285385746109, -1.6469408477248926, 1.88403843164855, -1.6865778318358342, 4.51339060275146, -4.545994355564197, -1.606425197961382, -1.064545010992819, -4.944958970863296, -1.9101020182393484, 4.893096051510596, 7.371947500406314, 4.637725682400053, 1.666988279313164, 5.2200589255912515, -1.7212475630395787, 1.7299693289250746, -2.644163154693319, 1.875115242068592, -5.051364305525191], Energy: -41.45539144032733
Eval count: 500, Parameters: [-1.7490773316917312, 1.6042530676271813, 3.818108101290714, -4.606482088632645, 5.092244973896365, -2.024167732093559, -1.644079623043056, 1.8841738803256591, -1.6957668705459619, 4.512289730605832, -4.537954054243241, -1.6033211691815326, -1.0609159627185638, -4.94737477792161, -1.9098189221332513, 4.910047518794457, 7.368839227453503, 4.63001093367598, 1.6777109670454928, 5.220196555943799, -1.716485348345679, 1.730379280084361, -2.633205147518574, 1.8671569547436115, -5.052090953322298], Energy: -41.459041318241304
Eval count: 501, Parameters: [-1.7451074073442951, 1.6048172392961801, 3.814033653921745, -4.601546001197287, 5.095687616175944, -2.0243959538075513, -1.6401025489986774, 1.8828684570960814, -1.689743289675114, 4.509366211740974, -4.538827390149554, -1.5992285631111653, -1.0614618815414063, -4.945726153925692, -1.909268148540511, 4.909764240550742, 7.372854149089853, 4.630204914936884, 1.680548841063544, 5.214814542304622, -1.7204812911845841, 1.7291157166619422, -2.63284060767366, 1.8625757399299785, -5.052350234314683], Energy: -41.45713999352819
Eval count: 502, Parameters: [-1.7577897913713276, 1.6108935764476815, 3.812602104765904, -4.604653832877937, 5.097349077034303, -2.0327408286052626, -1.6422230841317182, 1.8968193597852063, -1.691297885133194, 4.501431518533113, -4.535555187073099, -1.6030582710271568, -1.061531467492905, -4.945769795977038, -1.9032598907873592, 4.9120758492756575, 7.358263902825705, 4.623728558823683, 1.6759876317561526, 5.217910018039102, -1.7174686856133907, 1.7383166219353927, -2.6361443993977245, 1.8787020230951166, -5.051191061486613], Energy: -41.451284860669375
Eval count: 503, Parameters: [-1.7451478121691433, 1.6014539017125107, 3.8169314205328244, -4.604092854709132, 5.0902558844316035, -2.0212776897356197, -1.6477738452531583, 1.8831118202153019, -1.6930906760519413, 4.515106135737162, -4.541007199787993, -1.5990180183417968, -1.0608701305406594, -4.945125803515217, -1.9112096867342905, 4.908395283789264, 7.360668711235217, 4.623007603621364, 1.6781005918767646, 5.219370544697704, -1.7149125790989719, 1.7279316073592403, -2.6314249948663995, 1.869425525534673, -5.052873193801307], Energy: -41.45924729917181
Eval count: 504, Parameters: [-1.7427260639771736, 1.6054330679870468, 3.816921735090904, -4.608832196795768, 5.090226964691972, -2.0091090218072396, -1.646987501212777, 1.8828146887901482, -1.6987144266686993, 4.5052852689246174, -4.539672942658401, -1.6141235664673488, -1.058894146429967, -4.950433426978467, -1.9136452291057569, 4.905452524134934, 7.356177072123221, 4.616168546991566, 1.6839132955792853, 5.214425533085576, -1.7180660227199716, 1.7212263943996682, -2.6335767247316464, 1.864590081779245, -5.065942770861093], Energy: -41.45959878107999
Eval count: 505, Parameters: [-1.7358493734621425, 1.6031494907067947, 3.8159559803885212, -4.613034885611659, 5.0943031199964555, -2.0092802746424328, -1.647221247170193, 1.8835648074284965, -1.6998370037761912, 4.504340041212294, -4.532429976680962, -1.6154944894199186, -1.0579476621273116, -4.9473830710144195, -1.9128041991082476, 4.900461414504793, 7.354741424901358, 4.614758528273492, 1.6783291464520855, 5.2148371974453696, -1.7190959945028044, 1.7235300873759882, -2.633129763481951, 1.861990614532096, -5.062103348588148], Energy: -41.45679087313516
Eval count: 506, Parameters: [-1.7438588468948837, 1.5946999814806249, 3.8176749375260193, -4.6071994664925935, 5.105282711439379, -2.002695430647772, -1.657025827272868, 1.8794685352929676, -1.7068960827153568, 4.499490198041892, -4.541781906424756, -1.6126318500280472, -1.0610017232294575, -4.944613908538123, -1.9104217795008516, 4.916580592617898, 7.359402535030108, 4.621683067150891, 1.687485144401005, 5.215857597980679, -1.7106465734575331, 1.7168698145084378, -2.6276409781726153, 1.8687142248260562, -5.069873677230143], Energy: -41.45452906854007
Eval count: 507, Parameters: [-1.7415765091994655, 1.5993327740568213, 3.8199196699314033, -4.607197326335345, 5.086917521582758, -2.0077157836024235, -1.6488854283168346, 1.8877605821563934, -1.6937624294428018, 4.503017170772234, -4.537192938872355, -1.6151444545925877, -1.0545477026480945, -4.951758194998981, -1.9114819466481432, 4.909140519553636, 7.357842610783228, 4.615085506016216, 1.6853406708454841, 5.220499316794978, -1.7236358018275784, 1.7196087871148256, -2.634170760039425, 1.8643187086378155, -5.065432955623238], Energy: -41.458782754632864
Eval count: 508, Parameters: [-1.7461962229092527, 1.6046254611437758, 3.8231973429353374, -4.612922829945128, 5.086459575761634, -2.009864474007598, -1.6467640891608997, 1.8746380503374847, -1.6884045247864115, 4.504744800727128, -4.539284851790986, -1.61438324702879, -1.0496258231721385, -4.940872843362368, -1.9165533811105369, 4.910198756655629, 7.352074904611745, 4.6190274724747535, 1.6829077025919257, 5.214199506182546, -1.7092416836277395, 1.7338673788196357, -2.6385507540232305, 1.855216143815035, -5.077546517413768], Energy: -41.465315936597676
Eval count: 509, Parameters: [-1.7451882149368114, 1.6040594228257887, 3.829033034001555, -4.608806938487917, 5.088021417165218, -2.016255199422683, -1.647741137474778, 1.8768625404354669, -1.692320822241401, 4.5073096479983805, -4.53767617099775, -1.6126883463627653, -1.0544594463997625, -4.940188344992649, -1.9136519287038098, 4.908912427345374, 7.349961280764157, 4.618259603982559, 1.6829438976931668, 5.214837022783992, -1.7115915810997147, 1.7324695341680711, -2.640890919651663, 1.8509631331008878, -5.084242596476332], Energy: -41.46760567535796
Eval count: 510, Parameters: [-1.7492893133470593, 1.6064366910917682, 3.826846719241341, -4.610077567952272, 5.079447171561528, -2.029163042837897, -1.6536125467619238, 1.8631459990424486, -1.6893223769649115, 4.516008915353898, -4.542044544962268, -1.6229368755736817, -1.0498394050922524, -4.938048990015427, -1.9062608329085915, 4.908839888757532, 7.3529628335873305, 4.615025703267035, 1.6782395394257783, 5.215699273024521, -1.7114439416813885, 1.7220988256728893, -2.640588920376677, 1.8469922640812684, -5.089705023690343], Energy: -41.46474269017972
Eval count: 511, Parameters: [-1.747785712839369, 1.6016694075056779, 3.827539917778187, -4.602651476353485, 5.088805257353859, -2.012291119286839, -1.642392247329973, 1.8743047819964607, -1.6954173410585842, 4.511405724719522, -4.536949808983994, -1.6147966328206274, -1.0511361712030554, -4.942119175965027, -1.907483403826985, 4.908198121407876, 7.3475553759873975, 4.617851512336481, 1.6821243842462255, 5.215271458856831, -1.71315186480021, 1.7375466063886325, -2.6364513409470183, 1.850329244145011, -5.084763398563365], Energy: -41.468604116326276
Eval count: 512, Parameters: [-1.75212644710582, 1.6144549580065295, 3.8393515057621177, -4.607936219702333, 5.089690214147006, -2.0077134173007742, -1.639791528469384, 1.8771064423821946, -1.698837020983765, 4.521121189734943, -4.53943793305104, -1.6039819668072515, -1.0421947662992719, -4.943755873503912, -1.9121539775871992, 4.908379074425457, 7.342253887415494, 4.620625679334823, 1.687323711898662, 5.220433627646172, -1.7161098742556624, 1.736085544069763, -2.629588450430348, 1.8401520087842878, -5.087152359315249], Energy: -41.465788001537135
Eval count: 513, Parameters: [-1.7476231404340823, 1.602229556919654, 3.824514571201374, -4.603982901443252, 5.093285444984581, -2.011725677961264, -1.638922744010039, 1.8716098091957454, -1.6914197731271015, 4.513906242259633, -4.537628280706555, -1.6178157698128977, -1.0574717147929191, -4.9434143279215395, -1.9106717776978421, 4.912992822459854, 7.342682359460112, 4.61908091466541, 1.6805624104340187, 5.222142551554602, -1.715961975057562, 1.7367340652379415, -2.63747201349059, 1.8489577126116636, -5.084880011274], Energy: -41.46785023194474
Eval count: 514, Parameters: [-1.7549358465577258, 1.599413732194611, 3.82204380307476, -4.605943741186176, 5.075941571395276, -2.0053819431697786, -1.6458472307659728, 1.8759032700923879, -1.6985992583052028, 4.508249507753355, -4.540741943203918, -1.6113507831707636, -1.06614246976095, -4.935412435335634, -1.9036340602029802, 4.902921841526176, 7.352389211104343, 4.613957677449256, 1.684534724912292, 5.222070896148562, -1.7136082202386, 1.7463434693451185, -2.634049376883338, 1.839641612478679, -5.0868312858549425], Energy: -41.47058539823746
Eval count: 515, Parameters: [-1.7505521398974455, 1.6047689678636003, 3.824180135955491, -4.60134049759237, 5.077108452304735, -2.004830634200195, -1.6454204280081657, 1.8740416339841641, -1.7001193197864857, 4.505257849164521, -4.543461852392439, -1.612435718613391, -1.0650770835864045, -4.935538648005963, -1.9005971475121717, 4.903550795249639, 7.353759796903989, 4.609882313068187, 1.6861275225204073, 5.228224492904984, -1.708016990404493, 1.7470659751523103, -2.6384495612984162, 1.837627281018504, -5.082305896947992], Energy: -41.46798195873339
Eval count: 516, Parameters: [-1.7425872804044045, 1.6026199910108918, 3.822048000978259, -4.603756289868752, 5.06745299776611, -2.0053397626406797, -1.6456377697714548, 1.8754440619659858, -1.6973966164990102, 4.51731371260214, -4.534775614713773, -1.6142658504860425, -1.0708171146563057, -4.935595433103575, -1.906606508742859, 4.901201922967268, 7.356846006682667, 4.620622640520589, 1.694191697339138, 5.2244620005778755, -1.7116476679657024, 1.7563602696519776, -2.631489438689459, 1.851200441780034, -5.09978190778606], Energy: -41.46634115313594
Eval count: 517, Parameters: [-1.7569657545972697, 1.60031170096719, 3.8223570656948156, -4.606781125298824, 5.079974138360266, -2.0033779966668996, -1.6477621538114362, 1.876863145480487, -1.697587617929895, 4.513629366432024, -4.538935713012063, -1.610780132137068, -1.066584374638678, -4.937536416351356, -1.9057331928851038, 4.906157590057611, 7.359298455791062, 4.604568429637759, 1.682075977315639, 5.220472985532688, -1.7139629793993552, 1.7493621516986235, -2.635708371936203, 1.8401698526103067, -5.088741080119981], Energy: -41.471051856044994
Eval count: 518, Parameters: [-1.7639905046192643, 1.5907187877480666, 3.8236078215140417, -4.601592257042785, 5.078023278134464, -2.009062724617801, -1.6509063991883912, 1.8677194858966044, -1.7061629566596341, 4.513836456902585, -4.537942714639167, -1.6120089761763636, -1.0645205999752791, -4.9390644532588155, -1.9206215579551393, 4.904071456508656, 7.355707227350354, 4.602056804320407, 1.6918737734104583, 5.217680857366255, -1.7217286814944575, 1.7571403537006054, -2.6446108441026115, 1.8369859820933003, -5.0828074927917655], Energy: -41.466396462406976
Eval count: 519, Parameters: [-1.7561266786007708, 1.5980980545734107, 3.8239850859244826, -4.605169694614589, 5.082137096757396, -2.0072331497840814, -1.6467054859841428, 1.8824679076043151, -1.696175875587488, 4.5140185854113835, -4.54519005050011, -1.6173049579663126, -1.0662744006308333, -4.93613295576256, -1.9105314292490831, 4.903893934080225, 7.36067470407544, 4.6031740915055845, 1.682531637835769, 5.220832018757651, -1.711539333022868, 1.7512724620694162, -2.62876686591189, 1.8379399888623507, -5.088178782373081], Energy: -41.46965069910431
Eval count: 520, Parameters: [-1.759743197670267, 1.590372107792158, 3.830739441344193, -4.610013321207091, 5.073755860587595, -2.0050299506988405, -1.6301611268618297, 1.8716783725587094, -1.6981333782566062, 4.507411611171142, -4.537408221421255, -1.6029415955559372, -1.070516612252268, -4.944285660304259, -1.9087111560123455, 4.904878550682579, 7.361890359358413, 4.598807455955089, 1.6748265462278669, 5.221567690762975, -1.7057206805645388, 1.744566390200887, -2.6334780192779754, 1.8426068736138652, -5.095183637528639], Energy: -41.4662529178936
Eval count: 521, Parameters: [-1.7591778889126288, 1.5992083981545762, 3.8227001358888133, -4.607342537672442, 5.082592055256354, -2.0044248233817124, -1.6522932592780293, 1.875475280247742, -1.692081656930513, 4.513354267971099, -4.5354138025561515, -1.6103985663665663, -1.0685010777375783, -4.9466053492508415, -1.9035250901135543, 4.901760363475913, 7.358051599865569, 4.605333923028722, 1.6861390311622002, 5.220524527922408, -1.7092577403108296, 1.7501628554723532, -2.6335617060609224, 1.837467095245198, -5.087861310129953], Energy: -41.47106363647271
Eval count: 522, Parameters: [-1.7567634715068163, 1.5950197607627608, 3.812160810617194, -4.603595096590881, 5.077422625302216, -2.0014793869324867, -1.655287109683615, 1.886528495842472, -1.6959038369625403, 4.519424838693817, -4.53982269700669, -1.6084018055269276, -1.0653637665544307, -4.956097863000971, -1.9051997260512556, 4.906313078798026, 7.3556141099054555, 4.613063420319632, 1.6764058837036762, 5.216275112478407, -1.7016498635947865, 1.7506037916137833, -2.6437302848972655, 1.8275091906530552, -5.092765562684078], Energy: -41.4645494650203
Eval count: 523, Parameters: [-1.7556398224598202, 1.595776719553886, 3.8234022222633657, -4.615149318986233, 5.084811060012359, -2.00597357206746, -1.6508448534639655, 1.8750316563103977, -1.692709560683811, 4.514567598440909, -4.543518254896766, -1.609287868652112, -1.0677495024628592, -4.94943550976975, -1.8981004905790784, 4.901309612696619, 7.357882359111599, 4.604779156050598, 1.6891707629149828, 5.219621264447407, -1.7119934296980268, 1.7536766819226883, -2.636738207834545, 1.8386627094439951, -5.088192315608473], Energy: -41.46962140043814
Eval count: 524, Parameters: [-1.7611360267821894, 1.5969134530553504, 3.832497383648879, -4.609445825997703, 5.07799682955314, -1.9993343539571955, -1.6472091985883592, 1.8793696335560495, -1.6883863430909054, 4.522376694283297, -4.530500292715156, -1.617983348122246, -1.0771716510212168, -4.940122487981188, -1.8972581560706097, 4.909409071585369, 7.354502707100154, 4.605224092980519, 1.6931387398845412, 5.207697912909955, -1.7040851104770107, 1.7468133737677252, -2.636991489729757, 1.8341574676497094, -5.077837463573259], Energy: -41.46758482593009
Eval count: 525, Parameters: [-1.755860327020318, 1.6001936628431195, 3.8295892567983443, -4.605122864756458, 5.080707545226666, -2.000814027916065, -1.6564929419438574, 1.8711633642137941, -1.6910813212468765, 4.511871583870157, -4.538888213917938, -1.6113368100809242, -1.0716054879200407, -4.95007358237433, -1.9045970571920643, 4.902510086856092, 7.3590531234494705, 4.608216463650244, 1.6796121849085708, 5.217530542817098, -1.7129864504146486, 1.7525272823732772, -2.631560417446915, 1.8368870494666618, -5.086212574987119], Energy: -41.46953354087384
Eval count: 526, Parameters: [-1.7723884729828654, 1.60921940562742, 3.822198927282555, -4.605649977103966, 5.083502511338598, -2.010744375886464, -1.6549667007625755, 1.8827485454303952, -1.6870375513769393, 4.503149968486084, -4.533989666560183, -1.6096822540257454, -1.0700635428032788, -4.94371886863466, -1.8964136199422703, 4.904218516432661, 7.34695183463081, 4.600175434026129, 1.6822396804522386, 5.216592783498676, -1.7136597564380807, 1.7598397928493434, -2.6329690920341147, 1.845654298450628, -5.0939860216987825], Energy: -41.46749009991248
Eval count: 527, Parameters: [-1.764268307932616, 1.5977453069810743, 3.8267522313782765, -4.60806318272911, 5.083918397389921, -2.0003894040995984, -1.6538992759844409, 1.8772040610352283, -1.6922209787624383, 4.516732681816759, -4.536920597177695, -1.613497904852104, -1.0683160913692915, -4.945066026886433, -1.9038890116120053, 4.894393649879435, 7.357424262623612, 4.607579463781599, 1.6831231884542188, 5.2248239600634045, -1.7073909103402394, 1.749124800117199, -2.639011976636739, 1.842760788240681, -5.088200887839965], Energy: -41.468372849762204
Eval count: 528, Parameters: [-1.758994569381055, 1.6003184580944545, 3.817913857404609, -4.597401364500956, 5.090445069056436, -2.0004068758742397, -1.6456888186238818, 1.872637637132995, -1.678130077846355, 4.511303738052795, -4.53845396921426, -1.603554724717708, -1.0689589943808557, -4.93903893710944, -1.9020482086732382, 4.892870208067713, 7.366392541179734, 4.607962716874433, 1.6907390502911785, 5.212783506726963, -1.717158709046976, 1.7459740334085836, -2.637429660312236, 1.8305979626969044, -5.093409762422915], Energy: -41.47027638009871
Eval count: 529, Parameters: [-1.7552635429266488, 1.5959993489311493, 3.82154859340732, -4.604916766840062, 5.081188940686688, -2.0013383913657927, -1.6563480987022396, 1.8742991860288933, -1.6897083596809777, 4.515966202844106, -4.538491042622376, -1.6060269565431162, -1.0685314118746077, -4.9441171582202434, -1.9047817631072634, 4.900496876497075, 7.350026730613658, 4.598562449235698, 1.6866085725693045, 5.219768217573473, -1.7074164478283134, 1.7475937643849944, -2.631561013751164, 1.8398747549076861, -5.088729407010583], Energy: -41.46950756672862
Eval count: 530, Parameters: [-1.763698746422634, 1.5910075783702946, 3.8231585112902686, -4.6075880521225, 5.096131499875666, -2.000371144662145, -1.6617867688724481, 1.8703008163468593, -1.7003023400269917, 4.508153395041783, -4.534423774880897, -1.6079727928298813, -1.0697886967768737, -4.938502107914735, -1.8989520074460544, 4.913284959305, 7.3631978463751695, 4.612013024703833, 1.6903034649118696, 5.221796085046395, -1.7037050917014913, 1.7474787138948973, -2.62566471234927, 1.8372390848770674, -5.095536079563042], Energy: -41.46648770257195
Eval count: 531, Parameters: [-1.7551704739156486, 1.6022679646640876, 3.8206946679508844, -4.611251415439518, 5.08436584434107, -2.00086973751246, -1.653548333146313, 1.8753083717908037, -1.6944298689947153, 4.516818191856986, -4.529715059565392, -1.6087335885778877, -1.0669869166092143, -4.941294439743139, -1.9009986731003699, 4.903515500028219, 7.3604382991339365, 4.601571492627539, 1.6799421495181417, 5.220332167333922, -1.7134700232963378, 1.7514053782880667, -2.636973930484119, 1.8377460877455492, -5.087960090440007], Energy: -41.47139852344014
Eval count: 532, Parameters: [-1.7480230814245012, 1.5954665042058467, 3.8206535198318377, -4.617583912703851, 5.088574553596382, -2.0090081632933336, -1.651962441980182, 1.8749202623056436, -1.6929057288237643, 4.511039394536773, -4.517322093442355, -1.612494094338667, -1.0657797719843571, -4.9386213584706535, -1.9013773488569428, 4.888770637884743, 7.3541320189083015, 4.603430142109943, 1.676360143112292, 5.221126691554582, -1.712169120297087, 1.7568364395232974, -2.6283340721996487, 1.8258843354189707, -5.083524101072588], Energy: -41.47028725037637
Eval count: 533, Parameters: [-1.7537447186311652, 1.6029286298808159, 3.8213211033687355, -4.613223776423511, 5.083654955644309, -1.9946284504720821, -1.6535635532334227, 1.8762044186198514, -1.6961361522364162, 4.511540305536082, -4.528540756689337, -1.616332009988369, -1.0651059913987664, -4.944167679669287, -1.9017337033789086, 4.902853550529937, 7.358593470398283, 4.598000590564227, 1.6830838716171557, 5.219193822177123, -1.7161840373393775, 1.7477873532900936, -2.6381507464739125, 1.8353254223158932, -5.094241076756051], Energy: -41.469946967269436
Eval count: 534, Parameters: [-1.7543816697185446, 1.5900277419827777, 3.8264638293892816, -4.6074134035392085, 5.07714773802008, -2.0017545936227847, -1.6573072080401543, 1.8844526493276819, -1.683167624526614, 4.514827847360147, -4.524361064047372, -1.606895587105898, -1.0586757600467869, -4.942034220028191, -1.895968899295697, 4.911124654517699, 7.364729585674222, 4.601085532377268, 1.681749241522901, 5.233246318165132, -1.7241013823908593, 1.7502222228317594, -2.6367949244671416, 1.8368683802655497, -5.085151378105146], Energy: -41.466899643380884
Eval count: 535, Parameters: [-1.7567909090425422, 1.605067584698114, 3.8164375285202388, -4.609330991385976, 5.083590467781083, -2.0042853331548476, -1.6524390093208645, 1.8776522459694192, -1.6982551824132723, 4.516635759910821, -4.526214808729605, -1.6087152140187573, -1.0700384606446807, -4.948161797782347, -1.9013528972672968, 4.901928130780895, 7.363778885211656, 4.600765945005106, 1.6840004234773363, 5.222282281181643, -1.7153487633644264, 1.7458392314230529, -2.6322027485875483, 1.8388956580309133, -5.083940215879616], Energy: -41.46926295652935
Eval count: 536, Parameters: [-1.7492482278994674, 1.599773795321016, 3.82093362387509, -4.612519673473178, 5.090536126016114, -1.9947975431293956, -1.6564527066196741, 1.878580768160934, -1.7013293779809475, 4.521505551295568, -4.537815725246504, -1.6039216445518751, -1.0751547191204722, -4.932039803451827, -1.8924999733967127, 4.896541540404537, 7.357374856327971, 4.599883813542204, 1.6694575748474234, 5.212173185813616, -1.7264675946248913, 1.7487354296695432, -2.6369423028980545, 1.8435878275035762, -5.084956914014331], Energy: -41.46704319030198
Eval count: 537, Parameters: [-1.757813708175015, 1.6039811761158347, 3.8188597891712295, -4.612989254333887, 5.079884581303006, -2.0066063852651133, -1.6561692017119858, 1.8678702340982969, -1.6925132210099996, 4.521205422469273, -4.531878786472981, -1.6129131393839111, -1.0643885393622368, -4.938871952549893, -1.8973013356685653, 4.902995755586635, 7.361831357770553, 4.600310089189717, 1.6772217160577805, 5.21988046099767, -1.7138432171476483, 1.7474308779596635, -2.6358444162864454, 1.8353786394297218, -5.090617356647821], Energy: -41.47209244998032
Eval count: 538, Parameters: [-1.7583517247402873, 1.6064280462485792, 3.8227198677721566, -4.613142294526699, 5.080437481385379, -2.0074248249564284, -1.6560365253025227, 1.8690546359463867, -1.694109043648549, 4.523678864237816, -4.531980299709917, -1.6102883581171146, -1.0639310053346147, -4.938973604570407, -1.8976420374941094, 4.902722217885588, 7.360304293239373, 4.60067415824214, 1.6782807035043277, 5.221053721114721, -1.7149875770734604, 1.746659201232198, -2.6351919847128573, 1.8322978498154912, -5.092780590557599], Energy: -41.47378866078304
Eval count: 539, Parameters: [-1.7613786719314017, 1.6119118794127798, 3.8217453863954542, -4.619431734838473, 5.079121485842808, -2.00157194244566, -1.6545214227151368, 1.8672559168994507, -1.691930894610065, 4.525463420095326, -4.533886179193491, -1.6065417876718462, -1.0576767653920653, -4.93747389957827, -1.9008420551202447, 4.902759883308425, 7.359895885078773, 4.602515498790024, 1.6791630590635542, 5.2208504251866, -1.7152146112071476, 1.7484841632026258, -2.6301278434778985, 1.83082407835729, -5.089602692430297], Energy: -41.471253982493806
Eval count: 540, Parameters: [-1.7576339929056706, 1.606924620900181, 3.8243769296855263, -4.614465603632293, 5.078413595009824, -2.008844793970644, -1.6590325285383414, 1.870900636485103, -1.6947712336220042, 4.521446975362751, -4.531928416554917, -1.608448428723556, -1.0624042162124172, -4.937875060010193, -1.8982283068839394, 4.901024209713282, 7.362973643052941, 4.600306546087702, 1.6791508875618504, 5.218181067914554, -1.7133961636169042, 1.7454537518912052, -2.6361223126198823, 1.8330361149883432, -5.092577145764237], Energy: -41.47363349009055
Eval count: 541, Parameters: [-1.756485189866802, 1.6089728903473046, 3.8222195443414573, -4.619149325426821, 5.0825061917437315, -2.010816245323605, -1.658210828905059, 1.8691208247324664, -1.6893112998536892, 4.522374228598917, -4.532813907827477, -1.6097694768977102, -1.0709144636217267, -4.937143548310842, -1.9040649057867822, 4.905746725205142, 7.358951357072157, 4.601848997499272, 1.6776323483643232, 5.22439971935142, -1.7160697409402363, 1.7425833427667217, -2.63904347749398, 1.831121784290876, -5.093329779687391], Energy: -41.47347917054441
Eval count: 542, Parameters: [-1.758730027490221, 1.6063212647979292, 3.821508957208207, -4.6135963280182635, 5.076725823315449, -2.005834817226372, -1.6567961121273085, 1.869339315028597, -1.694750644863051, 4.523756776647076, -4.532334614747547, -1.6097992324583232, -1.0677729707599743, -4.937464262984094, -1.8969857462940694, 4.901369134437194, 7.361854061411938, 4.600336131558705, 1.6797733682005866, 5.222950072045247, -1.7147971531763166, 1.7496249147714467, -2.6344886315921485, 1.8309133460065086, -5.094386599334347], Energy: -41.47345080864159
Eval count: 543, Parameters: [-1.7511876231005221, 1.60961755885293, 3.824660172746843, -4.611592294524961, 5.08026809549239, -2.0104693879579214, -1.6550073754315215, 1.8675114120976783, -1.6929550085185017, 4.5292020491654315, -4.528262236039516, -1.611205060628289, -1.0630790188000276, -4.938572485482726, -1.898929677864692, 4.902567791394071, 7.36036751067155, 4.60454015187056, 1.6812723419687388, 5.219959986860882, -1.7148463543226133, 1.7497061658084896, -2.6345254550102903, 1.838259373250932, -5.0994351290282856], Energy: -41.47339983768711
Eval count: 544, Parameters: [-1.7575968874727819, 1.6064028280998, 3.8239191545526983, -4.6145766173316405, 5.079761913853372, -2.0067558022427274, -1.6525188845225998, 1.8698532706623114, -1.692698620277184, 4.522624097063591, -4.531963347095111, -1.6088352255867329, -1.064943803623893, -4.939810452642484, -1.8956261326120172, 4.902864156309127, 7.361402614790943, 4.600108685496379, 1.6753498535271658, 5.221712734969833, -1.7122464305220704, 1.7445284546792383, -2.6331849279375827, 1.8332439157662046, -5.094902437954876], Energy: -41.47396880565225
Eval count: 545, Parameters: [-1.7608034047604557, 1.6025801092417848, 3.8273616867892026, -4.614302663862217, 5.077888499131966, -2.0098511378955632, -1.6467112694768782, 1.8636003562528114, -1.6968606358506129, 4.522348814463449, -4.529424444641619, -1.604216906418029, -1.0652975499818202, -4.939830282055995, -1.900643435631728, 4.9035987394469345, 7.361858164379927, 4.595672108371332, 1.6740553375780378, 5.220166580546602, -1.7140974030513232, 1.7456966895862263, -2.637216538072238, 1.8327386234065124, -5.097168004954217], Energy: -41.47457549607003
Eval count: 546, Parameters: [-1.7596170389227672, 1.6038207130930726, 3.8257203078040534, -4.613713046716675, 5.074616760661013, -2.0102780924900445, -1.6451191095726165, 1.86617950001206, -1.6955479687630828, 4.524032497000688, -4.5301899213349355, -1.6042741693484424, -1.0646396452511986, -4.942320143549898, -1.9015937432338625, 4.902004187796057, 7.3604773071794405, 4.595344294389423, 1.671812411551153, 5.219010061210972, -1.714601239074304, 1.7464033449953333, -2.6401349225619595, 1.8314522520761587, -5.0965040439782054], Energy: -41.47453404787501
Eval count: 547, Parameters: [-1.7619291391769787, 1.599854131057592, 3.823769282667413, -4.612693596465861, 5.080319969593639, -2.011266682078684, -1.6491891724288132, 1.865160864143317, -1.701335557296177, 4.524144812006341, -4.528954214597544, -1.6012777937350382, -1.0642922631183935, -4.940952883296507, -1.900531414530962, 4.908545891656144, 7.361824751527552, 4.600918474252693, 1.6710279284382954, 5.218285316713766, -1.7092125306928012, 1.745190617995262, -2.638451141509896, 1.8262392560193437, -5.103207479729059], Energy: -41.474949409337455
Eval count: 548, Parameters: [-1.7632918205971644, 1.601880949932414, 3.822072405764325, -4.611970240608093, 5.0813423122636205, -2.0131193014918565, -1.6505817288459534, 1.8654123883737677, -1.701322132991081, 4.520837659323419, -4.52997792084743, -1.599822240000552, -1.0629131696956344, -4.941812053866616, -1.9005839667677327, 4.907513558433425, 7.360920616084668, 4.600104254622068, 1.6690353285393889, 5.220186229062337, -1.710838930235562, 1.747398504881054, -2.637778363654527, 1.8280363170599347, -5.105873719266125], Energy: -41.4747991126178
Eval count: 549, Parameters: [-1.768165873438371, 1.6038946295193932, 3.8266762576130247, -4.612188627782933, 5.079893976349454, -2.015085948785333, -1.6475041064700298, 1.8683463574170343, -1.6990129101721028, 4.523030688791382, -4.525428420571313, -1.6026809884690447, -1.0676348408708913, -4.93850119519812, -1.8959290896304974, 4.913059654870184, 7.356959046484989, 4.599532695938032, 1.6724170806415681, 5.212349036414474, -1.7080457428240639, 1.7480099634413013, -2.638704479855854, 1.825528086791494, -5.103401621802176], Energy: -41.47520487534888
Eval count: 550, Parameters: [-1.768757792450524, 1.60163119010393, 3.8276834529685404, -4.611547345045164, 5.0776122386728115, -2.015985426797497, -1.6478991609140723, 1.8696371039270903, -1.6957802225660563, 4.522311241715484, -4.523284409158231, -1.6025488999466788, -1.0648709650276, -4.939307112931184, -1.895996985929234, 4.915849914697053, 7.358120034437254, 4.599885147935412, 1.6737320077779616, 5.215526743244945, -1.7087764574472604, 1.748370867034674, -2.6387494825836226, 1.824711441963814, -5.1034763532001675], Energy: -41.475167585432644
Eval count: 551, Parameters: [-1.766442119033636, 1.5998677293803842, 3.8310183981353116, -4.6111846572847, 5.080758583988928, -2.0156539193644765, -1.649235382700555, 1.8715157098064827, -1.7002075162500718, 4.52701238211279, -4.526641837958599, -1.598777580931245, -1.068742772431368, -4.934430557821368, -1.8904204300165153, 4.913629823860569, 7.355640423654697, 4.598844563187055, 1.6678135748627136, 5.211914125362263, -1.716743074863033, 1.7453205629514843, -2.6393177165223096, 1.8251489287730325, -5.104638971204449], Energy: -41.47608564903294
Eval count: 552, Parameters: [-1.7670057094830764, 1.60042120539655, 3.8297368750381278, -4.608383783630888, 5.0827738268431, -2.0151657424504883, -1.6473688871278531, 1.8709267008430712, -1.6967072607418914, 4.526123319237767, -4.5269364089444215, -1.5973627875364311, -1.0688981874977934, -4.933179745266818, -1.8901512703667156, 4.911566854172038, 7.3581057825103935, 4.599682434320795, 1.6695571529897244, 5.210280894011334, -1.7180510531193824, 1.744275359318942, -2.6401608813368096, 1.8230888980506874, -5.105863993846668], Energy: -41.477021204967514
Eval count: 553, Parameters: [-1.7624163709032683, 1.6053056719637064, 3.8336198370015926, -4.603061271932785, 5.085098295921829, -2.0168726748122454, -1.64611739004859, 1.868442427960067, -1.6979316139222476, 4.525280336475558, -4.528732853946682, -1.5957044887063565, -1.067750515266586, -4.930589929922673, -1.885548027471977, 4.912688152500984, 7.3589221716741955, 4.596297182342108, 1.6695477524350821, 5.214925611817273, -1.7146336627392849, 1.7444068450203178, -2.6453161182792195, 1.8180381863730428, -5.103961566279378], Energy: -41.47602912365062
Eval count: 554, Parameters: [-1.7662473826753957, 1.5998302081781315, 3.8295374672965026, -4.6098262626643765, 5.08223440567705, -2.014900729349711, -1.6482669241291588, 1.8683785154885428, -1.6962551490583437, 4.524539230097609, -4.523518061263435, -1.5955229025723479, -1.0691475327246605, -4.934423420248294, -1.8876334875657268, 4.908940699756, 7.355134344981382, 4.602171236944523, 1.6697613017454487, 5.210594579451604, -1.7180419787719192, 1.7438922254762206, -2.6411876593757135, 1.8222818650737613, -5.105036684414545], Energy: -41.47732649234035
Eval count: 555, Parameters: [-1.763629827994044, 1.5960897820433633, 3.8308728489924313, -4.611347068643614, 5.085617450418281, -2.0204473773798255, -1.646369629787384, 1.8707922690281977, -1.6954838084247725, 4.523841004448521, -4.5205819909821185, -1.5990103296632803, -1.0683555363945554, -4.931240588709733, -1.8902805840842145, 4.9030309025924925, 7.354408328614644, 4.600941849038475, 1.6672454051513979, 5.2104487551543945, -1.7175112621239157, 1.7470977342395209, -2.635535055708459, 1.8158292188416654, -5.104347286457854], Energy: -41.478109421150805
Eval count: 556, Parameters: [-1.7644094879642962, 1.596267944342611, 3.830641281312661, -4.610247061469666, 5.083614387638634, -2.021222574455493, -1.6436884913602092, 1.871752736159572, -1.6975717271817634, 4.522006233108121, -4.5214653281681905, -1.6002940305224058, -1.0675092887432243, -4.927743443627262, -1.890944005712004, 4.902512946737267, 7.35308025215919, 4.604733523644839, 1.6673871254280526, 5.211904376835494, -1.7177377644401173, 1.7453174552719881, -2.636005155609411, 1.8167329715115264, -5.104099852061286], Energy: -41.47803912411649
Eval count: 557, Parameters: [-1.7715483509900756, 1.5947805876510757, 3.83517915683816, -4.610854619961519, 5.08924886263456, -2.0194361024302214, -1.6477682149220885, 1.8728748443790522, -1.6937981874469479, 4.528730484531021, -4.518482759592957, -1.600904028170209, -1.0686151036907214, -4.931360747440539, -1.89053075846574, 4.896210794745466, 7.355743044619341, 4.602323283998046, 1.665327548978025, 5.213792074951665, -1.7145638757380344, 1.7461630205230183, -2.64031990126003, 1.817540831834397, -5.106606366074432], Energy: -41.4743645163598
Eval count: 558, Parameters: [-1.763417414323501, 1.5946157152911955, 3.8279978649569, -4.611350129745759, 5.08582140108481, -2.0206545015527464, -1.6462792309266396, 1.8719233898861454, -1.695027939519498, 4.525304884170251, -4.520422356828722, -1.5971363879797127, -1.067243815480407, -4.92911897950126, -1.8902981788509199, 4.902327684022057, 7.351260443660554, 4.597527240298105, 1.669731995190896, 5.211252073996688, -1.7155657889008353, 1.7453767916729888, -2.6355844071525807, 1.8168837123345938, -5.105242584021033], Energy: -41.477889554705996
Eval count: 559, Parameters: [-1.7631599330222134, 1.5950124852668206, 3.8348186850177712, -4.602900041656092, 5.082190094318315, -2.019066507075176, -1.650246973387619, 1.868002631555161, -1.6922972954033004, 4.5226102975277955, -4.522430116826835, -1.5975245780263003, -1.071010315386677, -4.931919459876165, -1.8948664870040597, 4.902722477108246, 7.349400516939236, 4.601218722767194, 1.6652815116296975, 5.208346199427714, -1.7159255035437182, 1.7444669673136497, -2.6301263809931026, 1.8147059984827956, -5.104589438809385], Energy: -41.47759261535833
Eval count: 560, Parameters: [-1.7633619517007129, 1.5934019037407703, 3.832777363824063, -4.613021779590293, 5.085949726476635, -2.0211364988099523, -1.645827130702913, 1.8701136135176424, -1.6939896202126805, 4.523201474539518, -4.525675587879074, -1.5991838862564256, -1.0678141275550432, -4.931979937387007, -1.8893076442776442, 4.90276124525714, 7.352782423348743, 4.602123534357544, 1.6690284438978444, 5.209737642115681, -1.7165849300238114, 1.749201242051611, -2.6366730561685356, 1.8158170305124526, -5.105437368546044], Energy: -41.47727179965182
Eval count: 561, Parameters: [-1.7637193038449253, 1.5965997288441445, 3.8289128167202984, -4.610122644131879, 5.085602910637622, -2.027791639058178, -1.6435247825225012, 1.8719854472065791, -1.6987167524198625, 4.524290386783627, -4.520754184908553, -1.5963417482324973, -1.0714614501987476, -4.937733652664008, -1.8882196429084617, 4.902486478917288, 7.356235061602596, 4.601620729167302, 1.6723584197501498, 5.2100428353195545, -1.7215619686076478, 1.7422468245867504, -2.630670030835459, 1.813728544291526, -5.102675539852521], Energy: -41.477414249174046
Eval count: 562, Parameters: [-1.7645304731657248, 1.5970213747739384, 3.8301679003526212, -4.612577871891821, 5.083403943614457, -2.0217113375798914, -1.6475762851099185, 1.8675738830507753, -1.6949783324266268, 4.524696865462731, -4.52131767195248, -1.6025970525430344, -1.0667497049054848, -4.930759002329402, -1.8887443635754735, 4.9026469823391, 7.35464300070409, 4.599578927865235, 1.666685952237629, 5.209991509299621, -1.7182783033577511, 1.744478810780672, -2.6352747625627786, 1.8142109460614153, -5.106945922460112], Energy: -41.478382800077895
Eval count: 563, Parameters: [-1.761083831192976, 1.597172179646028, 3.832041228557532, -4.613016209998001, 5.085013578388857, -2.0151199420657515, -1.645856242861933, 1.8711369907283888, -1.6977443604129172, 4.518842014654248, -4.518121761141018, -1.6059473681205283, -1.0662532736030248, -4.932887645763781, -1.8901533741823024, 4.9033332333227735, 7.352232165338923, 4.596960271321869, 1.6696304504750015, 5.207916665043112, -1.7225834128361672, 1.7422885072290621, -2.6364301210726966, 1.8107284688070473, -5.112760080951099], Energy: -41.48008975116875
Eval count: 564, Parameters: [-1.7625037403964805, 1.600559961418254, 3.8338179904093157, -4.615432122173886, 5.0848320413191495, -2.013403903003578, -1.6452211934408603, 1.8711262990761681, -1.6978209050436064, 4.520873395073824, -4.518884389957512, -1.6031049558516244, -1.0636817608923974, -4.9323880888487945, -1.89152814605167, 4.903195691854337, 7.351235008872027, 4.597844398633482, 1.6705440233233433, 5.208491137896691, -1.723301378643144, 1.742537518188951, -2.6341917661847285, 1.8084758925367694, -5.11278034084178], Energy: -41.48096813777346
Eval count: 565, Parameters: [-1.759711189931266, 1.6015662687538617, 3.8294367610215323, -4.618133927144905, 5.084828798028724, -2.0094908742249564, -1.6418455904999478, 1.8685384836717602, -1.6959710748381456, 4.518387451282604, -4.515547095573428, -1.6003012103267003, -1.0600961914642262, -4.927814818372935, -1.8917564061328058, 4.906866186646423, 7.351958604238411, 4.598076460694085, 1.6677884578965754, 5.202459452220392, -1.7287097203564035, 1.7429084025750592, -2.630848709020627, 1.80469728994164, -5.112403557004411], Energy: -41.481729231676695
Eval count: 566, Parameters: [-1.7536411407393093, 1.6076144727857906, 3.8327936880267623, -4.614056419072745, 5.086551050421341, -2.010387004264379, -1.6404057715340314, 1.866080990470246, -1.6979732944253003, 4.516506698417358, -4.51594057134107, -1.5987550359965097, -1.0582427863523651, -4.925114031301548, -1.88787039848604, 4.908608010828058, 7.352249596276939, 4.594351534097501, 1.6678279466734776, 5.206493668025322, -1.7266311218860484, 1.7431323329187423, -2.6342264833917386, 1.7981624966462035, -5.110597456419804], Energy: -41.48048361861038
Eval count: 567, Parameters: [-1.7583172503938485, 1.6015082959995035, 3.830197759034086, -4.615299293985011, 5.083882192914513, -2.009029178955598, -1.6406987711514287, 1.8680624760617748, -1.6975447112792288, 4.520549065685563, -4.514112217171412, -1.6007660458645478, -1.0571358387253558, -4.928390082998502, -1.889581329348276, 4.905589205020618, 7.352551585390582, 4.598757280567079, 1.668969533788097, 5.200830525780201, -1.728229424039742, 1.745487004580249, -2.6291109035866356, 1.8069212783841344, -5.114201861398744], Energy: -41.48128556160077
Eval count: 568, Parameters: [-1.7527435312345976, 1.605555621570659, 3.830692674650788, -4.620734471596512, 5.085867453959293, -2.0139039874093387, -1.6421826310217233, 1.8675458227916009, -1.692340229701301, 4.521832997801183, -4.512606826155838, -1.6000754126302739, -1.0638041950624137, -4.9258805756123625, -1.8966457980851594, 4.908870199645407, 7.351170213443654, 4.601836234596659, 1.6695447942856183, 5.20292774912411, -1.7302187148130348, 1.7426321363951625, -2.632367674440595, 1.8077744507538225, -5.118594605384426], Energy: -41.48143373662799
Eval count: 569, Parameters: [-1.7605213113602276, 1.6010704457826734, 3.8274255304617815, -4.617120887490264, 5.085118843623963, -2.0075368749506697, -1.639440041051608, 1.866979771700559, -1.695637103519039, 4.5204481689106295, -4.515742124120777, -1.6017690753849725, -1.0630871613752106, -4.928183152436555, -1.89094972544991, 4.907844492734275, 7.350179694627906, 4.598269441199072, 1.6676206829717113, 5.205861417352109, -1.7300764189761921, 1.7452416380997038, -2.629709727507857, 1.8034485511122984, -5.1132587344247575], Energy: -41.48200312232035
Eval count: 570, Parameters: [-1.7605643938795885, 1.6010687175038962, 3.826556776973838, -4.61919320441998, 5.076896604833986, -2.005661063316094, -1.642846742831107, 1.8691971387581838, -1.697603469916179, 4.518575397167905, -4.51568428673627, -1.598574557102179, -1.068874971480058, -4.9239783224722515, -1.8901395086829025, 4.904556502286167, 7.354940483022979, 4.597285457361076, 1.670550830988747, 5.20601626401873, -1.7298885569912315, 1.7492013638791557, -2.628761284171235, 1.8001358560018048, -5.116632633743677], Energy: -41.482279611916056
Eval count: 571, Parameters: [-1.7620429359653562, 1.6001073653736166, 3.8264033799488018, -4.61788034879677, 5.076999935715798, -2.007036678038679, -1.644399979023256, 1.866897132392414, -1.6998956260821754, 4.519418223251803, -4.515045970159684, -1.598645422542547, -1.0680886791281072, -4.923258553561551, -1.893176104825386, 4.904622490065353, 7.354106294913093, 4.596634184932132, 1.6727565554347672, 5.205047765251267, -1.7327389758196572, 1.751347461866575, -2.6315366978914394, 1.799186423418867, -5.115377411256261], Energy: -41.48222974190605
Eval count: 572, Parameters: [-1.7584034577351118, 1.6042995866879444, 3.822221194348924, -4.618166311921794, 5.079375244412148, -2.003373171540714, -1.6511247931389625, 1.8741734209811378, -1.695544286041488, 4.519708691344553, -4.517333160440716, -1.6033788442129102, -1.0676812431181486, -4.922556131952329, -1.8875475657801513, 4.904297895722451, 7.3532069605166, 4.601750095520647, 1.6741660019753937, 5.205875685572261, -1.732408834880476, 1.7499066445903433, -2.626711109493541, 1.7982396753676295, -5.113128264095058], Energy: -41.48192650857413
Eval count: 573, Parameters: [-1.7620615164483993, 1.6004047064679239, 3.8277094045937634, -4.61957845411615, 5.080315595595248, -2.0057270434865173, -1.6447400857889023, 1.8667682084574724, -1.6988562918543288, 4.516085065839697, -4.515212542080182, -1.5981480902769758, -1.0691541163613927, -4.92179472524879, -1.8892358340505027, 4.905815352416132, 7.356038799084382, 4.597377112702777, 1.67220599476783, 5.207632068972211, -1.7298372450743138, 1.7490944663932164, -2.6257652223303625, 1.801861602580556, -5.117952020394157], Energy: -41.481848495393535
Eval count: 574, Parameters: [-1.762460247896999, 1.6056531241276804, 3.8223953925200806, -4.617592001473898, 5.077138505273011, -2.0093048238789013, -1.644501849254265, 1.871218696256603, -1.696837408120962, 4.51300171013003, -4.517826177239686, -1.5955634285338391, -1.0659395448575417, -4.926702495953223, -1.8906243846979418, 4.901848822192102, 7.352346644247624, 4.595472162941438, 1.6653518365550841, 5.208723344346006, -1.7340012639538924, 1.7536528790854673, -2.6287496682299083, 1.8024010670597668, -5.121566150513935], Energy: -41.48265586577503
Eval count: 575, Parameters: [-1.7647333970901997, 1.6081072658662101, 3.8246243808179727, -4.617839115123669, 5.0762707430638825, -2.01049059455536, -1.6430974404124912, 1.8720997998431577, -1.6946006752614655, 4.51202836424152, -4.516493902067188, -1.596981655901254, -1.067614766897213, -4.925364336911119, -1.8887427946662219, 4.90232017983428, 7.350333225751981, 4.593405804009205, 1.6667893062611994, 5.206789715619911, -1.7349037156404565, 1.7549687666198057, -2.628504305679056, 1.8039515368082613, -5.119931359449557], Energy: -41.48255852754846
Eval count: 576, Parameters: [-1.7577703152680682, 1.6056372851218617, 3.8236012001737802, -4.6193477302574735, 5.075337181487233, -2.0057310383536042, -1.6431439347381638, 1.8683914802916683, -1.694400631883997, 4.512031060436798, -4.519925807256148, -1.5968167483358717, -1.0649175612720931, -4.9268775865217, -1.8932169184396894, 4.895311354406361, 7.354975988444298, 4.59183134192367, 1.6667362859080632, 5.213194057324016, -1.7397706699787252, 1.7522120682919393, -2.6272488578443216, 1.8074028879248365, -5.116702529417802], Energy: -41.48125134973856
Eval count: 577, Parameters: [-1.761942835316167, 1.6080798927948565, 3.8212078648904355, -4.618273778360705, 5.079377032520741, -2.0083840162222018, -1.6440348744324118, 1.8697979587072253, -1.7000101574355873, 4.5135509609334505, -4.519912659049313, -1.5958599035115835, -1.0686485204074767, -4.926070783487208, -1.8907892259021695, 4.8990427024024354, 7.351244734996918, 4.595149796057809, 1.6642351061811103, 5.205573344955077, -1.7329055574175134, 1.753406565242862, -2.628678911256955, 1.8032313148496122, -5.121439406577966], Energy: -41.48195470571653
Eval count: 578, Parameters: [-1.7640837227699837, 1.6094730579844643, 3.817524514983437, -4.618776648611726, 5.075608340830216, -2.008457475590413, -1.6422086121472521, 1.8686920340013546, -1.6947143631698, 4.508240631504805, -4.515305371971374, -1.5989242305471056, -1.0640787958154767, -4.930805680326894, -1.8964539842539208, 4.902340234160339, 7.353747600574765, 4.596290643491763, 1.669957523685183, 5.208984157690666, -1.7267407015202705, 1.7561401248463975, -2.627409775647117, 1.8007550068995544, -5.120923463803822], Energy: -41.480186510928945
Eval count: 579, Parameters: [-1.7647048173732434, 1.605982125480828, 3.822145153813388, -4.614983884295705, 5.079551442389864, -2.0085035248453456, -1.643210262299478, 1.8711034475775594, -1.6934731371101939, 4.513289653306105, -4.517775988911131, -1.5946494360782084, -1.0661479093934543, -4.925710928691108, -1.8903943524475557, 4.898833155803275, 7.3548265445867, 4.5965101208756325, 1.6665413817358, 5.208009102378182, -1.7345377103841275, 1.752448267806748, -2.6306498448815376, 1.8011778879296456, -5.123136840718317], Energy: -41.483035032722114
Eval count: 580, Parameters: [-1.7702561246062594, 1.6042076874114815, 3.825351871486267, -4.617772737081488, 5.079543051361961, -2.005555344126239, -1.644069188099844, 1.8764074393795924, -1.693911941215835, 4.517029027953914, -4.512245232651773, -1.5935802653663687, -1.0653582919144624, -4.925404880136052, -1.8901807639892758, 4.898384485037785, 7.353060253230453, 4.597170257029784, 1.6609612497887412, 5.209183460870555, -1.7397666481688938, 1.7500023278073202, -2.6317615373778014, 1.7967281476598176, -5.127289834279217], Energy: -41.48278094331164
Eval count: 581, Parameters: [-1.763924170460614, 1.6045484617643972, 3.8225654060428096, -4.616965711928529, 5.079158374599592, -2.008457166609923, -1.6438543472688596, 1.8684789469946312, -1.6925700830556538, 4.511596920878409, -4.51630348705106, -1.5929633490569552, -1.0661835001914608, -4.927152074535286, -1.8876386135033807, 4.8963193792954804, 7.351523940092249, 4.59926090852324, 1.6673748258779229, 5.208079397313035, -1.7342306567534942, 1.75280078579055, -2.6320889587725667, 1.800472817558012, -5.122733182126319], Energy: -41.48325004331252
Eval count: 582, Parameters: [-1.7636882623241794, 1.59953753543804, 3.8256067325255976, -4.620094282204472, 5.079812136799112, -2.008896544808983, -1.641151053401895, 1.8702992679540735, -1.6894203730644262, 4.510900783846733, -4.526633263436768, -1.5927351982391789, -1.0644423475804998, -4.927089050581373, -1.886786374979362, 4.898863914387369, 7.35008856684371, 4.600142806776419, 1.6696610936053493, 5.205180463850068, -1.7365743284485917, 1.7561140916334552, -2.6329404617343846, 1.7973458586108566, -5.12695874500782], Energy: -41.48465893457052
Eval count: 583, Parameters: [-1.766188639314672, 1.6027649624574272, 3.82425168319997, -4.619052517744616, 5.07623090339114, -2.0028467027311585, -1.6424640657297003, 1.8685534876171632, -1.6896193287267027, 4.511274263607589, -4.52966246473626, -1.5883642355559056, -1.0649187082170788, -4.930032163025734, -1.8838162554321911, 4.905561807265592, 7.35043769794959, 4.601608612664775, 1.671907804487768, 5.204474862712846, -1.7390740109631075, 1.7526641060075048, -2.6383289037329383, 1.8019654693346339, -5.128684378025537], Energy: -41.48275532682743
Eval count: 584, Parameters: [-1.7639005960232963, 1.6000997456623638, 3.823448421495904, -4.623077619772465, 5.081160392422308, -2.0115850595924947, -1.638780030679049, 1.8717633686990864, -1.6916244503639666, 4.511526437626344, -4.525953092692249, -1.5925333331408484, -1.0642836302267973, -4.92868184542254, -1.8843735965159327, 4.898819773162335, 7.3525704647776315, 4.600211319089722, 1.6719492279654111, 5.205905633857919, -1.7383644713976618, 1.755722723029281, -2.633666427473634, 1.7971907603764308, -5.126383492561057], Energy: -41.484143656450954
Eval count: 585, Parameters: [-1.7631562198938462, 1.5983650277649963, 3.826522804353821, -4.614514798614368, 5.077687554675205, -2.0133285412958557, -1.640699802399558, 1.870372094448055, -1.6891820923601655, 4.5101406437271505, -4.527797732753259, -1.5891327774055504, -1.0679032322430642, -4.9315843516950615, -1.8880138300895852, 4.898585631279596, 7.347654580099815, 4.60082350544404, 1.6718804600375468, 5.2027869931810296, -1.7403753930706292, 1.7507757626484646, -2.625357184020906, 1.7928831925819222, -5.126931229646136], Energy: -41.48518606492951
Eval count: 586, Parameters: [-1.7623489056300294, 1.5977464173334834, 3.8258678276699065, -4.615563487514312, 5.079657582623792, -2.0126532435887374, -1.6432260563836447, 1.8698017200989054, -1.687054520167894, 4.5123340716834806, -4.526907739379549, -1.5873393641289149, -1.068370720594089, -4.934269269060451, -1.8873872793778939, 4.898864826651883, 7.347960918884352, 4.596172054274492, 1.6725027352270094, 5.201645155684822, -1.7395671771078955, 1.7519473839192388, -2.6249244433741143, 1.7923435027253563, -5.1274395639297214], Energy: -41.48512599505159
Eval count: 587, Parameters: [-1.7630593168631363, 1.5952222861291536, 3.8210661781935378, -4.61408623325239, 5.076824842280904, -2.0138807705441515, -1.6386450191442203, 1.8734848607477241, -1.6891133409165364, 4.511570275181393, -4.527992393077986, -1.5860872454641541, -1.0650015962027177, -4.924942866428342, -1.8885136367404847, 4.89713575615113, 7.340492262675599, 4.596711623200186, 1.6762656337255322, 5.204738067687487, -1.7376802111986824, 1.746525960997013, -2.6254739868478225, 1.7942812139004156, -5.1290659588766285], Energy: -41.48358934263564
Eval count: 588, Parameters: [-1.7617621347250927, 1.597494169525673, 3.827487264191984, -4.613400985898381, 5.080059227710795, -2.011102439608506, -1.6392774214787869, 1.8740083848151152, -1.6900923287905616, 4.508419396076452, -4.526600498823833, -1.5862055909183157, -1.0693680255665559, -4.93237369570098, -1.889704684750487, 4.899059550987114, 7.347058823547734, 4.601728995421353, 1.6728699282253663, 5.202906902671621, -1.740300968485029, 1.7529524587701244, -2.6257845622043012, 1.7939009709603073, -5.125330988922956], Energy: -41.48444454047626
Eval count: 589, Parameters: [-1.7659362883222582, 1.5964705645042632, 3.8261230652795133, -4.614703063775538, 5.076612568386745, -2.0187098955189935, -1.6414234018459097, 1.868646807574256, -1.6843511539880645, 4.515035818885811, -4.530855166213953, -1.5836940879267036, -1.0682092117381699, -4.9283410251693525, -1.887154088783356, 4.899019275471622, 7.349675773270579, 4.605009440942096, 1.666410624527937, 5.20296262218973, -1.7394902023712029, 1.755030316622183, -2.6230555011654357, 1.7921013124339218, -5.121941860815195], Energy: -41.48344703921276
Eval count: 590, Parameters: [-1.764278909794528, 1.5941134638689736, 3.8237410786522257, -4.614818513035411, 5.077154443865942, -2.01366535742241, -1.641297922208184, 1.871043999302074, -1.6882036316040485, 4.509348846518886, -4.526852517465069, -1.5911866093477867, -1.0698283061617433, -4.932453195974498, -1.888643933356061, 4.898379367558227, 7.3482310422364385, 4.601695914618347, 1.6710319665607218, 5.200330037636288, -1.74124298802693, 1.750575038118452, -2.625142939260912, 1.796345001890687, -5.127557693886428], Energy: -41.48387173673177
Eval count: 591, Parameters: [-1.7570308177289182, 1.5973595093941257, 3.828964089545886, -4.609547504837534, 5.078402754826358, -2.015796682058524, -1.6406688990763694, 1.869149341592961, -1.6886978785649698, 4.505754296134268, -4.527857029032691, -1.5925699126592865, -1.0690159400368182, -4.929786506396942, -1.883070608840319, 4.900313836271056, 7.348459390472412, 4.597390780867431, 1.6685898175825216, 5.203759719730846, -1.7414317307900267, 1.750737217415595, -2.629983567383638, 1.785581187404716, -5.128840553416225], Energy: -41.48455134712731
Eval count: 592, Parameters: [-1.7669125631664933, 1.596338499881621, 3.826755014345636, -4.612851949917029, 5.0772238001379195, -2.0120363345167833, -1.6411955073874567, 1.8713225649908265, -1.6911788612473904, 4.50898680161947, -4.529800942105017, -1.5897561637795996, -1.0669122463310063, -4.933325599407579, -1.8857505659990081, 4.896992309533194, 7.347873109903209, 4.5990369679105765, 1.6715705173768776, 5.203728120781995, -1.7386719171697322, 1.7507944992309938, -2.6253110182275177, 1.7921408504221104, -5.124121659942449], Energy: -41.48371725122877
Eval count: 593, Parameters: [-1.7627810458137667, 1.5994959389969208, 3.832494011377564, -4.613834865311106, 5.077867506892955, -2.018713567112301, -1.6440307449560863, 1.8725580723950375, -1.6886588844781503, 4.514319800935696, -4.530021313668528, -1.5915742180951566, -1.0722670560218799, -4.934795861539455, -1.890079804468256, 4.896076023912479, 7.346190624867025, 4.602606108648358, 1.6747230361022913, 5.208466474889154, -1.7372478976868355, 1.7504178363632632, -2.6286609428450727, 1.7955258967388232, -5.13136585560851], Energy: -41.48570231224954
Eval count: 594, Parameters: [-1.7627381606788082, 1.5990435809929169, 3.8311823677380707, -4.611483825728622, 5.077617063030429, -2.01680834517696, -1.6413813966777553, 1.8709816896118905, -1.6892013289762322, 4.517208794440264, -4.529433529380194, -1.5930674288755913, -1.0732570631819975, -4.935411468858498, -1.8882508227867427, 4.896237687935041, 7.344988408682147, 4.603127952218581, 1.6752006892378966, 5.210505600227485, -1.7381585488412945, 1.7537577629199748, -2.626778897606588, 1.7956315765374122, -5.13303818655766], Energy: -41.486039958567176
Eval count: 595, Parameters: [-1.7592122480266101, 1.6001096374559287, 3.836406966013556, -4.6086536100369955, 5.075425489624177, -2.018134443152096, -1.6419777294602755, 1.871985640634292, -1.691176037079848, 4.519613848769377, -4.52717156169906, -1.592360641060197, -1.0647898739290527, -4.9357472638180395, -1.885851296152084, 4.893166935948539, 7.347135794280184, 4.604813868245636, 1.6769526696629704, 5.204321058107073, -1.73754367804942, 1.7559529154057592, -2.624524246842382, 1.7981518526327165, -5.137470319289229], Energy: -41.48451962869899
Eval count: 596, Parameters: [-1.7620938714290848, 1.600033446363218, 3.82950993158547, -4.61197966850837, 5.075151689657528, -2.015371886582918, -1.6452625644439418, 1.8733762133711318, -1.6893443153320957, 4.5168231874212905, -4.529916123016125, -1.5932891199776582, -1.0751605659132233, -4.933323553060232, -1.887141793733834, 4.894868091903581, 7.346323057917158, 4.60411168242398, 1.6774641042681455, 5.2105216707619455, -1.738863198746704, 1.7555316138629438, -2.625781566210983, 1.7937478528551571, -5.133284167777954], Energy: -41.48643412324691
Eval count: 597, Parameters: [-1.7603426206824153, 1.6028164452092284, 3.8272803824404718, -4.610360869381409, 5.08214012625895, -2.014732351864997, -1.6496513317957686, 1.8759491266678343, -1.6860080354761262, 4.519195762328108, -4.531472814859401, -1.5990831255479228, -1.0707402737944995, -4.934691597544979, -1.885882430427574, 4.896845182028369, 7.341631483080159, 4.608494309243516, 1.6782603190288128, 5.2105515719655076, -1.7416934915970037, 1.7536891343384111, -2.624620055786328, 1.793129914891146, -5.129289122122321], Energy: -41.48679723334499
Eval count: 598, Parameters: [-1.7591718811266812, 1.604054145590392, 3.825445787989865, -4.610208837270861, 5.078717637229578, -2.0144968491573247, -1.6474893675106992, 1.8777918624982677, -1.6845477062900531, 4.52082981116335, -4.531536360054791, -1.6000436908238806, -1.0702504105469244, -4.937356919851725, -1.8876516507570844, 4.89570687011044, 7.340818251214593, 4.60853481462781, 1.6774564877660318, 5.209005132482708, -1.740563523575907, 1.7541505396636965, -2.6272231839025824, 1.7912554162956384, -5.127901476459053], Energy: -41.486561118284044
Eval count: 599, Parameters: [-1.7625172369815438, 1.6069076200884178, 3.8276960667732887, -4.614323175454876, 5.083470590338408, -2.0138414943086254, -1.6489792979409919, 1.8720514808980055, -1.6826310274249623, 4.51539995166136, -4.530380557845076, -1.6019976327930678, -1.0702308458791796, -4.935701757315988, -1.8914758425953706, 4.898864296543084, 7.3414517149695655, 4.610730464419077, 1.6821111720006778, 5.212928765593823, -1.7394366621733202, 1.755699123025872, -2.6204455604666173, 1.7867091707835414, -5.1341008757946724], Energy: -41.48786072425685
Eval count: 600, Parameters: [-1.7579020114109596, 1.6074064288073104, 3.8310722805233817, -4.617451399854364, 5.081895476275067, -2.0103216185038013, -1.6477603798918605, 1.869301407029817, -1.6788617089262707, 4.515499393327878, -4.533072974966648, -1.603333581383888, -1.0696268344768294, -4.935248174653052, -1.8945569545047742, 4.893118463897895, 7.342908037745465, 4.608027673343629, 1.6828458498109178, 5.218014342466827, -1.7473035325301163, 1.7542594498752762, -2.6183939064199824, 1.788190384022951, -5.1318725559488705], Energy: -41.48680777172052
Eval count: 601, Parameters: [-1.7613843348635916, 1.6077968104080707, 3.828066199456899, -4.615891385998864, 5.083393046345857, -2.012248682640331, -1.6474959513169658, 1.8746429077509936, -1.6805506993063737, 4.514861369988285, -4.530680810503221, -1.6019004415972036, -1.0710599826982294, -4.936369709370132, -1.8884569725539475, 4.898745294904924, 7.342078652994066, 4.6113910929139665, 1.6795187193146024, 5.213855939027261, -1.7369190248175383, 1.7534048163285372, -2.6177414892097315, 1.7873841040050322, -5.135566227620151], Energy: -41.48759123598518
Eval count: 602, Parameters: [-1.7675116950001544, 1.6060595708444518, 3.831410890725232, -4.618011547918527, 5.08398413348806, -2.01136917603277, -1.650292150938281, 1.8756320747831323, -1.6852976879615114, 4.520007856374445, -4.526039845272895, -1.6016276601645945, -1.0708371678472768, -4.93464252243806, -1.8923927679392327, 4.89867564341195, 7.337955819347458, 4.611244722306655, 1.676999070912396, 5.212401936509994, -1.7451400212213792, 1.7541975604690174, -2.6216646609144565, 1.7812384035414424, -5.138021163197781], Energy: -41.488663049232116
Eval count: 603, Parameters: [-1.7667302335949662, 1.6032167924278948, 3.833728243487075, -4.618608122788353, 5.0832872175673325, -2.0098481531723373, -1.6496138806887768, 1.8750239985678432, -1.6848454401043718, 4.522557164626443, -4.524464788427079, -1.6030049637736528, -1.0715527321617193, -4.933490669320856, -1.8921158944742873, 4.900710419874533, 7.339493986291506, 4.612203936588039, 1.6797991592477242, 5.211910933091835, -1.7434378587014108, 1.7521116671068229, -2.6216886066160376, 1.7799293363687099, -5.135671516214925], Energy: -41.488513305335175
Eval count: 604, Parameters: [-1.765523361290827, 1.6102865921501368, 3.8313612193511357, -4.620080477174797, 5.088591474136252, -2.0096058784412496, -1.6491167365676391, 1.8715599189174366, -1.6903169468594774, 4.522729940317331, -4.530924679611855, -1.6030263317419837, -1.0771440560312013, -4.932237534245056, -1.893120828686535, 4.8950254136868265, 7.335720105001157, 4.612033300568444, 1.6766435579598489, 5.205866901217678, -1.7428708185080586, 1.7532788299962485, -2.6211606183799887, 1.7795251032236876, -5.138534827935584], Energy: -41.48820598839865
Eval count: 605, Parameters: [-1.764751820137236, 1.6036007001337669, 3.829314131872944, -4.618420712214613, 5.084224656929037, -2.010419892948153, -1.6519736081725487, 1.8748073013476205, -1.6883007076293441, 4.520879033975379, -4.527342756601359, -1.6004812428379105, -1.0691627497061833, -4.936185209744793, -1.894272460332006, 4.898968945066934, 7.339289366339063, 4.612988090638317, 1.6753109641864319, 5.214452433502539, -1.7441325240854133, 1.7532225320517068, -2.621429832210558, 1.780040777489566, -5.139214052501435], Energy: -41.48894699187707
Eval count: 606, Parameters: [-1.7611720018733499, 1.6045032023579047, 3.831487499541252, -4.623813677839708, 5.0792787537729, -2.013068935301002, -1.6539211667897193, 1.875019825608736, -1.6931021139232947, 4.519969539409559, -4.52756740821348, -1.6029593872312156, -1.0697053106818146, -4.937236007885876, -1.8941226228135406, 4.905670720982601, 7.333073647933955, 4.610492919321285, 1.6739116787862298, 5.215082971085576, -1.7440090237810262, 1.7565847863693558, -2.6174004786823133, 1.7816864756732058, -5.136475787854237], Energy: -41.48687838995579
Eval count: 607, Parameters: [-1.7652751038754035, 1.6045909220064993, 3.829096795192135, -4.616645867422385, 5.084962472704221, -2.011046715217441, -1.6511596071687964, 1.8775830784358036, -1.689097933138881, 4.522486846551056, -4.528724105678704, -1.6025411897069357, -1.0690449099701143, -4.934493834043294, -1.8972342826019286, 4.900853938755951, 7.342460480747367, 4.610173953129376, 1.6743319492244546, 5.214387081667327, -1.744248138333148, 1.75327549238742, -2.6195292461066435, 1.7802267035303407, -5.139538483924277], Energy: -41.48869840873783
Eval count: 608, Parameters: [-1.766898662919767, 1.609080307409248, 3.828561629426191, -4.615978306898789, 5.0818640738667895, -2.0056442829549623, -1.6537634075009453, 1.8723536471795719, -1.6871927126543358, 4.5224660131935694, -4.530672968685236, -1.5966275478705498, -1.0702410642779814, -4.937806080804788, -1.8935533336191392, 4.906609514653218, 7.340714238761984, 4.615087212349078, 1.6773801444100422, 5.214900890391188, -1.7474465362787388, 1.7496981191685037, -2.6257694710653823, 1.7809746215958087, -5.143569581801181], Energy: -41.48764460389947
Eval count: 609, Parameters: [-1.764650078807267, 1.604626110646515, 3.8301583804978754, -4.615089263923446, 5.082943463580076, -2.00812022984652, -1.6546853049926062, 1.873088248378724, -1.687451513892835, 4.520579548171028, -4.524842474884233, -1.6007115210240683, -1.069804827772899, -4.934918232399737, -1.8964714431843972, 4.898253447081628, 7.337709879347516, 4.612672463811508, 1.6727892710912076, 5.214722872857767, -1.7419958261853126, 1.7525603546314128, -2.6205925319806873, 1.7810890128723387, -5.138431001359998], Energy: -41.48837197866129
Eval count: 610, Parameters: [-1.7645781052000231, 1.6094515108615213, 3.8248597536436906, -4.6195745775844115, 5.086492816306585, -2.0148465105994644, -1.6514706239274364, 1.8738615523984146, -1.6921419167844285, 4.52264857916686, -4.518354440334743, -1.600298226811265, -1.0707770263294056, -4.937683435464226, -1.8926902985951741, 4.896768448277723, 7.343376986358697, 4.613928121854517, 1.6767408251459757, 5.218615863928531, -1.7452877892717844, 1.7503462678245743, -2.6212776731159337, 1.7786874428492772, -5.1373485764465725], Energy: -41.48711615974918
Eval count: 611, Parameters: [-1.7655093785910638, 1.6041208947380505, 3.831243663850917, -4.618604929397092, 5.084430889073078, -2.0116049155411457, -1.6528423865448885, 1.8734385450704756, -1.686949239878392, 4.521701542459344, -4.528075412713037, -1.5997687683076673, -1.0703919765149048, -4.937665006495133, -1.8939506219981697, 4.899666410262553, 7.342476924498099, 4.615775200350688, 1.6721427677311438, 5.213822087475106, -1.7448035671849562, 1.756262231142835, -2.6208055264756585, 1.7794183754427595, -5.13682872214476], Energy: -41.48832781157813
Eval count: 612, Parameters: [-1.7653758491162235, 1.6011748549155123, 3.8262230640974844, -4.618928789621006, 5.085096875553106, -2.0149873986421154, -1.6509778492567404, 1.875021614062434, -1.6832574147137376, 4.525291267982541, -4.530042332757586, -1.5947276123490968, -1.0673726834243065, -4.928091925474082, -1.8951637841067268, 4.898349718141413, 7.3350767429427215, 4.614582226668034, 1.6757482080915036, 5.21729598871916, -1.7422468824176467, 1.7543979036895863, -2.6207642219610094, 1.7763241194512793, -5.140781550367674], Energy: -41.48969799265063
Eval count: 613, Parameters: [-1.7641318932644872, 1.6000770917925708, 3.826873700345413, -4.615480756961755, 5.084298665020026, -2.01738597875595, -1.6507553945550886, 1.8750690910603598, -1.683020520999395, 4.5240727532977845, -4.5304607061223106, -1.5936482814027932, -1.0693930637801115, -4.930001641856853, -1.8950372995152163, 4.898513932136253, 7.3340977752382805, 4.6144217312967095, 1.6762125703224489, 5.216146751385923, -1.74425649994832, 1.751992476128997, -2.6180038672055197, 1.7733526432528557, -5.141066379479081], Energy: -41.48987782210469
Eval count: 614, Parameters: [-1.7584111158750786, 1.5982051233242567, 3.827979513617576, -4.613364611318969, 5.087058527823767, -2.0181515299642525, -1.6508156581238393, 1.874426581992823, -1.681425001183068, 4.5199419193437205, -4.529797908068287, -1.5983845839588937, -1.0700780113407107, -4.926384305059316, -1.891509066846789, 4.900068135248114, 7.334989612563684, 4.6122977050069895, 1.6734115734538144, 5.217696973526052, -1.7445257037995752, 1.7543543339157963, -2.625110403710955, 1.7675406174652935, -5.145213696664026], Energy: -41.49031273047672
Eval count: 615, Parameters: [-1.7600793210148857, 1.6000220782370567, 3.830207326541879, -4.612029442250873, 5.087146561358269, -2.0170388485264743, -1.6507004848048215, 1.8745596749017888, -1.6834856657471222, 4.5197625569865165, -4.531838092494326, -1.597269742074252, -1.0679826084805677, -4.926897951182148, -1.8895302944405248, 4.8991593693911835, 7.334705749880902, 4.610456259759061, 1.673837199575455, 5.220155492546668, -1.742743234181753, 1.7545164098527066, -2.6252392761673455, 1.7644658281391705, -5.142873342852646], Energy: -41.490390133554456
Eval count: 616, Parameters: [-1.7681719605738069, 1.5917309880157289, 3.82657940041917, -4.611633625158919, 5.088384743863425, -2.0164848368274346, -1.6525509958672069, 1.8752817945553246, -1.682602216872881, 4.517730996943659, -4.53551931619127, -1.6022265934975803, -1.067967473480638, -4.928431371143932, -1.8888690672468298, 4.895140319381257, 7.3334439691654705, 4.61102224872422, 1.675585207524043, 5.220800208980992, -1.741700774675433, 1.754370865632285, -2.625194408407671, 1.7612943943181127, -5.146377713401077], Energy: -41.48835930667576
Eval count: 617, Parameters: [-1.7607714351027524, 1.6005683521359801, 3.83093803910065, -4.610894243633384, 5.085374464480171, -2.017532196665858, -1.648067630486954, 1.875421795976392, -1.6856797873663125, 4.5174373102418, -4.532628510314089, -1.5988209465051781, -1.0676349199951782, -4.924285535329804, -1.8902913259545517, 4.898919351861173, 7.334352307494331, 4.615165636296086, 1.6732968499407679, 5.2213032837733735, -1.7435428018605645, 1.7535243695051563, -2.625705112133062, 1.7650859354566666, -5.142237458316778], Energy: -41.490030433740344
Eval count: 618, Parameters: [-1.7573016245175548, 1.598322286606031, 3.8319710681426367, -4.610655063343916, 5.093549391095601, -2.012646966338353, -1.6484980916945895, 1.8812862851981726, -1.683842295953886, 4.517073357189794, -4.52987169482855, -1.5912341834635417, -1.0706873134150219, -4.928307498833209, -1.893602455940542, 4.89971552906974, 7.332644447211875, 4.611967863852003, 1.6773223658634273, 5.221097872647328, -1.7425331726958453, 1.7593363757034834, -2.6261347982284486, 1.7638487412428328, -5.142345813231852], Energy: -41.48881918510938
Eval count: 619, Parameters: [-1.759346392799552, 1.600727131848613, 3.833856291825106, -4.611284057742977, 5.086887627570815, -2.0198017599509654, -1.6523876823297312, 1.875762140218738, -1.683546023013056, 4.522083799479191, -4.532533578007396, -1.5982941967107553, -1.068691882981257, -4.928457730948187, -1.8901412602629042, 4.897491223373564, 7.334366383863394, 4.611557115874285, 1.675448076635358, 5.221835074328736, -1.7411649193598484, 1.7546636671663147, -2.6264565253630052, 1.7661072911211786, -5.14564610660531], Energy: -41.48965576162243
Eval count: 620, Parameters: [-1.7574046952974602, 1.600683641515449, 3.831888834610358, -4.61076625412452, 5.086269237755323, -2.0161012942081014, -1.6501120354406655, 1.873660481196406, -1.6842382291785654, 4.520290669177593, -4.529487893028698, -1.5957839901035915, -1.0578016872535352, -4.924881305984059, -1.887148572551076, 4.897127744466608, 7.336492900589816, 4.611489739848363, 1.6753579859477075, 5.212695139733836, -1.7437517528925026, 1.7565454980395991, -2.6217993693922286, 1.7626635401029893, -5.14743199152137], Energy: -41.49034671975676
Eval count: 621, Parameters: [-1.7596927421593096, 1.6010095899763443, 3.830115443221788, -4.6141375275841465, 5.085732891362508, -2.0175512789431163, -1.6552374762345337, 1.877314646873741, -1.6831667242735824, 4.517317634376431, -4.532598444264788, -1.5962799378531511, -1.068469082903307, -4.925072112163276, -1.8901978360221399, 4.898145589616129, 7.336487047929216, 4.610699917312218, 1.6749469283716671, 5.218617322100122, -1.742510051394689, 1.7531338785439363, -2.62601978309148, 1.7631600954943538, -5.141763306962379], Energy: -41.49026788840638
Eval count: 622, Parameters: [-1.761424351677662, 1.599091838157688, 3.833705045089039, -4.614990412706535, 5.092100005400043, -2.0214312112031343, -1.647991646177804, 1.872093745175144, -1.6817528215204718, 4.516473244419699, -4.532129001474875, -1.5949912629197789, -1.063071232672024, -4.9285071520337125, -1.8939096784725715, 4.90106200656204, 7.33372093751011, 4.608306261266273, 1.6702664701284557, 5.217558800099559, -1.7408593034728095, 1.7474378202466787, -2.628983232686379, 1.7650875140656772, -5.141663581280754], Energy: -41.48889091907262
Eval count: 623, Parameters: [-1.7614870997463128, 1.5981645285890191, 3.832209347325855, -4.6127637587513295, 5.086462761548014, -2.0174358939225963, -1.6502787525057305, 1.8724165921022595, -1.6856982249762802, 4.517826089427329, -4.531182331478266, -1.5943876488925026, -1.0700332817221325, -4.924731027609761, -1.888951024440484, 4.899069577842467, 7.337061063810568, 4.608694426075054, 1.6740115862814564, 5.221086286771905, -1.7423101722851178, 1.7549654602893203, -2.624112904153185, 1.7658533779919428, -5.145302712403702], Energy: -41.490065158324
Eval count: 624, Parameters: [-1.7594136892306884, 1.6003261872039392, 3.828099696039489, -4.613086928268436, 5.077754062240729, -2.0167934376516077, -1.6444426771383454, 1.8755007256180798, -1.682743797817189, 4.520952385712635, -4.531131732250526, -1.5953256136406078, -1.0695863405662864, -4.929876505037418, -1.8932334678860656, 4.896090517843516, 7.335985777661262, 4.607903052536403, 1.6724209546213022, 5.2177522959706675, -1.739449764157426, 1.7565282534864706, -2.6299304505564614, 1.760588809148596, -5.14388757960629], Energy: -41.49092826764263
Eval count: 625, Parameters: [-1.7602653493595224, 1.598752535423848, 3.8267895038138637, -4.610647895957142, 5.077843246936708, -2.018316056210661, -1.6450944536780128, 1.877786811352159, -1.6852041361519754, 4.522217948716857, -4.530574493267984, -1.593865371319458, -1.0699697329575384, -4.929687447517003, -1.8902521231858587, 4.897386509851827, 7.335543601404606, 4.60807212647804, 1.670848019342005, 5.2151790727515195, -1.7375015162586391, 1.756337870860146, -2.6320697662616817, 1.7622753844472625, -5.143010462973073], Energy: -41.490095162698935
Eval count: 626, Parameters: [-1.75438828263116, 1.5973381813411676, 3.828598057482249, -4.613016587253742, 5.075802100480417, -2.0141310335719766, -1.6433411190656677, 1.8756137569434914, -1.681421499729397, 4.524453535306069, -4.5344693698861365, -1.5939385002976403, -1.0687458410689523, -4.9276378832186865, -1.8913491443511306, 4.88970335578614, 7.336473409732115, 4.603980161098328, 1.6706040871168173, 5.219641970408711, -1.74779775489023, 1.7542746571806447, -2.63176046938324, 1.7633280612526483, -5.140376739300236], Energy: -41.488250229961864
Eval count: 627, Parameters: [-1.7587761545998082, 1.601105443789924, 3.828205372774234, -4.61398266625009, 5.078348268397413, -2.0148866363481295, -1.6427737254077444, 1.877961269233077, -1.6802234427290477, 4.52061027554022, -4.531416468377639, -1.5949289229352868, -1.070382987246552, -4.9303644978710786, -1.890359290397437, 4.895100595809265, 7.337314600545255, 4.608868276772409, 1.6700359695108045, 5.218504918730142, -1.7370559478749712, 1.7538729093338679, -2.6278242083741663, 1.7609713989754938, -5.1456881763716265], Energy: -41.490962472008675
Eval count: 628, Parameters: [-1.755071639120644, 1.6021768827681064, 3.8279695218019016, -4.620682970723702, 5.0734525397880565, -2.016218919473414, -1.642952234243177, 1.8786849863893693, -1.6817909532294286, 4.519302473124515, -4.531991327486602, -1.597186827303693, -1.0698861129764816, -4.93063545833222, -1.8885359014552223, 4.901927141374765, 7.330767546359226, 4.606720689018651, 1.66854519555955, 5.219819435342006, -1.735520767756834, 1.7568040515997712, -2.622325235014821, 1.7586983112760344, -5.14631865720561], Energy: -41.4895299341768
Eval count: 629, Parameters: [-1.7565200180799245, 1.600397053627763, 3.827332414933295, -4.612199817831949, 5.0777375642972205, -2.0151202582781225, -1.64224490177136, 1.8764658569170587, -1.6783698536194382, 4.518216942882632, -4.535303213604683, -1.595060794086971, -1.0698390291283582, -4.930613477293459, -1.8901920824243383, 4.895636822883999, 7.3380945967608975, 4.608535576115381, 1.672119306169494, 5.217875402035361, -1.7343121100956576, 1.755086311844305, -2.6273787972162537, 1.7636592517175906, -5.144377398132163], Energy: -41.48993926798744
Eval count: 630, Parameters: [-1.7574836061291965, 1.606575031221789, 3.8208157078550817, -4.614036029793602, 5.0804200385778175, -2.0192951975567808, -1.641165262780012, 1.8751841269477603, -1.6810841348735948, 4.520806715854196, -4.524134599459663, -1.5951280516548672, -1.0705700780195666, -4.930622427967563, -1.8889666326268841, 4.892919721104223, 7.341387732193089, 4.609266769439521, 1.6737193678359836, 5.222534572406899, -1.7359086188164008, 1.7524461118970136, -2.6268777639688086, 1.7575704648179824, -5.144736649313692], Energy: -41.49009985873647
Eval count: 631, Parameters: [-1.7600975620751187, 1.6000635620691468, 3.8281162878790354, -4.612592840781462, 5.075819774737675, -2.014975355096608, -1.6435865767067979, 1.8795204372488077, -1.6776676591040713, 4.519579014950756, -4.5296706494156975, -1.5936825566267496, -1.0676149150782688, -4.931721825941894, -1.88991334694147, 4.898040776914442, 7.338598811823912, 4.6087770254872265, 1.6705264701420641, 5.221616768691929, -1.7386761797919834, 1.7537643759922485, -2.628738890031316, 1.76194970985369, -5.146150518152653], Energy: -41.490482396785126
Eval count: 632, Parameters: [-1.760711641645546, 1.6074071984071856, 3.8264548719658236, -4.6131690352510155, 5.078194781456853, -2.009639665267276, -1.6432584013088503, 1.8741986954764644, -1.6801220288350613, 4.523541608794416, -4.535819799230817, -1.5922271969841744, -1.073076954089712, -4.929872256143448, -1.8901207913019649, 4.900599095618453, 7.337192467127669, 4.610822980876204, 1.6721721246807952, 5.21633445843038, -1.7395118143424715, 1.7507464273971436, -2.6313851232545815, 1.7581446475807359, -5.15137514250814], Energy: -41.49150562582105
Eval count: 633, Parameters: [-1.7616492820594025, 1.6102926006274834, 3.82465601920189, -4.612632479830571, 5.078920647533798, -2.0113966263788705, -1.6441218860131055, 1.8744679855564805, -1.6802439208828994, 4.521257076888205, -4.53752294446293, -1.590721007840897, -1.0726703891999012, -4.931339683100179, -1.8903142535087234, 4.898785284687994, 7.336446685708097, 4.610545797917492, 1.6687057621570303, 5.2166635310116565, -1.7413240205840097, 1.7534884017331298, -2.6312150957110174, 1.759270728721031, -5.15309824206613], Energy: -41.49060668526107
Eval count: 634, Parameters: [-1.7621439035155824, 1.6064854729418214, 3.830464884539346, -4.614678688558575, 5.078569736182077, -2.010557927941705, -1.6440001971812959, 1.870740285167161, -1.6766366133727157, 4.527229548958829, -4.536119283567014, -1.5917497300890069, -1.0754572740731418, -4.931157627059186, -1.8894382345654799, 4.902961470866798, 7.3435965298084565, 4.616927951862834, 1.668021492335181, 5.214554593378112, -1.7399466975078033, 1.75565745940039, -2.6301273428859733, 1.7530856522329443, -5.146926198203783], Energy: -41.4910379782134
Eval count: 635, Parameters: [-1.7581919827009584, 1.6056564917153369, 3.824948637303261, -4.612060868797368, 5.077843180275957, -2.0077702971805795, -1.6459666983016712, 1.8726980397933848, -1.6824386628789436, 4.524190139727038, -4.535881010407431, -1.5913012328364051, -1.0718598931575065, -4.9306945203181956, -1.892779823358766, 4.9005452859361505, 7.337688840477987, 4.612246405494257, 1.6695419919488297, 5.218292754531963, -1.7376624040815007, 1.7495789916971456, -2.6308038418162125, 1.7575349281632584, -5.15209802831319], Energy: -41.490883143281565
Eval count: 636, Parameters: [-1.7636632555446377, 1.6111083718844337, 3.8292256717615345, -4.60772813377869, 5.075983872535144, -2.005824769477929, -1.645728529746506, 1.8714535247369566, -1.6749066612457957, 4.5230412562836815, -4.5296603100982225, -1.594065598035942, -1.0755590847015077, -4.924977600891088, -1.8922001214710278, 4.899080976161168, 7.332502426312375, 4.6087367932412535, 1.6701125268520505, 5.214405000011647, -1.7366634479070249, 1.7505385924691186, -2.63007810033018, 1.7578981137255907, -5.150104362805064], Energy: -41.49009996044731
Eval count: 637, Parameters: [-1.7613310556011945, 1.607566126756278, 3.8254020704489444, -4.611805455202157, 5.079065990513283, -2.0114547604552513, -1.642287828734783, 1.8766147013839696, -1.6793818634349813, 4.5261456508486635, -4.537750519081425, -1.5923591534293269, -1.0724740751193957, -4.926163207255801, -1.8928848807630965, 4.902024934678286, 7.3387003732943334, 4.608882450965628, 1.6714640663993001, 5.217077810680328, -1.7390802184690966, 1.7511215621928666, -2.6295851122941043, 1.757258353090786, -5.152090831459518], Energy: -41.49119830286702
Eval count: 638, Parameters: [-1.7610900984963545, 1.610313311507519, 3.828547624550791, -4.6117095497135825, 5.0784462823977625, -2.0058037808482814, -1.6425863950781776, 1.8766665472538955, -1.6850055683156469, 4.521745020780773, -4.5345709102278455, -1.5999071126678244, -1.0744129918211427, -4.934824817670266, -1.8921404876814103, 4.903185126777016, 7.34400746490568, 4.606532134371925, 1.6715419242598495, 5.213263060827794, -1.741532421459369, 1.7498093609758403, -2.630069843005592, 1.759414770238414, -5.151186406653495], Energy: -41.49061612007165
Eval count: 639, Parameters: [-1.7620025094346898, 1.6086005093384166, 3.8254157466557053, -4.616327932364259, 5.079350289387633, -2.006872684027876, -1.643435416510936, 1.873880654461952, -1.6801987614396112, 4.525087125117646, -4.5355059269027915, -1.5935241698465374, -1.0708943346054411, -4.928319542755552, -1.8897648752900056, 4.900676775938691, 7.337870986537873, 4.610510618050152, 1.6715492820432793, 5.217682936483506, -1.7376075401804754, 1.7532675655259766, -2.633942166808812, 1.7606755922498651, -5.150607620838537], Energy: -41.49101572110021
Eval count: 640, Parameters: [-1.7610159891030415, 1.605986622767599, 3.8300244615081445, -4.618432766189675, 5.074782254761561, -2.0120484815432884, -1.642387771727557, 1.876374506703412, -1.6813791140965177, 4.520474546991, -4.533651002763756, -1.591254829287813, -1.0746171615279114, -4.925794977516685, -1.8944333189173006, 4.898031727753632, 7.340166458635846, 4.616154333963569, 1.6755920319628275, 5.212927279870997, -1.7389173284742951, 1.7496269819689676, -2.634134362409391, 1.7586106779086248, -5.158293564999717], Energy: -41.492389478498296
Eval count: 641, Parameters: [-1.7643328668153924, 1.6042827431351634, 3.8284009546641893, -4.618976942206715, 5.07257620105131, -2.013702712356683, -1.6438535094126556, 1.8740220199530178, -1.6809671171863014, 4.520949711442302, -4.535378915966031, -1.594837237260876, -1.0736416999278593, -4.925685478468041, -1.8928181817227931, 4.896629764313423, 7.340702568281636, 4.615736716356842, 1.674808346954296, 5.212617047964956, -1.7386724469343042, 1.747686918078465, -2.6337589527026437, 1.758111054945922, -5.159625294752637], Energy: -41.492354650215134
Eval count: 642, Parameters: [-1.7660135714014888, 1.599715971621892, 3.827506580707104, -4.619138897674696, 5.079656628869978, -2.007205800152909, -1.6405934935302133, 1.8798169632499742, -1.680595965300666, 4.518964940056537, -4.5339344719857335, -1.5916850636285635, -1.0759646336893323, -4.928487421036398, -1.8955297312242063, 4.89604461770528, 7.337216836265284, 4.61762127257388, 1.680758205206109, 5.212425525224885, -1.7391539917409813, 1.7519677726543577, -2.6334859461282454, 1.751987234237646, -5.160687716523655], Energy: -41.493008998232085
Eval count: 643, Parameters: [-1.7636105633839376, 1.598731090161005, 3.828490144177406, -4.6185503581576635, 5.081943932761684, -2.008166736633019, -1.6401706364987607, 1.879087443136085, -1.6795074608692342, 4.516621219424511, -4.533752745289628, -1.5936271436677745, -1.075564238539926, -4.927232286601531, -1.8944993141770052, 4.897182441261008, 7.337314110425548, 4.616141558786891, 1.678815445362859, 5.212948479486361, -1.7389607743943536, 1.7519468600718278, -2.637442407744859, 1.749281404235927, -5.162196504292907], Energy: -41.493482730913854
Eval count: 644, Parameters: [-1.7671800201359265, 1.598728655428904, 3.8310934190958816, -4.623132654874366, 5.086583266508321, -2.0108762703855496, -1.63639480431363, 1.8766813908148325, -1.6779819791065393, 4.515658224013202, -4.533661985031594, -1.5905145200682662, -1.0714461045103714, -4.930715591408841, -1.899380301919275, 4.899021158060653, 7.335176114685402, 4.614777951473359, 1.6776373287573907, 5.209900762701827, -1.7375923130251547, 1.7443101896658466, -2.638794192344216, 1.748646834331512, -5.159759859285538], Energy: -41.4924513856966
Eval count: 645, Parameters: [-1.7622502467175636, 1.5991914993491454, 3.8292254995243673, -4.617520949396112, 5.082173240741523, -2.0073100378708184, -1.6397137452717658, 1.8784757741892244, -1.6797102327941715, 4.5175310860975, -4.5328501443390365, -1.593111351195891, -1.0700539967566551, -4.9267762341215935, -1.8928614172411062, 4.896246342400346, 7.337667576646529, 4.616210077487791, 1.679426668403466, 5.209657076730811, -1.7396296329386574, 1.7530016093277936, -2.6356674246113188, 1.7481731541014163, -5.163823844083], Energy: -41.49388150819436
Eval count: 646, Parameters: [-1.7576194634971383, 1.5957072128556944, 3.830663383064844, -4.62011396459597, 5.080655857063531, -2.004277325825211, -1.6371267192415497, 1.8789555369990247, -1.678958122478378, 4.521078331087288, -4.534138535987749, -1.5923515894278182, -1.0715330452945537, -4.923499995895778, -1.890236665449603, 4.890452755270888, 7.337918458694351, 4.614380314485518, 1.680857244223755, 5.209708966364695, -1.7489077097842851, 1.7498901831760565, -2.638511204191025, 1.745906720309136, -5.163459829760317], Energy: -41.49229865318853
Eval count: 647, Parameters: [-1.7612467875300424, 1.5985151683534138, 3.8297022246628467, -4.61901103586607, 5.0828995747291446, -2.0081561602757776, -1.6430792572180546, 1.8782443295769211, -1.6777245718614429, 4.5197515398028845, -4.532037101721016, -1.59154551901085, -1.0714483133829646, -4.9290121717247795, -1.892895739463971, 4.89571960555647, 7.3386549769563905, 4.612352164210232, 1.680549074078201, 5.20860971099978, -1.7384186156750325, 1.7538367207482874, -2.6357927859250645, 1.7485544263839787, -5.166003494608913], Energy: -41.49413094468633
Eval count: 648, Parameters: [-1.7606751255442854, 1.601409226975681, 3.8367966729857725, -4.615994283661992, 5.084570096469174, -2.011441388782617, -1.64286041837053, 1.8800353691751088, -1.6785074526096593, 4.52538980009018, -4.53385288987405, -1.5958726044730474, -1.0701557180045183, -4.933020778490076, -1.8923995109220957, 4.893475115602415, 7.3351529693522, 4.616230122698389, 1.6840797497571758, 5.213118445626634, -1.7361300634010843, 1.754038891847281, -2.6378185471251574, 1.747977399422584, -5.169454268755541], Energy: -41.49287113429318
Eval count: 649, Parameters: [-1.7614356376385552, 1.5963597373250766, 3.829535802899957, -4.618114963148681, 5.0829257967105255, -2.008260682828731, -1.6386123340584668, 1.8751783561421131, -1.6780123969792289, 4.521227772001974, -4.5303520376995134, -1.5915050035860376, -1.0727255373552327, -4.929798499955718, -1.8931771221148652, 4.89657787441211, 7.338283548940114, 4.611916449090203, 1.6794074913722417, 5.20913110002752, -1.7387933937825524, 1.75528276129853, -2.635099705415669, 1.7509257136681002, -5.16878763478523], Energy: -41.493721075295866
Eval count: 650, Parameters: [-1.7655406728338165, 1.5979072141360213, 3.8360860199044353, -4.618903835922296, 5.08473247146931, -2.007298026914801, -1.6441194658591038, 1.8750520826711679, -1.683638153874345, 4.516148946033946, -4.533366348427525, -1.586538075210621, -1.0717956839720129, -4.925318497563422, -1.8885578474914326, 4.895412914611369, 7.341534134287991, 4.608517384411915, 1.682436408087328, 5.213175290072449, -1.7367828711094784, 1.7539456180950332, -2.633000579346841, 1.746872826232302, -5.167014300438668], Energy: -41.492566325636005
Eval count: 651, Parameters: [-1.7613618948214975, 1.5975307687385303, 3.8297453779045494, -4.618198230368412, 5.087550717133494, -2.008449412219476, -1.64568936836335, 1.8775877857113845, -1.6768186209996185, 4.5194751775481805, -4.531414252449486, -1.5925399373013782, -1.0717158752621578, -4.927516816229884, -1.8925797906568078, 4.896271460257275, 7.339272078659351, 4.614519205167573, 1.6812585030554525, 5.208496124449274, -1.7408620753279442, 1.7524764154476122, -2.6345282926328775, 1.7517449588568208, -5.166502574917455], Energy: -41.49406222508469
Eval count: 652, Parameters: [-1.7575844779115368, 1.5985090300880456, 3.82897206222547, -4.626436840596299, 5.081482948103218, -2.0096548276489092, -1.6450295814587625, 1.8794797019384073, -1.6786461764136076, 4.518507274155803, -4.530725155313248, -1.594703863147821, -1.0721253211142527, -4.927784879238213, -1.8903379125632611, 4.90342840425916, 7.33249038516364, 4.612945673516598, 1.6811040419255265, 5.207362968366197, -1.7389537852170271, 1.755262109149934, -2.6304688309610422, 1.7458728041922686, -5.168321370473879], Energy: -41.49405244165996
Eval count: 653, Parameters: [-1.7600055415369324, 1.6014163085338795, 3.8274490136451074, -4.62015566864124, 5.08357843307597, -2.009065014076078, -1.6420386402677847, 1.8757162759644634, -1.676489593483017, 4.518842581756933, -4.529986279530654, -1.5924445983409188, -1.0712407497996603, -4.929244577633659, -1.8939884383948005, 4.894228107936851, 7.340568731756419, 4.612369583630096, 1.6831070189492714, 5.211512013464509, -1.7387238571457464, 1.7535452466116952, -2.634201784164454, 1.746628987435302, -5.1659512735577025], Energy: -41.494748064626435
Eval count: 654, Parameters: [-1.7599575795953042, 1.602127252685977, 3.8202877650803035, -4.618020978105166, 5.085254515059362, -2.01375533829324, -1.6416552058551472, 1.877912547552752, -1.67982921611566, 4.5205342891661395, -4.5236415571882205, -1.5908251961107056, -1.0730051064039, -4.928662473611124, -1.8885676754599239, 4.895028864010555, 7.342861279907372, 4.614350242165315, 1.6856970609951278, 5.207391507133922, -1.7353493067839032, 1.7518445291279778, -2.637862408361666, 1.7439888056355335, -5.165595687353096], Energy: -41.493833096951334
Eval count: 655, Parameters: [-1.7578509484048832, 1.6020586356102506, 3.827158866014102, -4.6206566055419405, 5.085608092541432, -2.0090839294559584, -1.641078138124214, 1.8736695611905454, -1.6780160320504307, 4.51875959884969, -4.53321771094667, -1.5936289552426952, -1.0735156521907319, -4.928121536070068, -1.894321130770314, 4.891794110387598, 7.339737437493525, 4.612310876384159, 1.6835478817123875, 5.208427442757551, -1.736091580792208, 1.7541589062640797, -2.6331845245495242, 1.7468850061334646, -5.1649759476258925], Energy: -41.494294281727434
Eval count: 656, Parameters: [-1.7569212049387641, 1.598816101135118, 3.825761857556235, -4.6178446128458415, 5.079999922471888, -2.008671106193565, -1.641539321999775, 1.8751275176469364, -1.6690349990656468, 4.513053996285946, -4.533926715362452, -1.592107690345671, -1.0684696160046754, -4.9306431292290736, -1.8937621624845786, 4.898384200115977, 7.343691339333282, 4.613357771264813, 1.6903314352958607, 5.211025989860679, -1.7365801686217892, 1.754942876941976, -2.6352246270957242, 1.7485276026735008, -5.166248069529643], Energy: -41.49310254648577
Eval count: 657, Parameters: [-1.7594203491209555, 1.602263083738306, 3.8276014518309154, -4.620934913532371, 5.084128403140074, -2.007094033421241, -1.6404297828956687, 1.8781270707291537, -1.6738745882583386, 4.518474330534941, -4.5301406016260914, -1.5920848839534838, -1.0720748060408234, -4.929638836563428, -1.8911680375911788, 4.893187274705698, 7.34179310791629, 4.613283627475182, 1.680662922041377, 5.212236913501535, -1.7362697745145539, 1.7508969260080633, -2.632062080222776, 1.7470195821531254, -5.1677235019457015], Energy: -41.49434587025485
Eval count: 658, Parameters: [-1.7626158009607138, 1.6042998681499274, 3.82970143955896, -4.616056610158942, 5.081261963885171, -2.005648360996939, -1.645005249131221, 1.8735704691845947, -1.6711953115589444, 4.517419298850831, -4.52241155920587, -1.594631435509551, -1.073412643780074, -4.924498642578939, -1.8973214948105053, 4.892301695445447, 7.335726312633936, 4.610957787492317, 1.682595277979851, 5.208649640349769, -1.7373220314888438, 1.7537149717247649, -2.6336444040403233, 1.744136119358295, -5.165970252423863], Energy: -41.49434354415666
Eval count: 659, Parameters: [-1.7600648073150165, 1.6026740370055206, 3.828856813397899, -4.618993381135004, 5.083396767573853, -2.0071991525286363, -1.6413211204641653, 1.8765617460182178, -1.6785106545011688, 4.5176165405111135, -4.5291481659970305, -1.595964121842092, -1.0725669405456886, -4.932200003014551, -1.8938097663185578, 4.8956693573976215, 7.342782239157402, 4.610159964025478, 1.6841848211189556, 5.209527153264948, -1.740219578358786, 1.7519792274791188, -2.6336170691247727, 1.7468814932290204, -5.165612961626923], Energy: -41.49461068352349
Eval count: 660, Parameters: [-1.7601677930932533, 1.6016953004518542, 3.825183311467114, -4.623931104713924, 5.084984757050703, -2.008713622807693, -1.644359442938909, 1.8793815546235915, -1.678465807226478, 4.5187337675304144, -4.528492083664338, -1.5956690367067419, -1.0679699657512447, -4.92756547844964, -1.901926438125553, 4.893149639288301, 7.34711604343785, 4.613020374095785, 1.678428818826655, 5.21175058779869, -1.7386783675574886, 1.758884931169349, -2.6343313361804035, 1.74484786366338, -5.16949408637567], Energy: -41.494389825952794
Eval count: 661, Parameters: [-1.7607745822207088, 1.6031487502092923, 3.8265914036526647, -4.619833588169132, 5.082363437804194, -2.009803880326043, -1.6438939508425323, 1.8776529569188352, -1.6755151819979572, 4.517193952347967, -4.531981858398615, -1.5900463478284297, -1.0717566860299308, -4.931975928074184, -1.8934152655491447, 4.892302905301005, 7.3395674141416025, 4.6104039430166255, 1.6811372483494542, 5.208886299558975, -1.7398236744807438, 1.7549099545599856, -2.6359820893934702, 1.746221355037257, -5.166371843422559], Energy: -41.49449269680531
Eval count: 662, Parameters: [-1.7613011408312678, 1.6063118887253796, 3.825507210904197, -4.619306380477433, 5.087587061183803, -2.012762555708066, -1.6391045905171246, 1.871763923192138, -1.6772318652779603, 4.513316399874254, -4.528529384904682, -1.5936826126905823, -1.0716215986163296, -4.930144536873295, -1.8925100618106347, 4.893678373181663, 7.33788326316954, 4.616182964452477, 1.6828375849334438, 5.214878505154608, -1.7455514817619935, 1.7560043818115156, -2.630538750706333, 1.7474713504124146, -5.17063042707698], Energy: -41.49452692605843
Eval count: 663, Parameters: [-1.7577390384065283, 1.6005943977319534, 3.8262046894430832, -4.617506904846339, 5.0826694625898, -2.0068489550898394, -1.6437701624868786, 1.8740898526245324, -1.6791630806581417, 4.517701192721104, -4.530049244782677, -1.591317364152552, -1.0690080423910837, -4.931139678775387, -1.8949521087442154, 4.894212523761201, 7.3394782004279895, 4.614436610727793, 1.681476389960474, 5.211521947476152, -1.7379041884869133, 1.7515780053807257, -2.6333871863207605, 1.74520614633056, -5.166785931904525], Energy: -41.49442527311379
Eval count: 664, Parameters: [-1.7566736403657615, 1.5985311943085423, 3.8256837078773227, -4.623616332140538, 5.084618405333207, -2.00977499088462, -1.647210860177355, 1.873217042313469, -1.675315736832145, 4.520751012123563, -4.52828857893137, -1.5916026792416955, -1.0802484380056485, -4.932405215174692, -1.8969719109601315, 4.8937018059689805, 7.340556509176563, 4.609344327752932, 1.684230481132351, 5.217527359134793, -1.7406027093882106, 1.750691560247053, -2.635606611966393, 1.7467423608764114, -5.168372620861535], Energy: -41.494046600464515
Eval count: 665, Parameters: [-1.7607765585022928, 1.6032437521716503, 3.8258942579639026, -4.622722171232971, 5.0845072107274545, -2.0050613881061183, -1.6426941849145626, 1.8741875596436415, -1.6770396463622204, 4.519056831457966, -4.529310692562591, -1.5933947337543015, -1.0695822219551303, -4.929824572008909, -1.8922048997178982, 4.894262488912057, 7.339308797621045, 4.612025726841637, 1.6835440891958295, 5.212541495375728, -1.7379185589662955, 1.7546559822287244, -2.637405095168728, 1.7489299775329843, -5.165692217904736], Energy: -41.49429678144804
Eval count: 666, Parameters: [-1.759444285561568, 1.6005832662802901, 3.8269687896809943, -4.620000793167553, 5.083531690974331, -2.0097832106244664, -1.6417937941604344, 1.8770359147710705, -1.677152925387365, 4.5177237273774695, -4.529261732595919, -1.5929612119701924, -1.0703592344582358, -4.928968993939426, -1.8942459341886482, 4.892926472032866, 7.339434703647531, 4.6108955612677995, 1.6835539710987724, 5.212189030237242, -1.7382377773702231, 1.7531186967385186, -2.6338474603674094, 1.7480138582283213, -5.165944626325771], Energy: -41.494472596512594
Eval count: 667, Parameters: [-1.7594172740561076, 1.5990937445428588, 3.829103120164699, -4.621173824110762, 5.083799029577398, -2.009940556301296, -1.6426655614176005, 1.8746750951866213, -1.6756354981999535, 4.5178975045207315, -4.527638669365665, -1.5933823470577648, -1.0710910039066492, -4.931935904592092, -1.8922391464034505, 4.892653973068085, 7.341296268780884, 4.613869921990136, 1.6814713603058855, 5.211708223030601, -1.7385784955885628, 1.7559773084663408, -2.6332917393274746, 1.7461135635190077, -5.16196520079016], Energy: -41.49417793676196
Eval count: 668, Parameters: [-1.7583553618663816, 1.6022894067277855, 3.8281915471862837, -4.619787509078602, 5.0847415103059905, -2.008231065069705, -1.6413059323848322, 1.876893424864809, -1.676666003020025, 4.518688248700893, -4.529184030949071, -1.5906734597028358, -1.071696142059768, -4.929304577588407, -1.8947716360975821, 4.894985790162735, 7.3402798832547305, 4.612471856260333, 1.6834377812937271, 5.211727330564632, -1.7388484035332687, 1.7545349372992134, -2.63432271449935, 1.7468585207518266, -5.165196400247548], Energy: -41.49440454813566
Eval count: 669, Parameters: [-1.7606852797096426, 1.6018612276099804, 3.8248034034666394, -4.617752916759831, 5.085444686892398, -2.0090747031282308, -1.6422273332579667, 1.8756157259860198, -1.6751593342170796, 4.521494006939898, -4.531644393134922, -1.593687636470666, -1.070118222085668, -4.929119905307839, -1.8935092157479059, 4.895998118693099, 7.34006550094084, 4.609324603849746, 1.681642851597164, 5.213191518993847, -1.7393758703202138, 1.7541528153362536, -2.632200552289081, 1.7448923891601036, -5.163942041957169], Energy: -41.49451780443434
Eval count: 670, Parameters: [-1.7584685596449219, 1.6027448479197801, 3.827681053232087, -4.619435564156556, 5.081996978521193, -2.0097808709365648, -1.6428796018218623, 1.875265624022263, -1.6768300099445503, 4.519253277128252, -4.529934449523316, -1.5927590012238648, -1.0714521235165388, -4.928225833509603, -1.8931425938813817, 4.894442325170925, 7.341462724923717, 4.612203981150787, 1.6821216979298317, 5.211999514913773, -1.738838465397188, 1.753980271789022, -2.6342256410831495, 1.748088311421828, -5.1657573091284155], Energy: -41.49457566913361
Eval count: 671, Parameters: [-1.7605717520597395, 1.6031898330319316, 3.828646134277322, -4.62254574897226, 5.084206242598023, -2.011870554755319, -1.6411215288551115, 1.8735946716927934, -1.675565432693814, 4.51916743226761, -4.529558403571731, -1.5915268355065988, -1.0688977598807214, -4.929658754390003, -1.8962205585550282, 4.895730968386122, 7.34064995731532, 4.611597048878688, 1.6816116969107686, 5.210166424782548, -1.7388172455538877, 1.749606816276737, -2.6348196291392862, 1.7470727536294464, -5.164864807780791], Energy: -41.494670070864515
Eval count: 672, Parameters: [-1.7595116158946653, 1.6004729077228719, 3.8262623198870527, -4.620955499740311, 5.083115364679785, -2.0079319943427305, -1.6413511571669528, 1.8752501870480334, -1.6764424250539716, 4.518133524647908, -4.5297233929791405, -1.5916345725067482, -1.0713403631888208, -4.927785806211181, -1.8936254919854678, 4.893887873082557, 7.34122953605357, 4.61177222931197, 1.6826840245002488, 5.210699479987972, -1.7406633982289585, 1.753066712992045, -2.633872389736183, 1.7464537097514874, -5.165236794450411], Energy: -41.494590070761205
Eval count: 673, Parameters: [-1.7589365751708699, 1.6018517450023888, 3.829567550831711, -4.620320444452591, 5.082697111477164, -2.0093751583017414, -1.6412638646743745, 1.87690313205914, -1.6761657933157972, 4.522280068366009, -4.531031472443722, -1.5941909985057927, -1.0695656178173647, -4.928918308990444, -1.8935353447120309, 4.891699860034875, 7.339634583111811, 4.613759566780255, 1.6847427448697012, 5.211742933726898, -1.7417219402300268, 1.752497083070816, -2.63586031794836, 1.7439748081565587, -5.16709852073293], Energy: -41.494803046462096
Eval count: 674, Parameters: [-1.7598179879652813, 1.6018523615080262, 3.8297417989039184, -4.618514356847787, 5.083504224457739, -2.0091171412339883, -1.6406478237236644, 1.876136000395745, -1.6759625865401688, 4.522346559006214, -4.531124091297227, -1.593536043361317, -1.0695427400652133, -4.928998097510052, -1.8941012604644725, 4.8898913983745675, 7.341317625418818, 4.613675100402012, 1.6847569852836513, 5.21248254824477, -1.7417679993039303, 1.7520829393729398, -2.636950744130678, 1.7447020177614716, -5.166718858367797], Energy: -41.49455539965362
Eval count: 675, Parameters: [-1.761271404788339, 1.6020001125428789, 3.8328619596034623, -4.621446276624561, 5.08268487259546, -2.0097131524203378, -1.6428906241530048, 1.8761339385687674, -1.678708007995274, 4.52126862678897, -4.531878156716748, -1.5923807957002893, -1.0688651771977968, -4.92704445372581, -1.891582467191342, 4.892291053677886, 7.3405342129168, 4.611688215638108, 1.6858964041317126, 5.213051321498332, -1.7409480725229354, 1.752720835042164, -2.6347333756085476, 1.7410438296061068, -5.16843707020653], Energy: -41.494960056227626
Eval count: 676, Parameters: [-1.7626252089352286, 1.6027985943585181, 3.8325381819184736, -4.621974728578257, 5.082066031742646, -2.0093823403671585, -1.6432077537922913, 1.876531460262955, -1.6799124397747218, 4.522909559488918, -4.531398321849531, -1.5915393988230135, -1.0692351889450582, -4.927475769212032, -1.892026504435224, 4.891334763141066, 7.34025444350875, 4.612202614471031, 1.6860793182748066, 5.212925342184937, -1.7412842495302736, 1.7525562919797595, -2.632889146314806, 1.7419124285173149, -5.1677667776212095], Energy: -41.49493512724246
Eval count: 677, Parameters: [-1.7623518022904059, 1.601682280309848, 3.8321925013316953, -4.62177026416936, 5.079924363242694, -2.0102129478277533, -1.6435055481187302, 1.8757180130384987, -1.675832409737815, 4.520605118608593, -4.534038906185745, -1.5923062460332378, -1.0674589437948152, -4.92749670231369, -1.8926182674996261, 4.894263212938252, 7.341868037472236, 4.613057371094813, 1.690616032631577, 5.212588207373246, -1.7406340611374802, 1.7533520280249986, -2.633068567712037, 1.7411887494245406, -5.169349072251011], Energy: -41.49493665466906
Eval count: 678, Parameters: [-1.7619904844071017, 1.602625631689899, 3.832063089586749, -4.620507862013916, 5.082761106501742, -2.0103994601163335, -1.6418813326283628, 1.8769493331961589, -1.6794370724870837, 4.52120398967344, -4.531053705755113, -1.5923358993565178, -1.0674297034601319, -4.9262665916984805, -1.890289309420544, 4.892589425519681, 7.340929840514305, 4.612578656470093, 1.6861148043011578, 5.211389457990029, -1.7401872764597073, 1.7531061571843114, -2.635094063944766, 1.7406124500152784, -5.16796324728903], Energy: -41.494999775170186
Eval count: 679, Parameters: [-1.7619896893147666, 1.6019373655499012, 3.8291326976820996, -4.621324045098205, 5.083255591494722, -2.0130986501496686, -1.6437351558704238, 1.8768039530845437, -1.6801286191111213, 4.522936561229109, -4.528660526923667, -1.5919670881565395, -1.070751790556549, -4.926746641428179, -1.889430464418316, 4.893560029689282, 7.341751398726192, 4.612744688977668, 1.6880172150193138, 5.211588312844306, -1.7397536056175549, 1.7513574131880258, -2.6367713181943087, 1.7384745236835075, -5.169706539902984], Energy: -41.49562648683667
Eval count: 680, Parameters: [-1.7643815367722988, 1.6023518668799663, 3.8284973467404697, -4.621765341970619, 5.081279615629567, -2.0137951984375357, -1.6431223187851842, 1.8785530169597746, -1.6815270754822604, 4.521305310804624, -4.53046848003717, -1.5932736732723516, -1.0732436685477678, -4.925467059689764, -1.8904213425172038, 4.895075075292215, 7.340730204110902, 4.615067718493826, 1.687357065902509, 5.213835849498824, -1.7396057018987, 1.74988766432265, -2.638702045926855, 1.7368030591388983, -5.1673885720847474], Energy: -41.49533469938672
Eval count: 681, Parameters: [-1.7624593001562576, 1.6024615667758662, 3.829877905014142, -4.619981846124119, 5.082576233935667, -2.012556156327346, -1.6439715347697115, 1.8758139273104377, -1.6787997476511285, 4.522680197090124, -4.527452894042179, -1.5918331273011166, -1.07162359445926, -4.9261038404214945, -1.8888265986751738, 4.893361636609031, 7.339808778342868, 4.612390569864653, 1.6887045675617722, 5.211082446409421, -1.7395215827672348, 1.7505596575187148, -2.6366687907376174, 1.7382340414452087, -5.16912047755707], Energy: -41.4956570215474
Eval count: 682, Parameters: [-1.7638682227818565, 1.6032398115027704, 3.8297275446735703, -4.620484184879694, 5.082498031180046, -2.012007231818095, -1.6459270617848032, 1.8762361812887436, -1.6777163656778586, 4.522931948975482, -4.524572074069756, -1.5940878731283021, -1.0716948141857425, -4.923774219083084, -1.8925380536492533, 4.892858547399355, 7.340761651482515, 4.612384847399569, 1.6872582911791971, 5.20968852251169, -1.738831757801111, 1.7522165780113221, -2.6363479542104953, 1.7360883081637795, -5.171748835354044], Energy: -41.495996144319804
Eval count: 683, Parameters: [-1.7640370488504225, 1.6047849398442018, 3.829192289045523, -4.62040707031587, 5.083904875015851, -2.0128692662842975, -1.6459775865473483, 1.8755908080833892, -1.6776950063599907, 4.5213424383749015, -4.524420425977756, -1.5945236641541913, -1.0717239588559004, -4.923803380807915, -1.892114532024473, 4.892489482181936, 7.340340558709633, 4.613488528456938, 1.6874627178257988, 5.210406666172745, -1.740492556773871, 1.7524251911674185, -2.6353521383951977, 1.7361656083639403, -5.172523114568972], Energy: -41.4960448928984
Eval count: 684, Parameters: [-1.7656980078892337, 1.6035026606069387, 3.8292149149276167, -4.620119231655237, 5.0823708767251015, -2.014336617819247, -1.6422370943436215, 1.8734012594613527, -1.6784999587003413, 4.522683213230943, -4.523416761281243, -1.5944257640300952, -1.072979365861066, -4.924763711106451, -1.8919097830310792, 4.894063698846411, 7.338881300212269, 4.613155058872516, 1.686438306632331, 5.210205294799997, -1.741089014647615, 1.754282533917257, -2.6352709927598177, 1.7359558439940443, -5.17671709859456], Energy: -41.496285437502536
Eval count: 685, Parameters: [-1.766289293844511, 1.6031492735330812, 3.8293532443926406, -4.619285471769966, 5.083386026978185, -2.0139080026804326, -1.643053741292909, 1.8742056702096364, -1.6788316268612093, 4.523184992002268, -4.524507643708226, -1.5941581978638855, -1.0731538896077444, -4.9234494377477755, -1.8920661980169056, 4.895159017120098, 7.3383251449352205, 4.61330803606364, 1.6864517146259488, 5.209340576679643, -1.7417595960661199, 1.7532748067416883, -2.6356687193993817, 1.7374981625041295, -5.1780785868351895], Energy: -41.496286404195416
Eval count: 686, Parameters: [-1.7678077900199352, 1.5993726195459468, 3.8312999406134156, -4.62007330049599, 5.08473162384501, -2.0161654769162927, -1.6459206557190542, 1.873518512654586, -1.6779504803033158, 4.52401453551463, -4.522386271214343, -1.5955371431673497, -1.0736436136687122, -4.924570301436887, -1.8902393089992757, 4.895958643032815, 7.338475622813245, 4.615584611348179, 1.685735348688005, 5.207889012012438, -1.7427723591569222, 1.7545082646715984, -2.6351457020337032, 1.7370733768173836, -5.177538600061133], Energy: -41.49577891337526
Eval count: 687, Parameters: [-1.7652708259473764, 1.6027365946603243, 3.829791779163811, -4.61859198272685, 5.08379359268751, -2.015319681574634, -1.6424820701639922, 1.873988172152057, -1.6791868982022828, 4.5230997310141, -4.525880362137436, -1.5942619183754283, -1.0745344310244387, -4.9228202046369285, -1.8928150100002645, 4.894294351206066, 7.338460865299626, 4.613401908667312, 1.6864881084525265, 5.207900897073805, -1.7411145634184968, 1.753135643081903, -2.6342160505240564, 1.7368024413367178, -5.177804416589619], Energy: -41.49628258898838
Eval count: 688, Parameters: [-1.766385964249854, 1.6051169288474085, 3.8275289756333173, -4.622225587775614, 5.0849245682764295, -2.012342431880643, -1.643264022829784, 1.8709910793791027, -1.6800852725529896, 4.524378011284013, -4.525772990510859, -1.5961023222484956, -1.0739168160586796, -4.922779001020604, -1.8912841821160202, 4.894383978256716, 7.336956513539766, 4.613003737968216, 1.6883412642837188, 5.207726177200329, -1.739345907081026, 1.7542786595989, -2.6373973475915715, 1.7373849146034936, -5.1792573666518535], Energy: -41.49619383899051
Eval count: 689, Parameters: [-1.7669899614215188, 1.6037347791146275, 3.829886168075647, -4.6205622133521, 5.08391259293402, -2.0141553041156026, -1.6418750373061528, 1.8755943655423304, -1.6769707256999908, 4.52351482198413, -4.524531387373039, -1.5944851799331532, -1.0742855462606047, -4.922833841656809, -1.8908077490511876, 4.894839355308018, 7.339133571313875, 4.612788070174136, 1.6863226648986371, 5.209563567408253, -1.7413111921410964, 1.7532131031505978, -2.6353167259742465, 1.7381752311487748, -5.178307752780919], Energy: -41.49603171363242
Eval count: 690, Parameters: [-1.765051723411286, 1.6033259657024843, 3.8281101798904404, -4.618547211860579, 5.082697345299837, -2.0119118283395063, -1.6435092481173692, 1.8740991029944034, -1.6787895591245017, 4.523009159902296, -4.524262421656233, -1.5934592002678678, -1.072406167636175, -4.92483618350765, -1.890981583618433, 4.895134521179095, 7.33846661202308, 4.615482709593441, 1.6845834763308738, 5.209700549228296, -1.7393646270024241, 1.7497758071179805, -2.6336742977807392, 1.7351478428599014, -5.1816302082721055], Energy: -41.49675510346765
Eval count: 691, Parameters: [-1.7660386953435634, 1.605096875469916, 3.8268547544467024, -4.618317317145814, 5.081146080920646, -2.0129499208240027, -1.6457232497349128, 1.8755543416435418, -1.6779680884098644, 4.521748750477598, -4.526045808492561, -1.591133912615913, -1.072862031023646, -4.927643108059017, -1.8905699948550816, 4.893594461498088, 7.337407084979061, 4.613772115464707, 1.682975286736016, 5.206986699037986, -1.7402863601590892, 1.7507552523844478, -2.6353889152338468, 1.7336646305620893, -5.183168054234391], Energy: -41.496646674858994
Eval count: 692, Parameters: [-1.7650945722578508, 1.6028456555661665, 3.826955753206449, -4.618588553015243, 5.083183278175338, -2.0127580334851563, -1.643845774564741, 1.8737615360485234, -1.6776255039345167, 4.524060470030344, -4.524930264577482, -1.5920556375257369, -1.0715711108549097, -4.9234568115741295, -1.8909988631154033, 4.894816999541037, 7.337319591159872, 4.61585760235923, 1.683823206525105, 5.2109619302443155, -1.7388021115015526, 1.750630847135151, -2.633541204447157, 1.7347306438046874, -5.181364718699694], Energy: -41.496652458994504
Eval count: 693, Parameters: [-1.7656649198335261, 1.6043312779633667, 3.8259537963270613, -4.615979054152669, 5.083981650035939, -2.0114359694213366, -1.6436739083821612, 1.874029975851162, -1.6788363065366958, 4.525180991183313, -4.52484668807479, -1.5960672023528681, -1.0718921953203255, -4.926084029637477, -1.8908371663863888, 4.897827509751875, 7.338787766803534, 4.612041971136527, 1.6843784147958571, 5.210313521072742, -1.7403177352669736, 1.749170706066031, -2.631522600831775, 1.7325076350399689, -5.18107864520961], Energy: -41.496610116676834
Eval count: 694, Parameters: [-1.7655303986880257, 1.6040129315146707, 3.8285187779706993, -4.619727432577157, 5.082695985156543, -2.0135176626382063, -1.6432299458263842, 1.872924139311822, -1.6783753068850922, 4.523130708489236, -4.524154205414147, -1.593414148242671, -1.071128978651127, -4.924955339844637, -1.8918870602871727, 4.895624719655353, 7.338518402242015, 4.614969964209472, 1.6837839617976638, 5.2090831716587465, -1.7393541073735923, 1.7476691838616973, -2.6339235230929603, 1.7354919371747255, -5.181242340061258], Energy: -41.4966039819746
Eval count: 695, Parameters: [-1.7621934228624705, 1.6053393124057416, 3.8291288638628527, -4.618483323581798, 5.083995470046489, -2.0111007565513273, -1.6427760043989312, 1.8750473545072939, -1.6798095370203003, 4.523384721780957, -4.52170105519573, -1.5900943715539744, -1.0732016873231058, -4.925308510775695, -1.8932531955280647, 4.897749339823118, 7.337974515341406, 4.616625309579976, 1.6864029768935511, 5.2095287747770715, -1.739132296342602, 1.750232975360968, -2.633971372828624, 1.733055831738061, -5.183197714881866], Energy: -41.496830992790876
Eval count: 696, Parameters: [-1.7631985480852692, 1.6037712006613125, 3.8286774075145718, -4.6190115819272775, 5.0853112452443385, -2.0108749424787393, -1.64193324399963, 1.8761294370800967, -1.6798728714961837, 4.522443026492959, -4.52136061613878, -1.590101922781561, -1.0725548627192274, -4.926025884748426, -1.894106805827855, 4.896877229514228, 7.336615087049035, 4.615983714390773, 1.6874753262502662, 5.209474687685936, -1.7387772780063304, 1.7496379258696315, -2.6337631798166776, 1.7325534660948905, -5.183358608839994], Energy: -41.496866102622505
Eval count: 697, Parameters: [-1.760712086833935, 1.6035925403380138, 3.8274051629242374, -4.617975651108341, 5.082603116606857, -2.012809636393477, -1.6432326807795878, 1.877304790760242, -1.6823004489843887, 4.52149462124394, -4.519110703024892, -1.591482952624391, -1.0718343434649846, -4.924758749764557, -1.8938964001470349, 4.895635981249296, 7.335586614311044, 4.614421450821223, 1.6888435863118112, 5.2109398548277595, -1.7375708620989223, 1.7490488707123788, -2.6330799878599462, 1.7338191421176934, -5.186378857853766], Energy: -41.49671289334208
Eval count: 698, Parameters: [-1.762580712489581, 1.6038245435739222, 3.829526630686445, -4.619232215247581, 5.084792187013784, -2.0108330449411533, -1.6414283512378398, 1.8766396264601133, -1.679703474397402, 4.524031732435188, -4.521835479244677, -1.5908311208948822, -1.0717380543503652, -4.925610665362486, -1.893818315991549, 4.895559430301694, 7.336264462790841, 4.616572298419764, 1.6882164805337445, 5.209448875300018, -1.7406061310807606, 1.7490331152827856, -2.634531908805224, 1.7312015467928203, -5.183806037049677], Energy: -41.497012682168304
Eval count: 699, Parameters: [-1.7618092040164826, 1.6018019555355847, 3.826567348286044, -4.620821300596666, 5.0835436056485275, -2.008481092300909, -1.6405373149289249, 1.8752564081102363, -1.6800791016643957, 4.522464862943324, -4.520737491848895, -1.5890640924069803, -1.0724247388151718, -4.922894242740175, -1.89327576072159, 4.8955725928962615, 7.337687170907364, 4.615784839681859, 1.687972708735565, 5.2076759436688524, -1.743884482392636, 1.7480511607622022, -2.6336285642297668, 1.7298507423051575, -5.183798771375259], Energy: -41.49712247497132
Eval count: 700, Parameters: [-1.7632272243876101, 1.601874853901665, 3.8282358954690725, -4.620811872277583, 5.0837883716613055, -2.0085665608832124, -1.6411431017885711, 1.8746411266796705, -1.6812617673975034, 4.5219898688222075, -4.521181181481362, -1.5879735215640638, -1.0720743832130288, -4.9220007583514365, -1.8924945877306452, 4.895300429854218, 7.338650938240045, 4.614743540659863, 1.6885424784713057, 5.2085469053877365, -1.743519562314661, 1.7480321382027668, -2.633415098172302, 1.7286403681813827, -5.184336763220461], Energy: -41.49717446124811
Eval count: 701, Parameters: [-1.7643709446175393, 1.6015514624109817, 3.8268347322603486, -4.61707114107544, 5.084591141890239, -2.007718191236456, -1.6400533248896432, 1.872749539475641, -1.6808573587467306, 4.522700969634062, -4.520290104910658, -1.5871848308870538, -1.0727747530604648, -4.922792309358563, -1.8943555749937016, 4.892265557728994, 7.341768596504286, 4.616060394438911, 1.6895089396573912, 5.2092872914627515, -1.7436263199778785, 1.7468547033885276, -2.6357208317094836, 1.728693127616142, -5.185753503211463], Energy: -41.49654592584699
Eval count: 702, Parameters: [-1.7627277042994096, 1.6020895407443088, 3.828579354096449, -4.620543120602667, 5.085167090003684, -2.0083144462894444, -1.6407015001560066, 1.8749137854280764, -1.6827181127610729, 4.522245544695462, -4.520102739466436, -1.58802961135347, -1.0725663603885773, -4.921691466403605, -1.8918841621126554, 4.8943353084756955, 7.338004453423857, 4.614124200536042, 1.686161323741284, 5.208635087213329, -1.7436171955314141, 1.7477958648861107, -2.6342630611628257, 1.7285703697284551, -5.183810995044159], Energy: -41.49701666635485
Eval count: 703, Parameters: [-1.764461479745759, 1.6032055135740706, 3.827897811551214, -4.618974068175068, 5.0830811891535275, -2.0083340404917407, -1.6387019257228208, 1.8759901546747941, -1.6823385429416262, 4.521041437359759, -4.520701965336014, -1.588183807448649, -1.0679264241803597, -4.9204319013364755, -1.8907188007643103, 4.895954884090517, 7.338823329495278, 4.61674415693045, 1.6887319818269935, 5.2051889010401, -1.7422773254098547, 1.7495929998492064, -2.632924245257642, 1.7279743893145978, -5.183765568875523], Energy: -41.496665078794365
Eval count: 704, Parameters: [-1.7618501692053459, 1.6010808052751297, 3.828697958744173, -4.6202893652727335, 5.084384298243217, -2.0087701975906858, -1.6407952947025328, 1.8742196491934233, -1.6800074902986002, 4.520291007207074, -4.5217798047034234, -1.5888281487104448, -1.0716349538588297, -4.9215816839894435, -1.8921320023991988, 4.896206870863362, 7.338884562964748, 4.614191073995846, 1.6882809188809913, 5.208727137576072, -1.7432288301766976, 1.7482471176404524, -2.635178462212901, 1.7278699026600428, -5.184957937230358], Energy: -41.497260978265615
Eval count: 705, Parameters: [-1.760629543291098, 1.6007546057144084, 3.8316180824777333, -4.621241419212905, 5.082944964285251, -2.004940444222406, -1.6408716249719961, 1.873023688768801, -1.6795966644842502, 4.519065419194581, -4.52392732282849, -1.5894906807353593, -1.0708082462562718, -4.922130413012391, -1.8945408183435146, 4.895958038807786, 7.336936022152879, 4.613919791011145, 1.6869583015732348, 5.209902813587689, -1.7443976908375936, 1.7492633687174501, -2.632712891104212, 1.7278876273710495, -5.18662517212993], Energy: -41.49717527303682
Eval count: 706, Parameters: [-1.7625548122402372, 1.601636345802782, 3.8293622843037958, -4.619020832413477, 5.083516953552154, -2.008310554744785, -1.6409638889951168, 1.8734297723777116, -1.678850042017726, 4.519872994642063, -4.520782967637321, -1.5888308594648206, -1.0727435062371484, -4.920821450663619, -1.891642436740359, 4.89616786799984, 7.336878542562513, 4.614082407692049, 1.6888860766009626, 5.208462209608946, -1.7429865785681966, 1.7473157375020518, -2.635275869268673, 1.7274633161332809, -5.184146879695543], Energy: -41.497106948491194
Eval count: 707, Parameters: [-1.7634338755947034, 1.6009515824173048, 3.827569439290985, -4.621760095281137, 5.0825095654336305, -2.00931288146662, -1.640481077932717, 1.8760259848086782, -1.6823057146630989, 4.518924540147611, -4.523771365106267, -1.5903034022076512, -1.0738568776085597, -4.920842753541454, -1.8935709292148555, 4.8981919918289885, 7.338550083185743, 4.616797067523111, 1.6875682759600967, 5.211013035995174, -1.7432438752889572, 1.7472274298794501, -2.6368202763293187, 1.7253110982224418, -5.184513197370797], Energy: -41.49724493202547
Eval count: 708, Parameters: [-1.7618177761275293, 1.6024582646923295, 3.8282043134458767, -4.6201458532521364, 5.085747177282219, -2.0096745083692835, -1.6405736908460447, 1.8735410649043334, -1.6801366348378415, 4.518728596348415, -4.522032053865598, -1.5889354746798903, -1.071653124710759, -4.921931554327532, -1.8912122203871857, 4.895921676654704, 7.338348221260135, 4.615252579087895, 1.688677194394621, 5.209609898344288, -1.7449202751914625, 1.7482187011120034, -2.634265738209527, 1.7282406327685471, -5.185338958403287], Energy: -41.49732465744097
Eval count: 709, Parameters: [-1.7595278367753082, 1.600443237160817, 3.8283683837253815, -4.6202908219787435, 5.08482630883669, -2.0093578161746932, -1.6389717288952752, 1.873032168289031, -1.6818000287556427, 4.519418613294279, -4.52481339528713, -1.5865238571218545, -1.0717563053201695, -4.924694675675965, -1.887798804261281, 4.897192101412804, 7.337384388933148, 4.61495668942754, 1.6903737490147084, 5.210577364024955, -1.7448928585942471, 1.7464750645870744, -2.634745306724019, 1.7291413011220886, -5.184202800111625], Energy: -41.49680947690598
Eval count: 710, Parameters: [-1.7628560853114292, 1.6011181715936038, 3.8286166368477494, -4.620183445762001, 5.085355924698496, -2.010781472770481, -1.639534545901199, 1.872443628611327, -1.6803054765362677, 4.519484817971618, -4.521155288708837, -1.5891779624169962, -1.0723019493933004, -4.922582622123494, -1.8907451316423638, 4.8967733572281835, 7.337742960817373, 4.615577770033044, 1.6880822139953513, 5.209222203925537, -1.745389645860364, 1.7492842410954696, -2.634122078554618, 1.728060820399097, -5.187056354396703], Energy: -41.49743844868203
Eval count: 711, Parameters: [-1.7621267143573038, 1.598531937946142, 3.8296927713656936, -4.6218438986140695, 5.087093649450921, -2.0111972122821338, -1.6446374312839451, 1.872532749030539, -1.679847046802541, 4.519350651351166, -4.519566010677703, -1.5906505970091895, -1.0722359782915187, -4.923354010105551, -1.8897754320894584, 4.897207532893322, 7.338408994893904, 4.618075408567122, 1.6885127781616356, 5.208098829773725, -1.7461937266057752, 1.749374045125841, -2.6331111326997343, 1.7260125808526448, -5.187143515949096], Energy: -41.49761502910684
Eval count: 712, Parameters: [-1.7622071382176425, 1.5976694132003593, 3.8306845812202654, -4.620626957937114, 5.086430597228447, -2.0120081179822007, -1.6443249853847284, 1.8743634450644107, -1.6788969215328702, 4.518823226027027, -4.518945264652701, -1.5897522817228686, -1.072059969668706, -4.92357441919276, -1.8899334642144157, 4.897534262697206, 7.339226216638382, 4.618131994160104, 1.6875600766978378, 5.208935697623793, -1.7473028028171032, 1.7488689072842025, -2.6322013664540407, 1.7261918644514995, -5.1866060272349275], Energy: -41.49726918581183
Eval count: 713, Parameters: [-1.7622979917321677, 1.6000879499572234, 3.829790129386228, -4.625870874088691, 5.0884152783524135, -2.010538727642777, -1.6434280712998472, 1.874157827284929, -1.6771453957720768, 4.520058153347034, -4.51962960159577, -1.592023224872778, -1.0747052552449532, -4.922270565031228, -1.887588096258257, 4.896876108404774, 7.339546598767674, 4.617451201718641, 1.6892545455999877, 5.208137743457838, -1.744988322207093, 1.7493951909934142, -2.6322287594761073, 1.7255483117092003, -5.190231998621535], Energy: -41.49778325267863
Eval count: 714, Parameters: [-1.7633431622513216, 1.60048875193933, 3.8293660083637024, -4.6265459540633245, 5.08804291005868, -2.009131754197418, -1.6440193158502905, 1.8743993357823776, -1.6768002404029845, 4.520159314121729, -4.518291137378421, -1.5919175532841157, -1.0733366043485777, -4.922850118805058, -1.8868530836445472, 4.897772183652505, 7.339393714836731, 4.617343977280213, 1.689233869146202, 5.209548730518282, -1.7456720290027437, 1.749533831031658, -2.6337085131897267, 1.726307510947192, -5.190516271084886], Energy: -41.49766918437973
Eval count: 715, Parameters: [-1.7632994850826087, 1.599389315532275, 3.8304475889284904, -4.6252594746079705, 5.0906992373471756, -2.010552774179878, -1.6450345643466924, 1.8754448443189862, -1.6780477554452318, 4.520993477805764, -4.521805075402793, -1.592138569792568, -1.0757250815304942, -4.91919093417008, -1.888637531491434, 4.898929549063087, 7.338439688630382, 4.616815357278555, 1.6905650821294755, 5.206158010495894, -1.7473328443816505, 1.7493322546584353, -2.6335039672229095, 1.7285925756286107, -5.192061232400659], Energy: -41.497564323473114
Eval count: 716, Parameters: [-1.762112558255596, 1.5996723041149907, 3.8309844772208246, -4.627280833635995, 5.08775920774098, -2.011088659728491, -1.6431519566810622, 1.8740986212909805, -1.677122579462597, 4.5189750238090305, -4.519212491766754, -1.591021832811937, -1.0750570929802368, -4.921740025319673, -1.8877919302021686, 4.895492611542644, 7.339502376554987, 4.61866576571012, 1.6896520021592187, 5.207884382440375, -1.7448300517721549, 1.7503147770535543, -2.6334592210744248, 1.7268930880452216, -5.1897620753392815], Energy: -41.497418060856376
Eval count: 717, Parameters: [-1.7619091224852788, 1.6008644327601433, 3.829030161775073, -4.627016380047593, 5.08903381542298, -2.0117579872976035, -1.6432831526599117, 1.87309776066749, -1.6774195507015677, 4.520889820419857, -4.5192511496255126, -1.5946928920422079, -1.0753879558249928, -4.922847863348241, -1.888676638850964, 4.897664781353241, 7.339929413589707, 4.613979939823862, 1.6914350031473775, 5.208639443620374, -1.7469261184967748, 1.7529875653511182, -2.631730372096962, 1.7230301760824394, -5.188162704242904], Energy: -41.49782069327705
Eval count: 718, Parameters: [-1.7616062590243307, 1.6002629579680079, 3.829758977697124, -4.627523106450957, 5.089763429908988, -2.0118116780292534, -1.6421468605852594, 1.8720161240644688, -1.6776662781203673, 4.5215240525965905, -4.518375289838137, -1.5957720325624893, -1.0747421377272384, -4.921567072519887, -1.8891761020588347, 4.898555109485823, 7.340445548565626, 4.614611858018775, 1.6919218918518577, 5.209708194003329, -1.746488769690851, 1.7518152541623082, -2.6310075763270895, 1.7238444143648985, -5.187307972301829], Energy: -41.49740959026974
Eval count: 719, Parameters: [-1.7623810599687197, 1.6030294274434784, 3.828634832274375, -4.629559799578585, 5.088568865204554, -2.014581675900787, -1.6443850643943076, 1.871419388323329, -1.6766929525518333, 4.520658277015624, -4.5199244642763805, -1.594142900883528, -1.0736810969043062, -4.924458156834922, -1.8903173281102057, 4.89822854263289, 7.339497600770878, 4.612202793322708, 1.6898238460191635, 5.206186975452298, -1.747420820139623, 1.7498145734883075, -2.632287728379533, 1.72149739280597, -5.189743243398387], Energy: -41.49798989253327
Eval count: 720, Parameters: [-1.7610194573118487, 1.603828209946994, 3.828714395015965, -4.629543747637529, 5.0893672438658815, -2.0144923495365714, -1.644151708357602, 1.8717559445290448, -1.6767697094320873, 4.521213607580839, -4.518928485910931, -1.5920221665228669, -1.0737669021585596, -4.924194422448061, -1.89141773326541, 4.899375034780978, 7.338852047598692, 4.612886708151408, 1.6904295450040099, 5.20655346622078, -1.747108567254899, 1.750339313602446, -2.632383430831933, 1.720341072869179, -5.190403769120365], Energy: -41.49797307979355
Eval count: 721, Parameters: [-1.7630066680892815, 1.6016168210123285, 3.825609308015532, -4.6299732074431486, 5.089023468378005, -2.016122163627231, -1.645895991246174, 1.8704443833726747, -1.6743717553376882, 4.522440000433232, -4.522306695358506, -1.5929946080977972, -1.0721810817877093, -4.922051960309515, -1.8895875753748466, 4.896792226934627, 7.337430497623512, 4.612286586128834, 1.688013003610465, 5.208293295853995, -1.7466106998165447, 1.7514917509195738, -2.6316068715006824, 1.7203308819730074, -5.189915404372718], Energy: -41.49793028364206
Eval count: 722, Parameters: [-1.7627727940023228, 1.601581482923637, 3.827966220049409, -4.629821538291518, 5.089194433177669, -2.0147774391207394, -1.6438946531950893, 1.8726355035893831, -1.6772505538830986, 4.519615293179747, -4.519154141425736, -1.5944344881967991, -1.0729504533060814, -4.924842397340771, -1.8910420798341459, 4.897187787173223, 7.338062198916878, 4.611303273342714, 1.6910709832472983, 5.206440446658336, -1.7468525649033573, 1.74915763108813, -2.631959495113156, 1.7213063316634996, -5.190510854977638], Energy: -41.49794058368553
Eval count: 723, Parameters: [-1.7591879577099339, 1.6043268109921929, 3.8275567106051698, -4.628449375885233, 5.085034271458266, -2.0161978844882205, -1.6467273107007514, 1.8713997118602834, -1.6788192867250888, 4.52061591230594, -4.51861593098354, -1.5957213872081424, -1.073879138178863, -4.923005564543816, -1.889290552266674, 4.897887520224303, 7.339818001072724, 4.611228325759733, 1.690134272683427, 5.207222874486792, -1.746860343755906, 1.7499833174814947, -2.6316403396152235, 1.722295867654026, -5.1929837553294], Energy: -41.497850853201726
Eval count: 724, Parameters: [-1.7620688593087035, 1.6030737747300117, 3.8291748772790317, -4.628959658634756, 5.088306162322075, -2.0144473248323194, -1.643741705416915, 1.8715436524897284, -1.676435531576164, 4.522257381727057, -4.520194194995446, -1.594698556566145, -1.0730829956465937, -4.924345405956187, -1.8904608006368544, 4.896463326439304, 7.339752815667061, 4.613023081369646, 1.6906708490823152, 5.206355257003778, -1.7489598014623675, 1.7490765961734613, -2.6334568642830893, 1.7203722921054383, -5.190413807222857], Energy: -41.49807984354538
Eval count: 725, Parameters: [-1.7634784236665042, 1.6032757787238388, 3.8265849299098944, -4.626824726763777, 5.089990868398757, -2.0127517052396433, -1.6447907062428988, 1.8693295813338302, -1.6759209535114477, 4.5217370471585845, -4.520926131501925, -1.5948713941894361, -1.0752708799993642, -4.926956110791298, -1.8919781169799466, 4.895304695318899, 7.342474928307647, 4.613365931878985, 1.6908074923692782, 5.205794976814837, -1.7480537649043961, 1.7494397608014307, -2.6340270712020604, 1.7187831653695032, -5.193244730861124], Energy: -41.49834532560391
Eval count: 726, Parameters: [-1.7646068290645895, 1.6049672872788086, 3.8257601958603624, -4.625885091704532, 5.089927470975342, -2.0117137496077704, -1.6436501145157232, 1.8704209177019824, -1.6768088441404763, 4.521062761721992, -4.521853807140155, -1.5961904537651201, -1.072126285337623, -4.926742514429527, -1.8900741947679094, 4.895975952145416, 7.342521689026711, 4.61501928989957, 1.690787064531177, 5.201743392345565, -1.74727898929021, 1.7515311771794244, -2.6331387234257493, 1.7159733978796443, -5.194294167280723], Energy: -41.498446216554896
Eval count: 727, Parameters: [-1.764018677478439, 1.6037927571180783, 3.8242987698380775, -4.626631240873486, 5.08925766679086, -2.010579986923913, -1.6430577355984304, 1.86970047946424, -1.6771442126536535, 4.520414233092849, -4.521510130865848, -1.5950649259995326, -1.0724885925121592, -4.92567615497151, -1.8894169271830767, 4.896083401800761, 7.343124484676366, 4.614580771792504, 1.6908471259105364, 5.2009225819751155, -1.7488476575247058, 1.7508563098130678, -2.6327787548242654, 1.7154239841906471, -5.194131925550322], Energy: -41.49845479243811
Eval count: 728, Parameters: [-1.762263216327956, 1.602887870523971, 3.824239829784823, -4.626905873736988, 5.089468742467627, -2.010372402594126, -1.6430710756064446, 1.869314562138331, -1.6782212917194155, 4.521992815671348, -4.5250006746023095, -1.5941119194795546, -1.073397251678648, -4.929902788970264, -1.8857630463397381, 4.897122975731284, 7.34196553739662, 4.613995211410322, 1.6925451809473184, 5.200854759491249, -1.748313963654348, 1.7498869650587232, -2.633195732787622, 1.7144617790302807, -5.194366548525795], Energy: -41.49859884958835
Eval count: 729, Parameters: [-1.762649936158406, 1.6030582862846776, 3.8230759640279723, -4.626355724376014, 5.090583699811261, -2.012083884689217, -1.6429066323451975, 1.869901857669494, -1.6788086411541245, 4.5225193682866625, -4.52374030639399, -1.5938336834769262, -1.0738866301982706, -4.929502300344143, -1.884420942996053, 4.896996963750292, 7.342723415741608, 4.6138696340047005, 1.6924600155233958, 5.200378043485009, -1.7477725507068498, 1.7493592856918434, -2.634680798860505, 1.7143457901606696, -5.193495688545311], Energy: -41.49819354901393
Eval count: 730, Parameters: [-1.7608837048373471, 1.6034273784743218, 3.825726489450126, -4.627421088787914, 5.0915966599727955, -2.0077146796081027, -1.643122557498643, 1.8691647514043916, -1.6805294619348845, 4.522145172281986, -4.524905946688688, -1.59519071705256, -1.0744621685369382, -4.930454198565294, -1.8856655079331566, 4.895314385897641, 7.339895401381768, 4.612672688872307, 1.6876937196341681, 5.200953742537647, -1.7492985471742386, 1.7502936156604256, -2.6332259823444724, 1.712998914565378, -5.1951727137049595], Energy: -41.49873870729738
Eval count: 731, Parameters: [-1.7595849613690824, 1.6034125206281418, 3.8256653990200786, -4.626785336721443, 5.092450931625174, -2.0074605743589493, -1.643044759232976, 1.8685572113811608, -1.6790739478089982, 4.522919361030865, -4.523890124815395, -1.5948962490174248, -1.073473721247012, -4.93113088837087, -1.8852729387024496, 4.894506003242308, 7.339831116419337, 4.611798180559513, 1.687795047583968, 5.1996058596245955, -1.7494198610235336, 1.7508301933533523, -2.632575596116792, 1.714607293728806, -5.195255883128931], Energy: -41.49847312279047
Eval count: 732, Parameters: [-1.7589081723137507, 1.6033594329220195, 3.8221515103624446, -4.628150816348108, 5.090444438918636, -2.007516956689494, -1.6421770565332698, 1.8708807002675927, -1.6790801082110451, 4.522557101269651, -4.525142111930962, -1.5979808444637094, -1.0761373423872664, -4.932100033063754, -1.8876570093882281, 4.896581340610908, 7.337881954703416, 4.615544989408615, 1.686447920488753, 5.200013071678288, -1.7500814419305546, 1.7500580655807365, -2.634030462332808, 1.713825352732355, -5.194352351590344], Energy: -41.498141075292324
Eval count: 733, Parameters: [-1.760028163195007, 1.6030071276753115, 3.8264546885311095, -4.626344294897658, 5.09169147447005, -2.007667127274069, -1.6429018772881534, 1.8684104525759793, -1.6788690553618728, 4.520459262687623, -4.524939696695231, -1.5959371743790225, -1.0746219257722818, -4.929716512118386, -1.8851096256491617, 4.896085590348573, 7.339116695449505, 4.612137789276676, 1.6877620325802365, 5.200981141048264, -1.748926427868761, 1.7500249313344127, -2.6348111216501797, 1.712128047841161, -5.1953171060726415], Energy: -41.498781071135
Eval count: 734, Parameters: [-1.7629880462608765, 1.6049605031635592, 3.8274674046467383, -4.6252373258036625, 5.089857333281332, -2.0060502312823254, -1.6445496615904738, 1.867011381444828, -1.6781144285405674, 4.521233080691763, -4.523897416688268, -1.5955120409310894, -1.0772692294025141, -4.929369659462247, -1.884407593814916, 4.895215545007969, 7.335674774986309, 4.612021587825087, 1.6893729905708594, 5.200131734460625, -1.7489756362892959, 1.7486601671630384, -2.63276043900934, 1.7103745417628307, -5.194668412306161], Energy: -41.498880587037604
Eval count: 735, Parameters: [-1.7635233691817065, 1.6031040334344189, 3.828099540874346, -4.625380919693289, 5.08847695047752, -2.0058016675556636, -1.6442355808426081, 1.8670676180710863, -1.6780841839417895, 4.522965816365848, -4.523249125982799, -1.5955368011155886, -1.0775702241665628, -4.929382292231525, -1.8849821398272046, 4.895880335214369, 7.335847236254828, 4.611254071871985, 1.6887366240572523, 5.199172064276013, -1.7477288132638722, 1.7492053180275082, -2.6334867714607064, 1.7099632134739766, -5.195174599428128], Energy: -41.499006067063476
Eval count: 736, Parameters: [-1.7620892999423148, 1.6041077339753442, 3.828139615025367, -4.625895558260973, 5.087916224788515, -2.0025370559965356, -1.646970613745499, 1.8693038069378554, -1.677687961280091, 4.5231847724132574, -4.52540695855935, -1.595311726860323, -1.0766700846216428, -4.928333066258477, -1.8865718989763283, 4.894792841731367, 7.33762220605686, 4.60926417751787, 1.689559231634284, 5.1987590118415525, -1.7453234157510333, 1.7477696621976282, -2.634304850054357, 1.708562392374908, -5.192876196961129], Energy: -41.49872379343361
Eval count: 737, Parameters: [-1.763189909822784, 1.601637749758736, 3.8288662179812967, -4.625884328394273, 5.0891548023584825, -2.006203660389498, -1.6466304508396612, 1.867563627948858, -1.6776270724528446, 4.522770355664872, -4.522325635215179, -1.5960280329862846, -1.077494726795286, -4.929810520213139, -1.884551447228725, 4.896171495658361, 7.336372049678565, 4.612478080342553, 1.6887095593428376, 5.198834836497802, -1.7483926971644652, 1.7491238756105518, -2.6327719698146033, 1.7090152656182582, -5.195083874634618], Energy: -41.4990067594602
Eval count: 738, Parameters: [-1.764819670576557, 1.6011294412502317, 3.830956076887557, -4.624023902156848, 5.087453696785875, -2.0067101252860016, -1.6452838012618058, 1.8696490677552864, -1.6762099577794565, 4.521866806012759, -4.524025474222771, -1.5945629309635085, -1.078010567928869, -4.931183807186352, -1.8847317993520318, 4.897051842241825, 7.337866487373376, 4.610644199864562, 1.6871184872409564, 5.2003204330996535, -1.7505711572439766, 1.7494373157583842, -2.6305591600327505, 1.7067530445841645, -5.19731231785326], Energy: -41.499263899061475
Eval count: 739, Parameters: [-1.7662942622425666, 1.600495257752967, 3.831733408025042, -4.623355488751995, 5.089476739852288, -2.006385819418889, -1.647136021199956, 1.870313378510215, -1.677394255084538, 4.52271863699192, -4.526884700981798, -1.594718313324557, -1.0789500364036417, -4.9287571164834185, -1.8857887688072408, 4.899256579531968, 7.336731289240572, 4.609614279781588, 1.6883990069766366, 5.198393005516125, -1.7531089382488962, 1.7498222785275575, -2.6317020141939635, 1.7087168502861108, -5.199921024290575], Energy: -41.49909860351755
Eval count: 740, Parameters: [-1.764861504543808, 1.6017943076388204, 3.8312715803935258, -4.626302478509312, 5.08795039922844, -2.0065127130703657, -1.6446325759489107, 1.8704275876662353, -1.6748884754527584, 4.521968427628005, -4.523962839882415, -1.595006976326729, -1.0792926750563174, -4.930536828399757, -1.8837117843664115, 4.896579837700886, 7.338410851718103, 4.610612663172983, 1.6875691159299002, 5.2002825276910425, -1.7499483089064367, 1.7496540162536955, -2.630405401663236, 1.706828662089823, -5.198711687919432], Energy: -41.49918032319522
Eval count: 741, Parameters: [-1.7655794963790932, 1.60020620179862, 3.8335571692118826, -4.6255429414333395, 5.085066832431895, -2.007135165813716, -1.6455129526818704, 1.8671473874717541, -1.6775849342400362, 4.519361105833588, -4.525446008146006, -1.5925611588833037, -1.0781282367809126, -4.932538547827486, -1.8856559969850248, 4.894656873861073, 7.337587294821824, 4.611893880996661, 1.6875115288156595, 5.199854341362858, -1.7507783611511245, 1.752482648609184, -2.6321928965656554, 1.705629569414238, -5.1979836272748], Energy: -41.49896738074267
Eval count: 742, Parameters: [-1.7637425450979083, 1.6005554218098181, 3.8315858171509656, -4.623465582993245, 5.0879854841603835, -2.0080419848467517, -1.6444160810271347, 1.8691658977958867, -1.6765994650914442, 4.52190808209241, -4.525100497158799, -1.5948579168347092, -1.0791386984391418, -4.930263870398564, -1.885536759458349, 4.8963940131633725, 7.338137731563557, 4.611036562655044, 1.6871913998461128, 5.1992221233986715, -1.7497265931020378, 1.748867113793836, -2.6289544133247897, 1.7063228340288386, -5.19688318851584], Energy: -41.499215230076686
Eval count: 743, Parameters: [-1.7661254562143152, 1.6004408739049347, 3.832205323637912, -4.624467846544441, 5.087920981460466, -2.004753203317442, -1.6440369930136747, 1.8661165480700501, -1.6771167912644622, 4.523037222861709, -4.524037289108738, -1.59647864021616, -1.0758219710112433, -4.931168446508025, -1.8848853532266192, 4.899668009387274, 7.338771770611243, 4.611017307699173, 1.6871780858388432, 5.203115564321685, -1.7498957737906282, 1.7473620227471847, -2.628808974446468, 1.7051614655204017, -5.198849329693289], Energy: -41.49891756722599
Eval count: 744, Parameters: [-1.7646399218916224, 1.601514629124953, 3.83056867341477, -4.6245858139879825, 5.087802917797673, -2.0073867479405543, -1.6451881525999046, 1.869160308077005, -1.676364877574695, 4.522301559626954, -4.523754270828414, -1.5958854752977052, -1.078376565464282, -4.931423453429169, -1.8852419726283596, 4.897440488489347, 7.338084684457949, 4.608906883421079, 1.6882042416230794, 5.200575375262784, -1.7515386850402574, 1.7512057465264055, -2.6303725778805513, 1.705525066706046, -5.1962031984315], Energy: -41.49928099500772
Eval count: 745, Parameters: [-1.7671222133037323, 1.6017812944911873, 3.829997787610031, -4.622602760983473, 5.0891608512556035, -2.010062608123555, -1.6448413496406293, 1.8702389647792141, -1.6781239410872917, 4.523090495452126, -4.521973863253063, -1.594567543700028, -1.079982589474244, -4.93129613605113, -1.8825200747524642, 4.897168517975131, 7.339549600744681, 4.60775528791303, 1.6866893797137013, 5.200287309738438, -1.7512642701708023, 1.749933751559275, -2.6330133859154405, 1.7029694506697273, -5.195491940021353], Energy: -41.498891526913155
Eval count: 746, Parameters: [-1.7646601881544197, 1.602541085747478, 3.8301166319160047, -4.6259848554007155, 5.087392942782682, -2.008825287644545, -1.6455584583180944, 1.868592906687528, -1.6757654774534265, 4.522226036439286, -4.52396111106635, -1.5959014118942307, -1.0777072832925703, -4.932258987692506, -1.8863759184274278, 4.897888115080473, 7.337655174981602, 4.608361264829742, 1.6873285040298833, 5.199332643869488, -1.7519516222937153, 1.7495571581457847, -2.630752876321662, 1.7050482700698117, -5.19670567406674], Energy: -41.49935100834659
Eval count: 747, Parameters: [-1.7640632151801914, 1.6018845337449756, 3.827487165541201, -4.625299452508161, 5.085179574336029, -2.007838959751784, -1.6442640637110593, 1.8707404879525973, -1.6744393490567009, 4.52255966282464, -4.524660746969162, -1.5983038309245998, -1.0803142938589876, -4.934360045968225, -1.8881346486715633, 4.899419922567564, 7.335787729045968, 4.611078984114427, 1.6858535740368203, 5.199304241284857, -1.7533226482314568, 1.7498874684456955, -2.631176623397714, 1.704346790023799, -5.196244300271001], Energy: -41.499280993885975
Eval count: 748, Parameters: [-1.7659356904903798, 1.6019009199657621, 3.8307234461041295, -4.626439919724566, 5.089220172735639, -2.0080648010831847, -1.644385178020064, 1.8684987582638557, -1.6743562385784398, 4.52242543799254, -4.52428913136821, -1.595057390008109, -1.0773872729986291, -4.932972695827416, -1.8868544561883827, 4.897899432552472, 7.3375031740367005, 4.608655084498104, 1.687213861603143, 5.198612483397881, -1.752317016283218, 1.74954725268828, -2.6309432631514187, 1.7051375246064777, -5.1950208674185285], Energy: -41.49904134710164
Eval count: 749, Parameters: [-1.7616766592575404, 1.6030469245076004, 3.8297485748766165, -4.6232225559582405, 5.085889216151465, -2.0087995455162777, -1.6463382781208995, 1.8676923330149129, -1.6737647136767415, 4.523694550018377, -4.5220158069328855, -1.596072043432934, -1.0767713760933488, -4.934121653888576, -1.885449593510323, 4.896661352474138, 7.3374677896041245, 4.606012081341669, 1.6868780944048194, 5.1973908698249, -1.752768380972637, 1.750588686476256, -2.628984851407981, 1.706683036998529, -5.199292763370479], Energy: -41.49918871719632
Eval count: 750, Parameters: [-1.764226326476259, 1.6033000804445547, 3.831635494835737, -4.6258569500356055, 5.087102730603129, -2.0078750909575396, -1.6450122113508405, 1.8692765264583455, -1.676861760485623, 4.521347049069761, -4.5229155262995, -1.5964519729550326, -1.078345608745009, -4.93329614413676, -1.8868872634161533, 4.898517467475715, 7.338825602101334, 4.608165437123737, 1.688290350703912, 5.198312794488955, -1.752194654667316, 1.7486041978672384, -2.631154039025301, 1.7056001736709532, -5.196388485019421], Energy: -41.49909971533447
Eval count: 751, Parameters: [-1.7633238768926005, 1.6031930671228762, 3.829097353392759, -4.625962101732355, 5.085725322175076, -2.006503137361942, -1.6488121418185215, 1.8707754846886855, -1.6749138623723319, 4.52278562169088, -4.526919621574977, -1.5955345983104572, -1.0766438255299027, -4.930969538199348, -1.8877462773451008, 4.896721505318551, 7.338802340033263, 4.606215898978095, 1.687088183733544, 5.200002914102691, -1.7498735665987544, 1.748769627249288, -2.631068059665272, 1.7027093601479955, -5.195535505224756], Energy: -41.49940143780998
Eval count: 752, Parameters: [-1.7647390464172938, 1.6019697386660416, 3.82880627066565, -4.626061764119768, 5.085171547965684, -2.00665086162169, -1.648874744300959, 1.8708494059907026, -1.6750211637801753, 4.521923409313594, -4.527613706694828, -1.5976359610574302, -1.0763268153013321, -4.931343164581182, -1.8869386460923772, 4.895300481699923, 7.338950113224616, 4.605278281688965, 1.6869173747656638, 5.199737834312134, -1.7499857222774828, 1.7480609533176135, -2.630871549233275, 1.7037421490581928, -5.195158048743669], Energy: -41.49910912051092
Eval count: 753, Parameters: [-1.7631019716053107, 1.6011059684110294, 3.82766998341069, -4.626151050034121, 5.087202161533, -2.0067376938268917, -1.6478914025837819, 1.8732381685497648, -1.6760394753026084, 4.521321761055386, -4.525047234541432, -1.594555716935746, -1.0754650660905014, -4.9317565601126185, -1.8897818191254396, 4.89561941458187, 7.335563671893147, 4.604960569390864, 1.6896217181015705, 5.200765319052244, -1.7485845070406063, 1.7480609035676737, -2.630420508052113, 1.7010003421114743, -5.197901608776291], Energy: -41.499615788053006
Eval count: 754, Parameters: [-1.7637791537324632, 1.6011266287787287, 3.826454527796793, -4.626045399078215, 5.087916835283076, -2.0063602912108736, -1.648747778155302, 1.8724884079069808, -1.676110701876492, 4.519799494713116, -4.525028598587554, -1.5941294985391272, -1.0766134961256844, -4.932611675874161, -1.8900996016007112, 4.896796348451827, 7.336135652072334, 4.604356840929164, 1.688935178008332, 5.200458263134488, -1.7470017405953402, 1.7487991630839403, -2.6295837205337587, 1.7015033646024489, -5.198149071748679], Energy: -41.499409862811945
Eval count: 755, Parameters: [-1.761628909128382, 1.6012008840531267, 3.8290830375292755, -4.627848919342789, 5.085050072889083, -2.008329367091885, -1.647817076132903, 1.875346158292932, -1.6769058014703522, 4.520965354535461, -4.524729083486338, -1.59333573226461, -1.074148361830538, -4.929992726902302, -1.8880816458094145, 4.898599092633592, 7.332051517871266, 4.603890229456539, 1.6882164196212164, 5.201394296694164, -1.7481392968796439, 1.748899728048984, -2.628558591386607, 1.701455995052678, -5.1962121834454775], Energy: -41.49940245093882
Eval count: 756, Parameters: [-1.7624275797517626, 1.5998063045091344, 3.826298340789941, -4.626965385848425, 5.086547144144166, -2.0057069476596188, -1.6474029833237616, 1.872436467547234, -1.676295695627915, 4.520738910209911, -4.524630680975253, -1.5933355732318093, -1.0760857630570444, -4.930723183133955, -1.889293395504553, 4.8956690936188325, 7.336154022701534, 4.6043897038971835, 1.6896826417703892, 5.200295638266855, -1.7501959125913213, 1.7472203229538281, -2.6301400739065985, 1.7006941559355986, -5.197653719971383], Energy: -41.4993958315203
Eval count: 757, Parameters: [-1.7620139147459777, 1.5999802170141129, 3.8290280829032826, -4.626530429493392, 5.087231027186309, -2.0082437003247726, -1.6493298249920252, 1.872531496906773, -1.6750452356975905, 4.522578306504031, -4.524447476497061, -1.5935399004578585, -1.078474370177713, -4.932535030037693, -1.8919091383815312, 4.894900112600331, 7.334994705679821, 4.603512177723095, 1.6895068902925348, 5.205307326306578, -1.748872865374344, 1.7463301793551693, -2.6314456445220387, 1.7033753099461544, -5.197391759983074], Energy: -41.49920319564643
Eval count: 758, Parameters: [-1.7632202465990925, 1.601622373319475, 3.8282322253091996, -4.626241579407107, 5.0879024667672725, -2.005843212686599, -1.6479054344948831, 1.8733200555444895, -1.6764992413979594, 4.520819124713664, -4.523778626978288, -1.5952855304270546, -1.0755316175546419, -4.9304630084974885, -1.8910381574073931, 4.894593222932433, 7.335219536895697, 4.604685970372173, 1.6872545796781637, 5.200825345318797, -1.7491317588061543, 1.7485517149574812, -2.6302840982150593, 1.7008077999986018, -5.198112240514047], Energy: -41.49960452553745
Eval count: 759, Parameters: [-1.7651797074106659, 1.6018026501331073, 3.826645677548502, -4.624919572500337, 5.084953332296088, -2.0089301961078374, -1.6479745669903287, 1.8739629139083092, -1.6735933532596032, 4.520678976445734, -4.522890361338073, -1.5943885416059547, -1.073827147082283, -4.92848153469534, -1.8925656186027981, 4.896144918810222, 7.337338002667011, 4.606554659725014, 1.691614563351045, 5.200968087341201, -1.7483616878321981, 1.748859793105043, -2.630059698326681, 1.7014219868795457, -5.198150271563031], Energy: -41.499638111711135
Eval count: 760, Parameters: [-1.7668043843738501, 1.6027639894930465, 3.82641752540985, -4.625384619849353, 5.084280896920177, -2.0084381157061575, -1.6486827386466423, 1.8740848017699991, -1.6746217831298222, 4.5222266740327965, -4.522523698217147, -1.5936763030714776, -1.0745699210165145, -4.9289346582347004, -1.8927630070229409, 4.895268223851361, 7.33681078186976, 4.606927455036723, 1.6920887590675053, 5.200669356516883, -1.7486635497227845, 1.74861996176401, -2.6281719536025223, 1.7015175222025114, -5.197827311004038], Energy: -41.499420790373165
Eval count: 761, Parameters: [-1.7637176702183692, 1.6009978179850675, 3.8249173957756675, -4.626656292070078, 5.0859087956231255, -2.010452861835904, -1.6469810969719652, 1.876238992946598, -1.6761307310992855, 4.522453587181914, -4.523865595654264, -1.5937731853192598, -1.0713023362790388, -4.9297116386733615, -1.8938901684480205, 4.895944021470092, 7.340765262609536, 4.6074713069855875, 1.6901307269157262, 5.201775884312239, -1.7488171749557615, 1.7505548017590733, -2.62980255205725, 1.7030528230238524, -5.1991507369893935], Energy: -41.499620285800404
Eval count: 762, Parameters: [-1.7648432992701084, 1.6003466325932894, 3.827408854919537, -4.6254221812009, 5.085638790671335, -2.0093335543715307, -1.6503711335945739, 1.8744586059269064, -1.6731364156162567, 4.520473957658924, -4.521970461832442, -1.5948796293740604, -1.0737499900014706, -4.9289096864513775, -1.892131762273855, 4.896432406576057, 7.33786185647717, 4.607782884637583, 1.6915910104551841, 5.200636160060577, -1.7490324414702734, 1.748775343840209, -2.6293408997329815, 1.7004763231233222, -5.198056755060974], Energy: -41.499614471873144
Eval count: 763, Parameters: [-1.7635358300267978, 1.6057888938401872, 3.8253320351523152, -4.6236814028788515, 5.087057077146963, -2.0098503019288882, -1.6484723344031857, 1.8742939338152225, -1.6733342978813524, 4.5176232207809575, -4.52463321424717, -1.5943668538577493, -1.0726519900322673, -4.928473637756, -1.8915851490379434, 4.895069194832433, 7.336610774209853, 4.608299189367721, 1.692549379243699, 5.20325293404348, -1.7508329121202495, 1.748376479805687, -2.629073783929699, 1.7006947866934632, -5.198472643578341], Energy: -41.49943731299618
Eval count: 764, Parameters: [-1.7652909631765847, 1.6018989351313797, 3.8261273191729894, -4.624475813161673, 5.085941306700111, -2.00820959632755, -1.6474742998729797, 1.873751809051187, -1.6733903730111166, 4.521927943958535, -4.522412576143982, -1.5956919120198543, -1.07312324400262, -4.927993468559514, -1.8923076834135348, 4.897795534067685, 7.337734451214976, 4.60622735592801, 1.691476588672491, 5.201991695522546, -1.7480652269194674, 1.7471137147497604, -2.6288777982947513, 1.7012967853666872, -5.198369492117527], Energy: -41.49949484240881
Eval count: 765, Parameters: [-1.764945987875558, 1.6011686552714577, 3.82841608242041, -4.625335566928926, 5.083015050517914, -2.0086929198012724, -1.6475129374831892, 1.8708188015801361, -1.674611254207952, 4.521163686151702, -4.523985239173728, -1.5948053594805123, -1.071885305903071, -4.928717842827573, -1.8934558196146802, 4.89637714052967, 7.336648911271131, 4.608295971895769, 1.6917551145704581, 5.202088728662306, -1.7471182702688022, 1.750678313894884, -2.6316583465622716, 1.6977924288066883, -5.201417962351078], Energy: -41.50007946881732
Eval count: 766, Parameters: [-1.7625872353296617, 1.6018080233702814, 3.8260876953165726, -4.626424734690288, 5.0840371744598585, -2.0086581951144855, -1.6489416976769895, 1.8692117291126438, -1.6757904510551405, 4.522640207762371, -4.522480223537948, -1.59629227468555, -1.070931857730273, -4.927264123196461, -1.8934777792733108, 4.895555307984922, 7.334606314185294, 4.610407130936419, 1.6930842228783838, 5.200529429053925, -1.7446466055599366, 1.7511398220615488, -2.6347300257514465, 1.6988046099071485, -5.200221654376344], Energy: -41.49986605907526
Eval count: 767, Parameters: [-1.7647186714686791, 1.6015110937856485, 3.827982680568779, -4.625327637572308, 5.082371489314336, -2.009341869270838, -1.6465802454940828, 1.8707335983566695, -1.6743658923767997, 4.520924553633955, -4.522386339782537, -1.5945039739121598, -1.0718091010186117, -4.9297545115702, -1.8924613926273763, 4.895304846484635, 7.337448642035381, 4.608566194474029, 1.6909075305469143, 5.202885100466429, -1.7458842096106881, 1.75025785838543, -2.6315952988560913, 1.6964402021149205, -5.200149811418927], Energy: -41.50002096293724
Eval count: 768, Parameters: [-1.7664486896664062, 1.6012859178429637, 3.8282107688662492, -4.622600635785705, 5.0838879682803135, -2.011305687158018, -1.6478918700726934, 1.8727742272043373, -1.6758514106753468, 4.5228346606993215, -4.524275093987451, -1.5938498664040441, -1.0731244678821474, -4.9274727646404175, -1.8920597167305544, 4.897101890332042, 7.336709928643095, 4.607334350163499, 1.690700588069066, 5.201003053976537, -1.7475364604572163, 1.7509167596571737, -2.6350109260209753, 1.6948016769947056, -5.203690176828952], Energy: -41.50016159688954
Eval count: 769, Parameters: [-1.765942348870329, 1.6007009179176246, 3.8280204962453417, -4.620029780299709, 5.083434771616597, -2.01138666251106, -1.648492371438558, 1.8718401849886208, -1.6764779718770573, 4.5230696026713995, -4.523961648906834, -1.5933238080595382, -1.0717232180108467, -4.92843511843135, -1.892767086288069, 4.8972004787043515, 7.336230186041682, 4.6068705459079045, 1.6902460531714165, 5.200549940133186, -1.7482398098764356, 1.7509527615739897, -2.6347527740114476, 1.6951184097375247, -5.202780736775509], Energy: -41.500014966290394
Eval count: 770, Parameters: [-1.7637128822705026, 1.6020912372551284, 3.828769584280482, -4.622238160264178, 5.0832850274806445, -2.010961801148833, -1.6473502992677642, 1.8731996037430394, -1.6718896994373094, 4.5246147625383735, -4.5233545001856195, -1.5939364421575308, -1.0727843620266848, -4.9282752450181375, -1.8908529468118342, 4.895573490488537, 7.336572156311042, 4.605858328780897, 1.6907629510623705, 5.199257036350123, -1.7472561951357297, 1.7530439689230832, -2.633910602563359, 1.695053845474315, -5.207703088916137], Energy: -41.50033708096544
Eval count: 771, Parameters: [-1.7642256626870425, 1.6024262112156578, 3.830096534778261, -4.62275947724134, 5.084586829891364, -2.011392202091411, -1.6478953938166183, 1.8720978364675722, -1.6723080840492772, 4.524475806848999, -4.523013036039076, -1.5926376356857797, -1.0713609721771804, -4.927422090166931, -1.8900864974348401, 4.894875891696974, 7.337444756919509, 4.604469767417842, 1.691439481463634, 5.199148673147942, -1.7467006770056461, 1.7528274611832801, -2.6338157171804615, 1.695384738995301, -5.207739474167486], Energy: -41.50019107371327
Eval count: 772, Parameters: [-1.7651344627635663, 1.6011103844002494, 3.829933149408515, -4.623187997167735, 5.085527269836536, -2.0097920688521485, -1.6448401550922391, 1.8742276193401706, -1.6682356195180026, 4.525509372328479, -4.525189303342654, -1.592543781805684, -1.071486524941866, -4.929227783724716, -1.8926833600427762, 4.895982030246615, 7.3352712838995835, 4.607470338594495, 1.6903997421498507, 5.198369366147708, -1.747361984573795, 1.7545846437049393, -2.635490132351117, 1.6928637120674797, -5.206443048710974], Energy: -41.50015767276153
Eval count: 773, Parameters: [-1.7646878626280462, 1.6027991007550821, 3.828440130624922, -4.622761973839919, 5.082707760378099, -2.009473567625044, -1.6480983255528467, 1.8738039432836382, -1.671715746348026, 4.524407107923375, -4.5221002805768915, -1.5937515220095568, -1.0717981840808597, -4.929375605177831, -1.8901598994116542, 4.896338984352016, 7.3365284066762255, 4.605435889069446, 1.6908742551121434, 5.200141394170064, -1.7481315621380902, 1.7534225717473793, -2.635562351022804, 1.69558114711517, -5.208064078912719], Energy: -41.50021970744757
Eval count: 774, Parameters: [-1.7613647738012053, 1.603653158340465, 3.83243294048621, -4.621812251939143, 5.082047805138773, -2.0102015435472684, -1.6457843112102712, 1.875091743479917, -1.6737429874288445, 4.5232473252916, -4.52275456000238, -1.5951842597995123, -1.0738196368889574, -4.929238181161539, -1.8928836616591642, 4.896644553367966, 7.338444172421888, 4.606222007330624, 1.6927904374657552, 5.197052324723482, -1.7466088149897672, 1.7520795671748421, -2.6348203659956133, 1.693991366279797, -5.208669383816182], Energy: -41.49997140501995
Eval count: 775, Parameters: [-1.763621727345685, 1.6024024524116567, 3.8283709972487063, -4.622805610533754, 5.083610038748792, -2.011658189257534, -1.6472421158023207, 1.8727046173670518, -1.6720546071392237, 4.524996276171242, -4.5231088534475035, -1.595379794747771, -1.0731366014108286, -4.928542902449814, -1.8913093106226182, 4.895885720217803, 7.336792536452738, 4.604080404713852, 1.6918379638890917, 5.199492385314443, -1.7482393069731041, 1.7547720112936265, -2.633711563936019, 1.693898978248925, -5.206580133933553], Energy: -41.50026465048995
Eval count: 776, Parameters: [-1.7658872134937762, 1.5995040027360525, 3.828639540570547, -4.622430388018487, 5.081359797196971, -2.012388392645451, -1.6468418987308207, 1.8737940636341297, -1.6715086579794176, 4.5231176536988755, -4.525699482559299, -1.5981327125135667, -1.0713135033506964, -4.928284168161188, -1.8894827908561136, 4.892685748655659, 7.335787723972495, 4.605369273198619, 1.6901300553065752, 5.198954686555846, -1.746725009359166, 1.7527232151915417, -2.6343092019873726, 1.6956084773359648, -5.209473457535825], Energy: -41.49976540657639
Eval count: 777, Parameters: [-1.7636136888878153, 1.6028812450134775, 3.828531585069737, -4.623608854969719, 5.082951238211059, -2.0125648941669176, -1.6478644728697964, 1.8724446651340185, -1.6711685642518903, 4.524720197935079, -4.523413750449527, -1.5938115026846578, -1.0726718115373055, -4.929227748121153, -1.8922328241768531, 4.89588785588855, 7.336140725201743, 4.605175897117343, 1.6899148039839373, 5.1987308993218555, -1.7477571784308836, 1.7512186183984717, -2.6344435622333213, 1.6950156448896792, -5.208132340710843], Energy: -41.50026545105544
Eval count: 778, Parameters: [-1.7620520007894276, 1.600470729437574, 3.83046711643211, -4.621506661102813, 5.083282286712166, -2.0118642193252545, -1.64807667395427, 1.872818812607393, -1.6708605941285652, 4.5261980138072415, -4.523250404901069, -1.592719029747417, -1.075879222876368, -4.9279245141266275, -1.892454429809934, 4.8946851894344405, 7.336153159418728, 4.605913823336016, 1.6911959763927285, 5.2045131504421915, -1.7468988077374146, 1.753567333436158, -2.6352956387426314, 1.6963068604121367, -5.208569300858589], Energy: -41.50006596292303
Eval count: 779, Parameters: [-1.7630873106854819, 1.602648070611895, 3.8284366231071116, -4.622205419367108, 5.082303353701347, -2.009803645779612, -1.6490409117050246, 1.8739806232135072, -1.6713458109655843, 4.525055151964196, -4.525010386476398, -1.5938699365171176, -1.0724013840345266, -4.927556865858263, -1.8912872374036527, 4.895131473086724, 7.337502211961046, 4.6049570582833175, 1.6903554971556054, 5.199496186853884, -1.7463915817587832, 1.7527415404307467, -2.634138367452487, 1.6941102859210297, -5.206861834586933], Energy: -41.50022511149234
Eval count: 780, Parameters: [-1.7639399508220939, 1.6040721882802527, 3.8305937335785023, -4.622017566080579, 5.082053397168684, -2.0116300205598745, -1.647175554717648, 1.870360974296718, -1.6708351244695065, 4.526073868828918, -4.524700609543686, -1.594881389738132, -1.073947467932345, -4.927510800810498, -1.8885770646730557, 4.897102318859975, 7.339152282217749, 4.608161571421742, 1.688308622570109, 5.198385232639341, -1.7488259772017671, 1.7545399954416412, -2.634703804662876, 1.6966667331762477, -5.206457044035459], Energy: -41.49997217198239
Eval count: 781, Parameters: [-1.7634884742253583, 1.6027998330326358, 3.829962425427952, -4.622544721847215, 5.082760856097448, -2.012140333034976, -1.6476531169167736, 1.8744471712069437, -1.672140084903681, 4.5246083176796335, -4.523428413878441, -1.593991584594202, -1.0720110685918993, -4.928126584380688, -1.8903995176843325, 4.896952834292149, 7.334808151431262, 4.605628104651783, 1.6900561944775927, 5.199739042006696, -1.7460817584515111, 1.7539101879394392, -2.6331663525737343, 1.6954574593277745, -5.207124169400493], Energy: -41.50024642674475
Eval count: 782, Parameters: [-1.7613371378040485, 1.5997853193276887, 3.8269550304580235, -4.624248316946558, 5.08110495168848, -2.0103828157247374, -1.6457481308902202, 1.8727642491478456, -1.6724220636038416, 4.523531505898086, -4.522787727606488, -1.5909457610710362, -1.0729498850110226, -4.925239452299201, -1.8896094302120203, 4.897113540308496, 7.335537368393837, 4.605534841092596, 1.6904398193064063, 5.198713346045918, -1.7494532978864206, 1.7531434705950666, -2.6331313746527214, 1.6932528427377578, -5.208568406661354], Energy: -41.50027133736842
Eval count: 783, Parameters: [-1.7646305290622073, 1.6003867366083973, 3.828690893331736, -4.622647529983462, 5.082771452872302, -2.010489955740764, -1.647480682081397, 1.8727114327138112, -1.6719233953146624, 4.525014550003061, -4.522629001772402, -1.59377715955472, -1.0737251524321023, -4.92860903056186, -1.8914663666342395, 4.8966812048258666, 7.337258957091181, 4.604836128208479, 1.6900358424068158, 5.198194361054552, -1.7454169244216498, 1.7536564700236157, -2.6340574298673016, 1.6956269757817475, -5.2077303440574445], Energy: -41.50011536533481
Eval count: 784, Parameters: [-1.7634665067609083, 1.604371711555937, 3.82593110560031, -4.621213445285242, 5.085624857100729, -2.011116703577043, -1.6483749869207576, 1.872051612108411, -1.6716763370748684, 4.520701516040847, -4.524618181129314, -1.5928898358306751, -1.0738400765430702, -4.9293382085617665, -1.8911306538156953, 4.896619490154189, 7.336647908231943, 4.607078037288289, 1.6905145847165035, 5.199990340422247, -1.7459955430304028, 1.754903246812029, -2.6324346274906065, 1.6939109686066849, -5.210293376618109], Energy: -41.500420925124956
Eval count: 785, Parameters: [-1.7634279891293163, 1.6039041545048698, 3.8253598922405274, -4.621149469787925, 5.0848953067648575, -2.011980254385007, -1.6483973139695132, 1.871974668487915, -1.6712750826644103, 4.521284557116791, -4.5258705204071825, -1.5921246046819375, -1.0738151763828307, -4.93065995368965, -1.8898805886487138, 4.897598081422665, 7.33696086435208, 4.607368305771746, 1.6928990575010523, 5.199914588582165, -1.7454650209004603, 1.754399124273695, -2.6324742638635517, 1.6941073385912548, -5.210065877585266], Energy: -41.50031705967899
Eval count: 786, Parameters: [-1.766077577399213, 1.6064154566969016, 3.8255188607492983, -4.6220448497421565, 5.084606460116243, -2.010132054682744, -1.649089658922806, 1.872202051917899, -1.673759255242987, 4.523910334801039, -4.524115246602935, -1.5913359553983253, -1.0751670701388216, -4.929809520837626, -1.891909832456088, 4.894357982311794, 7.335025416714025, 4.608872780951522, 1.6911886714788362, 5.1994297509222775, -1.7467306065563966, 1.7553676100978675, -2.629168711374517, 1.6925546087267127, -5.211615530982617], Energy: -41.50021103045708
Eval count: 787, Parameters: [-1.7645128115117816, 1.6047275510890293, 3.8253824337100317, -4.620562745057824, 5.084579491395295, -2.0121515391477924, -1.6483788126786143, 1.8723934579196644, -1.6704378418647159, 4.520475975140674, -4.523504539523414, -1.5929087606569512, -1.0729721346926773, -4.927666049183564, -1.8924965148236277, 4.897010187533516, 7.337558729926103, 4.607845984114099, 1.69149920247077, 5.200170026944237, -1.74586079595843, 1.755163341680804, -2.6321631138156567, 1.6941092594102476, -5.2104330769916665], Energy: -41.500138085155584
Eval count: 788, Parameters: [-1.7629074311179402, 1.6044846891670714, 3.8251290125899415, -4.6203979197089895, 5.088137576748948, -2.0093235352308922, -1.646918279149992, 1.8713582096201167, -1.671563105708701, 4.523306946721043, -4.524252172235014, -1.5954284855874084, -1.0726739890125256, -4.928682010675035, -1.8902467884166245, 4.899597027109632, 7.336687553016507, 4.606806038894972, 1.6899145188557088, 5.201999814080459, -1.7454655893804951, 1.7518086519938514, -2.630543520513842, 1.69253978853299, -5.211925820199615], Energy: -41.50038848741275
Eval count: 789, Parameters: [-1.7642277443255399, 1.604907091392277, 3.826685885190708, -4.6202973752247765, 5.085140504337571, -2.010331336404751, -1.6486849386802493, 1.8709547380874132, -1.6704253407556595, 4.519822778579875, -4.524181010817644, -1.5931458626343578, -1.0751511327569911, -4.928684890160582, -1.8904848034140356, 4.896690319769598, 7.334915391593974, 4.606478493553602, 1.6912519190505166, 5.199587816365619, -1.745744328671347, 1.7540216154574324, -2.6325823111513147, 1.6932651721693772, -5.209722829146998], Energy: -41.50018517539365
Eval count: 790, Parameters: [-1.7635567192307713, 1.6071825402332813, 3.8234694015660553, -4.620323402480486, 5.085832033170799, -2.0106122206181833, -1.6438783773125445, 1.87302952893305, -1.6723851999345676, 4.521115567137468, -4.526104510940818, -1.5916539227400124, -1.0747252143116048, -4.928665149044024, -1.8915154971939472, 4.895771018893519, 7.33615730304149, 4.604425926050325, 1.6901489603287703, 5.200094195252536, -1.7455565976540963, 1.7546270813467302, -2.6331224946466256, 1.697035188984746, -5.209689989865824], Energy: -41.49956479860492
Eval count: 791, Parameters: [-1.7644574354000735, 1.6039359087648166, 3.8267310597876407, -4.6207635898002595, 5.0857028917945275, -2.0112576265720974, -1.6483248345080763, 1.873456608941824, -1.67088069072308, 4.519932876244115, -4.524866955074824, -1.5922670484932264, -1.0746156483568883, -4.92999912065895, -1.8908607472553967, 4.896982659808771, 7.33776214567581, 4.606072098255388, 1.6899125474483128, 5.200372992502232, -1.7474316679564268, 1.7543310236390743, -2.630661953242649, 1.6940051001597474, -5.210144921577156], Energy: -41.500368060603535
Eval count: 792, Parameters: [-1.7608916992938244, 1.603311237751759, 3.8242938138714337, -4.622109647807038, 5.0894334072630265, -2.011639533765714, -1.6514093430012617, 1.8745841524959366, -1.6712424699927773, 4.521040030594049, -4.522713309367045, -1.593604697890761, -1.0749203838851795, -4.9292430509373855, -1.88970213480399, 4.895888238224865, 7.336268081909684, 4.6090147260274765, 1.6904802606432818, 5.197961719598412, -1.7469164150859673, 1.754398621205064, -2.6322944442858254, 1.6946563770287768, -5.209062860299744], Energy: -41.500104761316095
Eval count: 793, Parameters: [-1.762719961223299, 1.6036226680774583, 3.8256764309898377, -4.618339214515078, 5.085377911748962, -2.011038246669892, -1.64841262345221, 1.8713601956985237, -1.6720658466285114, 4.521029955318255, -4.524307486328316, -1.5924843561750992, -1.072697478393147, -4.930237865087526, -1.8916736082747183, 4.896206993567652, 7.336057968817091, 4.607273588115613, 1.6902549147549797, 5.199365214521843, -1.746851104942274, 1.7548414952473868, -2.631942381133271, 1.6942496042730952, -5.209813730528419], Energy: -41.50029613781044
Eval count: 794, Parameters: [-1.7624038877019668, 1.6039877805406328, 3.827287863414913, -4.623757577253321, 5.085805647318806, -2.011321978464879, -1.6512656369908243, 1.8704898814547117, -1.6731181427591766, 4.519908696994572, -4.52568960221088, -1.5920547752338414, -1.071816412511439, -4.931118695099596, -1.892071781976977, 4.898909844254224, 7.336723844710252, 4.605459673111936, 1.6885041952941031, 5.201398070756122, -1.7462512160900787, 1.7569406295215275, -2.633083574943783, 1.6909648200920393, -5.2111061642064165], Energy: -41.500649235401
Eval count: 795, Parameters: [-1.7634960492000609, 1.6010739369783271, 3.827368319314111, -4.62460751075422, 5.084955288088463, -2.0122497995422495, -1.6509161147269236, 1.8706573012465988, -1.673815754686605, 4.5180348810819515, -4.527943628910587, -1.5958173583485067, -1.0703024366264726, -4.9316045251052625, -1.8903809970050685, 4.895860368317772, 7.33602779874512, 4.606205118348945, 1.6877726565142235, 5.202037989289274, -1.7465648593495662, 1.7570071125812976, -2.6330486479129043, 1.6902228339471865, -5.213991946731136], Energy: -41.50068317140375
Eval count: 796, Parameters: [-1.7639886908643092, 1.601322822108209, 3.827029637959649, -4.623464540796114, 5.084942599098181, -2.013716453715401, -1.6505288868960335, 1.8714214093294304, -1.6741885758795167, 4.518590657632444, -4.527130077313678, -1.5952435698618501, -1.0707736779030128, -4.931691995465387, -1.8892188911566947, 4.8955355111772, 7.336520457401779, 4.605962754779824, 1.686838518617782, 5.202051407547167, -1.746017889487047, 1.7568606975901608, -2.634407226301802, 1.6881879479140884, -5.214196743508546], Energy: -41.50068565384095
Eval count: 797, Parameters: [-1.7623623033626263, 1.601679003271303, 3.8266614284452234, -4.6253419022181665, 5.0836742049378385, -2.0131958190173735, -1.6488423112025503, 1.8701529154183436, -1.6731250211517132, 4.517219351593595, -4.524558514005719, -1.595185416736731, -1.0698986801568777, -4.934307332238579, -1.8884064314287579, 4.893435737204385, 7.337745564166502, 4.607221242656539, 1.6858576995169994, 5.204093005832974, -1.7439176939180239, 1.7563602855141531, -2.632375296631301, 1.6870732521215521, -5.21141833244864], Energy: -41.50047937810831
Eval count: 798, Parameters: [-1.763214912801806, 1.6010664582232552, 3.827687941751134, -4.623400202219368, 5.0850871865406235, -2.013190866747176, -1.6500445759501066, 1.873049001895029, -1.6751910261965446, 4.517607687527631, -4.526392880278868, -1.5951954038254492, -1.0706654485207063, -4.932278698213252, -1.8906935892435117, 4.895315306899224, 7.3361979781112785, 4.605303227158359, 1.688447173241281, 5.201778131802157, -1.745251510213685, 1.7560063895309261, -2.634521441878344, 1.6873173298399522, -5.214965102268159], Energy: -41.50072752614818
Eval count: 799, Parameters: [-1.7610710089976844, 1.6029981331162864, 3.8314952621697964, -4.623108803575419, 5.084194055574555, -2.0126964448133347, -1.6488634730704426, 1.8723705846690533, -1.6767282699778119, 4.517245006860573, -4.527161483068467, -1.5966849410683792, -1.0720267051921861, -4.932604266829299, -1.8901174327984203, 4.8966086798450235, 7.339160734087572, 4.608369973872774, 1.6881424873146178, 5.1999831691633895, -1.74667480769717, 1.7563324423957585, -2.6353343020618, 1.6868110951370847, -5.216154588344479], Energy: -41.50067410448378
Eval count: 800, Parameters: [-1.7622134471555313, 1.6012345046463312, 3.8274393854324327, -4.622954925007165, 5.083945897921928, -2.01388647278814, -1.6514161490396104, 1.872573178758613, -1.6764700906095302, 4.517582813961362, -4.525517375863515, -1.5956173326129934, -1.071906463979007, -4.931923984848578, -1.8903079837296193, 4.895113830728834, 7.3366248307959685, 4.604424535815212, 1.6886292723118739, 5.203313604868512, -1.7451444360002422, 1.7555479472442637, -2.6342009496335406, 1.688497475317063, -5.215723338654825], Energy: -41.50059994461543
Eval count: 801, Parameters: [-1.762158261566428, 1.5988871241063112, 3.8298486016221363, -4.623017553000339, 5.086846674122496, -2.013314252604893, -1.6491486488143163, 1.8729393162256853, -1.6732192110331068, 4.519207208817189, -4.5272712998061015, -1.5935299770616485, -1.0727144816704854, -4.932386879917559, -1.8925133463189847, 4.894094470544628, 7.3352921871231445, 4.607224412142046, 1.6888114804905279, 5.206025163986543, -1.7457311942063483, 1.756933227734811, -2.636211063172846, 1.6871109011206982, -5.215834918846527], Energy: -41.50066063189172
Eval count: 802, Parameters: [-1.7644792777755325, 1.600464367182065, 3.827444277796316, -4.6233666434074925, 5.085464421855269, -2.013309738911229, -1.650197456572334, 1.872834260009991, -1.6771695589100188, 4.516731774530284, -4.5268385573524155, -1.5952430116754381, -1.0709564821059687, -4.931857259913301, -1.8912092129364555, 4.8958878355436095, 7.33624371412309, 4.606556833620283, 1.68848343663058, 5.202624479159475, -1.7455537567130552, 1.7548626609622033, -2.6349176448213747, 1.6871090593865217, -5.213126217805484], Energy: -41.50062488186404
Eval count: 803, Parameters: [-1.7621149184798963, 1.603353878316771, 3.8262190223041563, -4.624913456262735, 5.086561116630772, -2.0127665840850963, -1.6465826356021431, 1.874146418512414, -1.6767926080414386, 4.5171539723309815, -4.529613409079012, -1.5944270040880826, -1.0701030992842027, -4.932908951296243, -1.8912075828359132, 4.895117013995942, 7.335585431025863, 4.602283034740605, 1.6865202824279493, 5.201799917650649, -1.7453483668169474, 1.757346785129282, -2.6362696149669627, 1.688383917051395, -5.21576717903306], Energy: -41.500474224199024
Eval count: 804, Parameters: [-1.7621472037116175, 1.599483151066586, 3.8268464789108565, -4.624123499644733, 5.084028681453414, -2.012723235810143, -1.6489663882419514, 1.872820417605254, -1.6755157137818848, 4.517200903342704, -4.5260278495924995, -1.593772364085171, -1.0710165437141779, -4.930749059871049, -1.8900651264238075, 4.895919171272719, 7.335809510132655, 4.6054929798684245, 1.6882742739194263, 5.201325491088858, -1.7461979463231472, 1.755973527441579, -2.6341086993632077, 1.6866419077655619, -5.215444609276198], Energy: -41.50078335478355
Eval count: 805, Parameters: [-1.763827251955461, 1.5957060476838516, 3.8268220073296004, -4.624386383459696, 5.084104187353779, -2.011454583566516, -1.648550552494352, 1.8719710961219098, -1.676053907190124, 4.518087616551574, -4.525314531672589, -1.5941692399117227, -1.0733454166873413, -4.932199196656232, -1.8913906785474932, 4.8974219996021136, 7.337220834242773, 4.604992616529145, 1.6864366018910453, 5.199043501694103, -1.7425703309106366, 1.7573943588661673, -2.6342018385498607, 1.6876586232837076, -5.216462010118406], Energy: -41.50021303696883
Eval count: 806, Parameters: [-1.7614828965010565, 1.5992912606883405, 3.827748205661851, -4.6240992961353715, 5.085091046469589, -2.014396354509828, -1.6488227638674418, 1.8717989541355056, -1.675797478809269, 4.5173035045568275, -4.527078191380669, -1.5933677866527967, -1.0710905619977287, -4.929438685640287, -1.8904274372449863, 4.895071189525771, 7.336197498798952, 4.604888153001994, 1.6884382429045468, 5.2005708089388865, -1.7451039570876068, 1.7556206831100503, -2.6326119201925886, 1.6861918236518358, -5.2150344053751985], Energy: -41.50064556418437
Eval count: 807, Parameters: [-1.7639449609435727, 1.5991454235472458, 3.8288393679051693, -4.624640436945885, 5.0863806845364445, -2.0109897723401784, -1.6490072010057306, 1.871361716779582, -1.676703763364602, 4.516734825654193, -4.523953431469935, -1.591085717716487, -1.068228692460827, -4.930134057472067, -1.887345235443466, 4.894513168435978, 7.337516576579902, 4.604825025362318, 1.6896526016123434, 5.201581537795278, -1.746686778372583, 1.7556874183418638, -2.6354520574853053, 1.6881703102341685, -5.216968439050125], Energy: -41.50061194473443
Eval count: 808, Parameters: [-1.7619730187970872, 1.5994148613243737, 3.8254997690967842, -4.624082609724072, 5.084031298939931, -2.011463775217262, -1.6496862688112204, 1.8719823178562127, -1.6749415532020988, 4.517367769828447, -4.526846457350744, -1.5938366870007854, -1.071527222496233, -4.930701938088705, -1.8909280539440851, 4.894667560738382, 7.337729460252818, 4.604919529393917, 1.6886705308152892, 5.2010358488281305, -1.7468812595706935, 1.7551487246658317, -2.6348391581413413, 1.6856135042883997, -5.215480461489837], Energy: -41.500704506994055
Eval count: 809, Parameters: [-1.7611737324062853, 1.599354199268798, 3.828188743506278, -4.6230567959085835, 5.082017219372678, -2.0096356231787365, -1.6509835427122523, 1.8760653299125407, -1.6755720498274576, 4.518145511926499, -4.528499454977292, -1.5927904086300728, -1.0694086619094745, -4.928555480995886, -1.8886907633159349, 4.895407076283733, 7.336131650724929, 4.6060297346926395, 1.686960118991931, 5.202137704065983, -1.7434893569484269, 1.7559396726787795, -2.6340685355794475, 1.6865501116246442, -5.214299742969252], Energy: -41.50045933533124
Eval count: 810, Parameters: [-1.7621523384990032, 1.5991508853351994, 3.82672377716785, -4.623548295644047, 5.084503023718908, -2.0120785040481235, -1.6485293119068725, 1.8730023269393252, -1.6761424580256, 4.517381019139168, -4.525817188600122, -1.5948750876767641, -1.0713485891083556, -4.930266459320477, -1.889409796612266, 4.895920322029982, 7.336271055486829, 4.604727268760422, 1.6896328007079904, 5.201867118722857, -1.7465315800264511, 1.7584930129045255, -2.633585146700183, 1.6858503436100871, -5.214357731027781], Energy: -41.50071047671537
Eval count: 811, Parameters: [-1.7620380244414724, 1.598049729539756, 3.829204765201371, -4.626503428324063, 5.082056470493017, -2.01367158595601, -1.6481973820407925, 1.8733988701487545, -1.6756646204590389, 4.521035841017285, -4.524973401221546, -1.5954298693087416, -1.0698519193994387, -4.930675469052843, -1.8906288279367982, 4.895401474912289, 7.335357854486219, 4.603205201424303, 1.6883280800208562, 5.200614412151662, -1.7484713403576477, 1.7544278739450636, -2.635740758478723, 1.6867697248514857, -5.213140571076095], Energy: -41.50023876982715
Eval count: 812, Parameters: [-1.7608104464568441, 1.5992135225897224, 3.8261341489123564, -4.625365264464453, 5.085864033265528, -2.0128752760247672, -1.650044438092875, 1.8740010670025729, -1.6756507527876685, 4.517195006440769, -4.525210372444216, -1.594365195346586, -1.0716628503858214, -4.930318408624503, -1.8895160031279434, 4.89514811018369, 7.33568942560027, 4.60641396952693, 1.6878774494060156, 5.200414842389188, -1.746215029783156, 1.7561369171037708, -2.6347740227830942, 1.6872112256125888, -5.214973836377709], Energy: -41.500632975772135
Eval count: 813, Parameters: [-1.7618667143364815, 1.6001463378204093, 3.826068568398221, -4.622798431942207, 5.084783267263724, -2.013627654556415, -1.6508290802407375, 1.8732237044383313, -1.6737486326035247, 4.515408824084767, -4.526611400977093, -1.5926112847885876, -1.069519605226913, -4.93312737380095, -1.8894371210176046, 4.8987943053979714, 7.334128316329922, 4.606227813715964, 1.6891568001997401, 5.201576612237048, -1.749082884751691, 1.7558835995951663, -2.6319923194111343, 1.6839971081568863, -5.217575814884056], Energy: -41.500798352352376
Eval count: 814, Parameters: [-1.7609480111259654, 1.5992301629396561, 3.826195139869007, -4.62201033580564, 5.084962970648338, -2.0143324312656055, -1.6505354829001626, 1.8731887730325307, -1.672332275643778, 4.51375622197658, -4.5265288200960425, -1.5933260431689884, -1.0686583092585833, -4.932508938564099, -1.8894233841599168, 4.90005067041022, 7.335083722965295, 4.6054818976655625, 1.6890824998380338, 5.201896066551082, -1.7488005819670143, 1.7556456015669157, -2.633352388163857, 1.6846293196958313, -5.21694218803624], Energy: -41.50043845498084
Eval count: 815, Parameters: [-1.7638565855829063, 1.6024290874922713, 3.824543629989678, -4.624264516511725, 5.083380130758886, -2.0150731402247777, -1.6504731494412872, 1.8741641243801288, -1.673466699822569, 4.51569309300053, -4.525029154788879, -1.592541575693704, -1.067701622724699, -4.9302868937239115, -1.8925913649928219, 4.898458876585307, 7.3350979558347245, 4.608760684201603, 1.6897052765241578, 5.202242539129781, -1.7490134216768742, 1.7579019810829979, -2.6314985037006298, 1.683495574837194, -5.2199301034855905], Energy: -41.500845517089886
Eval count: 816, Parameters: [-1.7636834726912718, 1.602837023530124, 3.8241599968071736, -4.6242940758677795, 5.084650710043378, -2.014006539570469, -1.649673181191911, 1.8737030759632352, -1.6733573453733843, 4.516865266802687, -4.524589128919816, -1.5941017217098838, -1.067450228959673, -4.929347615347784, -1.8922053112955084, 4.899618971845407, 7.334817390923645, 4.608755851693242, 1.6893858467726564, 5.203141275810825, -1.7483941226052906, 1.7564538569083739, -2.630991060771252, 1.682826169834371, -5.220755457221492], Energy: -41.50099185031689
Eval count: 817, Parameters: [-1.7652300023515866, 1.6054346422239778, 3.825424615101227, -4.624922858636369, 5.08382058082725, -2.0123194311289128, -1.6500284675946542, 1.8716884818097328, -1.6720092680961216, 4.514599024756122, -4.523890605098595, -1.5946574627962502, -1.0700021658602497, -4.927578931894055, -1.8916960268482057, 4.898653424751657, 7.330645001257191, 4.608420142492172, 1.689772752499703, 5.202418970725364, -1.7478166414221574, 1.756456970426927, -2.632280116258341, 1.6810210596322166, -5.221145486424794], Energy: -41.5007528797766
Eval count: 818, Parameters: [-1.763300181341136, 1.6026618344747643, 3.8245417579997003, -4.622524856028363, 5.085059475950483, -2.0133179663912837, -1.649750479025877, 1.8734103639736572, -1.6738746129957673, 4.516539324399818, -4.5234886087163035, -1.5943438014932658, -1.0667576748518848, -4.929026897539092, -1.8935030564480018, 4.898703805413856, 7.334308174092901, 4.608523761266012, 1.687296935002545, 5.202870865119216, -1.7494875711491535, 1.7567967105751647, -2.6304955581673912, 1.6828262848673645, -5.220628298821596], Energy: -41.50096770672411
Eval count: 819, Parameters: [-1.7618683448452548, 1.603028275266219, 3.821736424526372, -4.621397000115869, 5.083885045388447, -2.014095254702099, -1.6485513929013518, 1.8714814595249236, -1.6745348976603056, 4.518983827428661, -4.524895328394197, -1.594150133991463, -1.0655001821549237, -4.930251070142635, -1.8919723338981973, 4.898777082602026, 7.332407348531355, 4.611358191212476, 1.6919816245752022, 5.201732040843943, -1.7472550114185443, 1.7564244013583716, -2.6324153577336418, 1.683584421311505, -5.221054704092887], Energy: -41.500554686520104
Eval count: 820, Parameters: [-1.7645137962537396, 1.6029726647182105, 3.8238165223077254, -4.623202243882427, 5.084011359858576, -2.014029851113871, -1.6476778356986579, 1.8749005397543916, -1.6725741043994105, 4.516487084029987, -4.524372421903465, -1.5939205692954608, -1.0685602024301795, -4.929108774418772, -1.8916887454514926, 4.899206857714901, 7.33474990919751, 4.6092127947847255, 1.6895344681530025, 5.203012700743534, -1.7490691996944658, 1.755304495294862, -2.6301523001269853, 1.6842771993018313, -5.2208838211328175], Energy: -41.500865045675425
Eval count: 821, Parameters: [-1.7649172003490876, 1.6039529007708784, 3.8242774879223593, -4.624436142159299, 5.08860269217792, -2.0131794876146585, -1.6521322945447543, 1.8752796928777509, -1.6730627372972888, 4.518809682163302, -4.525383464509533, -1.5950836889106914, -1.0678707296656529, -4.929672875477715, -1.891794547043824, 4.897731939715026, 7.336833257304822, 4.608325984281494, 1.6909608134558547, 5.20251023276516, -1.7494140192737913, 1.7568682783585863, -2.627784374877559, 1.6805621457525628, -5.221174918296155], Energy: -41.50089992421357
Eval count: 822, Parameters: [-1.7631570691522769, 1.6033270015240726, 3.8242050945493773, -4.625043629799313, 5.084269004903669, -2.0136168269491894, -1.6488079658595454, 1.8736680378100614, -1.6722902664035855, 4.516220430832009, -4.5232444971872905, -1.5942339610837928, -1.0664968289781975, -4.931104578560807, -1.892176715970404, 4.898558861881861, 7.335119883388639, 4.60902175477286, 1.6892907814003462, 5.203455041429921, -1.747018912172358, 1.7562663882817566, -2.6300139493785446, 1.6820925313498194, -5.21978551004892], Energy: -41.50087462257369
Eval count: 823, Parameters: [-1.7625546416778037, 1.6033238107354804, 3.8229849765589643, -4.626402552150215, 5.084426568768795, -2.0139449649908174, -1.6493923983774659, 1.8714624207789596, -1.6761051200575294, 4.5168797780514796, -4.525412676064369, -1.592670660901108, -1.0692309647913345, -4.928938819309919, -1.8907019879950286, 4.900208124902033, 7.335868762012707, 4.6105397404702675, 1.6871114300802852, 5.206958923928785, -1.7505772051982544, 1.7567514862626372, -2.6293822708667407, 1.6819180998830598, -5.2206138613351865], Energy: -41.50100439330748
Eval count: 824, Parameters: [-1.7638314899614338, 1.6019074468187449, 3.8228172046461455, -4.6267281329456775, 5.084403684397067, -2.013264017820739, -1.6494102561515758, 1.871095779347084, -1.676521552214976, 4.517387526797019, -4.525061960331778, -1.5924753524238573, -1.0703084650463168, -4.929949667591208, -1.8913519055742534, 4.901572535503724, 7.336094182915819, 4.6106344388119265, 1.6861087683623805, 5.206193332600774, -1.7493496349276165, 1.757422865775163, -2.628805000778684, 1.6819026919323032, -5.22198777943054], Energy: -41.5010913529149
Eval count: 825, Parameters: [-1.7639935492480854, 1.6011334757864086, 3.8233119739965784, -4.626680841264457, 5.083782761463288, -2.013467337531299, -1.6499997413973397, 1.8707687056931337, -1.6762256173743524, 4.517864995583036, -4.524324460338145, -1.5927159198049687, -1.070430697966414, -4.929635021013426, -1.8911821657204504, 4.9016389257120645, 7.336197828966352, 4.611209425953689, 1.6864083207370124, 5.206170505789179, -1.7497067570634093, 1.7570144015177351, -2.6285746665911462, 1.6816691640134964, -5.221584113424407], Energy: -41.50114923566525
Eval count: 826, Parameters: [-1.7644088748683622, 1.601093728587985, 3.824025527894232, -4.628289096477051, 5.082991363284939, -2.0137489633656656, -1.6493085301659984, 1.8712921780088854, -1.6766788129360923, 4.519809546367273, -4.524274627029266, -1.5930542012935343, -1.0698455737750212, -4.930225090893307, -1.89177128392926, 4.902171187353518, 7.3353892878715445, 4.60989063066418, 1.68596857668611, 5.205987302300299, -1.751128649995955, 1.7565356060217419, -2.628828375121297, 1.6812644448529617, -5.221673912766857], Energy: -41.50120205410764
Eval count: 827, Parameters: [-1.764650757818816, 1.6003656354924616, 3.8240900653503878, -4.628458287985915, 5.082664409341032, -2.013858434549376, -1.6492843939855433, 1.8714673317736843, -1.6768495092115585, 4.519381782040666, -4.524922188661055, -1.5939322747107472, -1.069403258082012, -4.930263943203714, -1.8913071996071245, 4.901419025489105, 7.335202871444436, 4.610093411720893, 1.685721480900993, 5.206180329746235, -1.7510938378143894, 1.7565366804625955, -2.6288160676767256, 1.6810861571673341, -5.2223484897968575], Energy: -41.501175467271594
Eval count: 828, Parameters: [-1.764184015900247, 1.601304867412508, 3.824683224796235, -4.6279263243373485, 5.081684132273506, -2.0121362149275948, -1.6502807618245117, 1.8729030641317514, -1.676688971164678, 4.520687796477629, -4.52517955081982, -1.5920074586246347, -1.069194790140898, -4.929347320761857, -1.891386568741809, 4.902758762797127, 7.335203794458854, 4.61023708632863, 1.6851774903034287, 5.206405119910542, -1.7500729923327705, 1.7563917786899916, -2.628462431400821, 1.6810014784534122, -5.221385378739216], Energy: -41.50125876120592
Eval count: 829, Parameters: [-1.7640549403950763, 1.6008446488089474, 3.825358060098036, -4.627841723856543, 5.08222950185382, -2.012049136123014, -1.6499920484777781, 1.872982084338689, -1.6760967841538255, 4.521071279830101, -4.5252637358896495, -1.5914951901933405, -1.06941919340978, -4.929527458760023, -1.8918282869177314, 4.902368300804148, 7.33493941825681, 4.61055074874464, 1.6853840315264788, 5.207351284774056, -1.7500660045745127, 1.7566113835635624, -2.628942182690661, 1.6809994093337248, -5.221768556935725], Energy: -41.501398822242834
Eval count: 830, Parameters: [-1.765196683530839, 1.6007937861289105, 3.826281563040661, -4.628195887650015, 5.082820598119318, -2.0111635776527166, -1.6499007474688976, 1.872309888808489, -1.6768679119784515, 4.52080183329019, -4.524100421341965, -1.590036494864288, -1.0678519835511837, -4.929281201932342, -1.8903985746358043, 4.902129347900065, 7.335532008086405, 4.610205122379241, 1.6858309388177917, 5.207298314887501, -1.750325818642872, 1.7562470733414919, -2.6293952519163333, 1.681796328279683, -5.222717512894006], Energy: -41.50141387137319
Eval count: 831, Parameters: [-1.7658153343746426, 1.600151049320675, 3.825218884230926, -4.628353984625322, 5.083091660807254, -2.0112733758585324, -1.6501154177185373, 1.8722890776036178, -1.6765866674576202, 4.520856379764017, -4.524066697727054, -1.5895802360874929, -1.0675685956448955, -4.928961770390851, -1.8904101758914198, 4.9019240041200876, 7.334866582731871, 4.609723014216545, 1.685763705803029, 5.207692239574814, -1.7501923535601027, 1.7561805762803946, -2.6291950176358343, 1.681816569239627, -5.222152847999265], Energy: -41.50123823251556
Eval count: 832, Parameters: [-1.764420201533418, 1.601230774659168, 3.826331326171508, -4.627741306354694, 5.081954866623968, -2.011655647060305, -1.6512793235009158, 1.872576701794755, -1.677472194335602, 4.521091645668265, -4.522975431594185, -1.5903496544440423, -1.0685948756562187, -4.929726122163041, -1.8905981227217654, 4.901738070751986, 7.335410477582313, 4.608735373118083, 1.6863901443796556, 5.208807788475551, -1.7497133221883843, 1.755869816264088, -2.6289759703341167, 1.6827524900047237, -5.224188312235211], Energy: -41.50129898907602
Eval count: 833, Parameters: [-1.7654758340894066, 1.600918896536003, 3.8261262984489113, -4.627616084173343, 5.082825998713699, -2.0118962173766812, -1.6497114765537984, 1.872709040316763, -1.6771048536577713, 4.521052906996748, -4.523696348555309, -1.5897616442758318, -1.0680861252444092, -4.929341302770585, -1.8898530307535852, 4.9019759615368, 7.33577389005844, 4.610103097456238, 1.685382112405951, 5.207327314565961, -1.750039784440303, 1.7561365644128453, -2.630089877246382, 1.6807772140921284, -5.2227882233738105], Energy: -41.50140762026405
Eval count: 834, Parameters: [-1.7664432742367033, 1.6008667636493457, 3.827034160325846, -4.627985754619379, 5.0832994831337155, -2.011010179503014, -1.650105659982197, 1.872955435726734, -1.6787546218043292, 4.519952103174098, -4.524257591889411, -1.590426413100173, -1.067836427457431, -4.929982560765557, -1.8918150544944237, 4.902630400057771, 7.335360306378101, 4.611110356041117, 1.6865263054773079, 5.208176315245673, -1.7500265460617381, 1.754903026033687, -2.6298467600537885, 1.6815992869545515, -5.2217545981171805], Energy: -41.501258469107825
Eval count: 835, Parameters: [-1.7644371217947767, 1.60012872286123, 3.8261230582887165, -4.628392204020831, 5.082757497528842, -2.0108437140273328, -1.649482376917309, 1.87269262755251, -1.6773100066776085, 4.520339760049898, -4.523853339612302, -1.5896148222881834, -1.0680129112404237, -4.928831307119997, -1.8906922497585148, 4.902094785713945, 7.335496320380228, 4.609937120922471, 1.6864767103461344, 5.20697106850576, -1.750437004715791, 1.7560722176513446, -2.6291664757855147, 1.6810534503697656, -5.223027450428874], Energy: -41.50142567852532
Eval count: 836, Parameters: [-1.7633963751654753, 1.5999728855537283, 3.825894973355936, -4.629852094047245, 5.083912402979592, -2.01081940735628, -1.6502376110520856, 1.8742216626380668, -1.6774568817443376, 4.520485143307371, -4.52264565321711, -1.5898453183235464, -1.0685137416114514, -4.928820791178942, -1.890156181289007, 4.901960589535704, 7.334765719500308, 4.611359726386005, 1.685617058282546, 5.206273297642107, -1.7505049246409183, 1.7559441102669286, -2.6300934982551984, 1.6820102398080072, -5.2232154667058905], Energy: -41.50138674249558
Eval count: 837, Parameters: [-1.764417142133441, 1.60009374924225, 3.8267046893870855, -4.628193942446743, 5.083034379150855, -2.011450883907218, -1.6491740061810853, 1.872984429689833, -1.6776250594691173, 4.520223418672504, -4.523622489208559, -1.589736973447326, -1.0678054143083304, -4.928721396394841, -1.8901892799531033, 4.902674445677724, 7.334768080119671, 4.6099627733590545, 1.6867059828155873, 5.207145600820611, -1.7502754593966345, 1.7569616475812768, -2.6284498270580015, 1.6810837012648105, -5.222829752465452], Energy: -41.50143710454773
Eval count: 838, Parameters: [-1.7639448745301471, 1.6001126648377262, 3.8280516594594443, -4.628741317844474, 5.083567682395099, -2.013089253775305, -1.6489749351376106, 1.8721516989889309, -1.6777641867577158, 4.520669615059293, -4.524418998513916, -1.5888589894047682, -1.0678693369503047, -4.927729666772059, -1.8907886363187798, 4.902012362867313, 7.3347774745141425, 4.610073159819754, 1.6859178225778235, 5.206302056974695, -1.748980795775817, 1.7556235686927928, -2.627544954845103, 1.6813783520882182, -5.223135569956593], Energy: -41.50144563623928
Eval count: 839, Parameters: [-1.76405435877605, 1.5999469704870015, 3.82818569698939, -4.62894362713324, 5.083498093794564, -2.0127197061332835, -1.6484965680453583, 1.8721060006319694, -1.6783523883980809, 4.521179677651711, -4.5242528109196485, -1.5893075563107617, -1.068307169752858, -4.927147850992965, -1.8907834899168343, 4.9013294589528815, 7.335187433688641, 4.6097900971074255, 1.6860239145097076, 5.206347681781508, -1.7484478319445478, 1.7561962840064291, -2.627815634898019, 1.681743097854602, -5.222477866606288], Energy: -41.50143530969024
Eval count: 840, Parameters: [-1.7630694095398782, 1.599457604685231, 3.8298776253044244, -4.628766855788006, 5.0838517461866495, -2.0128559486830535, -1.6484409848184742, 1.8719598928717482, -1.6764361927141536, 4.521051900331041, -4.524555738006069, -1.5892214947733416, -1.0678401005242002, -4.927041921974604, -1.891023699192319, 4.903602338184708, 7.336367399637684, 4.61023365621806, 1.6855982665036449, 5.2067372920077855, -1.74939435152676, 1.7563699168249993, -2.628399531651767, 1.6809281795398803, -5.223940739315961], Energy: -41.501427789218894
Eval count: 841, Parameters: [-1.7643880456319752, 1.6006794786169916, 3.8276068578755416, -4.62902575439799, 5.083197150075654, -2.013455593545095, -1.6488577585230688, 1.872329807277419, -1.6777284647477395, 4.520797877213801, -4.524035972890861, -1.588838482399495, -1.067361618602542, -4.927053450497555, -1.8915680376040687, 4.901904865374456, 7.33496075302632, 4.610772566028176, 1.68612300389976, 5.2064285096190694, -1.7489358164614766, 1.7561276218525734, -2.6274594775241145, 1.6812786748915114, -5.22372565895924], Energy: -41.50144867161282
Eval count: 842, Parameters: [-1.7633403235414293, 1.6006308325505683, 3.827526307078489, -4.627940169381743, 5.083022214586681, -2.012943730857633, -1.6483356966798552, 1.8711960752627756, -1.6783745015777845, 4.522859875178395, -4.524514660972894, -1.5885216095227324, -1.0670086572994977, -4.927908713187827, -1.891305259801907, 4.901743277896977, 7.334128375966198, 4.612272085135061, 1.6871126891444126, 5.20573332199382, -1.7489153452327226, 1.7564365261092967, -2.627800257849888, 1.6811088809737995, -5.224452482607362], Energy: -41.50159259461293
Eval count: 843, Parameters: [-1.764017053993555, 1.601873160343021, 3.8287292511509152, -4.6284257709874606, 5.08262136455446, -2.0118691179544124, -1.6485148877971247, 1.870170755611718, -1.6777863446200858, 4.52241562409545, -4.524359316335079, -1.588515285174822, -1.0685291548360354, -4.927276875350144, -1.891068393167099, 4.901350302967634, 7.33228419346609, 4.612405278501666, 1.6872399538488434, 5.20532333597245, -1.748954032217285, 1.7567608383528837, -2.6282548101336753, 1.6799230010510986, -5.2250557526806], Energy: -41.501731907590624
Eval count: 844, Parameters: [-1.7642993273500966, 1.6022007828468479, 3.8286637894029383, -4.6283726711099575, 5.083690091218132, -2.0114768702210224, -1.6487707023335005, 1.8704961368845874, -1.6776582425304278, 4.52303667458169, -4.524420318539595, -1.5890211576141957, -1.0686334460351037, -4.927147561777201, -1.8908877404210205, 4.901127158236379, 7.33265786457885, 4.612336830657378, 1.6875049923012848, 5.205348246331894, -1.749111672330993, 1.7565035289409785, -2.627401445992271, 1.6793929161823344, -5.225312655373827], Energy: -41.501828871896805
Eval count: 845, Parameters: [-1.764704831520958, 1.6021733334915635, 3.8297573673393708, -4.628532374873682, 5.083551188319049, -2.0117517252097348, -1.6498466732108923, 1.871193105127419, -1.677688580553716, 4.523333995925255, -4.525141446261659, -1.5876716346289579, -1.0694065071373642, -4.928193907070763, -1.8910808470078402, 4.899823912333739, 7.333477970850793, 4.612643642855441, 1.6880303883510068, 5.20439624309805, -1.7502885102157162, 1.758076693572378, -2.6268063480501347, 1.679058094184399, -5.225310224536818], Energy: -41.50179169171622
Eval count: 846, Parameters: [-1.764774420222707, 1.6020669284493914, 3.828530650826744, -4.627726889077243, 5.083613226230649, -2.0116278638935423, -1.648411108015025, 1.8709154407264696, -1.6777841706365013, 4.523145061657723, -4.524840440299094, -1.5889111202552038, -1.0693602268110125, -4.92642143348459, -1.8907229077730232, 4.901376494512355, 7.332523901299596, 4.612394299786295, 1.6875903397928589, 5.205189408034955, -1.749845707739231, 1.756182244222561, -2.6274754985566044, 1.6801547727075117, -5.225712336273705], Energy: -41.50184709254654
Eval count: 847, Parameters: [-1.7648882783742814, 1.602539438639009, 3.829009536684798, -4.627664566490119, 5.082902842127529, -2.0108866158954384, -1.6461272389159634, 1.8715247831357016, -1.6765462521453594, 4.523332729213923, -4.523895803492467, -1.5887435068598734, -1.069893839657037, -4.927494150925161, -1.8902758408787297, 4.900729719960003, 7.332681659203597, 4.613298055731613, 1.687445533684627, 5.205395660691707, -1.7496669867714454, 1.7553536733159274, -2.626078810648949, 1.6803001287860824, -5.22581548573932], Energy: -41.5018619734069
Eval count: 848, Parameters: [-1.7648654486437945, 1.6028308296626965, 3.8288169893684354, -4.628525742431624, 5.082704039725405, -2.0113077821494727, -1.646079960181666, 1.8716526425733, -1.6763182140285378, 4.523419641672482, -4.524493638133641, -1.5886144601698284, -1.0701274859879064, -4.927497867043995, -1.889523664374567, 4.900997423629507, 7.332923880845787, 4.613445935159354, 1.6885194312738445, 5.2057363959083505, -1.7493724939360886, 1.7551059036020598, -2.626350211661609, 1.680276864226464, -5.225684273178364], Energy: -41.501822902073684
Eval count: 849, Parameters: [-1.7633422679055086, 1.6038761006881308, 3.8294060528968332, -4.627320495950225, 5.083013543447322, -2.011032462058169, -1.6459570127624323, 1.8712375023283263, -1.6768580993890787, 4.523214686476861, -4.524078139919941, -1.588670541364964, -1.0692139436614752, -4.926440176469943, -1.889789080107916, 4.899499845812411, 7.332515303564105, 4.613662133531349, 1.6871916713263095, 5.206748855820538, -1.7516408377093329, 1.7549725008528505, -2.6260847881508997, 1.6799433910760238, -5.224833424375893], Energy: -41.501812065157026
Eval count: 850, Parameters: [-1.7649154923309758, 1.602455878776456, 3.829466682282518, -4.627140300466832, 5.082731856623147, -2.011114225005257, -1.6463932477119678, 1.871951024475881, -1.67578071659872, 4.523394950035829, -4.523533012059179, -1.5891686787006287, -1.069341902960976, -4.92725593176227, -1.8903928966072352, 4.9003463328452925, 7.332452677669202, 4.6131125222892555, 1.6882358907822863, 5.20475135279713, -1.7495957870402294, 1.7550053565122687, -2.6264519162026674, 1.6804089346073499, -5.225414006661797], Energy: -41.50183885290187
Eval count: 851, Parameters: [-1.7644203865927592, 1.6042522848177536, 3.8289063084161477, -4.62736483368303, 5.0841550095734, -2.010256780329205, -1.6448627426576523, 1.8725089163075315, -1.6764879748257824, 4.5229955233074035, -4.52525999614749, -1.5885401465110303, -1.069315074348563, -4.9280003215161035, -1.890767528512748, 4.900434586717766, 7.332201852296767, 4.612107345480245, 1.6873700691540379, 5.204864874911045, -1.7490260305220284, 1.7560311540559561, -2.62686530015424, 1.6806165284777597, -5.226820478498039], Energy: -41.50186921544332
Eval count: 852, Parameters: [-1.764102592618349, 1.604779495805368, 3.8286077032568535, -4.626675092307323, 5.084666162478445, -2.0100797294634045, -1.6451249499504739, 1.872199785029492, -1.6762069146047642, 4.5226071801385, -4.524821315797587, -1.5878013384889027, -1.0698343536064923, -4.927763621792369, -1.890885602410124, 4.9007758474479095, 7.332620044994781, 4.612432263574789, 1.687700198889216, 5.204793831036993, -1.7485461667437578, 1.7562002430157513, -2.6267839739851695, 1.6808857422755248, -5.2263132267329135], Energy: -41.50180154592306
Eval count: 853, Parameters: [-1.7643778728876114, 1.603293012137882, 3.828856641794555, -4.626424047477176, 5.084300748214182, -2.0099714965273336, -1.6451966208407565, 1.8723625261781824, -1.6763389925767798, 4.521323539797754, -4.526308882110038, -1.5895807213618989, -1.0691545524638977, -4.92763542510918, -1.8896723186605642, 4.899012562923795, 7.332467402774843, 4.613489001683734, 1.6873028220027153, 5.205227891976297, -1.7480298816268462, 1.756437241681246, -2.626670676629897, 1.680485221361446, -5.228046990362898], Energy: -41.502002667873
Eval count: 854, Parameters: [-1.764462456943278, 1.6030982285276916, 3.8286682269698855, -4.626585041562215, 5.085049577018576, -2.010744561412084, -1.6446628853608103, 1.871588775012918, -1.6762165172159635, 4.520969232988891, -4.525882119135139, -1.5899920469664872, -1.0695179994301418, -4.928101326145928, -1.8899484942708151, 4.898647143615725, 7.332505850041882, 4.613381452360048, 1.687731481587166, 5.205210867373725, -1.7485458300415455, 1.7565512979277371, -2.6269451993480213, 1.6806136799564069, -5.228264416443907], Energy: -41.502041594230036
Eval count: 855, Parameters: [-1.7644287091821198, 1.6039673679822224, 3.828492569323786, -4.626535951452134, 5.084736039957536, -2.010555294397565, -1.6444012338534828, 1.8705821890823546, -1.6771101691769834, 4.520748802062087, -4.52591585810966, -1.5918554332831447, -1.0695358717745402, -4.928022363096462, -1.8888953416989864, 4.899009268996694, 7.333020326211488, 4.613540973060396, 1.687523732627071, 5.202966096101484, -1.7490605502815753, 1.7565201588628816, -2.626078067839215, 1.680018681833931, -5.229234813367968], Energy: -41.50207314023197
Eval count: 856, Parameters: [-1.7651027110538569, 1.603833943735947, 3.828727502470047, -4.626643120222436, 5.0852138184866025, -2.010315866919005, -1.6439263759642355, 1.8706790460363425, -1.6774655445793705, 4.520373244958237, -4.526399422546084, -1.5918629198295888, -1.0692489321343475, -4.928073292594722, -1.8892541283354163, 4.899319334923673, 7.333028359990948, 4.61439891166197, 1.6875230827306904, 5.202645217980658, -1.7492075535206342, 1.7562519585290461, -2.6263850249289136, 1.6795862996939788, -5.228380037482689], Energy: -41.50204832108835
Eval count: 857, Parameters: [-1.7646658475616752, 1.6042839497919814, 3.829855714820021, -4.625858716159882, 5.084918221471441, -2.0102588493473896, -1.6449839482727173, 1.8707395315844997, -1.678729902508006, 4.5208636641030004, -4.525621708871836, -1.5930221889322784, -1.0702799337049802, -4.9288640104642, -1.8898258135823376, 4.898900834285351, 7.332680937771261, 4.613850341702268, 1.688400702640646, 5.2042394815343895, -1.7486765981553323, 1.7555495574612907, -2.6260008559634285, 1.6799013044467377, -5.230772773864085], Energy: -41.50209675408502
Eval count: 858, Parameters: [-1.7652626753775806, 1.604231031427863, 3.8302715585053293, -4.626042402619678, 5.0852251007449265, -2.0098211754510076, -1.644947527888922, 1.8704028510676856, -1.6791030752938834, 4.520731398986521, -4.525039141206644, -1.5922739809325688, -1.069484917357438, -4.928727322624016, -1.8891121091047496, 4.898772678228454, 7.332948479713814, 4.613657051763602, 1.6886210738110545, 5.204229881571129, -1.7488006735866002, 1.7553647230829479, -2.6262186125762113, 1.6803002651144059, -5.231222648315488], Energy: -41.502042160026065
Eval count: 859, Parameters: [-1.7651188655904606, 1.6030979376749115, 3.829051787876144, -4.62559078109451, 5.085900156777718, -2.0098275600199127, -1.6447114779425749, 1.8700126193293194, -1.6777771458183885, 4.5220796740090785, -4.52635109753586, -1.5938529166493633, -1.0707605187033202, -4.928454158036076, -1.8898351392091672, 4.898132247802415, 7.331002333583404, 4.613991683131424, 1.68822678374865, 5.204517772461735, -1.7487177349766776, 1.7559553807140242, -2.625201701835669, 1.678733779134952, -5.231982805676588], Energy: -41.50225260067373
Eval count: 860, Parameters: [-1.765548287944682, 1.6027568094904192, 3.8299714423734517, -4.625630423808298, 5.085838480106796, -2.010107404003831, -1.645587546875251, 1.8706048728996678, -1.6776956263749023, 4.522444429127731, -4.52729729583326, -1.5930477027459953, -1.0717212356199426, -4.929545376034197, -1.8900690986628415, 4.8965558915500615, 7.331492698329589, 4.614347372680868, 1.6885347046195318, 5.2036228327619956, -1.7498943574050345, 1.757614986353033, -2.624394958718067, 1.6782106038511118, -5.232480398115365], Energy: -41.50227057220519
Eval count: 861, Parameters: [-1.76512515033751, 1.602614955494853, 3.8300846828508717, -4.626404356091891, 5.086009388000173, -2.009406916960919, -1.6458833384308433, 1.8704574146408341, -1.677491875092906, 4.522228299095713, -4.527498202351025, -1.5933449969116715, -1.0715744798959905, -4.929487222497511, -1.8905061902031417, 4.8966814711771365, 7.331151242329915, 4.614661595778423, 1.6888299461679697, 5.203489394177769, -1.7501767605493515, 1.7577008891649206, -2.6238754595773726, 1.67932731951121, -5.232441304527787], Energy: -41.5022711933654
Eval count: 862, Parameters: [-1.7642690179175728, 1.6024698615005242, 3.82986542516947, -4.62733852421529, 5.087235069360977, -2.009720963638623, -1.6463770007603828, 1.8719997720543484, -1.6776558929340462, 4.522744304528622, -4.526251926144927, -1.593661407147815, -1.0723361916341183, -4.929506089274347, -1.88965402432519, 4.896365246510422, 7.330438298227084, 4.616080244403346, 1.6877199845267867, 5.20281812298451, -1.7500992994663433, 1.7575985545629917, -2.6250754549866695, 1.6793873743163772, -5.233027624495775], Energy: -41.50235557723653
Eval count: 863, Parameters: [-1.7647828697827843, 1.6029072230540362, 3.8303936173493613, -4.6270595304482045, 5.087477920224569, -2.0103797193695536, -1.6464463430164418, 1.8719433022779208, -1.6775748543775222, 4.522982032413316, -4.526257858725951, -1.5940424229561447, -1.0720751710128114, -4.929739969246575, -1.8890883596324226, 4.89680583088633, 7.329939795304465, 4.616285050314763, 1.687435663778485, 5.203171115162403, -1.7499058911162724, 1.7583593046812318, -2.6247195581414338, 1.679925720197712, -5.232670022059256], Energy: -41.50227583935094
Eval count: 864, Parameters: [-1.7652712952089682, 1.6033569691507041, 3.8292952468977766, -4.627310441513791, 5.0870471474203445, -2.009181874922671, -1.6473210735641204, 1.8709715593762817, -1.6765042441242082, 4.523732480078438, -4.527010335276, -1.5942734897522237, -1.0725572496722848, -4.930269301052378, -1.8899650551244036, 4.895477820056712, 7.331401481217717, 4.616546206940223, 1.6864671544002998, 5.202965754128089, -1.7502104707734667, 1.7565979212596654, -2.6263819126786503, 1.68016850987504, -5.233206117650659], Energy: -41.50227383413795
Eval count: 865, Parameters: [-1.763873877618141, 1.602339459380176, 3.8308573805111066, -4.627593545042381, 5.0875345803322025, -2.010407968282116, -1.6461697474475971, 1.871582918506369, -1.6774479903615445, 4.523031859794018, -4.52663839410822, -1.5933458747065539, -1.0723641346549706, -4.928907351771357, -1.8899738911004569, 4.896390559899958, 7.330779880327699, 4.61616032890092, 1.6872983465541467, 5.2025285929229215, -1.7495945901619896, 1.7571569040115023, -2.624848574395577, 1.6794306615643053, -5.233326382979287], Energy: -41.50230991270172
Eval count: 866, Parameters: [-1.763633230144315, 1.6017942425856277, 3.830878345772871, -4.627112301153423, 5.087308054348772, -2.0086790076096928, -1.6459075684015623, 1.8721784246927393, -1.6764357843938682, 4.522983824966315, -4.526041792961721, -1.594490356161322, -1.0723989640609908, -4.929286719401636, -1.8896046763598358, 4.897953737281697, 7.331764498125017, 4.61621921476403, 1.6878188272342345, 5.2035282604487, -1.7510417573880592, 1.7588883292442328, -2.6262068550923536, 1.6787178309194624, -5.233769379924573], Energy: -41.50241806642936
Eval count: 867, Parameters: [-1.7640892892659181, 1.6022913232911937, 3.830489397534288, -4.627442245896939, 5.086932936649144, -2.008926262816897, -1.645660244219576, 1.8723364165897836, -1.6765673900761084, 4.5232507231450185, -4.5256274473095965, -1.5945971811322899, -1.0720353255477704, -4.928473872498857, -1.890350991926462, 4.8976580182620975, 7.332055949648913, 4.616810407364452, 1.6880455994595578, 5.2036624472038016, -1.7508483034184046, 1.7595334343922635, -2.6262011811797437, 1.6787250607981994, -5.234150040485249], Energy: -41.50243800965802
Eval count: 868, Parameters: [-1.7639984125262624, 1.601587150267583, 3.830922976918023, -4.627646037978984, 5.087052370261564, -2.00788796517015, -1.6447517243456982, 1.8721516758993217, -1.677719087127035, 4.524224078599174, -4.525531359303484, -1.5955864428576807, -1.0732546851955744, -4.9277339052070115, -1.8899079495271291, 4.8963135096257, 7.332617187194888, 4.615943425428483, 1.6881869261479463, 5.203637903174575, -1.7499016421383249, 1.7603835600269704, -2.626732858332849, 1.679311056590549, -5.2327568309764505], Energy: -41.50228185930615
Eval count: 869, Parameters: [-1.7647180354816334, 1.6027707831561404, 3.8309656963880876, -4.628013550322966, 5.0868468483851705, -2.008710911659642, -1.6459147819987343, 1.872363225558749, -1.6761161587268298, 4.522343352161611, -4.525397388283665, -1.594708882217397, -1.0727277536637763, -4.927931091609382, -1.890357496975577, 4.8975700539190266, 7.331669803057861, 4.61632020915801, 1.68773670234089, 5.2037602172785045, -1.7508700571472084, 1.7595428429628464, -2.6262475453414313, 1.6783452142457858, -5.234112754860515], Energy: -41.502394303451354
Eval count: 870, Parameters: [-1.76376351922334, 1.6009366576920885, 3.828759583449431, -4.627451982794178, 5.087732528291674, -2.009277578927099, -1.6455988137527586, 1.8739476886211155, -1.6762983074155484, 4.522632155759611, -4.525543075810351, -1.595584046775209, -1.0715404730528397, -4.928620758836355, -1.8909002861878252, 4.897604030972853, 7.332727218995626, 4.616691342557952, 1.6877787862841838, 5.20405067944078, -1.7515952455110682, 1.7591502954892162, -2.6251285224162464, 1.6780043817481323, -5.235526237800357], Energy: -41.50243328342549
Eval count: 871, Parameters: [-1.7645040801904481, 1.6020992664515008, 3.830370638465885, -4.626817378397651, 5.086660022838165, -2.0091470990175058, -1.6452595918169486, 1.8726884170016331, -1.6767148098071907, 4.52324255109516, -4.5260290767353855, -1.5943956126985952, -1.0727303445845155, -4.927784115819861, -1.8902223572733978, 4.897944275759877, 7.331855281606081, 4.616879528819185, 1.6880805319462764, 5.203501740679095, -1.7515405998955693, 1.7592651956549863, -2.626431558087616, 1.6795717079509698, -5.234495402020628], Energy: -41.502456134050306
Eval count: 872, Parameters: [-1.7633944759416784, 1.601218477678872, 3.8298494861425043, -4.626671915988396, 5.085052322193805, -2.0091042883050574, -1.6446174596562384, 1.871933776871037, -1.6767542113360108, 4.522668945106153, -4.525969959094627, -1.5940889587884373, -1.0727014440886955, -4.928444706303734, -1.8906967962211956, 4.897900682147762, 7.330096939698682, 4.6179242238046925, 1.6880871807432256, 5.203106354845743, -1.7516912553407427, 1.759886484564134, -2.6275830348645544, 1.6789503241882715, -5.235851172232022], Energy: -41.502495538009384
Eval count: 873, Parameters: [-1.7640271725643177, 1.6008173578420442, 3.829582310160717, -4.627274566426713, 5.084898862380483, -2.009266764411154, -1.6446591378038553, 1.872122851562588, -1.676500339272329, 4.522764856353082, -4.526211077088421, -1.5940502603373676, -1.0731105182141918, -4.928888104013962, -1.8904978131620438, 4.898555141083282, 7.330295773933702, 4.6178528938301415, 1.6887655179800818, 5.202724180787498, -1.7507108012893602, 1.7599118032199206, -2.627722787169282, 1.6790869323162678, -5.236190885911759], Energy: -41.502475468899604
Eval count: 874, Parameters: [-1.7623732688299791, 1.6022726391132969, 3.829411827634178, -4.627670041572709, 5.085081867713599, -2.0095600567707597, -1.6444667516601934, 1.8719904661373978, -1.6765420078814155, 4.523068121744789, -4.527194686933549, -1.594155690374423, -1.0728931823646208, -4.927873043991474, -1.8892520369635444, 4.897533362796936, 7.329939932871112, 4.618714620861759, 1.689964848814124, 5.204197796460557, -1.7526155074175611, 1.759308460177079, -2.6278474440000354, 1.6780894712541166, -5.236000007558686], Energy: -41.502509257300005
Eval count: 875, Parameters: [-1.7624357975936775, 1.6024719380029926, 3.829779800273285, -4.627479775299451, 5.0846913728839915, -2.0092769770051104, -1.6434612073646744, 1.8724110638585294, -1.6757182932557975, 4.523176504892854, -4.526633939257305, -1.5942061596180555, -1.0729780816523786, -4.928310640090741, -1.8890751091868365, 4.897108076747791, 7.3299448735409, 4.619087937530005, 1.6901380439344653, 5.204098588084719, -1.752508631908573, 1.758807389514298, -2.6272969714797245, 1.6781919865816661, -5.235926114000899], Energy: -41.50245222209287
Eval count: 876, Parameters: [-1.7623255737064607, 1.6018581793953384, 3.829935767327383, -4.626566657835404, 5.085160427271965, -2.0100602934262417, -1.6457522075142383, 1.8725790775389648, -1.6755340932745626, 4.523281550646694, -4.526887683978761, -1.5951741946956945, -1.0717680139649557, -4.927069435512702, -1.889681627101455, 4.896966249372787, 7.329214841799399, 4.618230745719358, 1.691582141876938, 5.202797273675791, -1.7527086147793531, 1.7589693135471458, -2.628915057083456, 1.6779272139510804, -5.235684268239448], Energy: -41.50245403988583
Eval count: 877, Parameters: [-1.7621226761908986, 1.6031560096376634, 3.8293443316033873, -4.627483533710336, 5.085734369891038, -2.009236128367315, -1.6438494175208995, 1.8724653116675496, -1.6764978927106338, 4.522879008976253, -4.527852368416975, -1.5940146780804145, -1.0726319602322179, -4.9281131199414805, -1.8895038387122725, 4.8974042418767265, 7.329722717805683, 4.618137477901812, 1.6899448105669654, 5.203928986563249, -1.752269846146546, 1.7596557516986782, -2.6282357813862047, 1.6782618302324153, -5.236474681635372], Energy: -41.50250176636564
Eval count: 878, Parameters: [-1.7616559968668697, 1.6027969760672283, 3.8282879920693027, -4.6261325111707166, 5.086394304913916, -2.0088399352467357, -1.6452508059329185, 1.8711450231138504, -1.6762672574728394, 4.522763443514676, -4.526462637478328, -1.5931284569121211, -1.0742651579733797, -4.927354585263554, -1.8895748195382924, 4.898162372950597, 7.330199471700024, 4.619902728740576, 1.6906801507394367, 5.20392331276682, -1.7522391124993848, 1.7597565576876963, -2.627337388579655, 1.6777056958706402, -5.2362134302797285], Energy: -41.502545920969
Eval count: 879, Parameters: [-1.7617397687606131, 1.602870416601451, 3.8281377596599993, -4.626508601852535, 5.087004397248564, -2.0095795573692903, -1.6447056645256792, 1.870513567895002, -1.6761990036099454, 4.522878660301205, -4.525829749733717, -1.5932215734743589, -1.074619533481505, -4.927848948755353, -1.8900893066562536, 4.898205014139244, 7.330165775947396, 4.619461725068617, 1.6910673540793182, 5.203817145857017, -1.7529357483367047, 1.7597527620603544, -2.6276235464310496, 1.6778497363753584, -5.236092216919102], Energy: -41.502533660958136
Eval count: 880, Parameters: [-1.7614989244231032, 1.6033055233459161, 3.8279379398404116, -4.626596736977071, 5.085909443856922, -2.007878899865408, -1.645700526258221, 1.8718526498667767, -1.6768361886237144, 4.525042202903216, -4.526251165168326, -1.5923446157681407, -1.0743597364283042, -4.927189056365368, -1.8903505022192424, 4.899642904312672, 7.329259750438471, 4.619352602784451, 1.6903593243639556, 5.2034568742024785, -1.7531901215894294, 1.7594566063704005, -2.626896189124262, 1.676683659733682, -5.236387850555005], Energy: -41.50252358271257
Eval count: 881, Parameters: [-1.7620032680152458, 1.6030921819227488, 3.828339876295954, -4.626169277323179, 5.086518259356821, -2.0086316449785557, -1.644885692826963, 1.8707722023980515, -1.6768349834821934, 4.522468986856836, -4.526736243135709, -1.5939188072933832, -1.0741187949766007, -4.927348580366249, -1.8893228385252243, 4.898481496275388, 7.330420885783248, 4.620430215323905, 1.690592133676348, 5.202803927898921, -1.7525351682280905, 1.7595995633971164, -2.62713610737441, 1.677222695625676, -5.23616445671143], Energy: -41.502563352006916
Eval count: 882, Parameters: [-1.7631256222353437, 1.6021242027489835, 3.8286236283280797, -4.626292554506048, 5.087686014911218, -2.0082006894040605, -1.6443052739198993, 1.8714419951235362, -1.6770060261797661, 4.522085618111649, -4.527644680831404, -1.5930427473026931, -1.0737469409944267, -4.927482867644852, -1.8905826529134506, 4.898697307949444, 7.329888345448382, 4.6220132448576265, 1.6907467577812945, 5.203559215929911, -1.7526861060317755, 1.7592391467442343, -2.628059349564195, 1.676483443308047, -5.23470259347263], Energy: -41.502582252301636
Eval count: 883, Parameters: [-1.7628835743313025, 1.6019806745438703, 3.827869555179584, -4.626584692889316, 5.08753211408033, -2.0084380785108733, -1.6440281988484489, 1.8714362693346323, -1.6761355778783065, 4.522057443118036, -4.527911575728113, -1.5926307083966236, -1.0735513676944526, -4.927100446164006, -1.890278792949938, 4.898777389925447, 7.3299976519977825, 4.621902913594118, 1.6902715986446637, 5.202938939304309, -1.7528475170018845, 1.759752551922766, -2.6280510535916908, 1.6764564732427545, -5.2338558944526765], Energy: -41.50253850387776
Eval count: 884, Parameters: [-1.764161564478035, 1.601397251189423, 3.8286528623652303, -4.626680762958582, 5.088607707748691, -2.007182027667189, -1.6442242446555226, 1.8706769588476706, -1.6773751953848632, 4.522049064119179, -4.526804480077692, -1.5914646335991862, -1.0722194242349694, -4.926990378072927, -1.8891013165528634, 4.898259918041279, 7.3299852118973785, 4.621976036283785, 1.6910151534812772, 5.203361590609072, -1.7533813014732542, 1.7592969602894455, -2.628392468003489, 1.6766614240162407, -5.236109679570181], Energy: -41.50262105758583
Eval count: 885, Parameters: [-1.7643521738716663, 1.6012939764023182, 3.8291644591659977, -4.626716410295529, 5.08851931731839, -2.007348580341018, -1.644682844933061, 1.8710186153169557, -1.6773895211680567, 4.52216253068116, -4.527240137160157, -1.5910093076332747, -1.0726769172950463, -4.927565710013494, -1.8892190046982158, 4.8975080943843485, 7.330330838418787, 4.622147547635518, 1.691180896623388, 5.202893114780432, -1.7539735113051078, 1.7601119940414367, -2.628031350273962, 1.6764650742692542, -5.23629062394875], Energy: -41.50261639423758
Eval count: 886, Parameters: [-1.7632224023036036, 1.6020683322114881, 3.828692689087263, -4.626857765787546, 5.087882911132432, -2.007295117538854, -1.6447901592259804, 1.8715696703032039, -1.6788823202436833, 4.5206049390994645, -4.526012661233418, -1.5904999950678511, -1.0716861350913482, -4.927371626936092, -1.889261231018695, 4.899228037589601, 7.3314830578958095, 4.622614666717706, 1.6913094888859357, 5.203240829177344, -1.7540068011359489, 1.758896786613082, -2.6295499615197686, 1.6771956864735629, -5.236065436593645], Energy: -41.5025538616502
Eval count: 887, Parameters: [-1.7637447709929408, 1.6012564794425943, 3.8287677052464444, -4.627447741381105, 5.0887695769275965, -2.006479299742101, -1.6445163728463779, 1.8705181631143935, -1.6771702574105392, 4.521829157879442, -4.52701453941036, -1.5917595688918815, -1.072067076816689, -4.926932091532454, -1.8895446362935608, 4.898387812542265, 7.329649037864008, 4.622279785905226, 1.6913185350065991, 5.203233106290725, -1.7536642462895233, 1.7593836076626364, -2.6278641888120773, 1.677777585065168, -5.2360662743845685], Energy: -41.50258979252857
Eval count: 888, Parameters: [-1.7648524660118061, 1.6012708855683109, 3.8284098871169268, -4.6255265657738995, 5.087442815661714, -2.0067544336800016, -1.6438037128881675, 1.8691317516755668, -1.6775301551448172, 4.521412155549209, -4.52805587659305, -1.5910396755772478, -1.0713890325323152, -4.926934979999111, -1.8900364962169498, 4.898711311512944, 7.330654290239864, 4.620861379564508, 1.6922120385248476, 5.204202944487563, -1.753777656962232, 1.7593696933084064, -2.6273972591394066, 1.676080754981164, -5.236156805072503], Energy: -41.50252534444587
Eval count: 889, Parameters: [-1.7643686174363444, 1.6015882992242814, 3.828168804570138, -4.6267930746155725, 5.088417472946088, -2.0066532252554072, -1.6446043776394803, 1.8702544418887226, -1.6769098967023388, 4.522373235554231, -4.52713207318406, -1.5915610770117254, -1.0724321986006373, -4.92721830904762, -1.8894892586306975, 4.897676825064047, 7.3306271465183555, 4.622087511539761, 1.6905965395495486, 5.203268302937905, -1.75351604537802, 1.7585216538425639, -2.629120220113942, 1.6767612492329405, -5.23634703263995], Energy: -41.50262612502337
Eval count: 890, Parameters: [-1.7653876288705648, 1.6022682339108196, 3.8278762225260303, -4.625902283552625, 5.089107103234272, -2.0074283817263696, -1.6454631831779798, 1.8698026913601018, -1.6768898464193966, 4.523122865089937, -4.527393603546863, -1.5924428570057232, -1.0719576348487756, -4.927983772925363, -1.8886302836104278, 4.898375943715538, 7.329911245317689, 4.623609006599816, 1.6894755384034097, 5.204330635398181, -1.753910751262022, 1.7594551437730348, -2.629645918775072, 1.6771412318981715, -5.237215519106742], Energy: -41.50259492044546
Eval count: 891, Parameters: [-1.7640457919731711, 1.601644291742005, 3.828925207728145, -4.626961130597477, 5.088645000099889, -2.0074899058733005, -1.6446438064244444, 1.8699439433704341, -1.6764338179095029, 4.5223844290818835, -4.527484254910897, -1.5910552748609466, -1.0721546665989767, -4.926879683179535, -1.889876392404157, 4.8980467622742765, 7.330798749665637, 4.622374313867165, 1.6902008972773923, 5.203033712754348, -1.7533249347225905, 1.7579490639063526, -2.6288064814545393, 1.6766465026159323, -5.236957670618019], Energy: -41.502656368523844
Eval count: 892, Parameters: [-1.7630541938864674, 1.6003011414983832, 3.8295745633344875, -4.627025214392576, 5.089601564053595, -2.0074686542327074, -1.6439295402193832, 1.869336185923263, -1.6779750932770507, 4.523493149019633, -4.527833040678425, -1.5913904155197598, -1.0731105562187409, -4.925426559070625, -1.8898712928030226, 4.897271687609362, 7.33133515848703, 4.622833589060773, 1.6896664444980236, 5.203041205537658, -1.7525406135209274, 1.7581495770024784, -2.6295216155659147, 1.6761926115973729, -5.2377505790410455], Energy: -41.50257085780976
Eval count: 893, Parameters: [-1.7642357651784628, 1.60233997971619, 3.8294512203113182, -4.626928923309827, 5.0882520746418765, -2.00755202146426, -1.6446929178659415, 1.8691805202200789, -1.676839107285113, 4.5227886924760545, -4.527564243219225, -1.5904543356056482, -1.0722386890144089, -4.926875170350622, -1.889683816237633, 4.897800927080916, 7.33035072436131, 4.622523849732554, 1.6903711230402414, 5.202731805575221, -1.7528081881000674, 1.7579555584494202, -2.6291044857559758, 1.6771482723871682, -5.236234657978729], Energy: -41.50258409431808
Eval count: 894, Parameters: [-1.7643807761929955, 1.6015197928183391, 3.8270610878674596, -4.627097669716981, 5.089118580383572, -2.008615197854483, -1.6452165473215221, 1.8704750347601016, -1.6776075132305488, 4.521717923872804, -4.527639597502259, -1.5906537981970679, -1.071940838104749, -4.92706690667375, -1.8901345689274487, 4.896724417603125, 7.329683026030948, 4.622494387271524, 1.6898620170934675, 5.202676972701424, -1.7530179510300463, 1.7565295198806732, -2.62747916828413, 1.6765297233099157, -5.237455270673956], Energy: -41.5025411518742
Eval count: 895, Parameters: [-1.764721707389162, 1.602295554319233, 3.828769081274429, -4.627498466121228, 5.088267994147653, -2.0076254515833387, -1.6445244653843643, 1.8700988077587288, -1.6763662296888937, 4.522250569208694, -4.527011794663089, -1.591198830447148, -1.0721112870797336, -4.9259148617752, -1.8905580635012094, 4.897741211533699, 7.330903601794067, 4.622708664868101, 1.6902789748732, 5.203196377956468, -1.7531579679162907, 1.7585398627866733, -2.6288205665463438, 1.676495395575758, -5.237288503443613], Energy: -41.50263604148142
Eval count: 896, Parameters: [-1.7644797969635213, 1.6018016863540379, 3.8300346931104614, -4.627481504519746, 5.089030185135227, -2.0067914252886845, -1.645428194258001, 1.8697627930905114, -1.67567258051465, 4.520527500548601, -4.527433375355013, -1.5910992608181835, -1.0737022518182915, -4.9265348719082755, -1.8891852137365215, 4.898579537323749, 7.329808899512332, 4.6215092432860825, 1.6893662702430479, 5.203317006043579, -1.753907479504909, 1.7575332349738357, -2.6293470866217454, 1.6754282367312816, -5.237355413475404], Energy: -41.50266419806013
Eval count: 897, Parameters: [-1.76377963121699, 1.6016404323418152, 3.8299431568056668, -4.62790376756286, 5.088677085767402, -2.006609394508411, -1.6455078812197286, 1.8692337099512715, -1.6755747292192287, 4.520334013111954, -4.527108844194046, -1.59114506128897, -1.0731662025731319, -4.927286829657206, -1.8894477161982532, 4.898347723311749, 7.329348686527537, 4.621820590238202, 1.689342147851841, 5.203300994755915, -1.7534359940423059, 1.7579525079384666, -2.629573566476005, 1.6745711924356543, -5.2375659876645155], Energy: -41.502693769193684
Eval count: 898, Parameters: [-1.7638989084818246, 1.6024261830768471, 3.8304962120259556, -4.628748400007782, 5.090462509242814, -2.0062636067380475, -1.6466513419409465, 1.8692813046809507, -1.6754215206181777, 4.5207632258667, -4.526614671212874, -1.5916241882435758, -1.0722588417031342, -4.927690254051999, -1.889186706988003, 4.89826069566344, 7.330960744013087, 4.621184330524634, 1.6892203441394829, 5.203966746442634, -1.7525998137217382, 1.7578829983103361, -2.6286249578235092, 1.6735621249294776, -5.23648716084712], Energy: -41.5026109703017
Eval count: 899, Parameters: [-1.7643024182374882, 1.601431597699115, 3.829564502257819, -4.628722886688559, 5.088537052958341, -2.006617325670499, -1.6452070913360832, 1.8692195685275719, -1.675657539909415, 4.52035706063197, -4.527419756057658, -1.5908318209356997, -1.0738155622387646, -4.927859131838207, -1.8891507050063399, 4.899050060745904, 7.329711186542442, 4.621896841281686, 1.6894763859047928, 5.203386605997546, -1.7526127478141968, 1.7580705249250537, -2.6294094774322847, 1.674716305939392, -5.237937492904147], Energy: -41.50267199089967
Eval count: 900, Parameters: [-1.7642731779889353, 1.6006423793886277, 3.830141169679078, -4.62741225730502, 5.088834518439996, -2.0070731058124744, -1.6467460562595573, 1.8699158847565287, -1.6744986541937337, 4.520597154356951, -4.527039141109894, -1.591937593708926, -1.0726756663558024, -4.927076582029568, -1.889530498885938, 4.898927133722803, 7.328984191813207, 4.621648505180112, 1.6913045934228437, 5.201848240979879, -1.752705008454668, 1.757720210600552, -2.6308954040044665, 1.674189394664856, -5.238203967632264], Energy: -41.502712324993865
Eval count: 901, Parameters: [-1.7637736943263214, 1.6011894871171608, 3.829967845691067, -4.6278850296621385, 5.088802556576917, -2.007265557035563, -1.6465511695336497, 1.8699942500912514, -1.6742949519886057, 4.520808256645757, -4.527580164805699, -1.5919767472955288, -1.07278098736499, -4.92684504926109, -1.8887921609310148, 4.898694004784942, 7.328906840052119, 4.622085453765482, 1.692257391347726, 5.202378210725253, -1.7531510660164258, 1.7573734335082427, -2.6309609308201125, 1.6737742892169742, -5.238269029223015], Energy: -41.50273742067952
Eval count: 902, Parameters: [-1.7637031044812004, 1.601109829062139, 3.8308614900938913, -4.626974468744874, 5.088468972730655, -2.0064605536909452, -1.6448107342626166, 1.870852760736324, -1.6726523554270547, 4.520979450555121, -4.526210185277016, -1.592105343602457, -1.0728862015677605, -4.927692126550743, -1.888451789643876, 4.898435318472237, 7.3289315437321685, 4.623304453796361, 1.6923580720225182, 5.202248574855485, -1.7533186432936105, 1.7564201686346779, -2.630382809326049, 1.6733366835599985, -5.239034568012164], Energy: -41.50266389491094
Eval count: 903, Parameters: [-1.763983227634792, 1.6002900980194352, 3.829917734251899, -4.628123371351525, 5.088125458922431, -2.0076364246054754, -1.6471076832654488, 1.8695237797849413, -1.674191121514501, 4.520977120039534, -4.5269797835948, -1.5920613511220765, -1.0729978002479108, -4.926548504312645, -1.888482490923559, 4.898819986990586, 7.329145544517177, 4.622628937704453, 1.6921954145531208, 5.202543157132177, -1.7535139321199928, 1.7571164939561097, -2.630580255471903, 1.673611070206046, -5.237661370752243], Energy: -41.50269981221146
Eval count: 904, Parameters: [-1.7629271235706037, 1.6010223883687609, 3.8285682048775427, -4.628144691786305, 5.089108929900969, -2.0075976295224884, -1.6458460425318673, 1.8702103027300314, -1.6725037782267755, 4.520491377598138, -4.52846886462783, -1.5912637258230515, -1.072109890553495, -4.92613745960045, -1.8880541515037406, 4.89906282459577, 7.329088446776713, 4.621897168182977, 1.691230140044853, 5.201181845675151, -1.7536346280283244, 1.758609514310981, -2.6316590849838257, 1.673352614777245, -5.237548487587669], Energy: -41.50269330605221
Eval count: 905, Parameters: [-1.764024800423344, 1.6008388910936833, 3.8304102318385596, -4.628085039910168, 5.088650456223309, -2.0078401242782102, -1.6461695544749042, 1.8699319003010073, -1.674130471915057, 4.519934125321078, -4.527871970395301, -1.5925702298177353, -1.072376479397581, -4.927039706803512, -1.8883739387473542, 4.897910902497006, 7.329232102828361, 4.622013772516292, 1.6921970324344993, 5.202646669577671, -1.7528385134816147, 1.7573817996508527, -2.6312725918090374, 1.6742982941898144, -5.238142904572225], Energy: -41.50265966990571
Eval count: 906, Parameters: [-1.7641385641658576, 1.6009844420533934, 3.830720060281901, -4.629313314615384, 5.087659480379776, -2.007244607343787, -1.6461988698466143, 1.8711525244148017, -1.6748552462867101, 4.5223946364446865, -4.52810361293173, -1.5923815376248553, -1.0716353940804229, -4.927165184778227, -1.888946769777989, 4.8992458696012475, 7.3281120219177485, 4.620893735851197, 1.6914505786298224, 5.202378042891162, -1.7542169817669726, 1.7568630197023005, -2.6314066869882136, 1.6732252886860945, -5.238575016453099], Energy: -41.50273408694062
Eval count: 907, Parameters: [-1.7640419989868703, 1.601419388315641, 3.8298748126578865, -4.628213802584133, 5.089372889090336, -2.007750698584039, -1.645895225581164, 1.869263272029328, -1.674565734844922, 4.52073309776629, -4.527219901817622, -1.5925075972928477, -1.0729866449192755, -4.927245956800828, -1.8890680193022438, 4.898912473448646, 7.329006657517678, 4.622028198187929, 1.692523466470998, 5.2016473938878365, -1.7538911956129846, 1.757280010635044, -2.631079195833941, 1.673614238095732, -5.238141709043069], Energy: -41.502730046010754
Eval count: 908, Parameters: [-1.763137109599648, 1.6007448134767968, 3.8297035225398157, -4.628113753770163, 5.089513603424161, -2.008334586535438, -1.6466117544431502, 1.869955275990445, -1.6732925606992752, 4.521498413749627, -4.5264365766309425, -1.5907354761292491, -1.07338874724351, -4.927378798841713, -1.8897873344546614, 4.898480865774306, 7.328445859833176, 4.620836985659683, 1.6928139743813764, 5.204135163892551, -1.7536588613222464, 1.7576636703071347, -2.6318637297478813, 1.6744276793769033, -5.238598296115032], Energy: -41.502702496234974
Eval count: 909, Parameters: [-1.7631642287685685, 1.601675857628276, 3.829850838499707, -4.627931599733806, 5.088342789841609, -2.007516081008742, -1.6468755913482416, 1.8698152710732585, -1.6742142002104672, 4.521046601355689, -4.526999512498756, -1.5924215150848557, -1.0730250216143835, -4.926783138093717, -1.8880696644260786, 4.898548996841133, 7.329119877201882, 4.621418345697856, 1.692069109198158, 5.201927544527348, -1.7530470608738575, 1.7575381941037966, -2.6306222766392584, 1.6741860893466611, -5.238992552886494], Energy: -41.50275815726144
Eval count: 910, Parameters: [-1.7630677899217624, 1.6017492957995223, 3.829546999070406, -4.626522157533813, 5.087361260700606, -2.0069483806318686, -1.6468555696233553, 1.8683414308877815, -1.6741768569421798, 4.520814658398509, -4.528165109735401, -1.592438773133532, -1.0724226261709653, -4.926588701927186, -1.8886782496715582, 4.8994598468918795, 7.329621214504332, 4.62021252242938, 1.6930300823088955, 5.202546897508999, -1.7537087298763387, 1.757834251710793, -2.629765980490649, 1.6732172579161184, -5.240210089244932], Energy: -41.50277799589236
Eval count: 911, Parameters: [-1.7632780712145883, 1.601604880753483, 3.8295726317460184, -4.626729475942157, 5.087573512530549, -2.0065468008788083, -1.646962329099183, 1.8682380048506355, -1.674699795078778, 4.520448449202696, -4.527620503581751, -1.5915341530178435, -1.0716507910005242, -4.926477524897887, -1.88809229418147, 4.8995055048175695, 7.3300291979805206, 4.620353480072099, 1.6932162688222534, 5.2024307362729605, -1.7541588069248084, 1.7577669689501696, -2.630185941315142, 1.6734211224818478, -5.240794936133736], Energy: -41.50278287823005
Eval count: 912, Parameters: [-1.7615572976085359, 1.6025654238587055, 3.829567689425667, -4.626353007489428, 5.08672240219864, -2.007019310176271, -1.6476764971609168, 1.8694755372032068, -1.675691317508449, 4.519483539916512, -4.52752325275568, -1.5916928564541888, -1.0720773916316244, -4.92697341190778, -1.8889536651162462, 4.900976422198438, 7.331110944689649, 4.620997611132745, 1.693215693460176, 5.202427741283735, -1.7545832216388406, 1.7575288904541053, -2.6312339045944095, 1.6732192923482079, -5.240762805750839], Energy: -41.50271197109441
Eval count: 913, Parameters: [-1.7629328332337553, 1.6013493134720949, 3.8293821451849177, -4.627087546361252, 5.087255995347736, -2.0064181299021833, -1.6466361294619414, 1.868533504957087, -1.6748787302731845, 4.519995708332678, -4.527486531492787, -1.5910004161721618, -1.071830617568581, -4.9261917223531375, -1.8884880003586355, 4.898965531560576, 7.330201191541553, 4.619605751216829, 1.6936771812693372, 5.201880475571284, -1.7538916753876115, 1.757061495640522, -2.629794030280606, 1.6731389776904724, -5.2404122561800905], Energy: -41.50274437829029
Eval count: 914, Parameters: [-1.7636215570493194, 1.6019312942907853, 3.8277469819395074, -4.626244212931276, 5.08839151245534, -2.0073879363508547, -1.6480434290927832, 1.8685393226436147, -1.675324318588797, 4.520350684998713, -4.527986725811736, -1.5914633563188099, -1.0712491802058528, -4.926894875954898, -1.8879350440049936, 4.899048454056185, 7.328267455388914, 4.620838964709809, 1.6926547032297665, 5.20229717467107, -1.7543624279990437, 1.7569135545398615, -2.6292393019998803, 1.6728838040223781, -5.2422421834334125], Energy: -41.502799225660624
Eval count: 915, Parameters: [-1.7637137176443267, 1.6016846717072826, 3.827782777317611, -4.6256453075281945, 5.088498299164595, -2.007882276218129, -1.6476256433496965, 1.8685371579153864, -1.675926749868215, 4.520808631118609, -4.527887986600096, -1.5913492084956986, -1.071640285800358, -4.926590421052173, -1.8875541379268772, 4.898718166388388, 7.328654888521073, 4.620699788290667, 1.69231270433619, 5.202412904897247, -1.7539547154710158, 1.7569574822168006, -2.6298503080378284, 1.671893724847043, -5.242437781330826], Energy: -41.50283210768714
Eval count: 916, Parameters: [-1.7621664331299258, 1.6003995776431303, 3.828120183475798, -4.626173566355041, 5.08975555798358, -2.0066542771338205, -1.6475912094277727, 1.8680265444114246, -1.676767929779552, 4.521712390446359, -4.528493140786411, -1.592142504798706, -1.0723027551145796, -4.925311892727892, -1.8878747811644379, 4.898556649758745, 7.328263304242694, 4.621271252785885, 1.6922648252154069, 5.202222035141254, -1.7540060111338416, 1.757402900734184, -2.6299283989187114, 1.6720494708840803, -5.243851084781054], Energy: -41.50282070074741
Eval count: 917, Parameters: [-1.7635357359942618, 1.6018325269094107, 3.8273061116251244, -4.62560766036583, 5.088561206055846, -2.007720068730074, -1.6471711569695517, 1.868147054297216, -1.6759385500317532, 4.520721430171469, -4.527458383938603, -1.5917648956615835, -1.0711891522263064, -4.926015992423922, -1.887424294193495, 4.899452600805234, 7.328281131273163, 4.620538261327561, 1.6921582658168277, 5.202860969044953, -1.753330461701455, 1.7561445579446515, -2.6302298646299445, 1.6721219756473868, -5.242210658301191], Energy: -41.50278485641701
Eval count: 918, Parameters: [-1.7638120762369645, 1.6031921670072413, 3.828919092521258, -4.625029513743517, 5.0880331031237365, -2.0078227369854322, -1.64826570536285, 1.8671474257592908, -1.676382409444478, 4.522118692866939, -4.528483647006319, -1.5898866360784398, -1.0720315382034595, -4.92674155832891, -1.8870402632261867, 4.898376574830521, 7.327312931746095, 4.620963228535681, 1.6926571648420274, 5.201393649011033, -1.7535395701038283, 1.7573646832194636, -2.6304457663562046, 1.6717498967051694, -5.242266079132021], Energy: -41.502698060196565
Eval count: 919, Parameters: [-1.763971271169092, 1.6018638403086913, 3.827180378204845, -4.625728303657793, 5.088273080710991, -2.007222481728973, -1.6479940344476958, 1.868171760095766, -1.6755465208102993, 4.521126495956405, -4.528152877432198, -1.5915279102619386, -1.071895997283046, -4.926871176585296, -1.8878727721654491, 4.898081957550934, 7.3292596399455165, 4.620762336568424, 1.6919652259720284, 5.202359666045164, -1.754119188078731, 1.7562874560828876, -2.6306199003035293, 1.6720111396124053, -5.242570962638275], Energy: -41.50279656701355
Eval count: 920, Parameters: [-1.7641280391526264, 1.6014721127835017, 3.826445159212441, -4.625053249425076, 5.088294820958271, -2.006366761174145, -1.6475566590334558, 1.8694467885941282, -1.6769016504168721, 4.520789670582303, -4.52717851076267, -1.592296000747425, -1.0721498426922875, -4.927192749072583, -1.886577788200742, 4.898361707334911, 7.327886605549013, 4.620043459014936, 1.6932583858875947, 5.202816928293545, -1.7545280506710075, 1.7585398028790293, -2.630145167518965, 1.6716031671707308, -5.241665712651758], Energy: -41.50273096109112
Eval count: 921, Parameters: [-1.7642912714033194, 1.6021018035829508, 3.827546757216045, -4.625964734260803, 5.087784022804841, -2.0080598533902307, -1.6472934395680696, 1.8686535181785913, -1.6758816322800063, 4.520556718943318, -4.5275634498406365, -1.5913777505864948, -1.071816841255921, -4.925645893970046, -1.8882101295341542, 4.898470114974914, 7.3283791646490215, 4.621121598145605, 1.6923910677882443, 5.202422845537343, -1.7539868629858937, 1.7574996062379877, -2.630078856657538, 1.6719338296932733, -5.242974450771069], Energy: -41.50281898960617
Eval count: 922, Parameters: [-1.7641457945693704, 1.6029065759091683, 3.828155123611983, -4.626498377739118, 5.090053375098574, -2.0078285503172277, -1.6486825454482608, 1.8689316413723884, -1.675540677584014, 4.521419061378604, -4.527266069872685, -1.5917863989608005, -1.0707035943883776, -4.926056579179373, -1.8879056843099804, 4.898652521101537, 7.3300308932146345, 4.620447083733633, 1.692307395590574, 5.202953908061572, -1.7533676975599355, 1.7575853992521289, -2.628801051277544, 1.6703051304176688, -5.242562694875264], Energy: -41.502846340117
Eval count: 923, Parameters: [-1.7644528097089647, 1.6030057554705646, 3.8287170813457743, -4.626700896561152, 5.090290642488382, -2.007506220396083, -1.6490608890498315, 1.8689112863831114, -1.675176192966273, 4.520524020957249, -4.527283441518347, -1.59180219087262, -1.0715410451675391, -4.925786977996787, -1.887528633340319, 4.8989470277612766, 7.329600647147622, 4.619977428494062, 1.6918968573766122, 5.203096430873388, -1.7537183282680935, 1.7573242578326185, -2.6290392927640536, 1.6698137443471357, -5.24273221049467], Energy: -41.50282787744385
Eval count: 924, Parameters: [-1.7652820443988424, 1.6031914527084816, 3.8281670158768755, -4.625360744038301, 5.090908857031514, -2.008389821219622, -1.6485109266079427, 1.8701491120992793, -1.675729187413724, 4.522350246769329, -4.528048577694939, -1.5916241233723476, -1.071413974241193, -4.924598529704954, -1.8875052573981368, 4.8991976457725865, 7.3310340754657295, 4.619989333312577, 1.692517858669149, 5.202823579025876, -1.7543781857278187, 1.7569575427172985, -2.6281009638757364, 1.6717952051551264, -5.242599926605359], Energy: -41.5027173891732
Eval count: 925, Parameters: [-1.7645837271762639, 1.602358104114005, 3.8280970050643197, -4.626594643707708, 5.090071154114688, -2.0080479736502963, -1.649140493077047, 1.8692441832812328, -1.6750717113301943, 4.521550947232632, -4.527357111494669, -1.5920315544721009, -1.0707328553631612, -4.926185943524034, -1.8878262667921588, 4.8992018499193275, 7.330004946308938, 4.62039712525212, 1.6932760098954893, 5.2023103744202235, -1.752699628238586, 1.7575239552096689, -2.629352340885867, 1.6701847280989213, -5.243007873501294], Energy: -41.502857168579624
Eval count: 926, Parameters: [-1.765138878926535, 1.6023379315593993, 3.8272951272451903, -4.628189692615973, 5.089865192874478, -2.007934330306634, -1.6481724652648768, 1.8689946547720002, -1.6755566729902067, 4.521680299473876, -4.528024157522998, -1.5910921551225385, -1.0719737335634039, -4.9274052499896746, -1.887287822224848, 4.900370956421455, 7.330734602553597, 4.620669793340651, 1.69277868273137, 5.202952196766901, -1.751524265227806, 1.7579901361764327, -2.6284191778737216, 1.6702253531186613, -5.243849597151156], Energy: -41.50282117166881
Eval count: 927, Parameters: [-1.7648812274379493, 1.6024693340630691, 3.8288989500358883, -4.626226696718234, 5.089906378350972, -2.0076695346192865, -1.6488989671848484, 1.8694292960197556, -1.6753334477288047, 4.521712391711342, -4.526674287086541, -1.592342923510551, -1.0710121243068151, -4.92671885847386, -1.8880423655589893, 4.898974604510037, 7.329922522963735, 4.620770815288956, 1.6937191871570099, 5.202738493022013, -1.752531138816383, 1.75678939494973, -2.628944724598373, 1.670240285610671, -5.243547239830407], Energy: -41.502867261589415
Eval count: 928, Parameters: [-1.7640679467986373, 1.6021440949354002, 3.8288129954228087, -4.625428663102259, 5.089962510129303, -2.0073187302909488, -1.647399669076951, 1.8701727518532896, -1.6730842311736798, 4.521985739727809, -4.526080321840467, -1.5919449248867645, -1.0704788319985568, -4.927139068074868, -1.8875838652047803, 4.899167972754871, 7.329932044051461, 4.621679254853854, 1.6930323617131249, 5.201848506582212, -1.75301923593155, 1.7570556837445315, -2.628568289252147, 1.6690814246057875, -5.244374312924079], Energy: -41.502937429729116
Eval count: 929, Parameters: [-1.7637518694376695, 1.6022020977588742, 3.828390533297178, -4.624805924938897, 5.090652933241259, -2.0075013396073875, -1.647574401131498, 1.869643615383871, -1.6726406098575821, 4.521428857758263, -4.525625651895921, -1.591489324475517, -1.0711425144193458, -4.927089058020006, -1.8877216608137712, 4.898905127816452, 7.330187332238922, 4.6219864287925025, 1.693533113621352, 5.202175882643237, -1.7526412515360226, 1.7573472741620983, -2.628531424596127, 1.6694313813546116, -5.244318113759236], Energy: -41.502857875530026
Eval count: 930, Parameters: [-1.763557491624968, 1.6014513674560056, 3.829041979443916, -4.6262005463105265, 5.090076953803588, -2.0084505791714844, -1.6473449273035885, 1.870606693128791, -1.6724236211768588, 4.523322990087747, -4.525347424610402, -1.591152211540258, -1.0702508923137635, -4.9278908773645975, -1.8885112772393908, 4.899164603981835, 7.32918599063041, 4.620140333784255, 1.6930510841583901, 5.203376676984816, -1.753976874863159, 1.7572318930825699, -2.629400376507435, 1.6691151757673441, -5.245158545294933], Energy: -41.502994557730005
Eval count: 931, Parameters: [-1.7634782077097813, 1.6021083498454558, 3.8292797233351266, -4.626073079397539, 5.090620258487362, -2.008366907268405, -1.6466777732840472, 1.8710030692175466, -1.6724454699791853, 4.522790344405003, -4.526014962262353, -1.591334475793777, -1.0698795745148109, -4.928242594079946, -1.8886079369292974, 4.898710198399828, 7.3291127371191696, 4.619619867037073, 1.693080594071179, 5.203345087073247, -1.7535141184586622, 1.7574668375658977, -2.62987877689406, 1.6694902812080397, -5.2456506504612], Energy: -41.502971386509216
Eval count: 932, Parameters: [-1.7635748101995095, 1.5997917083652442, 3.830041392779805, -4.626783134006454, 5.089097714099654, -2.010012304225651, -1.647408389838213, 1.870338320071868, -1.6721559610542367, 4.522946928141406, -4.525648230305765, -1.5923640807956891, -1.068883737191539, -4.928325204563793, -1.8875781687588686, 4.898250705319675, 7.329581458277348, 4.620648866396077, 1.6926003963744152, 5.2038571056362875, -1.754312580413527, 1.7573424687149946, -2.629010821162852, 1.6683579943937905, -5.245834617551052], Energy: -41.50289139450797
Eval count: 933, Parameters: [-1.7634408962981805, 1.6010765410482741, 3.8291801053667727, -4.625751817378381, 5.08953876996153, -2.007930859099807, -1.648029207311772, 1.871285922407612, -1.6722212553937161, 4.523335581609586, -4.525540535865939, -1.5906318581510532, -1.0700238836357647, -4.927571512378691, -1.888454777360123, 4.899020726692361, 7.329112031173603, 4.62007207307134, 1.6925271708042475, 5.203928425969191, -1.7531410092135598, 1.757419296499594, -2.6292684346158177, 1.6693857689851643, -5.2452623568301435], Energy: -41.502970894456894
Eval count: 934, Parameters: [-1.7644909467848902, 1.6005270903825157, 3.829357800067987, -4.625483357249536, 5.090488113593536, -2.008391356135224, -1.6473917765182489, 1.8700914735223688, -1.673026080140274, 4.523205020923273, -4.524169799350777, -1.591385507439907, -1.069970245210598, -4.928671321623703, -1.890153947958653, 4.899894286039029, 7.329261209317111, 4.619301302025042, 1.6913186580909252, 5.201849848603171, -1.7537460162849148, 1.7579316333984, -2.629172529217174, 1.6693619897041794, -5.2453687645855815], Energy: -41.50296127489645
Eval count: 935, Parameters: [-1.764494215121476, 1.6008037980346124, 3.8291350042699706, -4.626213729610656, 5.090650357300269, -2.008103969814539, -1.6468942790014904, 1.8704187074012157, -1.672254156941149, 4.5233444246907615, -4.525897626423885, -1.5907291148077094, -1.069918158458504, -4.927817817820751, -1.888935037830382, 4.898958014839844, 7.328757628516429, 4.620522489243401, 1.6932399890150887, 5.203779745559212, -1.7539837157602467, 1.757156430448619, -2.629414710518737, 1.6687857008264668, -5.24458380905977], Energy: -41.50294654132881
Eval count: 936, Parameters: [-1.7623626700959523, 1.6018341047139044, 3.8292217126028762, -4.625993876125889, 5.089897784638871, -2.008744960875583, -1.647723027698646, 1.8720475891366386, -1.6734119313367783, 4.522829635909991, -4.525807735066712, -1.5909081814237518, -1.0701688945525178, -4.928543508972962, -1.8899229259732448, 4.900686462267033, 7.32965368995849, 4.621470872150041, 1.6930745159462384, 5.203602258989112, -1.7546848816674243, 1.756973962221898, -2.6304154385516836, 1.6679464548927554, -5.244973715803692], Energy: -41.50300214705203
Eval count: 937, Parameters: [-1.7622298397169835, 1.601805899288089, 3.829027071424704, -4.625400778966887, 5.089343320617626, -2.0084379842600826, -1.6476319475670744, 1.871407700149985, -1.6734384939913831, 4.522604374440288, -4.5263386773545085, -1.5907833717752087, -1.0699220882466647, -4.928378058457554, -1.8903163230452351, 4.900992762975545, 7.3299393432429545, 4.620700471097949, 1.693654803688709, 5.203764853692831, -1.7549386051710607, 1.7569412961648712, -2.629903049765606, 1.667406964256083, -5.24546775449319], Energy: -41.503024437378144
Eval count: 938, Parameters: [-1.7612287797738544, 1.601335028430667, 3.8287819881523197, -4.626595907650697, 5.089017941169714, -2.0084478570692137, -1.6470869553296903, 1.8725252976051527, -1.6738692956173222, 4.522319414532593, -4.525751964167397, -1.5897756296619479, -1.0702061489146588, -4.928016207105442, -1.8908949046526708, 4.899829837540081, 7.329936789041059, 4.619589804290472, 1.6941902316155049, 5.202300942512651, -1.754502622957639, 1.7555835531187918, -2.629102037911559, 1.6664981666021903, -5.245015198989135], Energy: -41.50295772506138
Eval count: 939, Parameters: [-1.7624458710867628, 1.6017154187886344, 3.8290941456684404, -4.625593361999952, 5.089527377103819, -2.0080307788095753, -1.6477471941226431, 1.8712586126804946, -1.6739602821189379, 4.522270547176348, -4.525803210115145, -1.5898383675370404, -1.0691560718231092, -4.928271274942363, -1.889716942372368, 4.901042802122329, 7.330315009280793, 4.620841130463911, 1.693856221476355, 5.203624432572888, -1.7553688097772613, 1.7568815293648206, -2.630347106506697, 1.6676184481292926, -5.246022631156085], Energy: -41.50301812926858
Eval count: 940, Parameters: [-1.7618123307970976, 1.603456573664861, 3.830299297867378, -4.625142814792296, 5.088619649993293, -2.0085282635114097, -1.6480395217225208, 1.8703612135927485, -1.6734495446856175, 4.524515850621568, -4.526634165948033, -1.5898597030928256, -1.0697801936086597, -4.928789272712202, -1.889900512029205, 4.901381185031202, 7.328609297171494, 4.620813626879231, 1.6938249657833817, 5.202760995193242, -1.7547841389689303, 1.7573958102084302, -2.6301451522141264, 1.6666043372271981, -5.245617490035855], Energy: -41.502925237668194
Eval count: 941, Parameters: [-1.7624450843263169, 1.6019692323565444, 3.828015715677279, -4.625116201623668, 5.08971820645069, -2.0087479795379815, -1.6481618288237139, 1.8716207372880387, -1.6738027812278424, 4.522544551929543, -4.52646044576558, -1.5908144871139187, -1.0697489397426534, -4.92863878561305, -1.890168013850138, 4.900747177940504, 7.3290164501414985, 4.62088670746936, 1.6934435462373791, 5.203733441119383, -1.7550770444315265, 1.7566156199481653, -2.629462261383446, 1.6671271515103432, -5.246110304690958], Energy: -41.50301876474822
Eval count: 942, Parameters: [-1.7623195746058453, 1.6015725527585147, 3.8280704099988614, -4.6251426302383685, 5.088855836403579, -2.0069165903971258, -1.647293002934128, 1.872517763717564, -1.6740315143772162, 4.5229967951664785, -4.525386032407163, -1.5919681426927013, -1.0701302016732919, -4.929135758741931, -1.8894312774565365, 4.901042685206442, 7.3297059430141465, 4.619909400274682, 1.6944976369137983, 5.204156775258911, -1.7557538857400246, 1.758638555399682, -2.630203037529592, 1.6666900056870755, -5.244834267067371], Energy: -41.50298840795199
Eval count: 943, Parameters: [-1.762969708804027, 1.602445088305074, 3.8287770826124636, -4.625079308703631, 5.088743609206704, -2.0090592192760814, -1.6475288184549688, 1.8715887177716841, -1.6730794599901022, 4.522183470144187, -4.525952958620344, -1.5904569846811567, -1.0695481745225213, -4.928877555546841, -1.890100192017121, 4.9011762909468235, 7.330099571466183, 4.620376467054105, 1.6936196474946463, 5.203950912017417, -1.754763204287002, 1.7565776048049293, -2.6299883701220765, 1.6672825821397181, -5.2447462760339585], Energy: -41.50296472760601
Eval count: 944, Parameters: [-1.7612266154794007, 1.601731232153298, 3.8283366454350367, -4.6256598791486505, 5.089684696241303, -2.0079469185574794, -1.6466285649001104, 1.8708002853466015, -1.6735148320992859, 4.523016676584406, -4.525490525431303, -1.5919794342257467, -1.0689394370882672, -4.927117500595991, -1.890156255320896, 4.902661129014604, 7.329302975343261, 4.620475288667006, 1.6932273716216797, 5.204544984438327, -1.7539993396170164, 1.7556140161510323, -2.6304755553156456, 1.667388857274356, -5.24571502329177], Energy: -41.50296148061045
Eval count: 945, Parameters: [-1.7622572907037135, 1.6016811951004957, 3.829545006928018, -4.625053158062532, 5.089677371971158, -2.0091307511242884, -1.647245237779852, 1.8719909267852228, -1.6738106739944485, 4.522500060837132, -4.526308940830623, -1.5905780559624587, -1.0698998142461609, -4.927814210186755, -1.8899417186026748, 4.9016801694275465, 7.3295823332755, 4.620549495363213, 1.6940064029564985, 5.20376237975733, -1.7550587111226728, 1.7573577118127994, -2.629104525007741, 1.6677120870978976, -5.24535858159827], Energy: -41.502976062849086
Eval count: 946, Parameters: [-1.7628823765257056, 1.601923635121283, 3.8285513187360656, -4.624876952095547, 5.089520148264477, -2.008134178203279, -1.6477080826157586, 1.8722994812297384, -1.672965504380071, 4.524308993647307, -4.527221171949246, -1.5911758056956444, -1.0706553746300873, -4.927790934269703, -1.890424066083087, 4.900996758910368, 7.331623886090688, 4.620419062464961, 1.6931908729625755, 5.203403346245255, -1.756531546112063, 1.7558370701413075, -2.6301491713468845, 1.6681456349807167, -5.246368684840825], Energy: -41.503033197279365
Eval count: 947, Parameters: [-1.7623117865399915, 1.601627581675303, 3.828757273855984, -4.624802185188548, 5.090144009300672, -2.0077860668544543, -1.6481714466795272, 1.8721922062492562, -1.6727841824582843, 4.524373283782453, -4.52755919372845, -1.5911915922711284, -1.070346465192475, -4.928781038987515, -1.8899559142897253, 4.901349539068029, 7.331736421100041, 4.620078850422974, 1.6932448137672185, 5.203351229996856, -1.7566527628005848, 1.7553172602711329, -2.629710486927901, 1.668475253733815, -5.245797740649004], Energy: -41.50298269938793
Eval count: 948, Parameters: [-1.7629830684853378, 1.602664506185511, 3.828324558364204, -4.626446387570155, 5.088643093550348, -2.0073182484599297, -1.6481715411198894, 1.8725537266961625, -1.6716786975641806, 4.523661222043621, -4.527085721888136, -1.5916180463188183, -1.0699889026135996, -4.927664955977166, -1.8917827246991503, 4.901441342024423, 7.330947531461215, 4.621045900188442, 1.693723065887005, 5.203126927969021, -1.7575742504201957, 1.756276777627102, -2.629229004431083, 1.6695919245772142, -5.246867375183632], Energy: -41.50297085591728
Eval count: 949, Parameters: [-1.7631833071065504, 1.6024917367831348, 3.82858517165294, -4.625560826102984, 5.0902086701771205, -2.008085625168475, -1.648027364430363, 1.872436951483284, -1.6728720604125114, 4.524609430730895, -4.527050952684062, -1.591210088668087, -1.0704474986882462, -4.927758469813402, -1.8904888921194933, 4.901175470052662, 7.332392153995079, 4.620347181846495, 1.6930923876943709, 5.203773823256309, -1.756052975299629, 1.7562112715187521, -2.6294929975499186, 1.6674105198287126, -5.246576986405037], Energy: -41.503033525585465
Eval count: 950, Parameters: [-1.7634289540047345, 1.6019628321556536, 3.827728983667654, -4.626783937584697, 5.089318865286918, -2.0079817624000165, -1.6466654056876466, 1.8721274198297275, -1.6734147843710863, 4.524670932598306, -4.527874991296806, -1.5902748037173289, -1.071970212945696, -4.929091189864295, -1.8899122108786859, 4.902277514027219, 7.3326323041015256, 4.620707867255584, 1.6925043224292562, 5.2041257736130415, -1.7553731802436963, 1.7564352537237624, -2.629100802022947, 1.6678258038235376, -5.247549791127096], Energy: -41.503049548661124
Eval count: 951, Parameters: [-1.7639620307526658, 1.6015399043940957, 3.8279631522169892, -4.626969431774182, 5.089454237461628, -2.0080079634386143, -1.6472518329781642, 1.8723867161319616, -1.6728258639907874, 4.524331884363741, -4.527962310992369, -1.5904942606152308, -1.0724191288488742, -4.929066383389156, -1.889652952133388, 4.902900351351064, 7.332392256330633, 4.6204271699017365, 1.6931321391711591, 5.203642774720645, -1.7549743013651793, 1.756250138588766, -2.6296968655094894, 1.6674733487636597, -5.248019555625445], Energy: -41.5030587802201
Eval count: 952, Parameters: [-1.7639335137794594, 1.602172013534518, 3.828998361155177, -4.627284789163911, 5.089689432747576, -2.0072227052469143, -1.6473513626597038, 1.8721142788013658, -1.6726167558715106, 4.522854902063491, -4.527884744179468, -1.5903786193012006, -1.0738610999011027, -4.928495735644552, -1.889140037959817, 4.902861870122109, 7.331754014640829, 4.619695167159297, 1.691336725831755, 5.204468573477812, -1.756440439827446, 1.7558877608719274, -2.6296603678455526, 1.6665390988608635, -5.248135699087484], Energy: -41.503064102930125
Eval count: 953, Parameters: [-1.7635330963078386, 1.602019363185179, 3.8282116857863717, -4.627529355885873, 5.089856416915793, -2.0075395545751737, -1.647376351220151, 1.8720387578166489, -1.6720513521670752, 4.522736920371907, -4.528461860211357, -1.5900225109289856, -1.0735172020179948, -4.928039296994597, -1.88886755961843, 4.903108274310578, 7.33183496401468, 4.619460394197432, 1.6908131469782528, 5.203931311189736, -1.756671037175603, 1.756634397298641, -2.6300018426431446, 1.666324392318068, -5.247729565396125], Energy: -41.50305811732363
Eval count: 954, Parameters: [-1.7644334716415504, 1.602297245254606, 3.828710464046343, -4.628448258427032, 5.089425926700858, -2.007763787452717, -1.6489082990032844, 1.8713692933200248, -1.6747765621893536, 4.522830505813733, -4.528837546920021, -1.590838632689465, -1.074361921403824, -4.92781253906156, -1.8896169116946613, 4.902788461128964, 7.33192051094661, 4.618574121233098, 1.6916120967704769, 5.205080048434695, -1.7563771425080397, 1.7560217299042367, -2.6304760491298462, 1.6673417039054135, -5.247491881333701], Energy: -41.50301785470896
Eval count: 955, Parameters: [-1.7637316085977919, 1.6026986765423665, 3.8284214921588644, -4.62681121339885, 5.090370933780207, -2.00684854016463, -1.647462314726311, 1.8719329510778193, -1.6724314845324686, 4.522820835088053, -4.527444043532722, -1.5896437426355325, -1.0747043210415024, -4.92834281043707, -1.8895990567987857, 4.90307714297507, 7.331703116774154, 4.619608153843819, 1.6917594162911929, 5.2045766233376245, -1.756218415606132, 1.7559983935672365, -2.6298027856705883, 1.6669684599685466, -5.247886691127718], Energy: -41.5029763359633
Eval count: 956, Parameters: [-1.7631377294073947, 1.6007830214702732, 3.8292684553524343, -4.6272294573457895, 5.089186207025725, -2.0085501447900524, -1.6475165698956247, 1.8712960977620507, -1.6721748075460459, 4.522379091334062, -4.52769026373043, -1.5914628052891424, -1.0741764706645724, -4.928703432758652, -1.8889281295996168, 4.901664723280586, 7.332943612566748, 4.620580035782318, 1.691292806171586, 5.205035146905383, -1.7568516260602387, 1.7564550109996286, -2.6299457634021435, 1.6656859712047816, -5.2498183477167055], Energy: -41.50311988876706
Eval count: 957, Parameters: [-1.7635192692429698, 1.6012746274614673, 3.8291170868191626, -4.626600989737219, 5.088749812488672, -2.0074783071643987, -1.6475630143561253, 1.8708478472953738, -1.6729453898861422, 4.521204517453157, -4.5284888192491515, -1.5926112007405855, -1.0745013936896624, -4.927936685440208, -1.8880310444288222, 4.90156525245596, 7.333928053265009, 4.622232187156218, 1.6911171250750034, 5.203439315301152, -1.7561491221871506, 1.756311776947241, -2.629278476352668, 1.6653262377591678, -5.249489319078047], Energy: -41.50309726737595
Eval count: 958, Parameters: [-1.7632438065170613, 1.6005822003843466, 3.8293932609752006, -4.626874383711161, 5.089178790278589, -2.008628426220636, -1.6476965326142172, 1.871146493870284, -1.6725119505482047, 4.522303710144684, -4.526967052947823, -1.5917113591562955, -1.074146358333279, -4.929095492734535, -1.889551474715852, 4.90206438752166, 7.333124732742451, 4.620038990044158, 1.6904023211338095, 5.204191467731133, -1.7567091127832821, 1.7568197718847895, -2.629842246501302, 1.6659324293995958, -5.250131925594885], Energy: -41.50312354096127
Eval count: 959, Parameters: [-1.76514209528311, 1.5986422491345946, 3.829827852294781, -4.626930134180078, 5.089843346465377, -2.0080321486282977, -1.646809198796728, 1.8706050869027153, -1.6725685636254997, 4.522605606854226, -4.52780779396708, -1.5916024111332319, -1.073570475946724, -4.929176073222592, -1.8909698481199733, 4.901690152531238, 7.33274139146494, 4.620718043129317, 1.6899229209342737, 5.204387090500758, -1.7571028888953888, 1.7569630761218886, -2.6301114470028573, 1.6647700429683774, -5.249922541351611], Energy: -41.50300388051005
Eval count: 960, Parameters: [-1.7632188799277828, 1.5998505456286691, 3.829320032138162, -4.626651510018853, 5.0884140665694435, -2.008324592971805, -1.6486519608218584, 1.8713385000084373, -1.6723547566306356, 4.522693093063159, -4.526625207929492, -1.5912170724002672, -1.0742528393831614, -4.928620752172035, -1.8894428821916476, 4.902288396464791, 7.333125327176134, 4.620363103767406, 1.6900146861059049, 5.204600063807736, -1.7564549461984524, 1.7567830196794605, -2.6294081194556096, 1.6658537355446639, -5.249852948865416], Energy: -41.50307278134875
Eval count: 961, Parameters: [-1.7627217209028985, 1.6009604385942016, 3.830008811455626, -4.626269165763582, 5.088895206927846, -2.0079043718987424, -1.647595549360314, 1.872678333424716, -1.6723827534584221, 4.521682547656286, -4.528332886086688, -1.5917082210807783, -1.073412523427706, -4.929172604807476, -1.889563669733749, 4.901044968507199, 7.333198712399688, 4.619273883396392, 1.6896398249453677, 5.204838818900308, -1.7551759538960712, 1.7574435151478052, -2.630594875471672, 1.6665272217916887, -5.2515579348167485], Energy: -41.503108886037126
Eval count: 962, Parameters: [-1.7635344515578149, 1.6012090480449064, 3.829831411957716, -4.626333366015331, 5.089119446127079, -2.008645730125775, -1.6480237312125392, 1.870422567033966, -1.6723477431648648, 4.522924676551287, -4.5272724501846175, -1.5918583366666106, -1.0739889556982425, -4.929348738307786, -1.8892023799983129, 4.9026303125446855, 7.332773547209494, 4.620515649632711, 1.690234012835621, 5.204505337014353, -1.7568446395379098, 1.7574817533355427, -2.63023188426949, 1.6660851007680078, -5.250355727888226], Energy: -41.50312043051514
Eval count: 963, Parameters: [-1.7621202468083663, 1.6014877342872447, 3.830349752747257, -4.627811669336729, 5.088096329470697, -2.0089281222454862, -1.6474222015738773, 1.8709349990697908, -1.6728807658439957, 4.523804138800608, -4.526999431431183, -1.5913297830617537, -1.0744053581938293, -4.929218843833465, -1.889270516549429, 4.901199233062734, 7.332551535654427, 4.619577160835587, 1.690648518341966, 5.202438924917191, -1.7567800069696138, 1.7564884367357387, -2.6300194866565167, 1.6645091609944365, -5.250975750969909], Energy: -41.50313443156324
Eval count: 964, Parameters: [-1.7614837926505678, 1.601681223022406, 3.830403698407239, -4.627721302991498, 5.088021924428344, -2.0090599548610952, -1.6475603224965105, 1.8716227236297747, -1.6733719869198524, 4.523575029133681, -4.527181453716545, -1.5912624940235012, -1.0743110289842803, -4.929484096066412, -1.8899618387414934, 4.902040205453906, 7.3327526753976, 4.620228768318551, 1.690634611015157, 5.2025906087417795, -1.7570810930601382, 1.7562862415162603, -2.6305550345314623, 1.6639292484521104, -5.250889802509279], Energy: -41.50309230326201
Eval count: 965, Parameters: [-1.7613719742620246, 1.6014005509266351, 3.829684297606541, -4.628311434673732, 5.0881550689257145, -2.008717313183791, -1.6462249383960472, 1.8700742015928271, -1.6727685617966663, 4.524277294002516, -4.526165959174206, -1.5929629804720815, -1.0735242151598396, -4.927970926068302, -1.8886963044428204, 4.902243302661056, 7.332184154299267, 4.619133536341609, 1.690089999602151, 5.203085024561718, -1.7559730084118375, 1.755177601968549, -2.6306428509056263, 1.6645178251604993, -5.251753592821163], Energy: -41.50311270125553
Eval count: 966, Parameters: [-1.7619474861307967, 1.6011834039369426, 3.8299681801011656, -4.627809844281072, 5.0880751338558685, -2.0080244163147007, -1.64730251153002, 1.8714352737856594, -1.6732815446877507, 4.52412419275896, -4.526636623491554, -1.5919886176672067, -1.0746179973629486, -4.9294358740030795, -1.8888902746039404, 4.90115275921453, 7.3323747058640905, 4.61933347367712, 1.6910377082351429, 5.202560530425818, -1.7572182101077511, 1.7574056676053125, -2.6301577008622754, 1.6642266400372667, -5.250886744465979], Energy: -41.50315238381131
Eval count: 967, Parameters: [-1.7633909220413153, 1.60220949428991, 3.829323756402098, -4.627510671138228, 5.086347214931452, -2.009064193041965, -1.646733788237564, 1.8718557206599584, -1.672715328583933, 4.523558136521444, -4.525860433803353, -1.5925433764321515, -1.0742215582172383, -4.930621248719282, -1.8878577232830736, 4.900727507771005, 7.333143428552666, 4.618327851316872, 1.6910869526119026, 5.202830657029975, -1.757547874526453, 1.757332740253692, -2.6306148655202337, 1.6635741683472305, -5.250373201582864], Energy: -41.50313756103128
Eval count: 968, Parameters: [-1.7618383351462668, 1.6011055991488163, 3.830008156698334, -4.627125704500519, 5.087711357876376, -2.0080355337777864, -1.6470579546941866, 1.8710981918373126, -1.6734614248770125, 4.523875951268147, -4.52710639082561, -1.591789339515853, -1.0743845216061305, -4.929049640991017, -1.8890907952394318, 4.901718623544758, 7.332484734735229, 4.618570598141136, 1.691711879184374, 5.2027071667099305, -1.7574989103803602, 1.7575502675452632, -2.6293581609477665, 1.663864356733278, -5.251289751521586], Energy: -41.503153903551265
Eval count: 969, Parameters: [-1.7620555195730951, 1.600818756472332, 3.8312555369303514, -4.627304106445887, 5.088367468167265, -2.0099397986550556, -1.6461342971990416, 1.872532952831166, -1.6740681695920836, 4.5239542814927445, -4.526798465848588, -1.5922540326151684, -1.074768429151341, -4.928155285309563, -1.8876997768647839, 4.902053949892301, 7.332066833692792, 4.618767917469948, 1.6917673742227892, 5.202393290397687, -1.7578905293913185, 1.7584633221446764, -2.628464165089546, 1.6647065989623004, -5.251577318368203], Energy: -41.503021249693575
Eval count: 970, Parameters: [-1.7616227021415705, 1.601255724466158, 3.8299276180951893, -4.627078588714698, 5.087459160786377, -2.008362396326747, -1.6469911316249555, 1.8712585059548623, -1.6728369730799817, 4.524132790439093, -4.527617308951119, -1.592754206434929, -1.0750683148034685, -4.929160610649757, -1.8897935040227836, 4.901712685999258, 7.332041460218202, 4.618486369315641, 1.6915653970555486, 5.202823191592129, -1.757156184698175, 1.7576508763204375, -2.6288324203144042, 1.6637817241649335, -5.2507745883358545], Energy: -41.50310441066722
Eval count: 971, Parameters: [-1.7619379666308423, 1.6016769901184944, 3.8298872470606753, -4.628934509572542, 5.08672890349011, -2.007146685885323, -1.6474903060368427, 1.8709529718801279, -1.6724719367665968, 4.522984661439969, -4.526805715580013, -1.5921149388099116, -1.0733541394471187, -4.929119128486568, -1.889840412052443, 4.901752573117816, 7.332232537469677, 4.619093322718553, 1.6922999635726732, 5.2023089424044135, -1.758803265635315, 1.7579801310031746, -2.6287927166706746, 1.6651414031912875, -5.252470948929552], Energy: -41.50311990222008
Eval count: 972, Parameters: [-1.7615565918047549, 1.6009096999724028, 3.8310396817713177, -4.627404180556843, 5.0874062819198365, -2.007691212221871, -1.6465818394812906, 1.8708680214941948, -1.673082794224779, 4.523929951750236, -4.527016162499934, -1.5917572620522153, -1.0745171302291803, -4.9289040939112745, -1.8891857451221772, 4.9020016457370135, 7.333402099363773, 4.618349999669946, 1.691931241046632, 5.202735301629969, -1.7573629454431514, 1.7578247475383357, -2.6297460678045788, 1.6641734316149595, -5.250581397829391], Energy: -41.503025455672116
Eval count: 973, Parameters: [-1.7609188111905008, 1.6005383871324426, 3.8296791756143915, -4.627013805069884, 5.088826910215193, -2.0077852272616723, -1.6481659055734792, 1.8706052215791047, -1.6735689677464265, 4.523785046541549, -4.527838585523023, -1.5921800514380848, -1.0736128001634584, -4.9312787124121655, -1.8876351352273966, 4.901528258309197, 7.3323700085081445, 4.617911554806759, 1.6916101115397275, 5.202490377618407, -1.7579783160548732, 1.756412507102269, -2.628525202120781, 1.6638751089794022, -5.251494418617213], Energy: -41.50304260389896
Eval count: 974, Parameters: [-1.7622016848339577, 1.6011756895581033, 3.829746557949376, -4.626970471614036, 5.087775935240232, -2.0079380260595348, -1.6472391815979102, 1.87146879839193, -1.673425529313697, 4.524714281147879, -4.527625264265726, -1.5920255475310936, -1.0747815011493325, -4.928696020735409, -1.8891899538970525, 4.90170985790434, 7.333328427697838, 4.618331137070285, 1.6915120119384504, 5.202583023734106, -1.758275540271935, 1.757022082692037, -2.6295535884151877, 1.6643016325389852, -5.2516687611683555], Energy: -41.50314917390779
Eval count: 975, Parameters: [-1.7622846922018818, 1.601234721044199, 3.8295927470007998, -4.628336719048715, 5.087290529050723, -2.0088143007885737, -1.6485070942134532, 1.8701058988768942, -1.6757613026379636, 4.5234718847998385, -4.527798855674203, -1.592304388358784, -1.0746140351685398, -4.928455289268666, -1.8894055420547942, 4.901235226372504, 7.332276111337603, 4.617599098654549, 1.6920229278430898, 5.203294267552991, -1.7572023003931414, 1.7579565513067974, -2.6301925282103973, 1.6642294421106936, -5.250992931566782], Energy: -41.50316091148625
Eval count: 976, Parameters: [-1.7625630460389532, 1.6018262005502724, 3.8296277198027964, -4.629015252541881, 5.08797533707545, -2.0087566809646993, -1.6488031995837953, 1.8702298227759946, -1.675689926946475, 4.5237707753026974, -4.527624275935519, -1.5923285979928081, -1.0744024360041697, -4.928417773914416, -1.8894758033308034, 4.901387537104972, 7.33304684340591, 4.617531255972147, 1.691880411305475, 5.203692625343207, -1.7567558122428664, 1.7583342085314984, -2.6295122349154774, 1.663499929834137, -5.2511827071110595], Energy: -41.50318363006261
Eval count: 977, Parameters: [-1.7616027551490028, 1.6028295012806542, 3.829614784954209, -4.628763843839271, 5.087746797142575, -2.0084129092150933, -1.6477585506088037, 1.8696066849011677, -1.6766807290048313, 4.523664630936439, -4.527421486489611, -1.5919250357435644, -1.0742384976260915, -4.928198963131204, -1.8896613336254542, 4.900124169163015, 7.333107632929291, 4.617729324758581, 1.689945661085464, 5.20487596828475, -1.758186094086349, 1.7584859067484555, -2.6285081146380236, 1.6636791407435818, -5.250535521555365], Energy: -41.50311486861574
Eval count: 978, Parameters: [-1.7626608313966285, 1.6020658082377772, 3.830338993807694, -4.628803254825335, 5.088384922253562, -2.0085257204481817, -1.6494713843537046, 1.8703229471696001, -1.6752413582556214, 4.523120370907172, -4.52736759232326, -1.5926598519741597, -1.0745788602004769, -4.927790262966736, -1.8893895104432414, 4.901242763432646, 7.33266588183376, 4.617065550594704, 1.691660318253132, 5.2037006558459895, -1.7573411879677392, 1.7580732875242528, -2.6298304400669967, 1.6629217876340716, -5.2510792614550335], Energy: -41.50315639217689
Eval count: 979, Parameters: [-1.7621516112592377, 1.6021176134570316, 3.829478172256289, -4.627801336957086, 5.088405988527252, -2.0093481363334353, -1.649453405726909, 1.8704481430341307, -1.675747350910225, 4.524728249750561, -4.526952358714755, -1.5930544200727978, -1.0721241912933106, -4.927727453699917, -1.8902926476911057, 4.900064268343343, 7.333346011676202, 4.617855648415941, 1.6930037416845993, 5.203184768195885, -1.7566663023967513, 1.7584981571002227, -2.629535235327282, 1.6637688188380815, -5.250347771878494], Energy: -41.50318279534895
Eval count: 980, Parameters: [-1.7629487977676308, 1.6020143317134619, 3.83037332145126, -4.628739030117406, 5.087855109765442, -2.0084151074289314, -1.648785818201298, 1.870292831059488, -1.6762414143388693, 4.52388616563189, -4.527018511720655, -1.5926338794978239, -1.0748029103626444, -4.928862749631414, -1.8897788822256456, 4.901156351286802, 7.332962618497241, 4.617759564400816, 1.6924315369846248, 5.204235994346393, -1.7565106425882777, 1.7575968299431617, -2.6291812416958487, 1.6637433528783576, -5.251570956901417], Energy: -41.50316331082979
Eval count: 981, Parameters: [-1.7625780073113244, 1.602770618216514, 3.827473564196903, -4.628306277567227, 5.08888297227736, -2.0088337945103283, -1.648830146058303, 1.8696255211277668, -1.6754549733469084, 4.523588679877162, -4.526716783665108, -1.5913124524862652, -1.0756001917329554, -4.928098906268596, -1.8897645179468063, 4.900706848949719, 7.332924526440388, 4.61761501964909, 1.6926606991645532, 5.20340681985205, -1.7562281909231292, 1.758997425523669, -2.630130379041702, 1.6632087684543961, -5.252632838238357], Energy: -41.503193201355145
Eval count: 982, Parameters: [-1.762616157298595, 1.6017544636384826, 3.8276833402013204, -4.628302892496941, 5.088805008753145, -2.00930608156155, -1.6487177537211808, 1.8691606433794288, -1.675261644134189, 4.523457208609465, -4.526798573890235, -1.591750429345768, -1.0756155928139939, -4.92821454448467, -1.889973297654848, 4.900103465455457, 7.333354348743566, 4.618125710140853, 1.6925483552691616, 5.203719503725878, -1.7564994767428175, 1.759276225135293, -2.6303200758166803, 1.6625972675005463, -5.253330796304989], Energy: -41.503229698605196
Eval count: 983, Parameters: [-1.7650554241077538, 1.601069460681318, 3.827204687895583, -4.628594456548185, 5.089335966962405, -2.008530611198556, -1.6477264941311076, 1.8691636572557804, -1.6757456924935556, 4.52402557174215, -4.527526098514228, -1.591237014277293, -1.0745498330143883, -4.928206413944698, -1.8908417662733306, 4.899785644380016, 7.332127356704297, 4.618194763980917, 1.6922061897681036, 5.203243786860629, -1.7564837344867985, 1.7592374153072834, -2.6305764627832664, 1.661425355931726, -5.253484526462234], Energy: -41.50326099093468
Eval count: 984, Parameters: [-1.7648637995301975, 1.6006704109637468, 3.827262633531242, -4.628852694287394, 5.089382617748661, -2.008987618895555, -1.6479116281574961, 1.8694241775525138, -1.6753354357878536, 4.524683488577102, -4.527062029442979, -1.590569057316953, -1.0744144196177665, -4.928477356786416, -1.8912559531721964, 4.8998829099103585, 7.331647048631976, 4.617458956205819, 1.692207619074781, 5.204111469185051, -1.756771298170565, 1.7592993245316344, -2.630807699168041, 1.661583801446169, -5.253584426668068], Energy: -41.503249786517586
Eval count: 985, Parameters: [-1.765470362664402, 1.5999928713845064, 3.826429450799716, -4.628200428934885, 5.087513332531888, -2.0079867340811486, -1.6494988780952116, 1.8695270226660003, -1.6757913819799608, 4.524636270358325, -4.526938031385735, -1.590553736004693, -1.074468012757843, -4.9271290115075255, -1.890093734808413, 4.899766055933952, 7.3320326103224644, 4.619077974546397, 1.6914260557517866, 5.203396691914321, -1.7556984158325601, 1.7592207893711984, -2.62970795498155, 1.6607268877225716, -5.25377571748893], Energy: -41.503160811235716
Eval count: 986, Parameters: [-1.7653245222862517, 1.6008496400441712, 3.8269657332817872, -4.628891243172077, 5.089538552363137, -2.0089832755304067, -1.6477454620323713, 1.8684840898520063, -1.675847800102801, 4.524320536775947, -4.526841798788593, -1.5912523833416854, -1.0749372766880034, -4.928118970325202, -1.8907897140274486, 4.900328335373171, 7.3320733160735445, 4.618606221217775, 1.6925798733964306, 5.202916425569248, -1.7572654625320288, 1.7589827445838901, -2.630151151386605, 1.6611936874898474, -5.252784376221431], Energy: -41.50319203890746
Eval count: 987, Parameters: [-1.7655426026721712, 1.6010028941293195, 3.827756155460315, -4.628716620189801, 5.0901970789256135, -2.0103429161970396, -1.646895727749438, 1.8708559488277026, -1.6765397829883724, 4.523781227255751, -4.52766212049092, -1.5915373916829683, -1.0743941415067095, -4.927468253737616, -1.8896663153246196, 4.8996672994531565, 7.331468938622692, 4.618447686282695, 1.6921774874294753, 5.202971469536552, -1.7564931029469426, 1.7603248171622923, -2.630071846768632, 1.6620621896699626, -5.25487699721757], Energy: -41.50326000889817
Eval count: 988, Parameters: [-1.7651399549726188, 1.600845986901779, 3.827334980311451, -4.62823162705549, 5.089361791322308, -2.0085980484514514, -1.6479290083433604, 1.8690054472806275, -1.676081605913103, 4.52394472194134, -4.526825682908033, -1.5914893589147612, -1.0745143478308188, -4.928635993557539, -1.8914493425543615, 4.900189651588453, 7.3323158105853325, 4.617648204967446, 1.6913147242409927, 5.202404739759179, -1.7563451527425984, 1.7595878399418838, -2.630456444857178, 1.6616827441267181, -5.253785062847967], Energy: -41.5032556179936
Eval count: 989, Parameters: [-1.7644821452394601, 1.6005426874091988, 3.8264814000260015, -4.628533500999512, 5.090751129030244, -2.0083070027887833, -1.6485323541455041, 1.8688010998719782, -1.6758971979667485, 4.523834227689763, -4.5287666608542185, -1.5915307857741188, -1.0735794048762757, -4.930365406578322, -1.8895738744808066, 4.899110575421333, 7.332010596458659, 4.617545903481665, 1.6922906686904016, 5.203066726004378, -1.7564187790384072, 1.7585727213005753, -2.6301883509903985, 1.66119604707297, -5.254389371901245], Energy: -41.50319430526537
Eval count: 990, Parameters: [-1.764769200096344, 1.6004815326805288, 3.826761701717663, -4.629242416180096, 5.089339168212091, -2.0084587697006198, -1.6474359868060748, 1.869878043275508, -1.6758404215222638, 4.523345923433931, -4.527215299975261, -1.5911175863649991, -1.0746460362337589, -4.927959751554525, -1.8912558276637037, 4.8992377262826965, 7.3324574849540625, 4.617767719970465, 1.6924072915769182, 5.202915881003596, -1.7564307804303867, 1.7586091879892596, -2.6301489084939673, 1.661361746489782, -5.253329731873098], Energy: -41.50322229733422
Eval count: 991, Parameters: [-1.7653164008720237, 1.6019301018190286, 3.8269743197478263, -4.630160738688345, 5.0884043632250355, -2.0078094059842164, -1.6482413666370517, 1.8689041053811823, -1.6747371080385194, 4.52329631568695, -4.527503411364407, -1.5916992974739177, -1.0734453130344346, -4.92839519728134, -1.8916436801347152, 4.899948370592993, 7.331626630981081, 4.618933089573174, 1.6926849891406985, 5.202985157270717, -1.757669559223941, 1.7598940972083115, -2.630205039322825, 1.662585707484062, -5.2549408870678365], Energy: -41.503239225436346
Eval count: 992, Parameters: [-1.7643809851613226, 1.6014799517828868, 3.827530869053722, -4.629117742009428, 5.088841348739494, -2.0086355267832507, -1.6473869981080478, 1.868928960016802, -1.6759102891706703, 4.524802059741448, -4.527395921545546, -1.5913520940491348, -1.074508886994294, -4.9280461121166175, -1.890626517002871, 4.899594505934651, 7.33180018597225, 4.617917887030567, 1.6922196154358866, 5.2025496752637785, -1.7563794729524742, 1.7588416922547327, -2.630785755245949, 1.6607495302810895, -5.2540145941714655], Energy: -41.50331363400886
Eval count: 993, Parameters: [-1.7641388499252337, 1.601184918275549, 3.826420273024497, -4.6291927981475185, 5.089270616238619, -2.0084156926274157, -1.6463537098593808, 1.8683039775207169, -1.6757833179554809, 4.524678487180439, -4.526654622389468, -1.593005729853156, -1.0734962180135497, -4.926920568588577, -1.8902084653291382, 4.900891911640421, 7.331632548736716, 4.617725442455475, 1.6916050681124153, 5.203796862615619, -1.7555864665538536, 1.757768082795743, -2.631465280733026, 1.661087818408744, -5.254615757477382], Energy: -41.503255910516714
Eval count: 994, Parameters: [-1.765203582923301, 1.6019508484742024, 3.827231592695075, -4.628991668568173, 5.088028281146265, -2.0091561319003866, -1.6470942302640779, 1.868972998231669, -1.6755240449345679, 4.52455768957402, -4.527008031979768, -1.5915964202062285, -1.0743257146269278, -4.928552377835237, -1.890019368222148, 4.899232454253315, 7.33213956252813, 4.6173240859124824, 1.6922255095401109, 5.202643843333267, -1.756457079796166, 1.7587973378212876, -2.630895410316716, 1.6605622684975319, -5.2537894684086215], Energy: -41.50327050655437
Eval count: 995, Parameters: [-1.763689336395063, 1.6022873900285757, 3.827184863707969, -4.628794242418056, 5.088406215703762, -2.009259234508115, -1.6475288247612307, 1.870398027666972, -1.6769489145230498, 4.52431881207194, -4.527759661139706, -1.591209624714794, -1.0740688635427988, -4.928916970458702, -1.8916634833960273, 4.900850404249524, 7.332133754536561, 4.618990725235168, 1.692215272797464, 5.20277719424129, -1.7568936200337881, 1.7586185665731753, -2.632146104119897, 1.659166074522081, -5.254317809371332], Energy: -41.50330766517101
Eval count: 996, Parameters: [-1.7641708892651422, 1.6011514350464806, 3.827295750600157, -4.629154480491641, 5.088778129291964, -2.007692859818017, -1.6472025575099773, 1.8693925594574896, -1.676254800979925, 4.525126507462098, -4.527024116826171, -1.5920001466044174, -1.0747378346497638, -4.928240906877378, -1.890263078009537, 4.89958765468021, 7.331752037704483, 4.617646010916805, 1.692635422501205, 5.202674004559545, -1.7567946379990225, 1.7597880866700806, -2.630976332108255, 1.660512510265121, -5.253828395874126], Energy: -41.503320319727266
Eval count: 997, Parameters: [-1.7638502185157279, 1.6011273766691532, 3.8290235057075535, -4.629654045437652, 5.088946802550741, -2.007127013151828, -1.6462031485411233, 1.8687332605982963, -1.6762177660734738, 4.525739598239918, -4.527807857895416, -1.5911143786546906, -1.0745344697968948, -4.927784826719733, -1.8906175159169212, 4.899374638089982, 7.33298134297471, 4.617575760988706, 1.693159458163947, 5.20215030564782, -1.7557192209603163, 1.7610739795285915, -2.632612152304388, 1.6603803221675457, -5.2544396828155016], Energy: -41.50330432178151
Eval count: 998, Parameters: [-1.763788674484715, 1.601095943727065, 3.8275485014599013, -4.629304527329818, 5.088689853602644, -2.007821019351092, -1.6470157956810785, 1.8690388840867613, -1.676231130459224, 4.524316412204888, -4.5265561994718455, -1.5918567963471257, -1.0744077037845796, -4.928603479859292, -1.89023121682183, 4.8995958157372055, 7.33087000277069, 4.617876373447132, 1.6928204486886271, 5.2028086218425, -1.7559889270853748, 1.7603234469782385, -2.6307317778773895, 1.660069356783642, -5.253402098231656], Energy: -41.50333727060337
Eval count: 999, Parameters: [-1.7634252835209636, 1.601528941593517, 3.8273384564583153, -4.629212530338119, 5.088492468384715, -2.008389310178588, -1.646769105233149, 1.869331076064764, -1.6752459083175308, 4.5252463183052685, -4.528105076945991, -1.5935681378308846, -1.075704339826878, -4.928710422210929, -1.891772602169007, 4.899246665797133, 7.329894267689968, 4.6177861854996145, 1.69261771039326, 5.202770216010101, -1.754986000873706, 1.7609918372190978, -2.630166049174642, 1.6596035593506666, -5.253221681467501], Energy: -41.50326010799375
Eval count: 1000, Parameters: [-1.7636581876475392, 1.601039951091452, 3.8275884439393417, -4.628614493544285, 5.088321540311739, -2.0078240484795775, -1.6467474624109053, 1.8686891526654388, -1.6764309197695408, 4.524066295803828, -4.527020613397937, -1.5916484921905616, -1.0741707562590248, -4.928213265552888, -1.8904353626937058, 4.900133742496806, 7.3309811964899145, 4.617119300659734, 1.6934513716122892, 5.202980520675832, -1.7563010345003431, 1.7604708361429717, -2.6299105991382685, 1.659711292081059, -5.253790687941092], Energy: -41.50332784764748
