Eval count: 1, Parameters: [1.1758273687836587, 1.9013700104075237, -5.228304617736004, -0.7894258829919041, -3.832504843689676, -0.1759907813111239, 3.2271435646792757, -0.8522049466616428, 2.37138163195187, 0.8017735281610028, 1.6281896686057182, -1.1779685543188503, 4.287612653736227, 5.38964325491655, 5.654239218376002, 5.095391937082288, 1.2971828538647916, 3.374798982188274, -4.227062325090741, 3.580588094200909, 3.9466742237600005, -3.9661613137639247, -3.4877597075348774, 2.2433601769968448, -6.25710067087991], Energy: -28.490237830274623
Eval count: 2, Parameters: [1.1758273836848199, 1.9013700104075237, -5.228304617736004, -0.7894258829919041, -3.832504843689676, -0.1759907813111239, 3.2271435646792757, -0.8522049466616428, 2.37138163195187, 0.8017735281610028, 1.6281896686057182, -1.1779685543188503, 4.287612653736227, 5.38964325491655, 5.654239218376002, 5.095391937082288, 1.2971828538647916, 3.374798982188274, -4.227062325090741, 3.580588094200909, 3.9466742237600005, -3.9661613137639247, -3.4877597075348774, 2.2433601769968448, -6.25710067087991], Energy: -28.49023786857947
Eval count: 3, Parameters: [1.1758273687836587, 1.901370025308685, -5.228304617736004, -0.7894258829919041, -3.832504843689676, -0.1759907813111239, 3.2271435646792757, -0.8522049466616428, 2.37138163195187, 0.8017735281610028, 1.6281896686057182, -1.1779685543188503, 4.287612653736227, 5.38964325491655, 5.654239218376002, 5.095391937082288, 1.2971828538647916, 3.374798982188274, -4.227062325090741, 3.580588094200909, 3.9466742237600005, -3.9661613137639247, -3.4877597075348774, 2.2433601769968448, -6.25710067087991], Energy: -28.49023778982462
Eval count: 4, Parameters: [1.1758273687836587, 1.9013700104075237, -5.228304602834843, -0.7894258829919041, -3.832504843689676, -0.1759907813111239, 3.2271435646792757, -0.8522049466616428, 2.37138163195187, 0.8017735281610028, 1.6281896686057182, -1.1779685543188503, 4.287612653736227, 5.38964325491655, 5.654239218376002, 5.095391937082288, 1.2971828538647916, 3.374798982188274, -4.227062325090741, 3.580588094200909, 3.9466742237600005, -3.9661613137639247, -3.4877597075348774, 2.2433601769968448, -6.25710067087991], Energy: -28.490237767794326
Eval count: 5, Parameters: [1.1758273687836587, 1.9013700104075237, -5.228304617736004, -0.7894258680907429, -3.832504843689676, -0.1759907813111239, 3.2271435646792757, -0.8522049466616428, 2.37138163195187, 0.8017735281610028, 1.6281896686057182, -1.1779685543188503, 4.287612653736227, 5.38964325491655, 5.654239218376002, 5.095391937082288, 1.2971828538647916, 3.374798982188274, -4.227062325090741, 3.580588094200909, 3.9466742237600005, -3.9661613137639247, -3.4877597075348774, 2.2433601769968448, -6.25710067087991], Energy: -28.490237830002457
Eval count: 6, Parameters: [1.1758273687836587, 1.9013700104075237, -5.228304617736004, -0.7894258829919041, -3.832504828788515, -0.1759907813111239, 3.2271435646792757, -0.8522049466616428, 2.37138163195187, 0.8017735281610028, 1.6281896686057182, -1.1779685543188503, 4.287612653736227, 5.38964325491655, 5.654239218376002, 5.095391937082288, 1.2971828538647916, 3.374798982188274, -4.227062325090741, 3.580588094200909, 3.9466742237600005, -3.9661613137639247, -3.4877597075348774, 2.2433601769968448, -6.25710067087991], Energy: -28.490237858862827
Eval count: 7, Parameters: [1.1758273687836587, 1.9013700104075237, -5.228304617736004, -0.7894258829919041, -3.832504843689676, -0.1759907664099627, 3.2271435646792757, -0.8522049466616428, 2.37138163195187, 0.8017735281610028, 1.6281896686057182, -1.1779685543188503, 4.287612653736227, 5.38964325491655, 5.654239218376002, 5.095391937082288, 1.2971828538647916, 3.374798982188274, -4.227062325090741, 3.580588094200909, 3.9466742237600005, -3.9661613137639247, -3.4877597075348774, 2.2433601769968448, -6.25710067087991], Energy: -28.49023781636913
Eval count: 8, Parameters: [1.1758273687836587, 1.9013700104075237, -5.228304617736004, -0.7894258829919041, -3.832504843689676, -0.1759907813111239, 3.227143579580437, -0.8522049466616428, 2.37138163195187, 0.8017735281610028, 1.6281896686057182, -1.1779685543188503, 4.287612653736227, 5.38964325491655, 5.654239218376002, 5.095391937082288, 1.2971828538647916, 3.374798982188274, -4.227062325090741, 3.580588094200909, 3.9466742237600005, -3.9661613137639247, -3.4877597075348774, 2.2433601769968448, -6.25710067087991], Energy: -28.490237831120965
Eval count: 9, Parameters: [1.1758273687836587, 1.9013700104075237, -5.228304617736004, -0.7894258829919041, -3.832504843689676, -0.1759907813111239, 3.2271435646792757, -0.8522049317604816, 2.37138163195187, 0.8017735281610028, 1.6281896686057182, -1.1779685543188503, 4.287612653736227, 5.38964325491655, 5.654239218376002, 5.095391937082288, 1.2971828538647916, 3.374798982188274, -4.227062325090741, 3.580588094200909, 3.9466742237600005, -3.9661613137639247, -3.4877597075348774, 2.2433601769968448, -6.25710067087991], Energy: -28.490237830375065
Eval count: 10, Parameters: [1.1758273687836587, 1.9013700104075237, -5.228304617736004, -0.7894258829919041, -3.832504843689676, -0.1759907813111239, 3.2271435646792757, -0.8522049466616428, 2.371381646853031, 0.8017735281610028, 1.6281896686057182, -1.1779685543188503, 4.287612653736227, 5.38964325491655, 5.654239218376002, 5.095391937082288, 1.2971828538647916, 3.374798982188274, -4.227062325090741, 3.580588094200909, 3.9466742237600005, -3.9661613137639247, -3.4877597075348774, 2.2433601769968448, -6.25710067087991], Energy: -28.490237830468402
Eval count: 11, Parameters: [1.1758273687836587, 1.9013700104075237, -5.228304617736004, -0.7894258829919041, -3.832504843689676, -0.1759907813111239, 3.2271435646792757, -0.8522049466616428, 2.37138163195187, 0.801773543062164, 1.6281896686057182, -1.1779685543188503, 4.287612653736227, 5.38964325491655, 5.654239218376002, 5.095391937082288, 1.2971828538647916, 3.374798982188274, -4.227062325090741, 3.580588094200909, 3.9466742237600005, -3.9661613137639247, -3.4877597075348774, 2.2433601769968448, -6.25710067087991], Energy: -28.490237830311344
Eval count: 12, Parameters: [1.1758273687836587, 1.9013700104075237, -5.228304617736004, -0.7894258829919041, -3.832504843689676, -0.1759907813111239, 3.2271435646792757, -0.8522049466616428, 2.37138163195187, 0.8017735281610028, 1.6281896835068794, -1.1779685543188503, 4.287612653736227, 5.38964325491655, 5.654239218376002, 5.095391937082288, 1.2971828538647916, 3.374798982188274, -4.227062325090741, 3.580588094200909, 3.9466742237600005, -3.9661613137639247, -3.4877597075348774, 2.2433601769968448, -6.25710067087991], Energy: -28.490237830294802
Eval count: 13, Parameters: [1.1758273687836587, 1.9013700104075237, -5.228304617736004, -0.7894258829919041, -3.832504843689676, -0.1759907813111239, 3.2271435646792757, -0.8522049466616428, 2.37138163195187, 0.8017735281610028, 1.6281896686057182, -1.177968539417689, 4.287612653736227, 5.38964325491655, 5.654239218376002, 5.095391937082288, 1.2971828538647916, 3.374798982188274, -4.227062325090741, 3.580588094200909, 3.9466742237600005, -3.9661613137639247, -3.4877597075348774, 2.2433601769968448, -6.25710067087991], Energy: -28.490237830272292
Eval count: 14, Parameters: [1.1758273687836587, 1.9013700104075237, -5.228304617736004, -0.7894258829919041, -3.832504843689676, -0.1759907813111239, 3.2271435646792757, -0.8522049466616428, 2.37138163195187, 0.8017735281610028, 1.6281896686057182, -1.1779685543188503, 4.287612668637388, 5.38964325491655, 5.654239218376002, 5.095391937082288, 1.2971828538647916, 3.374798982188274, -4.227062325090741, 3.580588094200909, 3.9466742237600005, -3.9661613137639247, -3.4877597075348774, 2.2433601769968448, -6.25710067087991], Energy: -28.49023783020357
Eval count: 15, Parameters: [1.1758273687836587, 1.9013700104075237, -5.228304617736004, -0.7894258829919041, -3.832504843689676, -0.1759907813111239, 3.2271435646792757, -0.8522049466616428, 2.37138163195187, 0.8017735281610028, 1.6281896686057182, -1.1779685543188503, 4.287612653736227, 5.389643269817711, 5.654239218376002, 5.095391937082288, 1.2971828538647916, 3.374798982188274, -4.227062325090741, 3.580588094200909, 3.9466742237600005, -3.9661613137639247, -3.4877597075348774, 2.2433601769968448, -6.25710067087991], Energy: -28.490237830386775
Eval count: 16, Parameters: [1.1758273687836587, 1.9013700104075237, -5.228304617736004, -0.7894258829919041, -3.832504843689676, -0.1759907813111239, 3.2271435646792757, -0.8522049466616428, 2.37138163195187, 0.8017735281610028, 1.6281896686057182, -1.1779685543188503, 4.287612653736227, 5.38964325491655, 5.654239233277163, 5.095391937082288, 1.2971828538647916, 3.374798982188274, -4.227062325090741, 3.580588094200909, 3.9466742237600005, -3.9661613137639247, -3.4877597075348774, 2.2433601769968448, -6.25710067087991], Energy: -28.49023783032652
Eval count: 17, Parameters: [1.1758273687836587, 1.9013700104075237, -5.228304617736004, -0.7894258829919041, -3.832504843689676, -0.1759907813111239, 3.2271435646792757, -0.8522049466616428, 2.37138163195187, 0.8017735281610028, 1.6281896686057182, -1.1779685543188503, 4.287612653736227, 5.38964325491655, 5.654239218376002, 5.09539195198345, 1.2971828538647916, 3.374798982188274, -4.227062325090741, 3.580588094200909, 3.9466742237600005, -3.9661613137639247, -3.4877597075348774, 2.2433601769968448, -6.25710067087991], Energy: -28.490237830279113
Eval count: 18, Parameters: [1.1758273687836587, 1.9013700104075237, -5.228304617736004, -0.7894258829919041, -3.832504843689676, -0.1759907813111239, 3.2271435646792757, -0.8522049466616428, 2.37138163195187, 0.8017735281610028, 1.6281896686057182, -1.1779685543188503, 4.287612653736227, 5.38964325491655, 5.654239218376002, 5.095391937082288, 1.2971828687659528, 3.374798982188274, -4.227062325090741, 3.580588094200909, 3.9466742237600005, -3.9661613137639247, -3.4877597075348774, 2.2433601769968448, -6.25710067087991], Energy: -28.490237830278488
Eval count: 19, Parameters: [1.1758273687836587, 1.9013700104075237, -5.228304617736004, -0.7894258829919041, -3.832504843689676, -0.1759907813111239, 3.2271435646792757, -0.8522049466616428, 2.37138163195187, 0.8017735281610028, 1.6281896686057182, -1.1779685543188503, 4.287612653736227, 5.38964325491655, 5.654239218376002, 5.095391937082288, 1.2971828538647916, 3.374798997089435, -4.227062325090741, 3.580588094200909, 3.9466742237600005, -3.9661613137639247, -3.4877597075348774, 2.2433601769968448, -6.25710067087991], Energy: -28.490237830298497
Eval count: 20, Parameters: [1.1758273687836587, 1.9013700104075237, -5.228304617736004, -0.7894258829919041, -3.832504843689676, -0.1759907813111239, 3.2271435646792757, -0.8522049466616428, 2.37138163195187, 0.8017735281610028, 1.6281896686057182, -1.1779685543188503, 4.287612653736227, 5.38964325491655, 5.654239218376002, 5.095391937082288, 1.2971828538647916, 3.374798982188274, -4.22706231018958, 3.580588094200909, 3.9466742237600005, -3.9661613137639247, -3.4877597075348774, 2.2433601769968448, -6.25710067087991], Energy: -28.490237830285082
Eval count: 21, Parameters: [1.1758273687836587, 1.9013700104075237, -5.228304617736004, -0.7894258829919041, -3.832504843689676, -0.1759907813111239, 3.2271435646792757, -0.8522049466616428, 2.37138163195187, 0.8017735281610028, 1.6281896686057182, -1.1779685543188503, 4.287612653736227, 5.38964325491655, 5.654239218376002, 5.095391937082288, 1.2971828538647916, 3.374798982188274, -4.227062325090741, 3.58058810910207, 3.9466742237600005, -3.9661613137639247, -3.4877597075348774, 2.2433601769968448, -6.25710067087991], Energy: -28.490237830272633
Eval count: 22, Parameters: [1.1758273687836587, 1.9013700104075237, -5.228304617736004, -0.7894258829919041, -3.832504843689676, -0.1759907813111239, 3.2271435646792757, -0.8522049466616428, 2.37138163195187, 0.8017735281610028, 1.6281896686057182, -1.1779685543188503, 4.287612653736227, 5.38964325491655, 5.654239218376002, 5.095391937082288, 1.2971828538647916, 3.374798982188274, -4.227062325090741, 3.580588094200909, 3.9466742386611617, -3.9661613137639247, -3.4877597075348774, 2.2433601769968448, -6.25710067087991], Energy: -28.490237830275248
Eval count: 23, Parameters: [1.1758273687836587, 1.9013700104075237, -5.228304617736004, -0.7894258829919041, -3.832504843689676, -0.1759907813111239, 3.2271435646792757, -0.8522049466616428, 2.37138163195187, 0.8017735281610028, 1.6281896686057182, -1.1779685543188503, 4.287612653736227, 5.38964325491655, 5.654239218376002, 5.095391937082288, 1.2971828538647916, 3.374798982188274, -4.227062325090741, 3.580588094200909, 3.9466742237600005, -3.9661612988627635, -3.4877597075348774, 2.2433601769968448, -6.25710067087991], Energy: -28.490237830272406
Eval count: 24, Parameters: [1.1758273687836587, 1.9013700104075237, -5.228304617736004, -0.7894258829919041, -3.832504843689676, -0.1759907813111239, 3.2271435646792757, -0.8522049466616428, 2.37138163195187, 0.8017735281610028, 1.6281896686057182, -1.1779685543188503, 4.287612653736227, 5.38964325491655, 5.654239218376002, 5.095391937082288, 1.2971828538647916, 3.374798982188274, -4.227062325090741, 3.580588094200909, 3.9466742237600005, -3.9661613137639247, -3.487759692633716, 2.2433601769968448, -6.25710067087991], Energy: -28.490237830275305
Eval count: 25, Parameters: [1.1758273687836587, 1.9013700104075237, -5.228304617736004, -0.7894258829919041, -3.832504843689676, -0.1759907813111239, 3.2271435646792757, -0.8522049466616428, 2.37138163195187, 0.8017735281610028, 1.6281896686057182, -1.1779685543188503, 4.287612653736227, 5.38964325491655, 5.654239218376002, 5.095391937082288, 1.2971828538647916, 3.374798982188274, -4.227062325090741, 3.580588094200909, 3.9466742237600005, -3.9661613137639247, -3.4877597075348774, 2.243360191898006, -6.25710067087991], Energy: -28.49023783027542
Eval count: 26, Parameters: [1.1758273687836587, 1.9013700104075237, -5.228304617736004, -0.7894258829919041, -3.832504843689676, -0.1759907813111239, 3.2271435646792757, -0.8522049466616428, 2.37138163195187, 0.8017735281610028, 1.6281896686057182, -1.1779685543188503, 4.287612653736227, 5.38964325491655, 5.654239218376002, 5.095391937082288, 1.2971828538647916, 3.374798982188274, -4.227062325090741, 3.580588094200909, 3.9466742237600005, -3.9661613137639247, -3.4877597075348774, 2.2433601769968448, -6.257100655978749], Energy: -28.490237830275134
Eval count: 27, Parameters: [3.746422156381315, -0.8131838226002888, -9.421286337706707, -0.8076906534997166, -1.9139829625861604, -1.1091725440064364, 3.2839405922671663, -0.8454643765932834, 2.3843859349303855, 0.8042378225945965, 1.629543886135015, -1.178124956906741, 4.282844282154196, 5.397169652621628, 5.657722036979518, 5.095693298166273, 1.297442253278854, 3.3764011550398365, -4.226360420793866, 3.580454579796612, 3.9467161854299224, -3.966310086957284, -3.48771393116769, 2.2434135827585635, -6.2570663386045196], Energy: -29.41785507740707
Eval count: 28, Parameters: [2.4950096947215776, 0.5083105299370341, -7.380066305207331, -0.7987990298439351, -2.8479544315875196, -0.6548826292891214, 3.2562907625656354, -0.8487458091329171, 2.3780552028830675, 0.8030381590854831, 1.6288846283242795, -1.1780488172722616, 4.285165612473688, 5.393505664845342, 5.656026537314161, 5.0955465900900805, 1.2973159729094736, 3.375621188052487, -4.2267021206168955, 3.580519577045558, 3.946695757723111, -3.966237661451316, -3.487736215938757, 2.2433875838589854, -6.25708305218282], Energy: -26.062240351319872
Eval count: 29, Parameters: [1.7590142407098024, 1.2855233720400565, -6.17955990896705, -0.7935695832865953, -3.397252745630205, -0.3877002875119838, 3.240029018665837, -0.8506757239338402, 2.374331898097359, 0.8023325988356833, 1.6284968978464482, -1.1780040371325684, 4.286530860635065, 5.391350757147424, 5.655029360057091, 5.095460306406282, 1.2972417034094947, 3.3751624646702645, -4.22690308514625, 3.5805578039940764, 3.9466837435392907, -3.966195065708681, -3.4877493223211062, 2.243372293079578, -6.257092881969582], Energy: -34.9443132584978
Eval count: 30, Parameters: [1.7590142556109636, 1.2855233720400565, -6.17955990896705, -0.7935695832865953, -3.397252745630205, -0.3877002875119838, 3.240029018665837, -0.8506757239338402, 2.374331898097359, 0.8023325988356833, 1.6284968978464482, -1.1780040371325684, 4.286530860635065, 5.391350757147424, 5.655029360057091, 5.095460306406282, 1.2972417034094947, 3.3751624646702645, -4.22690308514625, 3.5805578039940764, 3.9466837435392907, -3.966195065708681, -3.4877493223211062, 2.243372293079578, -6.257092881969582], Energy: -34.944313247618254
Eval count: 31, Parameters: [1.7590142407098024, 1.2855233869412177, -6.17955990896705, -0.7935695832865953, -3.397252745630205, -0.3877002875119838, 3.240029018665837, -0.8506757239338402, 2.374331898097359, 0.8023325988356833, 1.6284968978464482, -1.1780040371325684, 4.286530860635065, 5.391350757147424, 5.655029360057091, 5.095460306406282, 1.2972417034094947, 3.3751624646702645, -4.22690308514625, 3.5805578039940764, 3.9466837435392907, -3.966195065708681, -3.4877493223211062, 2.243372293079578, -6.257092881969582], Energy: -34.9443133439712
Eval count: 32, Parameters: [1.7590142407098024, 1.2855233720400565, -6.179559894065889, -0.7935695832865953, -3.397252745630205, -0.3877002875119838, 3.240029018665837, -0.8506757239338402, 2.374331898097359, 0.8023325988356833, 1.6284968978464482, -1.1780040371325684, 4.286530860635065, 5.391350757147424, 5.655029360057091, 5.095460306406282, 1.2972417034094947, 3.3751624646702645, -4.22690308514625, 3.5805578039940764, 3.9466837435392907, -3.966195065708681, -3.4877493223211062, 2.243372293079578, -6.257092881969582], Energy: -34.944313277437516
Eval count: 33, Parameters: [1.7590142407098024, 1.2855233720400565, -6.17955990896705, -0.7935695683854341, -3.397252745630205, -0.3877002875119838, 3.240029018665837, -0.8506757239338402, 2.374331898097359, 0.8023325988356833, 1.6284968978464482, -1.1780040371325684, 4.286530860635065, 5.391350757147424, 5.655029360057091, 5.095460306406282, 1.2972417034094947, 3.3751624646702645, -4.22690308514625, 3.5805578039940764, 3.9466837435392907, -3.966195065708681, -3.4877493223211062, 2.243372293079578, -6.257092881969582], Energy: -34.94431325624794
Eval count: 34, Parameters: [1.7590142407098024, 1.2855233720400565, -6.17955990896705, -0.7935695832865953, -3.397252730729044, -0.3877002875119838, 3.240029018665837, -0.8506757239338402, 2.374331898097359, 0.8023325988356833, 1.6284968978464482, -1.1780040371325684, 4.286530860635065, 5.391350757147424, 5.655029360057091, 5.095460306406282, 1.2972417034094947, 3.3751624646702645, -4.22690308514625, 3.5805578039940764, 3.9466837435392907, -3.966195065708681, -3.4877493223211062, 2.243372293079578, -6.257092881969582], Energy: -34.94431326621242
Eval count: 35, Parameters: [1.7590142407098024, 1.2855233720400565, -6.17955990896705, -0.7935695832865953, -3.397252745630205, -0.3877002726108226, 3.240029018665837, -0.8506757239338402, 2.374331898097359, 0.8023325988356833, 1.6284968978464482, -1.1780040371325684, 4.286530860635065, 5.391350757147424, 5.655029360057091, 5.095460306406282, 1.2972417034094947, 3.3751624646702645, -4.22690308514625, 3.5805578039940764, 3.9466837435392907, -3.966195065708681, -3.4877493223211062, 2.243372293079578, -6.257092881969582], Energy: -34.94431325774684
Eval count: 36, Parameters: [1.7590142407098024, 1.2855233720400565, -6.17955990896705, -0.7935695832865953, -3.397252745630205, -0.3877002875119838, 3.2400290335669983, -0.8506757239338402, 2.374331898097359, 0.8023325988356833, 1.6284968978464482, -1.1780040371325684, 4.286530860635065, 5.391350757147424, 5.655029360057091, 5.095460306406282, 1.2972417034094947, 3.3751624646702645, -4.22690308514625, 3.5805578039940764, 3.9466837435392907, -3.966195065708681, -3.4877493223211062, 2.243372293079578, -6.257092881969582], Energy: -34.944313258154864
Eval count: 37, Parameters: [1.7590142407098024, 1.2855233720400565, -6.17955990896705, -0.7935695832865953, -3.397252745630205, -0.3877002875119838, 3.240029018665837, -0.850675709032679, 2.374331898097359, 0.8023325988356833, 1.6284968978464482, -1.1780040371325684, 4.286530860635065, 5.391350757147424, 5.655029360057091, 5.095460306406282, 1.2972417034094947, 3.3751624646702645, -4.22690308514625, 3.5805578039940764, 3.9466837435392907, -3.966195065708681, -3.4877493223211062, 2.243372293079578, -6.257092881969582], Energy: -34.9443132584654
Eval count: 38, Parameters: [1.7590142407098024, 1.2855233720400565, -6.17955990896705, -0.7935695832865953, -3.397252745630205, -0.3877002875119838, 3.240029018665837, -0.8506757239338402, 2.37433191299852, 0.8023325988356833, 1.6284968978464482, -1.1780040371325684, 4.286530860635065, 5.391350757147424, 5.655029360057091, 5.095460306406282, 1.2972417034094947, 3.3751624646702645, -4.22690308514625, 3.5805578039940764, 3.9466837435392907, -3.966195065708681, -3.4877493223211062, 2.243372293079578, -6.257092881969582], Energy: -34.94431325849956
Eval count: 39, Parameters: [1.7590142407098024, 1.2855233720400565, -6.17955990896705, -0.7935695832865953, -3.397252745630205, -0.3877002875119838, 3.240029018665837, -0.8506757239338402, 2.374331898097359, 0.8023326137368445, 1.6284968978464482, -1.1780040371325684, 4.286530860635065, 5.391350757147424, 5.655029360057091, 5.095460306406282, 1.2972417034094947, 3.3751624646702645, -4.22690308514625, 3.5805578039940764, 3.9466837435392907, -3.966195065708681, -3.4877493223211062, 2.243372293079578, -6.257092881969582], Energy: -34.94431325850644
Eval count: 40, Parameters: [1.7590142407098024, 1.2855233720400565, -6.17955990896705, -0.7935695832865953, -3.397252745630205, -0.3877002875119838, 3.240029018665837, -0.8506757239338402, 2.374331898097359, 0.8023325988356833, 1.6284969127476094, -1.1780040371325684, 4.286530860635065, 5.391350757147424, 5.655029360057091, 5.095460306406282, 1.2972417034094947, 3.3751624646702645, -4.22690308514625, 3.5805578039940764, 3.9466837435392907, -3.966195065708681, -3.4877493223211062, 2.243372293079578, -6.257092881969582], Energy: -34.94431325848757
Eval count: 41, Parameters: [1.7590142407098024, 1.2855233720400565, -6.17955990896705, -0.7935695832865953, -3.397252745630205, -0.3877002875119838, 3.240029018665837, -0.8506757239338402, 2.374331898097359, 0.8023325988356833, 1.6284968978464482, -1.1780040222314072, 4.286530860635065, 5.391350757147424, 5.655029360057091, 5.095460306406282, 1.2972417034094947, 3.3751624646702645, -4.22690308514625, 3.5805578039940764, 3.9466837435392907, -3.966195065708681, -3.4877493223211062, 2.243372293079578, -6.257092881969582], Energy: -34.94431325849928
Eval count: 42, Parameters: [1.7590142407098024, 1.2855233720400565, -6.17955990896705, -0.7935695832865953, -3.397252745630205, -0.3877002875119838, 3.240029018665837, -0.8506757239338402, 2.374331898097359, 0.8023325988356833, 1.6284968978464482, -1.1780040371325684, 4.286530875536227, 5.391350757147424, 5.655029360057091, 5.095460306406282, 1.2972417034094947, 3.3751624646702645, -4.22690308514625, 3.5805578039940764, 3.9466837435392907, -3.966195065708681, -3.4877493223211062, 2.243372293079578, -6.257092881969582], Energy: -34.94431325847921
Eval count: 43, Parameters: [1.7590142407098024, 1.2855233720400565, -6.17955990896705, -0.7935695832865953, -3.397252745630205, -0.3877002875119838, 3.240029018665837, -0.8506757239338402, 2.374331898097359, 0.8023325988356833, 1.6284968978464482, -1.1780040371325684, 4.286530860635065, 5.391350772048585, 5.655029360057091, 5.095460306406282, 1.2972417034094947, 3.3751624646702645, -4.22690308514625, 3.5805578039940764, 3.9466837435392907, -3.966195065708681, -3.4877493223211062, 2.243372293079578, -6.257092881969582], Energy: -34.94431325849217
Eval count: 44, Parameters: [1.7590142407098024, 1.2855233720400565, -6.17955990896705, -0.7935695832865953, -3.397252745630205, -0.3877002875119838, 3.240029018665837, -0.8506757239338402, 2.374331898097359, 0.8023325988356833, 1.6284968978464482, -1.1780040371325684, 4.286530860635065, 5.391350757147424, 5.655029374958252, 5.095460306406282, 1.2972417034094947, 3.3751624646702645, -4.22690308514625, 3.5805578039940764, 3.9466837435392907, -3.966195065708681, -3.4877493223211062, 2.243372293079578, -6.257092881969582], Energy: -34.94431325849001
Eval count: 45, Parameters: [1.7590142407098024, 1.2855233720400565, -6.17955990896705, -0.7935695832865953, -3.397252745630205, -0.3877002875119838, 3.240029018665837, -0.8506757239338402, 2.374331898097359, 0.8023325988356833, 1.6284968978464482, -1.1780040371325684, 4.286530860635065, 5.391350757147424, 5.655029360057091, 5.095460321307443, 1.2972417034094947, 3.3751624646702645, -4.22690308514625, 3.5805578039940764, 3.9466837435392907, -3.966195065708681, -3.4877493223211062, 2.243372293079578, -6.257092881969582], Energy: -34.94431325849695
Eval count: 46, Parameters: [1.7590142407098024, 1.2855233720400565, -6.17955990896705, -0.7935695832865953, -3.397252745630205, -0.3877002875119838, 3.240029018665837, -0.8506757239338402, 2.374331898097359, 0.8023325988356833, 1.6284968978464482, -1.1780040371325684, 4.286530860635065, 5.391350757147424, 5.655029360057091, 5.095460306406282, 1.297241718310656, 3.3751624646702645, -4.22690308514625, 3.5805578039940764, 3.9466837435392907, -3.966195065708681, -3.4877493223211062, 2.243372293079578, -6.257092881969582], Energy: -34.944313258492855
Eval count: 47, Parameters: [1.7590142407098024, 1.2855233720400565, -6.17955990896705, -0.7935695832865953, -3.397252745630205, -0.3877002875119838, 3.240029018665837, -0.8506757239338402, 2.374331898097359, 0.8023325988356833, 1.6284968978464482, -1.1780040371325684, 4.286530860635065, 5.391350757147424, 5.655029360057091, 5.095460306406282, 1.2972417034094947, 3.3751624795714257, -4.22690308514625, 3.5805578039940764, 3.9466837435392907, -3.966195065708681, -3.4877493223211062, 2.243372293079578, -6.257092881969582], Energy: -34.94431325849666
Eval count: 48, Parameters: [1.7590142407098024, 1.2855233720400565, -6.17955990896705, -0.7935695832865953, -3.397252745630205, -0.3877002875119838, 3.240029018665837, -0.8506757239338402, 2.374331898097359, 0.8023325988356833, 1.6284968978464482, -1.1780040371325684, 4.286530860635065, 5.391350757147424, 5.655029360057091, 5.095460306406282, 1.2972417034094947, 3.3751624646702645, -4.226903070245089, 3.5805578039940764, 3.9466837435392907, -3.966195065708681, -3.4877493223211062, 2.243372293079578, -6.257092881969582], Energy: -34.94431325849814
Eval count: 49, Parameters: [1.7590142407098024, 1.2855233720400565, -6.17955990896705, -0.7935695832865953, -3.397252745630205, -0.3877002875119838, 3.240029018665837, -0.8506757239338402, 2.374331898097359, 0.8023325988356833, 1.6284968978464482, -1.1780040371325684, 4.286530860635065, 5.391350757147424, 5.655029360057091, 5.095460306406282, 1.2972417034094947, 3.3751624646702645, -4.22690308514625, 3.5805578188952376, 3.9466837435392907, -3.966195065708681, -3.4877493223211062, 2.243372293079578, -6.257092881969582], Energy: -34.94431325849962
Eval count: 50, Parameters: [1.7590142407098024, 1.2855233720400565, -6.17955990896705, -0.7935695832865953, -3.397252745630205, -0.3877002875119838, 3.240029018665837, -0.8506757239338402, 2.374331898097359, 0.8023325988356833, 1.6284968978464482, -1.1780040371325684, 4.286530860635065, 5.391350757147424, 5.655029360057091, 5.095460306406282, 1.2972417034094947, 3.3751624646702645, -4.22690308514625, 3.5805578039940764, 3.946683758440452, -3.966195065708681, -3.4877493223211062, 2.243372293079578, -6.257092881969582], Energy: -34.94431325849814
Eval count: 51, Parameters: [1.7590142407098024, 1.2855233720400565, -6.17955990896705, -0.7935695832865953, -3.397252745630205, -0.3877002875119838, 3.240029018665837, -0.8506757239338402, 2.374331898097359, 0.8023325988356833, 1.6284968978464482, -1.1780040371325684, 4.286530860635065, 5.391350757147424, 5.655029360057091, 5.095460306406282, 1.2972417034094947, 3.3751624646702645, -4.22690308514625, 3.5805578039940764, 3.9466837435392907, -3.96619505080752, -3.4877493223211062, 2.243372293079578, -6.257092881969582], Energy: -34.944313258497516
Eval count: 52, Parameters: [1.7590142407098024, 1.2855233720400565, -6.17955990896705, -0.7935695832865953, -3.397252745630205, -0.3877002875119838, 3.240029018665837, -0.8506757239338402, 2.374331898097359, 0.8023325988356833, 1.6284968978464482, -1.1780040371325684, 4.286530860635065, 5.391350757147424, 5.655029360057091, 5.095460306406282, 1.2972417034094947, 3.3751624646702645, -4.22690308514625, 3.5805578039940764, 3.9466837435392907, -3.966195065708681, -3.487749307419945, 2.243372293079578, -6.257092881969582], Energy: -34.94431325849797
Eval count: 53, Parameters: [1.7590142407098024, 1.2855233720400565, -6.17955990896705, -0.7935695832865953, -3.397252745630205, -0.3877002875119838, 3.240029018665837, -0.8506757239338402, 2.374331898097359, 0.8023325988356833, 1.6284968978464482, -1.1780040371325684, 4.286530860635065, 5.391350757147424, 5.655029360057091, 5.095460306406282, 1.2972417034094947, 3.3751624646702645, -4.22690308514625, 3.5805578039940764, 3.9466837435392907, -3.966195065708681, -3.4877493223211062, 2.243372307980739, -6.257092881969582], Energy: -34.9443132584978
Eval count: 54, Parameters: [1.7590142407098024, 1.2855233720400565, -6.17955990896705, -0.7935695832865953, -3.397252745630205, -0.3877002875119838, 3.240029018665837, -0.8506757239338402, 2.374331898097359, 0.8023325988356833, 1.6284968978464482, -1.1780040371325684, 4.286530860635065, 5.391350757147424, 5.655029360057091, 5.095460306406282, 1.2972417034094947, 3.3751624646702645, -4.22690308514625, 3.5805578039940764, 3.9466837435392907, -3.966195065708681, -3.4877493223211062, 2.243372293079578, -6.257092867068421], Energy: -34.9443132584978
Eval count: 55, Parameters: [2.6675301592815477, 3.4256591671388255, -7.611459652916375, -0.8975197219004769, -2.05582612394047, -0.9144341166964226, 3.2558061629905315, -0.8484556681532587, 2.3813075710494465, 0.8040024630545539, 1.628786975024545, -1.178025128817556, 4.283221392721083, 5.395109525838495, 5.656551562831573, 5.095584528309696, 1.2971721929355478, 3.375965166874114, -4.2265162709246225, 3.5805631483722156, 3.946720302584398, -3.9662859320387533, -3.487717882921978, 2.2434006374291227, -6.257074660602017], Energy: -29.374956701840915
Eval count: 56, Parameters: [2.056117293086318, 1.9853909959598157, -6.647820041704504, -0.8275633778319874, -2.958579150928997, -0.5599528867693391, 3.2451884634711856, -0.8499497208607253, 2.3766130840227566, 0.8028786781572881, 1.6285917589416428, -1.178010934539495, 4.285448597794221, 5.3925799504157705, 5.655527151104435, 5.095500929477295, 1.2972189720807865, 3.3754249645010743, -4.226776589084267, 3.580559551713655, 3.9466956990853315, -3.966224780833613, -3.487739041002689, 2.2433815622542785, -6.257086923214417], Energy: -32.012641314872496
Eval count: 57, Parameters: [1.8392496918961307, 1.4745291534574143, -6.306017926554652, -0.8027499246565936, -3.2787848486737814, -0.4342187090121332, 3.241422374871762, -0.8504796600305309, 2.374947953639367, 0.8024800726512568, 1.6285225159702341, -1.1780058998416598, 4.286238585457673, 5.391682712257586, 5.655163793173683, 5.095471277045611, 1.2972355646020999, 3.375233355198628, -4.226868923704537, 3.5805582759820545, 3.946686972246041, -3.966203090555403, -3.4877465457551455, 2.243374796306685, -6.257091272752156], Energy: -35.32620557017805
Eval count: 58, Parameters: [1.839249706797292, 1.4745291534574143, -6.306017926554652, -0.8027499246565936, -3.2787848486737814, -0.4342187090121332, 3.241422374871762, -0.8504796600305309, 2.374947953639367, 0.8024800726512568, 1.6285225159702341, -1.1780058998416598, 4.286238585457673, 5.391682712257586, 5.655163793173683, 5.095471277045611, 1.2972355646020999, 3.375233355198628, -4.226868923704537, 3.5805582759820545, 3.946686972246041, -3.966203090555403, -3.4877465457551455, 2.243374796306685, -6.257091272752156], Energy: -35.326205546858375
Eval count: 59, Parameters: [1.8392496918961307, 1.4745291683585755, -6.306017926554652, -0.8027499246565936, -3.2787848486737814, -0.4342187090121332, 3.241422374871762, -0.8504796600305309, 2.374947953639367, 0.8024800726512568, 1.6285225159702341, -1.1780058998416598, 4.286238585457673, 5.391682712257586, 5.655163793173683, 5.095471277045611, 1.2972355646020999, 3.375233355198628, -4.226868923704537, 3.5805582759820545, 3.946686972246041, -3.966203090555403, -3.4877465457551455, 2.243374796306685, -6.257091272752156], Energy: -35.32620560703259
Eval count: 60, Parameters: [1.8392496918961307, 1.4745291534574143, -6.306017911653491, -0.8027499246565936, -3.2787848486737814, -0.4342187090121332, 3.241422374871762, -0.8504796600305309, 2.374947953639367, 0.8024800726512568, 1.6285225159702341, -1.1780058998416598, 4.286238585457673, 5.391682712257586, 5.655163793173683, 5.095471277045611, 1.2972355646020999, 3.375233355198628, -4.226868923704537, 3.5805582759820545, 3.946686972246041, -3.966203090555403, -3.4877465457551455, 2.243374796306685, -6.257091272752156], Energy: -35.326205629113076
Eval count: 61, Parameters: [1.8392496918961307, 1.4745291534574143, -6.306017926554652, -0.8027499097554324, -3.2787848486737814, -0.4342187090121332, 3.241422374871762, -0.8504796600305309, 2.374947953639367, 0.8024800726512568, 1.6285225159702341, -1.1780058998416598, 4.286238585457673, 5.391682712257586, 5.655163793173683, 5.095471277045611, 1.2972355646020999, 3.375233355198628, -4.226868923704537, 3.5805582759820545, 3.946686972246041, -3.966203090555403, -3.4877465457551455, 2.243374796306685, -6.257091272752156], Energy: -35.32620557084556
Eval count: 62, Parameters: [1.8392496918961307, 1.4745291534574143, -6.306017926554652, -0.8027499246565936, -3.27878483377262, -0.4342187090121332, 3.241422374871762, -0.8504796600305309, 2.374947953639367, 0.8024800726512568, 1.6285225159702341, -1.1780058998416598, 4.286238585457673, 5.391682712257586, 5.655163793173683, 5.095471277045611, 1.2972355646020999, 3.375233355198628, -4.226868923704537, 3.5805582759820545, 3.946686972246041, -3.966203090555403, -3.4877465457551455, 2.243374796306685, -6.257091272752156], Energy: -35.32620556846848
Eval count: 63, Parameters: [1.8392496918961307, 1.4745291534574143, -6.306017926554652, -0.8027499246565936, -3.2787848486737814, -0.434218694110972, 3.241422374871762, -0.8504796600305309, 2.374947953639367, 0.8024800726512568, 1.6285225159702341, -1.1780058998416598, 4.286238585457673, 5.391682712257586, 5.655163793173683, 5.095471277045611, 1.2972355646020999, 3.375233355198628, -4.226868923704537, 3.5805582759820545, 3.946686972246041, -3.966203090555403, -3.4877465457551455, 2.243374796306685, -6.257091272752156], Energy: -35.32620557030185
Eval count: 64, Parameters: [1.8392496918961307, 1.4745291534574143, -6.306017926554652, -0.8027499246565936, -3.2787848486737814, -0.4342187090121332, 3.2414223897729233, -0.8504796600305309, 2.374947953639367, 0.8024800726512568, 1.6285225159702341, -1.1780058998416598, 4.286238585457673, 5.391682712257586, 5.655163793173683, 5.095471277045611, 1.2972355646020999, 3.375233355198628, -4.226868923704537, 3.5805582759820545, 3.946686972246041, -3.966203090555403, -3.4877465457551455, 2.243374796306685, -6.257091272752156], Energy: -35.32620557022875
Eval count: 65, Parameters: [1.8392496918961307, 1.4745291534574143, -6.306017926554652, -0.8027499246565936, -3.2787848486737814, -0.4342187090121332, 3.241422374871762, -0.8504796451293697, 2.374947953639367, 0.8024800726512568, 1.6285225159702341, -1.1780058998416598, 4.286238585457673, 5.391682712257586, 5.655163793173683, 5.095471277045611, 1.2972355646020999, 3.375233355198628, -4.226868923704537, 3.5805582759820545, 3.946686972246041, -3.966203090555403, -3.4877465457551455, 2.243374796306685, -6.257091272752156], Energy: -35.32620557018265
Eval count: 66, Parameters: [1.8392496918961307, 1.4745291534574143, -6.306017926554652, -0.8027499246565936, -3.2787848486737814, -0.4342187090121332, 3.241422374871762, -0.8504796600305309, 2.3749479685405284, 0.8024800726512568, 1.6285225159702341, -1.1780058998416598, 4.286238585457673, 5.391682712257586, 5.655163793173683, 5.095471277045611, 1.2972355646020999, 3.375233355198628, -4.226868923704537, 3.5805582759820545, 3.946686972246041, -3.966203090555403, -3.4877465457551455, 2.243374796306685, -6.257091272752156], Energy: -35.32620557017725
Eval count: 67, Parameters: [1.8392496918961307, 1.4745291534574143, -6.306017926554652, -0.8027499246565936, -3.2787848486737814, -0.4342187090121332, 3.241422374871762, -0.8504796600305309, 2.374947953639367, 0.802480087552418, 1.6285225159702341, -1.1780058998416598, 4.286238585457673, 5.391682712257586, 5.655163793173683, 5.095471277045611, 1.2972355646020999, 3.375233355198628, -4.226868923704537, 3.5805582759820545, 3.946686972246041, -3.966203090555403, -3.4877465457551455, 2.243374796306685, -6.257091272752156], Energy: -35.32620557017691
Eval count: 68, Parameters: [1.8392496918961307, 1.4745291534574143, -6.306017926554652, -0.8027499246565936, -3.2787848486737814, -0.4342187090121332, 3.241422374871762, -0.8504796600305309, 2.374947953639367, 0.8024800726512568, 1.6285225308713953, -1.1780058998416598, 4.286238585457673, 5.391682712257586, 5.655163793173683, 5.095471277045611, 1.2972355646020999, 3.375233355198628, -4.226868923704537, 3.5805582759820545, 3.946686972246041, -3.966203090555403, -3.4877465457551455, 2.243374796306685, -6.257091272752156], Energy: -35.326205570179525
Eval count: 69, Parameters: [1.8392496918961307, 1.4745291534574143, -6.306017926554652, -0.8027499246565936, -3.2787848486737814, -0.4342187090121332, 3.241422374871762, -0.8504796600305309, 2.374947953639367, 0.8024800726512568, 1.6285225159702341, -1.1780058849404986, 4.286238585457673, 5.391682712257586, 5.655163793173683, 5.095471277045611, 1.2972355646020999, 3.375233355198628, -4.226868923704537, 3.5805582759820545, 3.946686972246041, -3.966203090555403, -3.4877465457551455, 2.243374796306685, -6.257091272752156], Energy: -35.32620557017805
Eval count: 70, Parameters: [1.8392496918961307, 1.4745291534574143, -6.306017926554652, -0.8027499246565936, -3.2787848486737814, -0.4342187090121332, 3.241422374871762, -0.8504796600305309, 2.374947953639367, 0.8024800726512568, 1.6285225159702341, -1.1780058998416598, 4.286238600358834, 5.391682712257586, 5.655163793173683, 5.095471277045611, 1.2972355646020999, 3.375233355198628, -4.226868923704537, 3.5805582759820545, 3.946686972246041, -3.966203090555403, -3.4877465457551455, 2.243374796306685, -6.257091272752156], Energy: -35.32620557018072
Eval count: 71, Parameters: [1.8392496918961307, 1.4745291534574143, -6.306017926554652, -0.8027499246565936, -3.2787848486737814, -0.4342187090121332, 3.241422374871762, -0.8504796600305309, 2.374947953639367, 0.8024800726512568, 1.6285225159702341, -1.1780058998416598, 4.286238585457673, 5.391682727158747, 5.655163793173683, 5.095471277045611, 1.2972355646020999, 3.375233355198628, -4.226868923704537, 3.5805582759820545, 3.946686972246041, -3.966203090555403, -3.4877465457551455, 2.243374796306685, -6.257091272752156], Energy: -35.32620557017901
Eval count: 72, Parameters: [1.8392496918961307, 1.4745291534574143, -6.306017926554652, -0.8027499246565936, -3.2787848486737814, -0.4342187090121332, 3.241422374871762, -0.8504796600305309, 2.374947953639367, 0.8024800726512568, 1.6285225159702341, -1.1780058998416598, 4.286238585457673, 5.391682712257586, 5.655163808074844, 5.095471277045611, 1.2972355646020999, 3.375233355198628, -4.226868923704537, 3.5805582759820545, 3.946686972246041, -3.966203090555403, -3.4877465457551455, 2.243374796306685, -6.257091272752156], Energy: -35.32620557017901
Eval count: 73, Parameters: [1.8392496918961307, 1.4745291534574143, -6.306017926554652, -0.8027499246565936, -3.2787848486737814, -0.4342187090121332, 3.241422374871762, -0.8504796600305309, 2.374947953639367, 0.8024800726512568, 1.6285225159702341, -1.1780058998416598, 4.286238585457673, 5.391682712257586, 5.655163793173683, 5.095471291946772, 1.2972355646020999, 3.375233355198628, -4.226868923704537, 3.5805582759820545, 3.946686972246041, -3.966203090555403, -3.4877465457551455, 2.243374796306685, -6.257091272752156], Energy: -35.326205570178104
Eval count: 74, Parameters: [1.8392496918961307, 1.4745291534574143, -6.306017926554652, -0.8027499246565936, -3.2787848486737814, -0.4342187090121332, 3.241422374871762, -0.8504796600305309, 2.374947953639367, 0.8024800726512568, 1.6285225159702341, -1.1780058998416598, 4.286238585457673, 5.391682712257586, 5.655163793173683, 5.095471277045611, 1.297235579503261, 3.375233355198628, -4.226868923704537, 3.5805582759820545, 3.946686972246041, -3.966203090555403, -3.4877465457551455, 2.243374796306685, -6.257091272752156], Energy: -35.32620557017873
Eval count: 75, Parameters: [1.8392496918961307, 1.4745291534574143, -6.306017926554652, -0.8027499246565936, -3.2787848486737814, -0.4342187090121332, 3.241422374871762, -0.8504796600305309, 2.374947953639367, 0.8024800726512568, 1.6285225159702341, -1.1780058998416598, 4.286238585457673, 5.391682712257586, 5.655163793173683, 5.095471277045611, 1.2972355646020999, 3.375233370099789, -4.226868923704537, 3.5805582759820545, 3.946686972246041, -3.966203090555403, -3.4877465457551455, 2.243374796306685, -6.257091272752156], Energy: -35.32620557017822
Eval count: 76, Parameters: [1.8392496918961307, 1.4745291534574143, -6.306017926554652, -0.8027499246565936, -3.2787848486737814, -0.4342187090121332, 3.241422374871762, -0.8504796600305309, 2.374947953639367, 0.8024800726512568, 1.6285225159702341, -1.1780058998416598, 4.286238585457673, 5.391682712257586, 5.655163793173683, 5.095471277045611, 1.2972355646020999, 3.375233355198628, -4.226868908803376, 3.5805582759820545, 3.946686972246041, -3.966203090555403, -3.4877465457551455, 2.243374796306685, -6.257091272752156], Energy: -35.32620557017799
Eval count: 77, Parameters: [1.8392496918961307, 1.4745291534574143, -6.306017926554652, -0.8027499246565936, -3.2787848486737814, -0.4342187090121332, 3.241422374871762, -0.8504796600305309, 2.374947953639367, 0.8024800726512568, 1.6285225159702341, -1.1780058998416598, 4.286238585457673, 5.391682712257586, 5.655163793173683, 5.095471277045611, 1.2972355646020999, 3.375233355198628, -4.226868923704537, 3.5805582908832156, 3.946686972246041, -3.966203090555403, -3.4877465457551455, 2.243374796306685, -6.257091272752156], Energy: -35.326205570177706
Eval count: 78, Parameters: [1.8392496918961307, 1.4745291534574143, -6.306017926554652, -0.8027499246565936, -3.2787848486737814, -0.4342187090121332, 3.241422374871762, -0.8504796600305309, 2.374947953639367, 0.8024800726512568, 1.6285225159702341, -1.1780058998416598, 4.286238585457673, 5.391682712257586, 5.655163793173683, 5.095471277045611, 1.2972355646020999, 3.375233355198628, -4.226868923704537, 3.5805582759820545, 3.9466869871472023, -3.966203090555403, -3.4877465457551455, 2.243374796306685, -6.257091272752156], Energy: -35.326205570177876
Eval count: 79, Parameters: [1.8392496918961307, 1.4745291534574143, -6.306017926554652, -0.8027499246565936, -3.2787848486737814, -0.4342187090121332, 3.241422374871762, -0.8504796600305309, 2.374947953639367, 0.8024800726512568, 1.6285225159702341, -1.1780058998416598, 4.286238585457673, 5.391682712257586, 5.655163793173683, 5.095471277045611, 1.2972355646020999, 3.375233355198628, -4.226868923704537, 3.5805582759820545, 3.946686972246041, -3.9662030756542417, -3.4877465457551455, 2.243374796306685, -6.257091272752156], Energy: -35.326205570178104
Eval count: 80, Parameters: [1.8392496918961307, 1.4745291534574143, -6.306017926554652, -0.8027499246565936, -3.2787848486737814, -0.4342187090121332, 3.241422374871762, -0.8504796600305309, 2.374947953639367, 0.8024800726512568, 1.6285225159702341, -1.1780058998416598, 4.286238585457673, 5.391682712257586, 5.655163793173683, 5.095471277045611, 1.2972355646020999, 3.375233355198628, -4.226868923704537, 3.5805582759820545, 3.946686972246041, -3.966203090555403, -3.4877465308539843, 2.243374796306685, -6.257091272752156], Energy: -35.32620557017805
Eval count: 81, Parameters: [1.8392496918961307, 1.4745291534574143, -6.306017926554652, -0.8027499246565936, -3.2787848486737814, -0.4342187090121332, 3.241422374871762, -0.8504796600305309, 2.374947953639367, 0.8024800726512568, 1.6285225159702341, -1.1780058998416598, 4.286238585457673, 5.391682712257586, 5.655163793173683, 5.095471277045611, 1.2972355646020999, 3.375233355198628, -4.226868923704537, 3.5805582759820545, 3.946686972246041, -3.966203090555403, -3.4877465457551455, 2.243374811207846, -6.257091272752156], Energy: -35.32620557017805
Eval count: 82, Parameters: [1.8392496918961307, 1.4745291534574143, -6.306017926554652, -0.8027499246565936, -3.2787848486737814, -0.4342187090121332, 3.241422374871762, -0.8504796600305309, 2.374947953639367, 0.8024800726512568, 1.6285225159702341, -1.1780058998416598, 4.286238585457673, 5.391682712257586, 5.655163793173683, 5.095471277045611, 1.2972355646020999, 3.375233355198628, -4.226868923704537, 3.5805582759820545, 3.946686972246041, -3.966203090555403, -3.4877465457551455, 2.243374796306685, -6.257091257850995], Energy: -35.32620557017805
Eval count: 83, Parameters: [1.932628089727283, 2.0530509674350688, -5.275762181037971, -0.7745373168345068, -2.3239837487742117, -0.9393085347555584, 3.275539437876071, -0.8465123806954643, 2.3820409817695265, 0.803766690597681, 1.6293516146987927, -1.1780920539410358, 4.283776084557918, 5.3958700032210976, 5.657131888237446, 5.095640093272478, 1.2974175694893473, 3.3761227162311025, -4.226486915271308, 3.5804653123685526, 3.9467002847996797, -3.9662814812499083, -3.487721452464065, 2.2434041122380117, -6.257072426796303], Energy: -30.482083234938045
Eval count: 84, Parameters: [1.863526465923546, 1.6249348540699005, -6.038169189531123, -0.7954151328768143, -3.0305530190240284, -0.5655333583091997, 3.2502922232336107, -0.8494482357808324, 2.3767920187024383, 0.8028145711420258, 1.6287380673498586, -1.1780282984226023, 4.285598377665783, 5.392771335738704, 5.655675463969469, 5.095515166354991, 1.2972828827358676, 3.375464573738629, -4.226769608095944, 3.580534107044804, 3.9466904332805406, -3.966223470784884, -3.487740021931956, 2.2433824179435597, -6.257086373128451], Energy: -36.19064792851049
Eval count: 85, Parameters: [1.8635264808247072, 1.6249348540699005, -6.038169189531123, -0.7954151328768143, -3.0305530190240284, -0.5655333583091997, 3.2502922232336107, -0.8494482357808324, 2.3767920187024383, 0.8028145711420258, 1.6287380673498586, -1.1780282984226023, 4.285598377665783, 5.392771335738704, 5.655675463969469, 5.095515166354991, 1.2972828827358676, 3.375464573738629, -4.226769608095944, 3.580534107044804, 3.9466904332805406, -3.966223470784884, -3.487740021931956, 2.2433824179435597, -6.257086373128451], Energy: -36.19064790657279
Eval count: 86, Parameters: [1.863526465923546, 1.6249348689710617, -6.038169189531123, -0.7954151328768143, -3.0305530190240284, -0.5655333583091997, 3.2502922232336107, -0.8494482357808324, 2.3767920187024383, 0.8028145711420258, 1.6287380673498586, -1.1780282984226023, 4.285598377665783, 5.392771335738704, 5.655675463969469, 5.095515166354991, 1.2972828827358676, 3.375464573738629, -4.226769608095944, 3.580534107044804, 3.9466904332805406, -3.966223470784884, -3.487740021931956, 2.2433824179435597, -6.257086373128451], Energy: -36.19064792443726
Eval count: 87, Parameters: [1.863526465923546, 1.6249348540699005, -6.038169174629962, -0.7954151328768143, -3.0305530190240284, -0.5655333583091997, 3.2502922232336107, -0.8494482357808324, 2.3767920187024383, 0.8028145711420258, 1.6287380673498586, -1.1780282984226023, 4.285598377665783, 5.392771335738704, 5.655675463969469, 5.095515166354991, 1.2972828827358676, 3.375464573738629, -4.226769608095944, 3.580534107044804, 3.9466904332805406, -3.966223470784884, -3.487740021931956, 2.2433824179435597, -6.257086373128451], Energy: -36.19064793537888
Eval count: 88, Parameters: [1.863526465923546, 1.6249348540699005, -6.038169189531123, -0.7954151179756531, -3.0305530190240284, -0.5655333583091997, 3.2502922232336107, -0.8494482357808324, 2.3767920187024383, 0.8028145711420258, 1.6287380673498586, -1.1780282984226023, 4.285598377665783, 5.392771335738704, 5.655675463969469, 5.095515166354991, 1.2972828827358676, 3.375464573738629, -4.226769608095944, 3.580534107044804, 3.9466904332805406, -3.966223470784884, -3.487740021931956, 2.2433824179435597, -6.257086373128451], Energy: -36.19064791836621
Eval count: 89, Parameters: [1.863526465923546, 1.6249348540699005, -6.038169189531123, -0.7954151328768143, -3.030553004122867, -0.5655333583091997, 3.2502922232336107, -0.8494482357808324, 2.3767920187024383, 0.8028145711420258, 1.6287380673498586, -1.1780282984226023, 4.285598377665783, 5.392771335738704, 5.655675463969469, 5.095515166354991, 1.2972828827358676, 3.375464573738629, -4.226769608095944, 3.580534107044804, 3.9466904332805406, -3.966223470784884, -3.487740021931956, 2.2433824179435597, -6.257086373128451], Energy: -36.19064793849799
Eval count: 90, Parameters: [1.863526465923546, 1.6249348540699005, -6.038169189531123, -0.7954151328768143, -3.0305530190240284, -0.5655333434080385, 3.2502922232336107, -0.8494482357808324, 2.3767920187024383, 0.8028145711420258, 1.6287380673498586, -1.1780282984226023, 4.285598377665783, 5.392771335738704, 5.655675463969469, 5.095515166354991, 1.2972828827358676, 3.375464573738629, -4.226769608095944, 3.580534107044804, 3.9466904332805406, -3.966223470784884, -3.487740021931956, 2.2433824179435597, -6.257086373128451], Energy: -36.19064792974768
Eval count: 91, Parameters: [1.863526465923546, 1.6249348540699005, -6.038169189531123, -0.7954151328768143, -3.0305530190240284, -0.5655333583091997, 3.250292238134772, -0.8494482357808324, 2.3767920187024383, 0.8028145711420258, 1.6287380673498586, -1.1780282984226023, 4.285598377665783, 5.392771335738704, 5.655675463969469, 5.095515166354991, 1.2972828827358676, 3.375464573738629, -4.226769608095944, 3.580534107044804, 3.9466904332805406, -3.966223470784884, -3.487740021931956, 2.2433824179435597, -6.257086373128451], Energy: -36.19064792904123
Eval count: 92, Parameters: [1.863526465923546, 1.6249348540699005, -6.038169189531123, -0.7954151328768143, -3.0305530190240284, -0.5655333583091997, 3.2502922232336107, -0.8494482208796712, 2.3767920187024383, 0.8028145711420258, 1.6287380673498586, -1.1780282984226023, 4.285598377665783, 5.392771335738704, 5.655675463969469, 5.095515166354991, 1.2972828827358676, 3.375464573738629, -4.226769608095944, 3.580534107044804, 3.9466904332805406, -3.966223470784884, -3.487740021931956, 2.2433824179435597, -6.257086373128451], Energy: -36.19064792855869
Eval count: 93, Parameters: [1.863526465923546, 1.6249348540699005, -6.038169189531123, -0.7954151328768143, -3.0305530190240284, -0.5655333583091997, 3.2502922232336107, -0.8494482357808324, 2.3767920336035995, 0.8028145711420258, 1.6287380673498586, -1.1780282984226023, 4.285598377665783, 5.392771335738704, 5.655675463969469, 5.095515166354991, 1.2972828827358676, 3.375464573738629, -4.226769608095944, 3.580534107044804, 3.9466904332805406, -3.966223470784884, -3.487740021931956, 2.2433824179435597, -6.257086373128451], Energy: -36.19064792848894
Eval count: 94, Parameters: [1.863526465923546, 1.6249348540699005, -6.038169189531123, -0.7954151328768143, -3.0305530190240284, -0.5655333583091997, 3.2502922232336107, -0.8494482357808324, 2.3767920187024383, 0.802814586043187, 1.6287380673498586, -1.1780282984226023, 4.285598377665783, 5.392771335738704, 5.655675463969469, 5.095515166354991, 1.2972828827358676, 3.375464573738629, -4.226769608095944, 3.580534107044804, 3.9466904332805406, -3.966223470784884, -3.487740021931956, 2.2433824179435597, -6.257086373128451], Energy: -36.19064792849281
Eval count: 95, Parameters: [1.863526465923546, 1.6249348540699005, -6.038169189531123, -0.7954151328768143, -3.0305530190240284, -0.5655333583091997, 3.2502922232336107, -0.8494482357808324, 2.3767920187024383, 0.8028145711420258, 1.6287380822510198, -1.1780282984226023, 4.285598377665783, 5.392771335738704, 5.655675463969469, 5.095515166354991, 1.2972828827358676, 3.375464573738629, -4.226769608095944, 3.580534107044804, 3.9466904332805406, -3.966223470784884, -3.487740021931956, 2.2433824179435597, -6.257086373128451], Energy: -36.19064792852629
Eval count: 96, Parameters: [1.863526465923546, 1.6249348540699005, -6.038169189531123, -0.7954151328768143, -3.0305530190240284, -0.5655333583091997, 3.2502922232336107, -0.8494482357808324, 2.3767920187024383, 0.8028145711420258, 1.6287380673498586, -1.178028283521441, 4.285598377665783, 5.392771335738704, 5.655675463969469, 5.095515166354991, 1.2972828827358676, 3.375464573738629, -4.226769608095944, 3.580534107044804, 3.9466904332805406, -3.966223470784884, -3.487740021931956, 2.2433824179435597, -6.257086373128451], Energy: -36.190647928513215
Eval count: 97, Parameters: [1.863526465923546, 1.6249348540699005, -6.038169189531123, -0.7954151328768143, -3.0305530190240284, -0.5655333583091997, 3.2502922232336107, -0.8494482357808324, 2.3767920187024383, 0.8028145711420258, 1.6287380673498586, -1.1780282984226023, 4.2855983925669445, 5.392771335738704, 5.655675463969469, 5.095515166354991, 1.2972828827358676, 3.375464573738629, -4.226769608095944, 3.580534107044804, 3.9466904332805406, -3.966223470784884, -3.487740021931956, 2.2433824179435597, -6.257086373128451], Energy: -36.190647928543456
Eval count: 98, Parameters: [1.863526465923546, 1.6249348540699005, -6.038169189531123, -0.7954151328768143, -3.0305530190240284, -0.5655333583091997, 3.2502922232336107, -0.8494482357808324, 2.3767920187024383, 0.8028145711420258, 1.6287380673498586, -1.1780282984226023, 4.285598377665783, 5.392771350639865, 5.655675463969469, 5.095515166354991, 1.2972828827358676, 3.375464573738629, -4.226769608095944, 3.580534107044804, 3.9466904332805406, -3.966223470784884, -3.487740021931956, 2.2433824179435597, -6.257086373128451], Energy: -36.1906479285156
Eval count: 99, Parameters: [1.863526465923546, 1.6249348540699005, -6.038169189531123, -0.7954151328768143, -3.0305530190240284, -0.5655333583091997, 3.2502922232336107, -0.8494482357808324, 2.3767920187024383, 0.8028145711420258, 1.6287380673498586, -1.1780282984226023, 4.285598377665783, 5.392771335738704, 5.65567547887063, 5.095515166354991, 1.2972828827358676, 3.375464573738629, -4.226769608095944, 3.580534107044804, 3.9466904332805406, -3.966223470784884, -3.487740021931956, 2.2433824179435597, -6.257086373128451], Energy: -36.19064792852009
Eval count: 100, Parameters: [1.863526465923546, 1.6249348540699005, -6.038169189531123, -0.7954151328768143, -3.0305530190240284, -0.5655333583091997, 3.2502922232336107, -0.8494482357808324, 2.3767920187024383, 0.8028145711420258, 1.6287380673498586, -1.1780282984226023, 4.285598377665783, 5.392771335738704, 5.655675463969469, 5.095515181256152, 1.2972828827358676, 3.375464573738629, -4.226769608095944, 3.580534107044804, 3.9466904332805406, -3.966223470784884, -3.487740021931956, 2.2433824179435597, -6.257086373128451], Energy: -36.19064792851009
Eval count: 101, Parameters: [1.863526465923546, 1.6249348540699005, -6.038169189531123, -0.7954151328768143, -3.0305530190240284, -0.5655333583091997, 3.2502922232336107, -0.8494482357808324, 2.3767920187024383, 0.8028145711420258, 1.6287380673498586, -1.1780282984226023, 4.285598377665783, 5.392771335738704, 5.655675463969469, 5.095515166354991, 1.2972828976370288, 3.375464573738629, -4.226769608095944, 3.580534107044804, 3.9466904332805406, -3.966223470784884, -3.487740021931956, 2.2433824179435597, -6.257086373128451], Energy: -36.19064792851913
Eval count: 102, Parameters: [1.863526465923546, 1.6249348540699005, -6.038169189531123, -0.7954151328768143, -3.0305530190240284, -0.5655333583091997, 3.2502922232336107, -0.8494482357808324, 2.3767920187024383, 0.8028145711420258, 1.6287380673498586, -1.1780282984226023, 4.285598377665783, 5.392771335738704, 5.655675463969469, 5.095515166354991, 1.2972828827358676, 3.3754645886397903, -4.226769608095944, 3.580534107044804, 3.9466904332805406, -3.966223470784884, -3.487740021931956, 2.2433824179435597, -6.257086373128451], Energy: -36.19064792851157
Eval count: 103, Parameters: [1.863526465923546, 1.6249348540699005, -6.038169189531123, -0.7954151328768143, -3.0305530190240284, -0.5655333583091997, 3.2502922232336107, -0.8494482357808324, 2.3767920187024383, 0.8028145711420258, 1.6287380673498586, -1.1780282984226023, 4.285598377665783, 5.392771335738704, 5.655675463969469, 5.095515166354991, 1.2972828827358676, 3.375464573738629, -4.226769593194783, 3.580534107044804, 3.9466904332805406, -3.966223470784884, -3.487740021931956, 2.2433824179435597, -6.257086373128451], Energy: -36.19064792850969
Eval count: 104, Parameters: [1.863526465923546, 1.6249348540699005, -6.038169189531123, -0.7954151328768143, -3.0305530190240284, -0.5655333583091997, 3.2502922232336107, -0.8494482357808324, 2.3767920187024383, 0.8028145711420258, 1.6287380673498586, -1.1780282984226023, 4.285598377665783, 5.392771335738704, 5.655675463969469, 5.095515166354991, 1.2972828827358676, 3.375464573738629, -4.226769608095944, 3.580534121945965, 3.9466904332805406, -3.966223470784884, -3.487740021931956, 2.2433824179435597, -6.257086373128451], Energy: -36.1906479285077
Eval count: 105, Parameters: [1.863526465923546, 1.6249348540699005, -6.038169189531123, -0.7954151328768143, -3.0305530190240284, -0.5655333583091997, 3.2502922232336107, -0.8494482357808324, 2.3767920187024383, 0.8028145711420258, 1.6287380673498586, -1.1780282984226023, 4.285598377665783, 5.392771335738704, 5.655675463969469, 5.095515166354991, 1.2972828827358676, 3.375464573738629, -4.226769608095944, 3.580534107044804, 3.946690448181702, -3.966223470784884, -3.487740021931956, 2.2433824179435597, -6.257086373128451], Energy: -36.19064792851009
Eval count: 106, Parameters: [1.863526465923546, 1.6249348540699005, -6.038169189531123, -0.7954151328768143, -3.0305530190240284, -0.5655333583091997, 3.2502922232336107, -0.8494482357808324, 2.3767920187024383, 0.8028145711420258, 1.6287380673498586, -1.1780282984226023, 4.285598377665783, 5.392771335738704, 5.655675463969469, 5.095515166354991, 1.2972828827358676, 3.375464573738629, -4.226769608095944, 3.580534107044804, 3.9466904332805406, -3.9662234558837226, -3.487740021931956, 2.2433824179435597, -6.257086373128451], Energy: -36.19064792851083
Eval count: 107, Parameters: [1.863526465923546, 1.6249348540699005, -6.038169189531123, -0.7954151328768143, -3.0305530190240284, -0.5655333583091997, 3.2502922232336107, -0.8494482357808324, 2.3767920187024383, 0.8028145711420258, 1.6287380673498586, -1.1780282984226023, 4.285598377665783, 5.392771335738704, 5.655675463969469, 5.095515166354991, 1.2972828827358676, 3.375464573738629, -4.226769608095944, 3.580534107044804, 3.9466904332805406, -3.966223470784884, -3.4877400070307947, 2.2433824179435597, -6.257086373128451], Energy: -36.1906479285102
Eval count: 108, Parameters: [1.863526465923546, 1.6249348540699005, -6.038169189531123, -0.7954151328768143, -3.0305530190240284, -0.5655333583091997, 3.2502922232336107, -0.8494482357808324, 2.3767920187024383, 0.8028145711420258, 1.6287380673498586, -1.1780282984226023, 4.285598377665783, 5.392771335738704, 5.655675463969469, 5.095515166354991, 1.2972828827358676, 3.375464573738629, -4.226769608095944, 3.580534107044804, 3.9466904332805406, -3.966223470784884, -3.487740021931956, 2.243382432844721, -6.257086373128451], Energy: -36.19064792851037
Eval count: 109, Parameters: [1.863526465923546, 1.6249348540699005, -6.038169189531123, -0.7954151328768143, -3.0305530190240284, -0.5655333583091997, 3.2502922232336107, -0.8494482357808324, 2.3767920187024383, 0.8028145711420258, 1.6287380673498586, -1.1780282984226023, 4.285598377665783, 5.392771335738704, 5.655675463969469, 5.095515166354991, 1.2972828827358676, 3.375464573738629, -4.226769608095944, 3.580534107044804, 3.9466904332805406, -3.966223470784884, -3.487740021931956, 2.2433824179435597, -6.25708635822729], Energy: -36.1906479285106
Eval count: 110, Parameters: [0.5288179105873283, 1.8336864899184138, -5.669151771834761, -1.6044918102823487, -1.476435662621285, -0.8311358234073956, 3.3117265679528303, -0.8432722771393516, 2.380096498204038, 0.8024283691726949, 1.6304369250685367, -1.1778608482335917, 4.286241674496658, 5.396033795663836, 5.6577171634413155, 5.095593184779438, 1.2980301472531615, 3.376158157110564, -4.2265605136433395, 3.5802734826249103, 3.9466747667025874, -3.9662552285765464, -3.4877431841900433, 2.2433940149844074, -6.257064263244761], Energy: -27.61656661193956
Eval count: 111, Parameters: [1.6642373169363955, 1.6561041574294988, -5.983070144245077, -0.9162206839170436, -2.798503314880457, -0.6051912214634335, 3.2594651608226655, -0.8485260857452162, 2.377285419981007, 0.8027569062222218, 1.6289917286511606, -1.1780032959563094, 4.28569443015414, 5.393258462954218, 5.655980315952776, 5.095526815508921, 1.2973944589366226, 3.3755681346541504, -4.226738387605635, 3.580495192467806, 3.946688094059011, -3.9662282126315205, -3.4877404940977486, 2.243384149530873, -6.257083071838528], Energy: -36.33149477398757
Eval count: 112, Parameters: [1.6642373318375567, 1.6561041574294988, -5.983070144245077, -0.9162206839170436, -2.798503314880457, -0.6051912214634335, 3.2594651608226655, -0.8485260857452162, 2.377285419981007, 0.8027569062222218, 1.6289917286511606, -1.1780032959563094, 4.28569443015414, 5.393258462954218, 5.655980315952776, 5.095526815508921, 1.2973944589366226, 3.3755681346541504, -4.226738387605635, 3.580495192467806, 3.946688094059011, -3.9662282126315205, -3.4877404940977486, 2.243384149530873, -6.257083071838528], Energy: -36.33149480304439
Eval count: 113, Parameters: [1.6642373169363955, 1.65610417233066, -5.983070144245077, -0.9162206839170436, -2.798503314880457, -0.6051912214634335, 3.2594651608226655, -0.8485260857452162, 2.377285419981007, 0.8027569062222218, 1.6289917286511606, -1.1780032959563094, 4.28569443015414, 5.393258462954218, 5.655980315952776, 5.095526815508921, 1.2973944589366226, 3.3755681346541504, -4.226738387605635, 3.580495192467806, 3.946688094059011, -3.9662282126315205, -3.4877404940977486, 2.243384149530873, -6.257083071838528], Energy: -36.33149474963028
Eval count: 114, Parameters: [1.6642373169363955, 1.6561041574294988, -5.983070129343916, -0.9162206839170436, -2.798503314880457, -0.6051912214634335, 3.2594651608226655, -0.8485260857452162, 2.377285419981007, 0.8027569062222218, 1.6289917286511606, -1.1780032959563094, 4.28569443015414, 5.393258462954218, 5.655980315952776, 5.095526815508921, 1.2973944589366226, 3.3755681346541504, -4.226738387605635, 3.580495192467806, 3.946688094059011, -3.9662282126315205, -3.4877404940977486, 2.243384149530873, -6.257083071838528], Energy: -36.33149476619815
Eval count: 115, Parameters: [1.6642373169363955, 1.6561041574294988, -5.983070144245077, -0.9162206690158824, -2.798503314880457, -0.6051912214634335, 3.2594651608226655, -0.8485260857452162, 2.377285419981007, 0.8027569062222218, 1.6289917286511606, -1.1780032959563094, 4.28569443015414, 5.393258462954218, 5.655980315952776, 5.095526815508921, 1.2973944589366226, 3.3755681346541504, -4.226738387605635, 3.580495192467806, 3.946688094059011, -3.9662282126315205, -3.4877404940977486, 2.243384149530873, -6.257083071838528], Energy: -36.3314947604419
Eval count: 116, Parameters: [1.6642373169363955, 1.6561041574294988, -5.983070144245077, -0.9162206839170436, -2.798503299979296, -0.6051912214634335, 3.2594651608226655, -0.8485260857452162, 2.377285419981007, 0.8027569062222218, 1.6289917286511606, -1.1780032959563094, 4.28569443015414, 5.393258462954218, 5.655980315952776, 5.095526815508921, 1.2973944589366226, 3.3755681346541504, -4.226738387605635, 3.580495192467806, 3.946688094059011, -3.9662282126315205, -3.4877404940977486, 2.243384149530873, -6.257083071838528], Energy: -36.33149477852237
Eval count: 117, Parameters: [1.6642373169363955, 1.6561041574294988, -5.983070144245077, -0.9162206839170436, -2.798503314880457, -0.6051912065622723, 3.2594651608226655, -0.8485260857452162, 2.377285419981007, 0.8027569062222218, 1.6289917286511606, -1.1780032959563094, 4.28569443015414, 5.393258462954218, 5.655980315952776, 5.095526815508921, 1.2973944589366226, 3.3755681346541504, -4.226738387605635, 3.580495192467806, 3.946688094059011, -3.9662282126315205, -3.4877404940977486, 2.243384149530873, -6.257083071838528], Energy: -36.33149477941038
Eval count: 118, Parameters: [1.6642373169363955, 1.6561041574294988, -5.983070144245077, -0.9162206839170436, -2.798503314880457, -0.6051912214634335, 3.2594651757238267, -0.8485260857452162, 2.377285419981007, 0.8027569062222218, 1.6289917286511606, -1.1780032959563094, 4.28569443015414, 5.393258462954218, 5.655980315952776, 5.095526815508921, 1.2973944589366226, 3.3755681346541504, -4.226738387605635, 3.580495192467806, 3.946688094059011, -3.9662282126315205, -3.4877404940977486, 2.243384149530873, -6.257083071838528], Energy: -36.331494776588215
Eval count: 119, Parameters: [1.6642373169363955, 1.6561041574294988, -5.983070144245077, -0.9162206839170436, -2.798503314880457, -0.6051912214634335, 3.2594651608226655, -0.848526070844055, 2.377285419981007, 0.8027569062222218, 1.6289917286511606, -1.1780032959563094, 4.28569443015414, 5.393258462954218, 5.655980315952776, 5.095526815508921, 1.2973944589366226, 3.3755681346541504, -4.226738387605635, 3.580495192467806, 3.946688094059011, -3.9662282126315205, -3.4877404940977486, 2.243384149530873, -6.257083071838528], Energy: -36.331494774165265
Eval count: 120, Parameters: [1.6642373169363955, 1.6561041574294988, -5.983070144245077, -0.9162206839170436, -2.798503314880457, -0.6051912214634335, 3.2594651608226655, -0.8485260857452162, 2.377285434882168, 0.8027569062222218, 1.6289917286511606, -1.1780032959563094, 4.28569443015414, 5.393258462954218, 5.655980315952776, 5.095526815508921, 1.2973944589366226, 3.3755681346541504, -4.226738387605635, 3.580495192467806, 3.946688094059011, -3.9662282126315205, -3.4877404940977486, 2.243384149530873, -6.257083071838528], Energy: -36.331494773846885
Eval count: 121, Parameters: [1.6642373169363955, 1.6561041574294988, -5.983070144245077, -0.9162206839170436, -2.798503314880457, -0.6051912214634335, 3.2594651608226655, -0.8485260857452162, 2.377285419981007, 0.802756921123383, 1.6289917286511606, -1.1780032959563094, 4.28569443015414, 5.393258462954218, 5.655980315952776, 5.095526815508921, 1.2973944589366226, 3.3755681346541504, -4.226738387605635, 3.580495192467806, 3.946688094059011, -3.9662282126315205, -3.4877404940977486, 2.243384149530873, -6.257083071838528], Energy: -36.33149477391527
Eval count: 122, Parameters: [1.6642373169363955, 1.6561041574294988, -5.983070144245077, -0.9162206839170436, -2.798503314880457, -0.6051912214634335, 3.2594651608226655, -0.8485260857452162, 2.377285419981007, 0.8027569062222218, 1.6289917435523218, -1.1780032959563094, 4.28569443015414, 5.393258462954218, 5.655980315952776, 5.095526815508921, 1.2973944589366226, 3.3755681346541504, -4.226738387605635, 3.580495192467806, 3.946688094059011, -3.9662282126315205, -3.4877404940977486, 2.243384149530873, -6.257083071838528], Energy: -36.331494774068744
Eval count: 123, Parameters: [1.6642373169363955, 1.6561041574294988, -5.983070144245077, -0.9162206839170436, -2.798503314880457, -0.6051912214634335, 3.2594651608226655, -0.8485260857452162, 2.377285419981007, 0.8027569062222218, 1.6289917286511606, -1.1780032810551482, 4.28569443015414, 5.393258462954218, 5.655980315952776, 5.095526815508921, 1.2973944589366226, 3.3755681346541504, -4.226738387605635, 3.580495192467806, 3.946688094059011, -3.9662282126315205, -3.4877404940977486, 2.243384149530873, -6.257083071838528], Energy: -36.33149477399337
Eval count: 124, Parameters: [1.6642373169363955, 1.6561041574294988, -5.983070144245077, -0.9162206839170436, -2.798503314880457, -0.6051912214634335, 3.2594651608226655, -0.8485260857452162, 2.377285419981007, 0.8027569062222218, 1.6289917286511606, -1.1780032959563094, 4.285694445055301, 5.393258462954218, 5.655980315952776, 5.095526815508921, 1.2973944589366226, 3.3755681346541504, -4.226738387605635, 3.580495192467806, 3.946688094059011, -3.9662282126315205, -3.4877404940977486, 2.243384149530873, -6.257083071838528], Energy: -36.33149477415793
Eval count: 125, Parameters: [1.6642373169363955, 1.6561041574294988, -5.983070144245077, -0.9162206839170436, -2.798503314880457, -0.6051912214634335, 3.2594651608226655, -0.8485260857452162, 2.377285419981007, 0.8027569062222218, 1.6289917286511606, -1.1780032959563094, 4.28569443015414, 5.39325847785538, 5.655980315952776, 5.095526815508921, 1.2973944589366226, 3.3755681346541504, -4.226738387605635, 3.580495192467806, 3.946688094059011, -3.9662282126315205, -3.4877404940977486, 2.243384149530873, -6.257083071838528], Energy: -36.3314947740007
Eval count: 126, Parameters: [1.6642373169363955, 1.6561041574294988, -5.983070144245077, -0.9162206839170436, -2.798503314880457, -0.6051912214634335, 3.2594651608226655, -0.8485260857452162, 2.377285419981007, 0.8027569062222218, 1.6289917286511606, -1.1780032959563094, 4.28569443015414, 5.393258462954218, 5.655980330853938, 5.095526815508921, 1.2973944589366226, 3.3755681346541504, -4.226738387605635, 3.580495192467806, 3.946688094059011, -3.9662282126315205, -3.4877404940977486, 2.243384149530873, -6.257083071838528], Energy: -36.331494774026226
Eval count: 127, Parameters: [1.6642373169363955, 1.6561041574294988, -5.983070144245077, -0.9162206839170436, -2.798503314880457, -0.6051912214634335, 3.2594651608226655, -0.8485260857452162, 2.377285419981007, 0.8027569062222218, 1.6289917286511606, -1.1780032959563094, 4.28569443015414, 5.393258462954218, 5.655980315952776, 5.0955268304100825, 1.2973944589366226, 3.3755681346541504, -4.226738387605635, 3.580495192467806, 3.946688094059011, -3.9662282126315205, -3.4877404940977486, 2.243384149530873, -6.257083071838528], Energy: -36.33149477398291
Eval count: 128, Parameters: [1.6642373169363955, 1.6561041574294988, -5.983070144245077, -0.9162206839170436, -2.798503314880457, -0.6051912214634335, 3.2594651608226655, -0.8485260857452162, 2.377285419981007, 0.8027569062222218, 1.6289917286511606, -1.1780032959563094, 4.28569443015414, 5.393258462954218, 5.655980315952776, 5.095526815508921, 1.2973944738377838, 3.3755681346541504, -4.226738387605635, 3.580495192467806, 3.946688094059011, -3.9662282126315205, -3.4877404940977486, 2.243384149530873, -6.257083071838528], Energy: -36.33149477402134
Eval count: 129, Parameters: [1.6642373169363955, 1.6561041574294988, -5.983070144245077, -0.9162206839170436, -2.798503314880457, -0.6051912214634335, 3.2594651608226655, -0.8485260857452162, 2.377285419981007, 0.8027569062222218, 1.6289917286511606, -1.1780032959563094, 4.28569443015414, 5.393258462954218, 5.655980315952776, 5.095526815508921, 1.2973944589366226, 3.3755681495553116, -4.226738387605635, 3.580495192467806, 3.946688094059011, -3.9662282126315205, -3.4877404940977486, 2.243384149530873, -6.257083071838528], Energy: -36.331494773997406
Eval count: 130, Parameters: [1.6642373169363955, 1.6561041574294988, -5.983070144245077, -0.9162206839170436, -2.798503314880457, -0.6051912214634335, 3.2594651608226655, -0.8485260857452162, 2.377285419981007, 0.8027569062222218, 1.6289917286511606, -1.1780032959563094, 4.28569443015414, 5.393258462954218, 5.655980315952776, 5.095526815508921, 1.2973944589366226, 3.3755681346541504, -4.226738372704474, 3.580495192467806, 3.946688094059011, -3.9662282126315205, -3.4877404940977486, 2.243384149530873, -6.257083071838528], Energy: -36.331494773980864
Eval count: 131, Parameters: [1.6642373169363955, 1.6561041574294988, -5.983070144245077, -0.9162206839170436, -2.798503314880457, -0.6051912214634335, 3.2594651608226655, -0.8485260857452162, 2.377285419981007, 0.8027569062222218, 1.6289917286511606, -1.1780032959563094, 4.28569443015414, 5.393258462954218, 5.655980315952776, 5.095526815508921, 1.2973944589366226, 3.3755681346541504, -4.226738387605635, 3.5804952073689673, 3.946688094059011, -3.9662282126315205, -3.4877404940977486, 2.243384149530873, -6.257083071838528], Energy: -36.33149477397677
Eval count: 132, Parameters: [1.6642373169363955, 1.6561041574294988, -5.983070144245077, -0.9162206839170436, -2.798503314880457, -0.6051912214634335, 3.2594651608226655, -0.8485260857452162, 2.377285419981007, 0.8027569062222218, 1.6289917286511606, -1.1780032959563094, 4.28569443015414, 5.393258462954218, 5.655980315952776, 5.095526815508921, 1.2973944589366226, 3.3755681346541504, -4.226738387605635, 3.580495192467806, 3.9466881089601724, -3.9662282126315205, -3.4877404940977486, 2.243384149530873, -6.257083071838528], Energy: -36.33149477398507
Eval count: 133, Parameters: [1.6642373169363955, 1.6561041574294988, -5.983070144245077, -0.9162206839170436, -2.798503314880457, -0.6051912214634335, 3.2594651608226655, -0.8485260857452162, 2.377285419981007, 0.8027569062222218, 1.6289917286511606, -1.1780032959563094, 4.28569443015414, 5.393258462954218, 5.655980315952776, 5.095526815508921, 1.2973944589366226, 3.3755681346541504, -4.226738387605635, 3.580495192467806, 3.946688094059011, -3.9662281977303593, -3.4877404940977486, 2.243384149530873, -6.257083071838528], Energy: -36.33149477398996
Eval count: 134, Parameters: [1.6642373169363955, 1.6561041574294988, -5.983070144245077, -0.9162206839170436, -2.798503314880457, -0.6051912214634335, 3.2594651608226655, -0.8485260857452162, 2.377285419981007, 0.8027569062222218, 1.6289917286511606, -1.1780032959563094, 4.28569443015414, 5.393258462954218, 5.655980315952776, 5.095526815508921, 1.2973944589366226, 3.3755681346541504, -4.226738387605635, 3.580495192467806, 3.946688094059011, -3.9662282126315205, -3.4877404791965874, 2.243384149530873, -6.257083071838528], Energy: -36.331494773986265
Eval count: 135, Parameters: [1.6642373169363955, 1.6561041574294988, -5.983070144245077, -0.9162206839170436, -2.798503314880457, -0.6051912214634335, 3.2594651608226655, -0.8485260857452162, 2.377285419981007, 0.8027569062222218, 1.6289917286511606, -1.1780032959563094, 4.28569443015414, 5.393258462954218, 5.655980315952776, 5.095526815508921, 1.2973944589366226, 3.3755681346541504, -4.226738387605635, 3.580495192467806, 3.946688094059011, -3.9662282126315205, -3.4877404940977486, 2.243384164432034, -6.257083071838528], Energy: -36.33149477398723
Eval count: 136, Parameters: [1.6642373169363955, 1.6561041574294988, -5.983070144245077, -0.9162206839170436, -2.798503314880457, -0.6051912214634335, 3.2594651608226655, -0.8485260857452162, 2.377285419981007, 0.8027569062222218, 1.6289917286511606, -1.1780032959563094, 4.28569443015414, 5.393258462954218, 5.655980315952776, 5.095526815508921, 1.2973944589366226, 3.3755681346541504, -4.226738387605635, 3.580495192467806, 3.946688094059011, -3.9662282126315205, -3.4877404940977486, 2.243384149530873, -6.2570830569373665], Energy: -36.33149477398763
Eval count: 137, Parameters: [1.8564542116248133, 1.6571885043849348, -5.599408320584225, -1.9431778988722939, -1.9952240684685751, -0.38249767408607066, 3.3929082339234005, -0.8388617304006669, 2.371083778727074, 0.7991503955572049, 1.6331067311722762, -1.1776305704916132, 4.2939184494845914, 5.394404011542009, 5.65815290259714, 5.095315669918834, 1.2991649815810806, 3.3761165579962267, -4.227016674404451, 3.579927224602586, 3.9465691815409714, -3.966122805224629, -3.487803846187302, 2.243367814783746, -6.257073974531811], Energy: -34.9553539515594
Eval count: 138, Parameters: [1.713632338676611, 1.656382807969164, -5.8844784769967955, -1.1801234695759901, -2.5920802743652276, -0.5479644483853364, 3.2937567537004746, -0.8460425837454414, 2.375691750470012, 0.8018301215449769, 1.6300491832485884, -1.177907514664755, 4.287807801168057, 5.393552840810495, 5.656538617369022, 5.095472556277288, 1.2978494397782199, 3.3757090659856477, -4.226809900479151, 3.5803492386738083, 3.946657536461963, -3.9662011255163976, -3.4877567740290516, 2.243379951901987, -6.2570807340541], Energy: -36.563291663812606
Eval count: 139, Parameters: [1.7136323535777722, 1.656382807969164, -5.8844784769967955, -1.1801234695759901, -2.5920802743652276, -0.5479644483853364, 3.2937567537004746, -0.8460425837454414, 2.375691750470012, 0.8018301215449769, 1.6300491832485884, -1.177907514664755, 4.287807801168057, 5.393552840810495, 5.656538617369022, 5.095472556277288, 1.2978494397782199, 3.3757090659856477, -4.226809900479151, 3.5803492386738083, 3.946657536461963, -3.9662011255163976, -3.4877567740290516, 2.243379951901987, -6.2570807340541], Energy: -36.56329168345195
Eval count: 140, Parameters: [1.713632338676611, 1.6563828228703252, -5.8844784769967955, -1.1801234695759901, -2.5920802743652276, -0.5479644483853364, 3.2937567537004746, -0.8460425837454414, 2.375691750470012, 0.8018301215449769, 1.6300491832485884, -1.177907514664755, 4.287807801168057, 5.393552840810495, 5.656538617369022, 5.095472556277288, 1.2978494397782199, 3.3757090659856477, -4.226809900479151, 3.5803492386738083, 3.946657536461963, -3.9662011255163976, -3.4877567740290516, 2.243379951901987, -6.2570807340541], Energy: -36.56329163857532
Eval count: 141, Parameters: [1.713632338676611, 1.656382807969164, -5.884478462095634, -1.1801234695759901, -2.5920802743652276, -0.5479644483853364, 3.2937567537004746, -0.8460425837454414, 2.375691750470012, 0.8018301215449769, 1.6300491832485884, -1.177907514664755, 4.287807801168057, 5.393552840810495, 5.656538617369022, 5.095472556277288, 1.2978494397782199, 3.3757090659856477, -4.226809900479151, 3.5803492386738083, 3.946657536461963, -3.9662011255163976, -3.4877567740290516, 2.243379951901987, -6.2570807340541], Energy: -36.56329162801342
Eval count: 142, Parameters: [1.713632338676611, 1.656382807969164, -5.8844784769967955, -1.180123454674829, -2.5920802743652276, -0.5479644483853364, 3.2937567537004746, -0.8460425837454414, 2.375691750470012, 0.8018301215449769, 1.6300491832485884, -1.177907514664755, 4.287807801168057, 5.393552840810495, 5.656538617369022, 5.095472556277288, 1.2978494397782199, 3.3757090659856477, -4.226809900479151, 3.5803492386738083, 3.946657536461963, -3.9662011255163976, -3.4877567740290516, 2.243379951901987, -6.2570807340541], Energy: -36.5632916525621
Eval count: 143, Parameters: [1.713632338676611, 1.656382807969164, -5.8844784769967955, -1.1801234695759901, -2.5920802594640664, -0.5479644483853364, 3.2937567537004746, -0.8460425837454414, 2.375691750470012, 0.8018301215449769, 1.6300491832485884, -1.177907514664755, 4.287807801168057, 5.393552840810495, 5.656538617369022, 5.095472556277288, 1.2978494397782199, 3.3757090659856477, -4.226809900479151, 3.5803492386738083, 3.946657536461963, -3.9662011255163976, -3.4877567740290516, 2.243379951901987, -6.2570807340541], Energy: -36.56329166150789
Eval count: 144, Parameters: [1.713632338676611, 1.656382807969164, -5.8844784769967955, -1.1801234695759901, -2.5920802743652276, -0.5479644334841752, 3.2937567537004746, -0.8460425837454414, 2.375691750470012, 0.8018301215449769, 1.6300491832485884, -1.177907514664755, 4.287807801168057, 5.393552840810495, 5.656538617369022, 5.095472556277288, 1.2978494397782199, 3.3757090659856477, -4.226809900479151, 3.5803492386738083, 3.946657536461963, -3.9662011255163976, -3.4877567740290516, 2.243379951901987, -6.2570807340541], Energy: -36.56329167459546
Eval count: 145, Parameters: [1.713632338676611, 1.656382807969164, -5.8844784769967955, -1.1801234695759901, -2.5920802743652276, -0.5479644483853364, 3.293756768601636, -0.8460425837454414, 2.375691750470012, 0.8018301215449769, 1.6300491832485884, -1.177907514664755, 4.287807801168057, 5.393552840810495, 5.656538617369022, 5.095472556277288, 1.2978494397782199, 3.3757090659856477, -4.226809900479151, 3.5803492386738083, 3.946657536461963, -3.9662011255163976, -3.4877567740290516, 2.243379951901987, -6.2570807340541], Energy: -36.5632916702117
Eval count: 146, Parameters: [1.713632338676611, 1.656382807969164, -5.8844784769967955, -1.1801234695759901, -2.5920802743652276, -0.5479644483853364, 3.2937567537004746, -0.8460425688442802, 2.375691750470012, 0.8018301215449769, 1.6300491832485884, -1.177907514664755, 4.287807801168057, 5.393552840810495, 5.656538617369022, 5.095472556277288, 1.2978494397782199, 3.3757090659856477, -4.226809900479151, 3.5803492386738083, 3.946657536461963, -3.9662011255163976, -3.4877567740290516, 2.243379951901987, -6.2570807340541], Energy: -36.56329166429282
Eval count: 147, Parameters: [1.713632338676611, 1.656382807969164, -5.8844784769967955, -1.1801234695759901, -2.5920802743652276, -0.5479644483853364, 3.2937567537004746, -0.8460425837454414, 2.3756917653711733, 0.8018301215449769, 1.6300491832485884, -1.177907514664755, 4.287807801168057, 5.393552840810495, 5.656538617369022, 5.095472556277288, 1.2978494397782199, 3.3757090659856477, -4.226809900479151, 3.5803492386738083, 3.946657536461963, -3.9662011255163976, -3.4877567740290516, 2.243379951901987, -6.2570807340541], Energy: -36.56329166346859
Eval count: 148, Parameters: [1.713632338676611, 1.656382807969164, -5.8844784769967955, -1.1801234695759901, -2.5920802743652276, -0.5479644483853364, 3.2937567537004746, -0.8460425837454414, 2.375691750470012, 0.8018301364461381, 1.6300491832485884, -1.177907514664755, 4.287807801168057, 5.393552840810495, 5.656538617369022, 5.095472556277288, 1.2978494397782199, 3.3757090659856477, -4.226809900479151, 3.5803492386738083, 3.946657536461963, -3.9662011255163976, -3.4877567740290516, 2.243379951901987, -6.2570807340541], Energy: -36.5632916635916
Eval count: 149, Parameters: [1.713632338676611, 1.656382807969164, -5.8844784769967955, -1.1801234695759901, -2.5920802743652276, -0.5479644483853364, 3.2937567537004746, -0.8460425837454414, 2.375691750470012, 0.8018301215449769, 1.6300491981497496, -1.177907514664755, 4.287807801168057, 5.393552840810495, 5.656538617369022, 5.095472556277288, 1.2978494397782199, 3.3757090659856477, -4.226809900479151, 3.5803492386738083, 3.946657536461963, -3.9662011255163976, -3.4877567740290516, 2.243379951901987, -6.2570807340541], Energy: -36.56329166405152
Eval count: 150, Parameters: [1.713632338676611, 1.656382807969164, -5.8844784769967955, -1.1801234695759901, -2.5920802743652276, -0.5479644483853364, 3.2937567537004746, -0.8460425837454414, 2.375691750470012, 0.8018301215449769, 1.6300491832485884, -1.1779074997635939, 4.287807801168057, 5.393552840810495, 5.656538617369022, 5.095472556277288, 1.2978494397782199, 3.3757090659856477, -4.226809900479151, 3.5803492386738083, 3.946657536461963, -3.9662011255163976, -3.4877567740290516, 2.243379951901987, -6.2570807340541], Energy: -36.56329166381852
Eval count: 151, Parameters: [1.713632338676611, 1.656382807969164, -5.8844784769967955, -1.1801234695759901, -2.5920802743652276, -0.5479644483853364, 3.2937567537004746, -0.8460425837454414, 2.375691750470012, 0.8018301215449769, 1.6300491832485884, -1.177907514664755, 4.287807816069218, 5.393552840810495, 5.656538617369022, 5.095472556277288, 1.2978494397782199, 3.3757090659856477, -4.226809900479151, 3.5803492386738083, 3.946657536461963, -3.9662011255163976, -3.4877567740290516, 2.243379951901987, -6.2570807340541], Energy: -36.563291664308565
Eval count: 152, Parameters: [1.713632338676611, 1.656382807969164, -5.8844784769967955, -1.1801234695759901, -2.5920802743652276, -0.5479644483853364, 3.2937567537004746, -0.8460425837454414, 2.375691750470012, 0.8018301215449769, 1.6300491832485884, -1.177907514664755, 4.287807801168057, 5.393552855711656, 5.656538617369022, 5.095472556277288, 1.2978494397782199, 3.3757090659856477, -4.226809900479151, 3.5803492386738083, 3.946657536461963, -3.9662011255163976, -3.4877567740290516, 2.243379951901987, -6.2570807340541], Energy: -36.56329166387576
Eval count: 153, Parameters: [1.713632338676611, 1.656382807969164, -5.8844784769967955, -1.1801234695759901, -2.5920802743652276, -0.5479644483853364, 3.2937567537004746, -0.8460425837454414, 2.375691750470012, 0.8018301215449769, 1.6300491832485884, -1.177907514664755, 4.287807801168057, 5.393552840810495, 5.656538632270183, 5.095472556277288, 1.2978494397782199, 3.3757090659856477, -4.226809900479151, 3.5803492386738083, 3.946657536461963, -3.9662011255163976, -3.4877567740290516, 2.243379951901987, -6.2570807340541], Energy: -36.56329166396074
Eval count: 154, Parameters: [1.713632338676611, 1.656382807969164, -5.8844784769967955, -1.1801234695759901, -2.5920802743652276, -0.5479644483853364, 3.2937567537004746, -0.8460425837454414, 2.375691750470012, 0.8018301215449769, 1.6300491832485884, -1.177907514664755, 4.287807801168057, 5.393552840810495, 5.656538617369022, 5.095472571178449, 1.2978494397782199, 3.3757090659856477, -4.226809900479151, 3.5803492386738083, 3.946657536461963, -3.9662011255163976, -3.4877567740290516, 2.243379951901987, -6.2570807340541], Energy: -36.56329166378788
Eval count: 155, Parameters: [1.713632338676611, 1.656382807969164, -5.8844784769967955, -1.1801234695759901, -2.5920802743652276, -0.5479644483853364, 3.2937567537004746, -0.8460425837454414, 2.375691750470012, 0.8018301215449769, 1.6300491832485884, -1.177907514664755, 4.287807801168057, 5.393552840810495, 5.656538617369022, 5.095472556277288, 1.297849454679381, 3.3757090659856477, -4.226809900479151, 3.5803492386738083, 3.946657536461963, -3.9662011255163976, -3.4877567740290516, 2.243379951901987, -6.2570807340541], Energy: -36.56329166391697
Eval count: 156, Parameters: [1.713632338676611, 1.656382807969164, -5.8844784769967955, -1.1801234695759901, -2.5920802743652276, -0.5479644483853364, 3.2937567537004746, -0.8460425837454414, 2.375691750470012, 0.8018301215449769, 1.6300491832485884, -1.177907514664755, 4.287807801168057, 5.393552840810495, 5.656538617369022, 5.095472556277288, 1.2978494397782199, 3.375709080886809, -4.226809900479151, 3.5803492386738083, 3.946657536461963, -3.9662011255163976, -3.4877567740290516, 2.243379951901987, -6.2570807340541], Energy: -36.563291663855125
Eval count: 157, Parameters: [1.713632338676611, 1.656382807969164, -5.8844784769967955, -1.1801234695759901, -2.5920802743652276, -0.5479644483853364, 3.2937567537004746, -0.8460425837454414, 2.375691750470012, 0.8018301215449769, 1.6300491832485884, -1.177907514664755, 4.287807801168057, 5.393552840810495, 5.656538617369022, 5.095472556277288, 1.2978494397782199, 3.3757090659856477, -4.22680988557799, 3.5803492386738083, 3.946657536461963, -3.9662011255163976, -3.4877567740290516, 2.243379951901987, -6.2570807340541], Energy: -36.563291663796576
Eval count: 158, Parameters: [1.713632338676611, 1.656382807969164, -5.8844784769967955, -1.1801234695759901, -2.5920802743652276, -0.5479644483853364, 3.2937567537004746, -0.8460425837454414, 2.375691750470012, 0.8018301215449769, 1.6300491832485884, -1.177907514664755, 4.287807801168057, 5.393552840810495, 5.656538617369022, 5.095472556277288, 1.2978494397782199, 3.3757090659856477, -4.226809900479151, 3.5803492535749695, 3.946657536461963, -3.9662011255163976, -3.4877567740290516, 2.243379951901987, -6.2570807340541], Energy: -36.56329166378123
Eval count: 159, Parameters: [1.713632338676611, 1.656382807969164, -5.8844784769967955, -1.1801234695759901, -2.5920802743652276, -0.5479644483853364, 3.2937567537004746, -0.8460425837454414, 2.375691750470012, 0.8018301215449769, 1.6300491832485884, -1.177907514664755, 4.287807801168057, 5.393552840810495, 5.656538617369022, 5.095472556277288, 1.2978494397782199, 3.3757090659856477, -4.226809900479151, 3.5803492386738083, 3.946657551363124, -3.9662011255163976, -3.4877567740290516, 2.243379951901987, -6.2570807340541], Energy: -36.56329166380658
Eval count: 160, Parameters: [1.713632338676611, 1.656382807969164, -5.8844784769967955, -1.1801234695759901, -2.5920802743652276, -0.5479644483853364, 3.2937567537004746, -0.8460425837454414, 2.375691750470012, 0.8018301215449769, 1.6300491832485884, -1.177907514664755, 4.287807801168057, 5.393552840810495, 5.656538617369022, 5.095472556277288, 1.2978494397782199, 3.3757090659856477, -4.226809900479151, 3.5803492386738083, 3.946657536461963, -3.9662011106152364, -3.4877567740290516, 2.243379951901987, -6.2570807340541], Energy: -36.56329166381846
Eval count: 161, Parameters: [1.713632338676611, 1.656382807969164, -5.8844784769967955, -1.1801234695759901, -2.5920802743652276, -0.5479644483853364, 3.2937567537004746, -0.8460425837454414, 2.375691750470012, 0.8018301215449769, 1.6300491832485884, -1.177907514664755, 4.287807801168057, 5.393552840810495, 5.656538617369022, 5.095472556277288, 1.2978494397782199, 3.3757090659856477, -4.226809900479151, 3.5803492386738083, 3.946657536461963, -3.9662011255163976, -3.4877567591278904, 2.243379951901987, -6.2570807340541], Energy: -36.56329166380834
Eval count: 162, Parameters: [1.713632338676611, 1.656382807969164, -5.8844784769967955, -1.1801234695759901, -2.5920802743652276, -0.5479644483853364, 3.2937567537004746, -0.8460425837454414, 2.375691750470012, 0.8018301215449769, 1.6300491832485884, -1.177907514664755, 4.287807801168057, 5.393552840810495, 5.656538617369022, 5.095472556277288, 1.2978494397782199, 3.3757090659856477, -4.226809900479151, 3.5803492386738083, 3.946657536461963, -3.9662011255163976, -3.4877567740290516, 2.243379966803148, -6.2570807340541], Energy: -36.56329166381164
Eval count: 163, Parameters: [1.713632338676611, 1.656382807969164, -5.8844784769967955, -1.1801234695759901, -2.5920802743652276, -0.5479644483853364, 3.2937567537004746, -0.8460425837454414, 2.375691750470012, 0.8018301215449769, 1.6300491832485884, -1.177907514664755, 4.287807801168057, 5.393552840810495, 5.656538617369022, 5.095472556277288, 1.2978494397782199, 3.3757090659856477, -4.226809900479151, 3.5803492386738083, 3.946657536461963, -3.9662011255163976, -3.4877567740290516, 2.243379951901987, -6.257080719152939], Energy: -36.56329166381306
Eval count: 164, Parameters: [1.7912245202378403, 1.5879205613150436, -5.776890158223725, -2.459759378675356, -2.430862806000066, 0.3605457129870908, 3.832785482501066, -0.8054809944779131, 2.3471909112068996, 0.783492047890497, 1.6498910879653381, -1.177306952509938, 4.328872229202116, 5.39889107495723, 5.668767999362127, 5.093495029334498, 1.3065422553998285, 3.379173830685282, -4.228130683667461, 3.5777191072214354, 3.9461487097849175, -3.965715217120142, -3.4881070564152012, 2.2432992920293335, -6.257040889597367], Energy: -35.85290312597107
Eval count: 165, Parameters: [1.741423578465832, 1.6318616426276271, -5.845943502140056, -1.6384514567149426, -2.5343369137405265, -0.222562800466455, 3.486821007778124, -0.8315146141628844, 2.365483587196111, 0.7952619623316433, 1.6371559705661085, -1.1776924109453206, 4.302515872823462, 5.395464839445381, 5.660918822701645, 5.09476426422581, 1.3009629509403333, 3.3769500429068184, -4.227282966212803, 3.579407202860414, 3.9464752896954924, -3.9660270874047705, -3.4878822348885294, 2.243351061905377, -6.2570664629403225], Energy: -37.02332742339735
Eval count: 166, Parameters: [1.7414235933669933, 1.6318616426276271, -5.845943502140056, -1.6384514567149426, -2.5343369137405265, -0.222562800466455, 3.486821007778124, -0.8315146141628844, 2.365483587196111, 0.7952619623316433, 1.6371559705661085, -1.1776924109453206, 4.302515872823462, 5.395464839445381, 5.660918822701645, 5.09476426422581, 1.3009629509403333, 3.3769500429068184, -4.227282966212803, 3.579407202860414, 3.9464752896954924, -3.9660270874047705, -3.4878822348885294, 2.243351061905377, -6.2570664629403225], Energy: -37.02332742745415
Eval count: 167, Parameters: [1.741423578465832, 1.6318616575287883, -5.845943502140056, -1.6384514567149426, -2.5343369137405265, -0.222562800466455, 3.486821007778124, -0.8315146141628844, 2.365483587196111, 0.7952619623316433, 1.6371559705661085, -1.1776924109453206, 4.302515872823462, 5.395464839445381, 5.660918822701645, 5.09476426422581, 1.3009629509403333, 3.3769500429068184, -4.227282966212803, 3.579407202860414, 3.9464752896954924, -3.9660270874047705, -3.4878822348885294, 2.243351061905377, -6.2570664629403225], Energy: -37.023327408450996
Eval count: 168, Parameters: [1.741423578465832, 1.6318616426276271, -5.845943487238895, -1.6384514567149426, -2.5343369137405265, -0.222562800466455, 3.486821007778124, -0.8315146141628844, 2.365483587196111, 0.7952619623316433, 1.6371559705661085, -1.1776924109453206, 4.302515872823462, 5.395464839445381, 5.660918822701645, 5.09476426422581, 1.3009629509403333, 3.3769500429068184, -4.227282966212803, 3.579407202860414, 3.9464752896954924, -3.9660270874047705, -3.4878822348885294, 2.243351061905377, -6.2570664629403225], Energy: -37.02332739103724
Eval count: 169, Parameters: [1.741423578465832, 1.6318616426276271, -5.845943502140056, -1.6384514418137814, -2.5343369137405265, -0.222562800466455, 3.486821007778124, -0.8315146141628844, 2.365483587196111, 0.7952619623316433, 1.6371559705661085, -1.1776924109453206, 4.302515872823462, 5.395464839445381, 5.660918822701645, 5.09476426422581, 1.3009629509403333, 3.3769500429068184, -4.227282966212803, 3.579407202860414, 3.9464752896954924, -3.9660270874047705, -3.4878822348885294, 2.243351061905377, -6.2570664629403225], Energy: -37.023327421942156
Eval count: 170, Parameters: [1.741423578465832, 1.6318616426276271, -5.845943502140056, -1.6384514567149426, -2.5343368988393653, -0.222562800466455, 3.486821007778124, -0.8315146141628844, 2.365483587196111, 0.7952619623316433, 1.6371559705661085, -1.1776924109453206, 4.302515872823462, 5.395464839445381, 5.660918822701645, 5.09476426422581, 1.3009629509403333, 3.3769500429068184, -4.227282966212803, 3.579407202860414, 3.9464752896954924, -3.9660270874047705, -3.4878822348885294, 2.243351061905377, -6.2570664629403225], Energy: -37.02332742425415
Eval count: 171, Parameters: [1.741423578465832, 1.6318616426276271, -5.845943502140056, -1.6384514567149426, -2.5343369137405265, -0.2225627855652938, 3.486821007778124, -0.8315146141628844, 2.365483587196111, 0.7952619623316433, 1.6371559705661085, -1.1776924109453206, 4.302515872823462, 5.395464839445381, 5.660918822701645, 5.09476426422581, 1.3009629509403333, 3.3769500429068184, -4.227282966212803, 3.579407202860414, 3.9464752896954924, -3.9660270874047705, -3.4878822348885294, 2.243351061905377, -6.2570664629403225], Energy: -37.02332742979888
Eval count: 172, Parameters: [1.741423578465832, 1.6318616426276271, -5.845943502140056, -1.6384514567149426, -2.5343369137405265, -0.222562800466455, 3.486821022679285, -0.8315146141628844, 2.365483587196111, 0.7952619623316433, 1.6371559705661085, -1.1776924109453206, 4.302515872823462, 5.395464839445381, 5.660918822701645, 5.09476426422581, 1.3009629509403333, 3.3769500429068184, -4.227282966212803, 3.579407202860414, 3.9464752896954924, -3.9660270874047705, -3.4878822348885294, 2.243351061905377, -6.2570664629403225], Energy: -37.023327427536515
Eval count: 173, Parameters: [1.741423578465832, 1.6318616426276271, -5.845943502140056, -1.6384514567149426, -2.5343369137405265, -0.222562800466455, 3.486821007778124, -0.8315145992617232, 2.365483587196111, 0.7952619623316433, 1.6371559705661085, -1.1776924109453206, 4.302515872823462, 5.395464839445381, 5.660918822701645, 5.09476426422581, 1.3009629509403333, 3.3769500429068184, -4.227282966212803, 3.579407202860414, 3.9464752896954924, -3.9660270874047705, -3.4878822348885294, 2.243351061905377, -6.2570664629403225], Energy: -37.0233274239817
Eval count: 174, Parameters: [1.741423578465832, 1.6318616426276271, -5.845943502140056, -1.6384514567149426, -2.5343369137405265, -0.222562800466455, 3.486821007778124, -0.8315146141628844, 2.3654836020972723, 0.7952619623316433, 1.6371559705661085, -1.1776924109453206, 4.302515872823462, 5.395464839445381, 5.660918822701645, 5.09476426422581, 1.3009629509403333, 3.3769500429068184, -4.227282966212803, 3.579407202860414, 3.9464752896954924, -3.9660270874047705, -3.4878822348885294, 2.243351061905377, -6.2570664629403225], Energy: -37.023327423122794
Eval count: 175, Parameters: [1.741423578465832, 1.6318616426276271, -5.845943502140056, -1.6384514567149426, -2.5343369137405265, -0.222562800466455, 3.486821007778124, -0.8315146141628844, 2.365483587196111, 0.7952619772328045, 1.6371559705661085, -1.1776924109453206, 4.302515872823462, 5.395464839445381, 5.660918822701645, 5.09476426422581, 1.3009629509403333, 3.3769500429068184, -4.227282966212803, 3.579407202860414, 3.9464752896954924, -3.9660270874047705, -3.4878822348885294, 2.243351061905377, -6.2570664629403225], Energy: -37.02332742320169
Eval count: 176, Parameters: [1.741423578465832, 1.6318616426276271, -5.845943502140056, -1.6384514567149426, -2.5343369137405265, -0.222562800466455, 3.486821007778124, -0.8315146141628844, 2.365483587196111, 0.7952619623316433, 1.6371559854672697, -1.1776924109453206, 4.302515872823462, 5.395464839445381, 5.660918822701645, 5.09476426422581, 1.3009629509403333, 3.3769500429068184, -4.227282966212803, 3.579407202860414, 3.9464752896954924, -3.9660270874047705, -3.4878822348885294, 2.243351061905377, -6.2570664629403225], Energy: -37.02332742370413
Eval count: 177, Parameters: [1.741423578465832, 1.6318616426276271, -5.845943502140056, -1.6384514567149426, -2.5343369137405265, -0.222562800466455, 3.486821007778124, -0.8315146141628844, 2.365483587196111, 0.7952619623316433, 1.6371559705661085, -1.1776923960441594, 4.302515872823462, 5.395464839445381, 5.660918822701645, 5.09476426422581, 1.3009629509403333, 3.3769500429068184, -4.227282966212803, 3.579407202860414, 3.9464752896954924, -3.9660270874047705, -3.4878822348885294, 2.243351061905377, -6.2570664629403225], Energy: -37.023327423364776
Eval count: 178, Parameters: [1.741423578465832, 1.6318616426276271, -5.845943502140056, -1.6384514567149426, -2.5343369137405265, -0.222562800466455, 3.486821007778124, -0.8315146141628844, 2.365483587196111, 0.7952619623316433, 1.6371559705661085, -1.1776924109453206, 4.302515887724623, 5.395464839445381, 5.660918822701645, 5.09476426422581, 1.3009629509403333, 3.3769500429068184, -4.227282966212803, 3.579407202860414, 3.9464752896954924, -3.9660270874047705, -3.4878822348885294, 2.243351061905377, -6.2570664629403225], Energy: -37.023327424049114
Eval count: 179, Parameters: [1.741423578465832, 1.6318616426276271, -5.845943502140056, -1.6384514567149426, -2.5343369137405265, -0.222562800466455, 3.486821007778124, -0.8315146141628844, 2.365483587196111, 0.7952619623316433, 1.6371559705661085, -1.1776924109453206, 4.302515872823462, 5.395464854346542, 5.660918822701645, 5.09476426422581, 1.3009629509403333, 3.3769500429068184, -4.227282966212803, 3.579407202860414, 3.9464752896954924, -3.9660270874047705, -3.4878822348885294, 2.243351061905377, -6.2570664629403225], Energy: -37.02332742355213
Eval count: 180, Parameters: [1.741423578465832, 1.6318616426276271, -5.845943502140056, -1.6384514567149426, -2.5343369137405265, -0.222562800466455, 3.486821007778124, -0.8315146141628844, 2.365483587196111, 0.7952619623316433, 1.6371559705661085, -1.1776924109453206, 4.302515872823462, 5.395464839445381, 5.660918837602806, 5.09476426422581, 1.3009629509403333, 3.3769500429068184, -4.227282966212803, 3.579407202860414, 3.9464752896954924, -3.9660270874047705, -3.4878822348885294, 2.243351061905377, -6.2570664629403225], Energy: -37.0233274236237
Eval count: 181, Parameters: [1.741423578465832, 1.6318616426276271, -5.845943502140056, -1.6384514567149426, -2.5343369137405265, -0.222562800466455, 3.486821007778124, -0.8315146141628844, 2.365483587196111, 0.7952619623316433, 1.6371559705661085, -1.1776924109453206, 4.302515872823462, 5.395464839445381, 5.660918822701645, 5.094764279126971, 1.3009629509403333, 3.3769500429068184, -4.227282966212803, 3.579407202860414, 3.9464752896954924, -3.9660270874047705, -3.4878822348885294, 2.243351061905377, -6.2570664629403225], Energy: -37.023327423350395
Eval count: 182, Parameters: [1.741423578465832, 1.6318616426276271, -5.845943502140056, -1.6384514567149426, -2.5343369137405265, -0.222562800466455, 3.486821007778124, -0.8315146141628844, 2.365483587196111, 0.7952619623316433, 1.6371559705661085, -1.1776924109453206, 4.302515872823462, 5.395464839445381, 5.660918822701645, 5.09476426422581, 1.3009629658414945, 3.3769500429068184, -4.227282966212803, 3.579407202860414, 3.9464752896954924, -3.9660270874047705, -3.4878822348885294, 2.243351061905377, -6.2570664629403225], Energy: -37.02332742352229
Eval count: 183, Parameters: [1.741423578465832, 1.6318616426276271, -5.845943502140056, -1.6384514567149426, -2.5343369137405265, -0.222562800466455, 3.486821007778124, -0.8315146141628844, 2.365483587196111, 0.7952619623316433, 1.6371559705661085, -1.1776924109453206, 4.302515872823462, 5.395464839445381, 5.660918822701645, 5.09476426422581, 1.3009629509403333, 3.3769500578079796, -4.227282966212803, 3.579407202860414, 3.9464752896954924, -3.9660270874047705, -3.4878822348885294, 2.243351061905377, -6.2570664629403225], Energy: -37.02332742346488
Eval count: 184, Parameters: [1.741423578465832, 1.6318616426276271, -5.845943502140056, -1.6384514567149426, -2.5343369137405265, -0.222562800466455, 3.486821007778124, -0.8315146141628844, 2.365483587196111, 0.7952619623316433, 1.6371559705661085, -1.1776924109453206, 4.302515872823462, 5.395464839445381, 5.660918822701645, 5.09476426422581, 1.3009629509403333, 3.3769500429068184, -4.227282951311642, 3.579407202860414, 3.9464752896954924, -3.9660270874047705, -3.4878822348885294, 2.243351061905377, -6.2570664629403225], Energy: -37.02332742338058
Eval count: 185, Parameters: [1.741423578465832, 1.6318616426276271, -5.845943502140056, -1.6384514567149426, -2.5343369137405265, -0.222562800466455, 3.486821007778124, -0.8315146141628844, 2.365483587196111, 0.7952619623316433, 1.6371559705661085, -1.1776924109453206, 4.302515872823462, 5.395464839445381, 5.660918822701645, 5.09476426422581, 1.3009629509403333, 3.3769500429068184, -4.227282966212803, 3.579407217761575, 3.9464752896954924, -3.9660270874047705, -3.4878822348885294, 2.243351061905377, -6.2570664629403225], Energy: -37.023327423359376
Eval count: 186, Parameters: [1.741423578465832, 1.6318616426276271, -5.845943502140056, -1.6384514567149426, -2.5343369137405265, -0.222562800466455, 3.486821007778124, -0.8315146141628844, 2.365483587196111, 0.7952619623316433, 1.6371559705661085, -1.1776924109453206, 4.302515872823462, 5.395464839445381, 5.660918822701645, 5.09476426422581, 1.3009629509403333, 3.3769500429068184, -4.227282966212803, 3.579407202860414, 3.9464753045966536, -3.9660270874047705, -3.4878822348885294, 2.243351061905377, -6.2570664629403225], Energy: -37.02332742339007
Eval count: 187, Parameters: [1.741423578465832, 1.6318616426276271, -5.845943502140056, -1.6384514567149426, -2.5343369137405265, -0.222562800466455, 3.486821007778124, -0.8315146141628844, 2.365483587196111, 0.7952619623316433, 1.6371559705661085, -1.1776924109453206, 4.302515872823462, 5.395464839445381, 5.660918822701645, 5.09476426422581, 1.3009629509403333, 3.3769500429068184, -4.227282966212803, 3.579407202860414, 3.9464752896954924, -3.9660270725036093, -3.4878822348885294, 2.243351061905377, -6.2570664629403225], Energy: -37.02332742340349
Eval count: 188, Parameters: [1.741423578465832, 1.6318616426276271, -5.845943502140056, -1.6384514567149426, -2.5343369137405265, -0.222562800466455, 3.486821007778124, -0.8315146141628844, 2.365483587196111, 0.7952619623316433, 1.6371559705661085, -1.1776924109453206, 4.302515872823462, 5.395464839445381, 5.660918822701645, 5.09476426422581, 1.3009629509403333, 3.3769500429068184, -4.227282966212803, 3.579407202860414, 3.9464752896954924, -3.9660270874047705, -3.4878822199873682, 2.243351061905377, -6.2570664629403225], Energy: -37.023327423390924
Eval count: 189, Parameters: [1.741423578465832, 1.6318616426276271, -5.845943502140056, -1.6384514567149426, -2.5343369137405265, -0.222562800466455, 3.486821007778124, -0.8315146141628844, 2.365483587196111, 0.7952619623316433, 1.6371559705661085, -1.1776924109453206, 4.302515872823462, 5.395464839445381, 5.660918822701645, 5.09476426422581, 1.3009629509403333, 3.3769500429068184, -4.227282966212803, 3.579407202860414, 3.9464752896954924, -3.9660270874047705, -3.4878822348885294, 2.243351076806538, -6.2570664629403225], Energy: -37.023327423396665
Eval count: 190, Parameters: [1.741423578465832, 1.6318616426276271, -5.845943502140056, -1.6384514567149426, -2.5343369137405265, -0.222562800466455, 3.486821007778124, -0.8315146141628844, 2.365483587196111, 0.7952619623316433, 1.6371559705661085, -1.1776924109453206, 4.302515872823462, 5.395464839445381, 5.660918822701645, 5.09476426422581, 1.3009629509403333, 3.3769500429068184, -4.227282966212803, 3.579407202860414, 3.9464752896954924, -3.9660270874047705, -3.4878822348885294, 2.243351061905377, -6.257066448039161], Energy: -37.02332742339803
Eval count: 191, Parameters: [1.753082089082055, 1.57202710434367, -5.893777914561318, -1.679131429614341, -2.3784863297204177, 0.13431379852504255, 3.6815285406957003, -0.791531400756011, 2.349290172333664, 0.7839723946872841, 1.658439032994333, -1.1808737312790514, 4.348519875373044, 5.4075137652699485, 5.677015195997646, 5.091225510364249, 1.3093314487772587, 3.3817501764412197, -4.22842983869777, 3.576828002209987, 3.945958580573801, -3.96561339991929, -3.488349856326599, 2.2433158386095924, -6.25702234992635], Energy: -37.13846197500959
Eval count: 192, Parameters: [1.7530821039832163, 1.57202710434367, -5.893777914561318, -1.679131429614341, -2.3784863297204177, 0.13431379852504255, 3.6815285406957003, -0.791531400756011, 2.349290172333664, 0.7839723946872841, 1.658439032994333, -1.1808737312790514, 4.348519875373044, 5.4075137652699485, 5.677015195997646, 5.091225510364249, 1.3093314487772587, 3.3817501764412197, -4.22842983869777, 3.576828002209987, 3.945958580573801, -3.96561339991929, -3.488349856326599, 2.2433158386095924, -6.25702234992635], Energy: -37.13846197127816
Eval count: 193, Parameters: [1.753082089082055, 1.5720271192448312, -5.893777914561318, -1.679131429614341, -2.3784863297204177, 0.13431379852504255, 3.6815285406957003, -0.791531400756011, 2.349290172333664, 0.7839723946872841, 1.658439032994333, -1.1808737312790514, 4.348519875373044, 5.4075137652699485, 5.677015195997646, 5.091225510364249, 1.3093314487772587, 3.3817501764412197, -4.22842983869777, 3.576828002209987, 3.945958580573801, -3.96561339991929, -3.488349856326599, 2.2433158386095924, -6.25702234992635], Energy: -37.13846198389251
Eval count: 194, Parameters: [1.753082089082055, 1.57202710434367, -5.893777899660157, -1.679131429614341, -2.3784863297204177, 0.13431379852504255, 3.6815285406957003, -0.791531400756011, 2.349290172333664, 0.7839723946872841, 1.658439032994333, -1.1808737312790514, 4.348519875373044, 5.4075137652699485, 5.677015195997646, 5.091225510364249, 1.3093314487772587, 3.3817501764412197, -4.22842983869777, 3.576828002209987, 3.945958580573801, -3.96561339991929, -3.488349856326599, 2.2433158386095924, -6.25702234992635], Energy: -37.13846195721197
Eval count: 195, Parameters: [1.753082089082055, 1.57202710434367, -5.893777914561318, -1.6791314147131797, -2.3784863297204177, 0.13431379852504255, 3.6815285406957003, -0.791531400756011, 2.349290172333664, 0.7839723946872841, 1.658439032994333, -1.1808737312790514, 4.348519875373044, 5.4075137652699485, 5.677015195997646, 5.091225510364249, 1.3093314487772587, 3.3817501764412197, -4.22842983869777, 3.576828002209987, 3.945958580573801, -3.96561339991929, -3.488349856326599, 2.2433158386095924, -6.25702234992635], Energy: -37.13846197558803
Eval count: 196, Parameters: [1.753082089082055, 1.57202710434367, -5.893777914561318, -1.679131429614341, -2.3784863148192565, 0.13431379852504255, 3.6815285406957003, -0.791531400756011, 2.349290172333664, 0.7839723946872841, 1.658439032994333, -1.1808737312790514, 4.348519875373044, 5.4075137652699485, 5.677015195997646, 5.091225510364249, 1.3093314487772587, 3.3817501764412197, -4.22842983869777, 3.576828002209987, 3.945958580573801, -3.96561339991929, -3.488349856326599, 2.2433158386095924, -6.25702234992635], Energy: -37.138461971403785
Eval count: 197, Parameters: [1.753082089082055, 1.57202710434367, -5.893777914561318, -1.679131429614341, -2.3784863297204177, 0.13431381342620374, 3.6815285406957003, -0.791531400756011, 2.349290172333664, 0.7839723946872841, 1.658439032994333, -1.1808737312790514, 4.348519875373044, 5.4075137652699485, 5.677015195997646, 5.091225510364249, 1.3093314487772587, 3.3817501764412197, -4.22842983869777, 3.576828002209987, 3.945958580573801, -3.96561339991929, -3.488349856326599, 2.2433158386095924, -6.25702234992635], Energy: -37.1384619697543
Eval count: 198, Parameters: [1.753082089082055, 1.57202710434367, -5.893777914561318, -1.679131429614341, -2.3784863297204177, 0.13431379852504255, 3.6815285555968615, -0.791531400756011, 2.349290172333664, 0.7839723946872841, 1.658439032994333, -1.1808737312790514, 4.348519875373044, 5.4075137652699485, 5.677015195997646, 5.091225510364249, 1.3093314487772587, 3.3817501764412197, -4.22842983869777, 3.576828002209987, 3.945958580573801, -3.96561339991929, -3.488349856326599, 2.2433158386095924, -6.25702234992635], Energy: -37.138461972025766
Eval count: 199, Parameters: [1.753082089082055, 1.57202710434367, -5.893777914561318, -1.679131429614341, -2.3784863297204177, 0.13431379852504255, 3.6815285406957003, -0.7915313858548498, 2.349290172333664, 0.7839723946872841, 1.658439032994333, -1.1808737312790514, 4.348519875373044, 5.4075137652699485, 5.677015195997646, 5.091225510364249, 1.3093314487772587, 3.3817501764412197, -4.22842983869777, 3.576828002209987, 3.945958580573801, -3.96561339991929, -3.488349856326599, 2.2433158386095924, -6.25702234992635], Energy: -37.13846197437192
Eval count: 200, Parameters: [1.753082089082055, 1.57202710434367, -5.893777914561318, -1.679131429614341, -2.3784863297204177, 0.13431379852504255, 3.6815285406957003, -0.791531400756011, 2.3492901872348253, 0.7839723946872841, 1.658439032994333, -1.1808737312790514, 4.348519875373044, 5.4075137652699485, 5.677015195997646, 5.091225510364249, 1.3093314487772587, 3.3817501764412197, -4.22842983869777, 3.576828002209987, 3.945958580573801, -3.96561339991929, -3.488349856326599, 2.2433158386095924, -6.25702234992635], Energy: -37.1384619753382
Eval count: 201, Parameters: [1.753082089082055, 1.57202710434367, -5.893777914561318, -1.679131429614341, -2.3784863297204177, 0.13431379852504255, 3.6815285406957003, -0.791531400756011, 2.349290172333664, 0.7839724095884453, 1.658439032994333, -1.1808737312790514, 4.348519875373044, 5.4075137652699485, 5.677015195997646, 5.091225510364249, 1.3093314487772587, 3.3817501764412197, -4.22842983869777, 3.576828002209987, 3.945958580573801, -3.96561339991929, -3.488349856326599, 2.2433158386095924, -6.25702234992635], Energy: -37.13846197509827
Eval count: 202, Parameters: [1.753082089082055, 1.57202710434367, -5.893777914561318, -1.679131429614341, -2.3784863297204177, 0.13431379852504255, 3.6815285406957003, -0.791531400756011, 2.349290172333664, 0.7839723946872841, 1.6584390478954942, -1.1808737312790514, 4.348519875373044, 5.4075137652699485, 5.677015195997646, 5.091225510364249, 1.3093314487772587, 3.3817501764412197, -4.22842983869777, 3.576828002209987, 3.945958580573801, -3.96561339991929, -3.488349856326599, 2.2433158386095924, -6.25702234992635], Energy: -37.13846197469627
Eval count: 203, Parameters: [1.753082089082055, 1.57202710434367, -5.893777914561318, -1.679131429614341, -2.3784863297204177, 0.13431379852504255, 3.6815285406957003, -0.791531400756011, 2.349290172333664, 0.7839723946872841, 1.658439032994333, -1.1808737163778902, 4.348519875373044, 5.4075137652699485, 5.677015195997646, 5.091225510364249, 1.3093314487772587, 3.3817501764412197, -4.22842983869777, 3.576828002209987, 3.945958580573801, -3.96561339991929, -3.488349856326599, 2.2433158386095924, -6.25702234992635], Energy: -37.13846197501903
Eval count: 204, Parameters: [1.753082089082055, 1.57202710434367, -5.893777914561318, -1.679131429614341, -2.3784863297204177, 0.13431379852504255, 3.6815285406957003, -0.791531400756011, 2.349290172333664, 0.7839723946872841, 1.658439032994333, -1.1808737312790514, 4.348519890274205, 5.4075137652699485, 5.677015195997646, 5.091225510364249, 1.3093314487772587, 3.3817501764412197, -4.22842983869777, 3.576828002209987, 3.945958580573801, -3.96561339991929, -3.488349856326599, 2.2433158386095924, -6.25702234992635], Energy: -37.13846197439136
Eval count: 205, Parameters: [1.753082089082055, 1.57202710434367, -5.893777914561318, -1.679131429614341, -2.3784863297204177, 0.13431379852504255, 3.6815285406957003, -0.791531400756011, 2.349290172333664, 0.7839723946872841, 1.658439032994333, -1.1808737312790514, 4.348519875373044, 5.40751378017111, 5.677015195997646, 5.091225510364249, 1.3093314487772587, 3.3817501764412197, -4.22842983869777, 3.576828002209987, 3.945958580573801, -3.96561339991929, -3.488349856326599, 2.2433158386095924, -6.25702234992635], Energy: -37.138461974832865
Eval count: 206, Parameters: [1.753082089082055, 1.57202710434367, -5.893777914561318, -1.679131429614341, -2.3784863297204177, 0.13431379852504255, 3.6815285406957003, -0.791531400756011, 2.349290172333664, 0.7839723946872841, 1.658439032994333, -1.1808737312790514, 4.348519875373044, 5.4075137652699485, 5.677015210898807, 5.091225510364249, 1.3093314487772587, 3.3817501764412197, -4.22842983869777, 3.576828002209987, 3.945958580573801, -3.96561339991929, -3.488349856326599, 2.2433158386095924, -6.25702234992635], Energy: -37.138461974791994
Eval count: 207, Parameters: [1.753082089082055, 1.57202710434367, -5.893777914561318, -1.679131429614341, -2.3784863297204177, 0.13431379852504255, 3.6815285406957003, -0.791531400756011, 2.349290172333664, 0.7839723946872841, 1.658439032994333, -1.1808737312790514, 4.348519875373044, 5.4075137652699485, 5.677015195997646, 5.09122552526541, 1.3093314487772587, 3.3817501764412197, -4.22842983869777, 3.576828002209987, 3.945958580573801, -3.96561339991929, -3.488349856326599, 2.2433158386095924, -6.25702234992635], Energy: -37.138461975049495
Eval count: 208, Parameters: [1.753082089082055, 1.57202710434367, -5.893777914561318, -1.679131429614341, -2.3784863297204177, 0.13431379852504255, 3.6815285406957003, -0.791531400756011, 2.349290172333664, 0.7839723946872841, 1.658439032994333, -1.1808737312790514, 4.348519875373044, 5.4075137652699485, 5.677015195997646, 5.091225510364249, 1.30933146367842, 3.3817501764412197, -4.22842983869777, 3.576828002209987, 3.945958580573801, -3.96561339991929, -3.488349856326599, 2.2433158386095924, -6.25702234992635], Energy: -37.13846197489249
Eval count: 209, Parameters: [1.753082089082055, 1.57202710434367, -5.893777914561318, -1.679131429614341, -2.3784863297204177, 0.13431379852504255, 3.6815285406957003, -0.791531400756011, 2.349290172333664, 0.7839723946872841, 1.658439032994333, -1.1808737312790514, 4.348519875373044, 5.4075137652699485, 5.677015195997646, 5.091225510364249, 1.3093314487772587, 3.381750191342381, -4.22842983869777, 3.576828002209987, 3.945958580573801, -3.96561339991929, -3.488349856326599, 2.2433158386095924, -6.25702234992635], Energy: -37.138461974942004
Eval count: 210, Parameters: [1.753082089082055, 1.57202710434367, -5.893777914561318, -1.679131429614341, -2.3784863297204177, 0.13431379852504255, 3.6815285406957003, -0.791531400756011, 2.349290172333664, 0.7839723946872841, 1.658439032994333, -1.1808737312790514, 4.348519875373044, 5.4075137652699485, 5.677015195997646, 5.091225510364249, 1.3093314487772587, 3.3817501764412197, -4.228429823796609, 3.576828002209987, 3.945958580573801, -3.96561339991929, -3.488349856326599, 2.2433158386095924, -6.25702234992635], Energy: -37.138461975028065
Eval count: 211, Parameters: [1.753082089082055, 1.57202710434367, -5.893777914561318, -1.679131429614341, -2.3784863297204177, 0.13431379852504255, 3.6815285406957003, -0.791531400756011, 2.349290172333664, 0.7839723946872841, 1.658439032994333, -1.1808737312790514, 4.348519875373044, 5.4075137652699485, 5.677015195997646, 5.091225510364249, 1.3093314487772587, 3.3817501764412197, -4.22842983869777, 3.5768280171111484, 3.945958580573801, -3.96561339991929, -3.488349856326599, 2.2433158386095924, -6.25702234992635], Energy: -37.13846197504796
Eval count: 212, Parameters: [1.753082089082055, 1.57202710434367, -5.893777914561318, -1.679131429614341, -2.3784863297204177, 0.13431379852504255, 3.6815285406957003, -0.791531400756011, 2.349290172333664, 0.7839723946872841, 1.658439032994333, -1.1808737312790514, 4.348519875373044, 5.4075137652699485, 5.677015195997646, 5.091225510364249, 1.3093314487772587, 3.3817501764412197, -4.22842983869777, 3.576828002209987, 3.9459585954749623, -3.96561339991929, -3.488349856326599, 2.2433158386095924, -6.25702234992635], Energy: -37.13846197501772
Eval count: 213, Parameters: [1.753082089082055, 1.57202710434367, -5.893777914561318, -1.679131429614341, -2.3784863297204177, 0.13431379852504255, 3.6815285406957003, -0.791531400756011, 2.349290172333664, 0.7839723946872841, 1.658439032994333, -1.1808737312790514, 4.348519875373044, 5.4075137652699485, 5.677015195997646, 5.091225510364249, 1.3093314487772587, 3.3817501764412197, -4.22842983869777, 3.576828002209987, 3.945958580573801, -3.9656133850181288, -3.488349856326599, 2.2433158386095924, -6.25702234992635], Energy: -37.138461975004134
Eval count: 214, Parameters: [1.753082089082055, 1.57202710434367, -5.893777914561318, -1.679131429614341, -2.3784863297204177, 0.13431379852504255, 3.6815285406957003, -0.791531400756011, 2.349290172333664, 0.7839723946872841, 1.658439032994333, -1.1808737312790514, 4.348519875373044, 5.4075137652699485, 5.677015195997646, 5.091225510364249, 1.3093314487772587, 3.3817501764412197, -4.22842983869777, 3.576828002209987, 3.945958580573801, -3.96561339991929, -3.4883498414254377, 2.2433158386095924, -6.25702234992635], Energy: -37.13846197501522
Eval count: 215, Parameters: [1.753082089082055, 1.57202710434367, -5.893777914561318, -1.679131429614341, -2.3784863297204177, 0.13431379852504255, 3.6815285406957003, -0.791531400756011, 2.349290172333664, 0.7839723946872841, 1.658439032994333, -1.1808737312790514, 4.348519875373044, 5.4075137652699485, 5.677015195997646, 5.091225510364249, 1.3093314487772587, 3.3817501764412197, -4.22842983869777, 3.576828002209987, 3.945958580573801, -3.96561339991929, -3.488349856326599, 2.2433158535107536, -6.25702234992635], Energy: -37.138461975010046
Eval count: 216, Parameters: [1.753082089082055, 1.57202710434367, -5.893777914561318, -1.679131429614341, -2.3784863297204177, 0.13431379852504255, 3.6815285406957003, -0.791531400756011, 2.349290172333664, 0.7839723946872841, 1.658439032994333, -1.1808737312790514, 4.348519875373044, 5.4075137652699485, 5.677015195997646, 5.091225510364249, 1.3093314487772587, 3.3817501764412197, -4.22842983869777, 3.576828002209987, 3.945958580573801, -3.96561339991929, -3.488349856326599, 2.2433158386095924, -6.257022335025189], Energy: -37.13846197500891
Eval count: 217, Parameters: [1.7494505832227907, 1.5684898129843776, -6.001667603410584, -1.6076088713720875, -2.5660876165945, -0.07135748334616399, 3.539434985336864, -0.8139197205366875, 2.362670184057615, 0.7871330188402664, 1.6477989272245872, -1.1813905204119524, 4.3285591402493075, 5.402054687314133, 5.669977604721719, 5.092340655806989, 1.3052844540135413, 3.3795190517303904, -4.22778382668482, 3.578158057168344, 3.9462328471386754, -3.9657943273009866, -3.48818242153337, 2.2433360986708233, -6.257048268636676], Energy: -37.09746450151971
Eval count: 218, Parameters: [1.75149870341093, 1.5704847974687932, -5.940819278118609, -1.6479466268708463, -2.4602830281239965, 0.044638337904198036, 3.6195738287294645, -0.8012930109846873, 2.3551240384113257, 0.7853504695657474, 1.6537998029702115, -1.1810990583306218, 4.339816724888123, 5.405133533446628, 5.673946711017204, 5.091711728859739, 1.3075669043242621, 3.3807773758911095, -4.228148168722745, 3.5774079241609593, 3.9460781645055696, -3.965692286704771, -3.4882768524921786, 2.243324672270308, -6.257033650834606], Energy: -37.193787956933136
Eval count: 219, Parameters: [1.7514987183120911, 1.5704847974687932, -5.940819278118609, -1.6479466268708463, -2.4602830281239965, 0.044638337904198036, 3.6195738287294645, -0.8012930109846873, 2.3551240384113257, 0.7853504695657474, 1.6537998029702115, -1.1810990583306218, 4.339816724888123, 5.405133533446628, 5.673946711017204, 5.091711728859739, 1.3075669043242621, 3.3807773758911095, -4.228148168722745, 3.5774079241609593, 3.9460781645055696, -3.965692286704771, -3.4882768524921786, 2.243324672270308, -6.257033650834606], Energy: -37.19378795319915
Eval count: 220, Parameters: [1.75149870341093, 1.5704848123699544, -5.940819278118609, -1.6479466268708463, -2.4602830281239965, 0.044638337904198036, 3.6195738287294645, -0.8012930109846873, 2.3551240384113257, 0.7853504695657474, 1.6537998029702115, -1.1810990583306218, 4.339816724888123, 5.405133533446628, 5.673946711017204, 5.091711728859739, 1.3075669043242621, 3.3807773758911095, -4.228148168722745, 3.5774079241609593, 3.9460781645055696, -3.965692286704771, -3.4882768524921786, 2.243324672270308, -6.257033650834606], Energy: -37.19378796511637
Eval count: 221, Parameters: [1.75149870341093, 1.5704847974687932, -5.940819263217448, -1.6479466268708463, -2.4602830281239965, 0.044638337904198036, 3.6195738287294645, -0.8012930109846873, 2.3551240384113257, 0.7853504695657474, 1.6537998029702115, -1.1810990583306218, 4.339816724888123, 5.405133533446628, 5.673946711017204, 5.091711728859739, 1.3075669043242621, 3.3807773758911095, -4.228148168722745, 3.5774079241609593, 3.9460781645055696, -3.965692286704771, -3.4882768524921786, 2.243324672270308, -6.257033650834606], Energy: -37.19378796074517
Eval count: 222, Parameters: [1.75149870341093, 1.5704847974687932, -5.940819278118609, -1.647946611969685, -2.4602830281239965, 0.044638337904198036, 3.6195738287294645, -0.8012930109846873, 2.3551240384113257, 0.7853504695657474, 1.6537998029702115, -1.1810990583306218, 4.339816724888123, 5.405133533446628, 5.673946711017204, 5.091711728859739, 1.3075669043242621, 3.3807773758911095, -4.228148168722745, 3.5774079241609593, 3.9460781645055696, -3.965692286704771, -3.4882768524921786, 2.243324672270308, -6.257033650834606], Energy: -37.19378795778272
Eval count: 223, Parameters: [1.75149870341093, 1.5704847974687932, -5.940819278118609, -1.6479466268708463, -2.4602830132228353, 0.044638337904198036, 3.6195738287294645, -0.8012930109846873, 2.3551240384113257, 0.7853504695657474, 1.6537998029702115, -1.1810990583306218, 4.339816724888123, 5.405133533446628, 5.673946711017204, 5.091711728859739, 1.3075669043242621, 3.3807773758911095, -4.228148168722745, 3.5774079241609593, 3.9460781645055696, -3.965692286704771, -3.4882768524921786, 2.243324672270308, -6.257033650834606], Energy: -37.193787958689825
Eval count: 224, Parameters: [1.75149870341093, 1.5704847974687932, -5.940819278118609, -1.6479466268708463, -2.4602830281239965, 0.04463835280535923, 3.6195738287294645, -0.8012930109846873, 2.3551240384113257, 0.7853504695657474, 1.6537998029702115, -1.1810990583306218, 4.339816724888123, 5.405133533446628, 5.673946711017204, 5.091711728859739, 1.3075669043242621, 3.3807773758911095, -4.228148168722745, 3.5774079241609593, 3.9460781645055696, -3.965692286704771, -3.4882768524921786, 2.243324672270308, -6.257033650834606], Energy: -37.19378795527524
Eval count: 225, Parameters: [1.75149870341093, 1.5704847974687932, -5.940819278118609, -1.6479466268708463, -2.4602830281239965, 0.044638337904198036, 3.6195738436306257, -0.8012930109846873, 2.3551240384113257, 0.7853504695657474, 1.6537998029702115, -1.1810990583306218, 4.339816724888123, 5.405133533446628, 5.673946711017204, 5.091711728859739, 1.3075669043242621, 3.3807773758911095, -4.228148168722745, 3.5774079241609593, 3.9460781645055696, -3.965692286704771, -3.4882768524921786, 2.243324672270308, -6.257033650834606], Energy: -37.19378795617325
Eval count: 226, Parameters: [1.75149870341093, 1.5704847974687932, -5.940819278118609, -1.6479466268708463, -2.4602830281239965, 0.044638337904198036, 3.6195738287294645, -0.8012929960835261, 2.3551240384113257, 0.7853504695657474, 1.6537998029702115, -1.1810990583306218, 4.339816724888123, 5.405133533446628, 5.673946711017204, 5.091711728859739, 1.3075669043242621, 3.3807773758911095, -4.228148168722745, 3.5774079241609593, 3.9460781645055696, -3.965692286704771, -3.4882768524921786, 2.243324672270308, -6.257033650834606], Energy: -37.19378795677932
Eval count: 227, Parameters: [1.75149870341093, 1.5704847974687932, -5.940819278118609, -1.6479466268708463, -2.4602830281239965, 0.044638337904198036, 3.6195738287294645, -0.8012930109846873, 2.355124053312487, 0.7853504695657474, 1.6537998029702115, -1.1810990583306218, 4.339816724888123, 5.405133533446628, 5.673946711017204, 5.091711728859739, 1.3075669043242621, 3.3807773758911095, -4.228148168722745, 3.5774079241609593, 3.9460781645055696, -3.965692286704771, -3.4882768524921786, 2.243324672270308, -6.257033650834606], Energy: -37.19378795700703
Eval count: 228, Parameters: [1.75149870341093, 1.5704847974687932, -5.940819278118609, -1.6479466268708463, -2.4602830281239965, 0.044638337904198036, 3.6195738287294645, -0.8012930109846873, 2.3551240384113257, 0.7853504844669086, 1.6537998029702115, -1.1810990583306218, 4.339816724888123, 5.405133533446628, 5.673946711017204, 5.091711728859739, 1.3075669043242621, 3.3807773758911095, -4.228148168722745, 3.5774079241609593, 3.9460781645055696, -3.965692286704771, -3.4882768524921786, 2.243324672270308, -6.257033650834606], Energy: -37.19378795696309
Eval count: 229, Parameters: [1.75149870341093, 1.5704847974687932, -5.940819278118609, -1.6479466268708463, -2.4602830281239965, 0.044638337904198036, 3.6195738287294645, -0.8012930109846873, 2.3551240384113257, 0.7853504695657474, 1.6537998178713726, -1.1810990583306218, 4.339816724888123, 5.405133533446628, 5.673946711017204, 5.091711728859739, 1.3075669043242621, 3.3807773758911095, -4.228148168722745, 3.5774079241609593, 3.9460781645055696, -3.965692286704771, -3.4882768524921786, 2.243324672270308, -6.257033650834606], Energy: -37.193787956859296
Eval count: 230, Parameters: [1.75149870341093, 1.5704847974687932, -5.940819278118609, -1.6479466268708463, -2.4602830281239965, 0.044638337904198036, 3.6195738287294645, -0.8012930109846873, 2.3551240384113257, 0.7853504695657474, 1.6537998029702115, -1.1810990434294606, 4.339816724888123, 5.405133533446628, 5.673946711017204, 5.091711728859739, 1.3075669043242621, 3.3807773758911095, -4.228148168722745, 3.5774079241609593, 3.9460781645055696, -3.965692286704771, -3.4882768524921786, 2.243324672270308, -6.257033650834606], Energy: -37.19378795693814
Eval count: 231, Parameters: [1.75149870341093, 1.5704847974687932, -5.940819278118609, -1.6479466268708463, -2.4602830281239965, 0.044638337904198036, 3.6195738287294645, -0.8012930109846873, 2.3551240384113257, 0.7853504695657474, 1.6537998029702115, -1.1810990583306218, 4.339816739789284, 5.405133533446628, 5.673946711017204, 5.091711728859739, 1.3075669043242621, 3.3807773758911095, -4.228148168722745, 3.5774079241609593, 3.9460781645055696, -3.965692286704771, -3.4882768524921786, 2.243324672270308, -6.257033650834606], Energy: -37.19378795678472
Eval count: 232, Parameters: [1.75149870341093, 1.5704847974687932, -5.940819278118609, -1.6479466268708463, -2.4602830281239965, 0.044638337904198036, 3.6195738287294645, -0.8012930109846873, 2.3551240384113257, 0.7853504695657474, 1.6537998029702115, -1.1810990583306218, 4.339816724888123, 5.40513354834779, 5.673946711017204, 5.091711728859739, 1.3075669043242621, 3.3807773758911095, -4.228148168722745, 3.5774079241609593, 3.9460781645055696, -3.965692286704771, -3.4882768524921786, 2.243324672270308, -6.257033650834606], Energy: -37.193787956893686
Eval count: 233, Parameters: [1.75149870341093, 1.5704847974687932, -5.940819278118609, -1.6479466268708463, -2.4602830281239965, 0.044638337904198036, 3.6195738287294645, -0.8012930109846873, 2.3551240384113257, 0.7853504695657474, 1.6537998029702115, -1.1810990583306218, 4.339816724888123, 5.405133533446628, 5.673946725918365, 5.091711728859739, 1.3075669043242621, 3.3807773758911095, -4.228148168722745, 3.5774079241609593, 3.9460781645055696, -3.965692286704771, -3.4882768524921786, 2.243324672270308, -6.257033650834606], Energy: -37.19378795688209
Eval count: 234, Parameters: [1.75149870341093, 1.5704847974687932, -5.940819278118609, -1.6479466268708463, -2.4602830281239965, 0.044638337904198036, 3.6195738287294645, -0.8012930109846873, 2.3551240384113257, 0.7853504695657474, 1.6537998029702115, -1.1810990583306218, 4.339816724888123, 5.405133533446628, 5.673946711017204, 5.0917117437609, 1.3075669043242621, 3.3807773758911095, -4.228148168722745, 3.5774079241609593, 3.9460781645055696, -3.965692286704771, -3.4882768524921786, 2.243324672270308, -6.257033650834606], Energy: -37.19378795694149
Eval count: 235, Parameters: [1.75149870341093, 1.5704847974687932, -5.940819278118609, -1.6479466268708463, -2.4602830281239965, 0.044638337904198036, 3.6195738287294645, -0.8012930109846873, 2.3551240384113257, 0.7853504695657474, 1.6537998029702115, -1.1810990583306218, 4.339816724888123, 5.405133533446628, 5.673946711017204, 5.091711728859739, 1.3075669192254233, 3.3807773758911095, -4.228148168722745, 3.5774079241609593, 3.9460781645055696, -3.965692286704771, -3.4882768524921786, 2.243324672270308, -6.257033650834606], Energy: -37.19378795690437
Eval count: 236, Parameters: [1.75149870341093, 1.5704847974687932, -5.940819278118609, -1.6479466268708463, -2.4602830281239965, 0.044638337904198036, 3.6195738287294645, -0.8012930109846873, 2.3551240384113257, 0.7853504695657474, 1.6537998029702115, -1.1810990583306218, 4.339816724888123, 5.405133533446628, 5.673946711017204, 5.091711728859739, 1.3075669043242621, 3.3807773907922707, -4.228148168722745, 3.5774079241609593, 3.9460781645055696, -3.965692286704771, -3.4882768524921786, 2.243324672270308, -6.257033650834606], Energy: -37.19378795691824
Eval count: 237, Parameters: [1.75149870341093, 1.5704847974687932, -5.940819278118609, -1.6479466268708463, -2.4602830281239965, 0.044638337904198036, 3.6195738287294645, -0.8012930109846873, 2.3551240384113257, 0.7853504695657474, 1.6537998029702115, -1.1810990583306218, 4.339816724888123, 5.405133533446628, 5.673946711017204, 5.091711728859739, 1.3075669043242621, 3.3807773758911095, -4.228148153821584, 3.5774079241609593, 3.9460781645055696, -3.965692286704771, -3.4882768524921786, 2.243324672270308, -6.257033650834606], Energy: -37.19378795693723
Eval count: 238, Parameters: [1.75149870341093, 1.5704847974687932, -5.940819278118609, -1.6479466268708463, -2.4602830281239965, 0.044638337904198036, 3.6195738287294645, -0.8012930109846873, 2.3551240384113257, 0.7853504695657474, 1.6537998029702115, -1.1810990583306218, 4.339816724888123, 5.405133533446628, 5.673946711017204, 5.091711728859739, 1.3075669043242621, 3.3807773758911095, -4.228148168722745, 3.5774079390621205, 3.9460781645055696, -3.965692286704771, -3.4882768524921786, 2.243324672270308, -6.257033650834606], Energy: -37.19378795694257
Eval count: 239, Parameters: [1.75149870341093, 1.5704847974687932, -5.940819278118609, -1.6479466268708463, -2.4602830281239965, 0.044638337904198036, 3.6195738287294645, -0.8012930109846873, 2.3551240384113257, 0.7853504695657474, 1.6537998029702115, -1.1810990583306218, 4.339816724888123, 5.405133533446628, 5.673946711017204, 5.091711728859739, 1.3075669043242621, 3.3807773758911095, -4.228148168722745, 3.5774079241609593, 3.946078179406731, -3.965692286704771, -3.4882768524921786, 2.243324672270308, -6.257033650834606], Energy: -37.19378795693518
Eval count: 240, Parameters: [1.75149870341093, 1.5704847974687932, -5.940819278118609, -1.6479466268708463, -2.4602830281239965, 0.044638337904198036, 3.6195738287294645, -0.8012930109846873, 2.3551240384113257, 0.7853504695657474, 1.6537998029702115, -1.1810990583306218, 4.339816724888123, 5.405133533446628, 5.673946711017204, 5.091711728859739, 1.3075669043242621, 3.3807773758911095, -4.228148168722745, 3.5774079241609593, 3.9460781645055696, -3.9656922718036096, -3.4882768524921786, 2.243324672270308, -6.257033650834606], Energy: -37.19378795693177
Eval count: 241, Parameters: [1.75149870341093, 1.5704847974687932, -5.940819278118609, -1.6479466268708463, -2.4602830281239965, 0.044638337904198036, 3.6195738287294645, -0.8012930109846873, 2.3551240384113257, 0.7853504695657474, 1.6537998029702115, -1.1810990583306218, 4.339816724888123, 5.405133533446628, 5.673946711017204, 5.091711728859739, 1.3075669043242621, 3.3807773758911095, -4.228148168722745, 3.5774079241609593, 3.9460781645055696, -3.965692286704771, -3.4882768375910174, 2.243324672270308, -6.257033650834606], Energy: -37.19378795693444
Eval count: 242, Parameters: [1.75149870341093, 1.5704847974687932, -5.940819278118609, -1.6479466268708463, -2.4602830281239965, 0.044638337904198036, 3.6195738287294645, -0.8012930109846873, 2.3551240384113257, 0.7853504695657474, 1.6537998029702115, -1.1810990583306218, 4.339816724888123, 5.405133533446628, 5.673946711017204, 5.091711728859739, 1.3075669043242621, 3.3807773758911095, -4.228148168722745, 3.5774079241609593, 3.9460781645055696, -3.965692286704771, -3.4882768524921786, 2.2433246871714694, -6.257033650834606], Energy: -37.19378795693325
Eval count: 243, Parameters: [1.75149870341093, 1.5704847974687932, -5.940819278118609, -1.6479466268708463, -2.4602830281239965, 0.044638337904198036, 3.6195738287294645, -0.8012930109846873, 2.3551240384113257, 0.7853504695657474, 1.6537998029702115, -1.1810990583306218, 4.339816724888123, 5.405133533446628, 5.673946711017204, 5.091711728859739, 1.3075669043242621, 3.3807773758911095, -4.228148168722745, 3.5774079241609593, 3.9460781645055696, -3.965692286704771, -3.4882768524921786, 2.243324672270308, -6.257033635933444], Energy: -37.19378795693308
Eval count: 244, Parameters: [1.7421235945009879, 1.5981457296140427, -5.9308181693940725, -1.6295787587326422, -2.433622436433159, -0.012646597959609977, 3.609103689762386, -0.8101928513918193, 2.3582783669672334, 0.7865867945523134, 1.6493468038406782, -1.1803887418629044, 4.330475514738388, 5.40225105143032, 5.670607121934449, 5.0923673834502585, 1.305899961017174, 3.379803319646577, -4.2279208934160675, 3.577957464961174, 3.9461997020494715, -3.965767855879808, -3.4881866407082125, 2.2433278708968007, -6.257036936223069], Energy: -37.207842362838335
Eval count: 245, Parameters: [1.742123609402149, 1.5981457296140427, -5.9308181693940725, -1.6295787587326422, -2.433622436433159, -0.012646597959609977, 3.609103689762386, -0.8101928513918193, 2.3582783669672334, 0.7865867945523134, 1.6493468038406782, -1.1803887418629044, 4.330475514738388, 5.40225105143032, 5.670607121934449, 5.0923673834502585, 1.305899961017174, 3.379803319646577, -4.2279208934160675, 3.577957464961174, 3.9461997020494715, -3.965767855879808, -3.4881866407082125, 2.2433278708968007, -6.257036936223069], Energy: -37.207842363702355
Eval count: 246, Parameters: [1.7421235945009879, 1.5981457445152039, -5.9308181693940725, -1.6295787587326422, -2.433622436433159, -0.012646597959609977, 3.609103689762386, -0.8101928513918193, 2.3582783669672334, 0.7865867945523134, 1.6493468038406782, -1.1803887418629044, 4.330475514738388, 5.40225105143032, 5.670607121934449, 5.0923673834502585, 1.305899961017174, 3.379803319646577, -4.2279208934160675, 3.577957464961174, 3.9461997020494715, -3.965767855879808, -3.4881866407082125, 2.2433278708968007, -6.257036936223069], Energy: -37.207842361031624
Eval count: 247, Parameters: [1.7421235945009879, 1.5981457296140427, -5.930818154492911, -1.6295787587326422, -2.433622436433159, -0.012646597959609977, 3.609103689762386, -0.8101928513918193, 2.3582783669672334, 0.7865867945523134, 1.6493468038406782, -1.1803887418629044, 4.330475514738388, 5.40225105143032, 5.670607121934449, 5.0923673834502585, 1.305899961017174, 3.379803319646577, -4.2279208934160675, 3.577957464961174, 3.9461997020494715, -3.965767855879808, -3.4881866407082125, 2.2433278708968007, -6.257036936223069], Energy: -37.20784236154702
Eval count: 248, Parameters: [1.7421235945009879, 1.5981457296140427, -5.9308181693940725, -1.629578743831481, -2.433622436433159, -0.012646597959609977, 3.609103689762386, -0.8101928513918193, 2.3582783669672334, 0.7865867945523134, 1.6493468038406782, -1.1803887418629044, 4.330475514738388, 5.40225105143032, 5.670607121934449, 5.0923673834502585, 1.305899961017174, 3.379803319646577, -4.2279208934160675, 3.577957464961174, 3.9461997020494715, -3.965767855879808, -3.4881866407082125, 2.2433278708968007, -6.257036936223069], Energy: -37.20784236270407
Eval count: 249, Parameters: [1.7421235945009879, 1.5981457296140427, -5.9308181693940725, -1.6295787587326422, -2.433622421531998, -0.012646597959609977, 3.609103689762386, -0.8101928513918193, 2.3582783669672334, 0.7865867945523134, 1.6493468038406782, -1.1803887418629044, 4.330475514738388, 5.40225105143032, 5.670607121934449, 5.0923673834502585, 1.305899961017174, 3.379803319646577, -4.2279208934160675, 3.577957464961174, 3.9461997020494715, -3.965767855879808, -3.4881866407082125, 2.2433278708968007, -6.257036936223069], Energy: -37.20784236331093
Eval count: 250, Parameters: [1.7421235945009879, 1.5981457296140427, -5.9308181693940725, -1.6295787587326422, -2.433622436433159, -0.012646583058448783, 3.609103689762386, -0.8101928513918193, 2.3582783669672334, 0.7865867945523134, 1.6493468038406782, -1.1803887418629044, 4.330475514738388, 5.40225105143032, 5.670607121934449, 5.0923673834502585, 1.305899961017174, 3.379803319646577, -4.2279208934160675, 3.577957464961174, 3.9461997020494715, -3.965767855879808, -3.4881866407082125, 2.2433278708968007, -6.257036936223069], Energy: -37.20784236265524
Eval count: 251, Parameters: [1.7421235945009879, 1.5981457296140427, -5.9308181693940725, -1.6295787587326422, -2.433622436433159, -0.012646597959609977, 3.6091037046635472, -0.8101928513918193, 2.3582783669672334, 0.7865867945523134, 1.6493468038406782, -1.1803887418629044, 4.330475514738388, 5.40225105143032, 5.670607121934449, 5.0923673834502585, 1.305899961017174, 3.379803319646577, -4.2279208934160675, 3.577957464961174, 3.9461997020494715, -3.965767855879808, -3.4881866407082125, 2.2433278708968007, -6.257036936223069], Energy: -37.20784236306872
Eval count: 252, Parameters: [1.7421235945009879, 1.5981457296140427, -5.9308181693940725, -1.6295787587326422, -2.433622436433159, -0.012646597959609977, 3.609103689762386, -0.8101928364906581, 2.3582783669672334, 0.7865867945523134, 1.6493468038406782, -1.1803887418629044, 4.330475514738388, 5.40225105143032, 5.670607121934449, 5.0923673834502585, 1.305899961017174, 3.379803319646577, -4.2279208934160675, 3.577957464961174, 3.9461997020494715, -3.965767855879808, -3.4881866407082125, 2.2433278708968007, -6.257036936223069], Energy: -37.207842362883184
Eval count: 253, Parameters: [1.7421235945009879, 1.5981457296140427, -5.9308181693940725, -1.6295787587326422, -2.433622436433159, -0.012646597959609977, 3.609103689762386, -0.8101928513918193, 2.3582783818683946, 0.7865867945523134, 1.6493468038406782, -1.1803887418629044, 4.330475514738388, 5.40225105143032, 5.670607121934449, 5.0923673834502585, 1.305899961017174, 3.379803319646577, -4.2279208934160675, 3.577957464961174, 3.9461997020494715, -3.965767855879808, -3.4881866407082125, 2.2433278708968007, -6.257036936223069], Energy: -37.20784236281446
Eval count: 254, Parameters: [1.7421235945009879, 1.5981457296140427, -5.9308181693940725, -1.6295787587326422, -2.433622436433159, -0.012646597959609977, 3.609103689762386, -0.8101928513918193, 2.3582783669672334, 0.7865868094534746, 1.6493468038406782, -1.1803887418629044, 4.330475514738388, 5.40225105143032, 5.670607121934449, 5.0923673834502585, 1.305899961017174, 3.379803319646577, -4.2279208934160675, 3.577957464961174, 3.9461997020494715, -3.965767855879808, -3.4881866407082125, 2.2433278708968007, -6.257036936223069], Energy: -37.207842362828615
Eval count: 255, Parameters: [1.7421235945009879, 1.5981457296140427, -5.9308181693940725, -1.6295787587326422, -2.433622436433159, -0.012646597959609977, 3.609103689762386, -0.8101928513918193, 2.3582783669672334, 0.7865867945523134, 1.6493468187418394, -1.1803887418629044, 4.330475514738388, 5.40225105143032, 5.670607121934449, 5.0923673834502585, 1.305899961017174, 3.379803319646577, -4.2279208934160675, 3.577957464961174, 3.9461997020494715, -3.965767855879808, -3.4881866407082125, 2.2433278708968007, -6.257036936223069], Energy: -37.20784236286045
Eval count: 256, Parameters: [1.7421235945009879, 1.5981457296140427, -5.9308181693940725, -1.6295787587326422, -2.433622436433159, -0.012646597959609977, 3.609103689762386, -0.8101928513918193, 2.3582783669672334, 0.7865867945523134, 1.6493468038406782, -1.1803887269617432, 4.330475514738388, 5.40225105143032, 5.670607121934449, 5.0923673834502585, 1.305899961017174, 3.379803319646577, -4.2279208934160675, 3.577957464961174, 3.9461997020494715, -3.965767855879808, -3.4881866407082125, 2.2433278708968007, -6.257036936223069], Energy: -37.2078423628372
Eval count: 257, Parameters: [1.7421235945009879, 1.5981457296140427, -5.9308181693940725, -1.6295787587326422, -2.433622436433159, -0.012646597959609977, 3.609103689762386, -0.8101928513918193, 2.3582783669672334, 0.7865867945523134, 1.6493468038406782, -1.1803887418629044, 4.330475529639549, 5.40225105143032, 5.670607121934449, 5.0923673834502585, 1.305899961017174, 3.379803319646577, -4.2279208934160675, 3.577957464961174, 3.9461997020494715, -3.965767855879808, -3.4881866407082125, 2.2433278708968007, -6.257036936223069], Energy: -37.207842362882445
Eval count: 258, Parameters: [1.7421235945009879, 1.5981457296140427, -5.9308181693940725, -1.6295787587326422, -2.433622436433159, -0.012646597959609977, 3.609103689762386, -0.8101928513918193, 2.3582783669672334, 0.7865867945523134, 1.6493468038406782, -1.1803887418629044, 4.330475514738388, 5.402251066331481, 5.670607121934449, 5.0923673834502585, 1.305899961017174, 3.379803319646577, -4.2279208934160675, 3.577957464961174, 3.9461997020494715, -3.965767855879808, -3.4881866407082125, 2.2433278708968007, -6.257036936223069], Energy: -37.20784236284965
Eval count: 259, Parameters: [1.7421235945009879, 1.5981457296140427, -5.9308181693940725, -1.6295787587326422, -2.433622436433159, -0.012646597959609977, 3.609103689762386, -0.8101928513918193, 2.3582783669672334, 0.7865867945523134, 1.6493468038406782, -1.1803887418629044, 4.330475514738388, 5.40225105143032, 5.67060713683561, 5.0923673834502585, 1.305899961017174, 3.379803319646577, -4.2279208934160675, 3.577957464961174, 3.9461997020494715, -3.965767855879808, -3.4881866407082125, 2.2433278708968007, -6.257036936223069], Energy: -37.20784236285306
Eval count: 260, Parameters: [1.7421235945009879, 1.5981457296140427, -5.9308181693940725, -1.6295787587326422, -2.433622436433159, -0.012646597959609977, 3.609103689762386, -0.8101928513918193, 2.3582783669672334, 0.7865867945523134, 1.6493468038406782, -1.1803887418629044, 4.330475514738388, 5.40225105143032, 5.670607121934449, 5.09236739835142, 1.305899961017174, 3.379803319646577, -4.2279208934160675, 3.577957464961174, 3.9461997020494715, -3.965767855879808, -3.4881866407082125, 2.2433278708968007, -6.257036936223069], Energy: -37.20784236283572
Eval count: 261, Parameters: [1.7421235945009879, 1.5981457296140427, -5.9308181693940725, -1.6295787587326422, -2.433622436433159, -0.012646597959609977, 3.609103689762386, -0.8101928513918193, 2.3582783669672334, 0.7865867945523134, 1.6493468038406782, -1.1803887418629044, 4.330475514738388, 5.40225105143032, 5.670607121934449, 5.0923673834502585, 1.3058999759183352, 3.379803319646577, -4.2279208934160675, 3.577957464961174, 3.9461997020494715, -3.965767855879808, -3.4881866407082125, 2.2433278708968007, -6.257036936223069], Energy: -37.20784236284675
Eval count: 262, Parameters: [1.7421235945009879, 1.5981457296140427, -5.9308181693940725, -1.6295787587326422, -2.433622436433159, -0.012646597959609977, 3.609103689762386, -0.8101928513918193, 2.3582783669672334, 0.7865867945523134, 1.6493468038406782, -1.1803887418629044, 4.330475514738388, 5.40225105143032, 5.670607121934449, 5.0923673834502585, 1.305899961017174, 3.3798033345477383, -4.2279208934160675, 3.577957464961174, 3.9461997020494715, -3.965767855879808, -3.4881866407082125, 2.2433278708968007, -6.257036936223069], Energy: -37.207842362842825
Eval count: 263, Parameters: [1.7421235945009879, 1.5981457296140427, -5.9308181693940725, -1.6295787587326422, -2.433622436433159, -0.012646597959609977, 3.609103689762386, -0.8101928513918193, 2.3582783669672334, 0.7865867945523134, 1.6493468038406782, -1.1803887418629044, 4.330475514738388, 5.40225105143032, 5.670607121934449, 5.0923673834502585, 1.305899961017174, 3.379803319646577, -4.227920878514906, 3.577957464961174, 3.9461997020494715, -3.965767855879808, -3.4881866407082125, 2.2433278708968007, -6.257036936223069], Energy: -37.207842362836914
Eval count: 264, Parameters: [1.7421235945009879, 1.5981457296140427, -5.9308181693940725, -1.6295787587326422, -2.433622436433159, -0.012646597959609977, 3.609103689762386, -0.8101928513918193, 2.3582783669672334, 0.7865867945523134, 1.6493468038406782, -1.1803887418629044, 4.330475514738388, 5.40225105143032, 5.670607121934449, 5.0923673834502585, 1.305899961017174, 3.379803319646577, -4.2279208934160675, 3.5779574798623353, 3.9461997020494715, -3.965767855879808, -3.4881866407082125, 2.2433278708968007, -6.257036936223069], Energy: -37.20784236283555
Eval count: 265, Parameters: [1.7421235945009879, 1.5981457296140427, -5.9308181693940725, -1.6295787587326422, -2.433622436433159, -0.012646597959609977, 3.609103689762386, -0.8101928513918193, 2.3582783669672334, 0.7865867945523134, 1.6493468038406782, -1.1803887418629044, 4.330475514738388, 5.40225105143032, 5.670607121934449, 5.0923673834502585, 1.305899961017174, 3.379803319646577, -4.2279208934160675, 3.577957464961174, 3.9461997169506327, -3.965767855879808, -3.4881866407082125, 2.2433278708968007, -6.257036936223069], Energy: -37.20784236283771
Eval count: 266, Parameters: [1.7421235945009879, 1.5981457296140427, -5.9308181693940725, -1.6295787587326422, -2.433622436433159, -0.012646597959609977, 3.609103689762386, -0.8101928513918193, 2.3582783669672334, 0.7865867945523134, 1.6493468038406782, -1.1803887418629044, 4.330475514738388, 5.40225105143032, 5.670607121934449, 5.0923673834502585, 1.305899961017174, 3.379803319646577, -4.2279208934160675, 3.577957464961174, 3.9461997020494715, -3.9657678409786468, -3.4881866407082125, 2.2433278708968007, -6.257036936223069], Energy: -37.20784236283873
Eval count: 267, Parameters: [1.7421235945009879, 1.5981457296140427, -5.9308181693940725, -1.6295787587326422, -2.433622436433159, -0.012646597959609977, 3.609103689762386, -0.8101928513918193, 2.3582783669672334, 0.7865867945523134, 1.6493468038406782, -1.1803887418629044, 4.330475514738388, 5.40225105143032, 5.670607121934449, 5.0923673834502585, 1.305899961017174, 3.379803319646577, -4.2279208934160675, 3.577957464961174, 3.9461997020494715, -3.965767855879808, -3.4881866258070513, 2.2433278708968007, -6.257036936223069], Energy: -37.20784236283794
Eval count: 268, Parameters: [1.7421235945009879, 1.5981457296140427, -5.9308181693940725, -1.6295787587326422, -2.433622436433159, -0.012646597959609977, 3.609103689762386, -0.8101928513918193, 2.3582783669672334, 0.7865867945523134, 1.6493468038406782, -1.1803887418629044, 4.330475514738388, 5.40225105143032, 5.670607121934449, 5.0923673834502585, 1.305899961017174, 3.379803319646577, -4.2279208934160675, 3.577957464961174, 3.9461997020494715, -3.965767855879808, -3.4881866407082125, 2.243327885797962, -6.257036936223069], Energy: -37.20784236283828
Eval count: 269, Parameters: [1.7421235945009879, 1.5981457296140427, -5.9308181693940725, -1.6295787587326422, -2.433622436433159, -0.012646597959609977, 3.609103689762386, -0.8101928513918193, 2.3582783669672334, 0.7865867945523134, 1.6493468038406782, -1.1803887418629044, 4.330475514738388, 5.40225105143032, 5.670607121934449, 5.0923673834502585, 1.305899961017174, 3.379803319646577, -4.2279208934160675, 3.577957464961174, 3.9461997020494715, -3.965767855879808, -3.4881866407082125, 2.2433278708968007, -6.257036921321908], Energy: -37.207842362838335
Eval count: 270, Parameters: [1.7446827339306337, 1.5937359454005218, -5.9340738191822275, -1.6262036282352592, -2.4228131786857694, -0.022880391044066445, 3.6217471035125812, -0.8080258500599471, 2.35701654497515, 0.7859811148247188, 1.6504530025033035, -1.1804572081499023, 4.3327501922825675, 5.402756065267159, 5.671335267233049, 5.092226497852125, 1.3063288479151989, 3.3800240107136843, -4.227997097475334, 3.577818161057931, 3.946168386702771, -3.9657464563987483, -3.4882075830256114, 2.2433242934960025, -6.257037283341496], Energy: -37.209128272585474
Eval count: 271, Parameters: [1.7446827488317949, 1.5937359454005218, -5.9340738191822275, -1.6262036282352592, -2.4228131786857694, -0.022880391044066445, 3.6217471035125812, -0.8080258500599471, 2.35701654497515, 0.7859811148247188, 1.6504530025033035, -1.1804572081499023, 4.3327501922825675, 5.402756065267159, 5.671335267233049, 5.092226497852125, 1.3063288479151989, 3.3800240107136843, -4.227997097475334, 3.577818161057931, 3.946168386702771, -3.9657464563987483, -3.4882075830256114, 2.2433242934960025, -6.257037283341496], Energy: -37.20912827275231
Eval count: 272, Parameters: [1.7446827339306337, 1.593735960301683, -5.9340738191822275, -1.6262036282352592, -2.4228131786857694, -0.022880391044066445, 3.6217471035125812, -0.8080258500599471, 2.35701654497515, 0.7859811148247188, 1.6504530025033035, -1.1804572081499023, 4.3327501922825675, 5.402756065267159, 5.671335267233049, 5.092226497852125, 1.3063288479151989, 3.3800240107136843, -4.227997097475334, 3.577818161057931, 3.946168386702771, -3.9657464563987483, -3.4882075830256114, 2.2433242934960025, -6.257037283341496], Energy: -37.20912827222185
Eval count: 273, Parameters: [1.7446827339306337, 1.5937359454005218, -5.934073804281066, -1.6262036282352592, -2.4228131786857694, -0.022880391044066445, 3.6217471035125812, -0.8080258500599471, 2.35701654497515, 0.7859811148247188, 1.6504530025033035, -1.1804572081499023, 4.3327501922825675, 5.402756065267159, 5.671335267233049, 5.092226497852125, 1.3063288479151989, 3.3800240107136843, -4.227997097475334, 3.577818161057931, 3.946168386702771, -3.9657464563987483, -3.4882075830256114, 2.2433242934960025, -6.257037283341496], Energy: -37.20912827223873
Eval count: 274, Parameters: [1.7446827339306337, 1.5937359454005218, -5.9340738191822275, -1.626203613334098, -2.4228131786857694, -0.022880391044066445, 3.6217471035125812, -0.8080258500599471, 2.35701654497515, 0.7859811148247188, 1.6504530025033035, -1.1804572081499023, 4.3327501922825675, 5.402756065267159, 5.671335267233049, 5.092226497852125, 1.3063288479151989, 3.3800240107136843, -4.227997097475334, 3.577818161057931, 3.946168386702771, -3.9657464563987483, -3.4882075830256114, 2.2433242934960025, -6.257037283341496], Energy: -37.209128272420514
Eval count: 275, Parameters: [1.7446827339306337, 1.5937359454005218, -5.9340738191822275, -1.6262036282352592, -2.422813163784608, -0.022880391044066445, 3.6217471035125812, -0.8080258500599471, 2.35701654497515, 0.7859811148247188, 1.6504530025033035, -1.1804572081499023, 4.3327501922825675, 5.402756065267159, 5.671335267233049, 5.092226497852125, 1.3063288479151989, 3.3800240107136843, -4.227997097475334, 3.577818161057931, 3.946168386702771, -3.9657464563987483, -3.4882075830256114, 2.2433242934960025, -6.257037283341496], Energy: -37.209128272796306
Eval count: 276, Parameters: [1.7446827339306337, 1.5937359454005218, -5.9340738191822275, -1.6262036282352592, -2.4228131786857694, -0.02288037614290525, 3.6217471035125812, -0.8080258500599471, 2.35701654497515, 0.7859811148247188, 1.6504530025033035, -1.1804572081499023, 4.3327501922825675, 5.402756065267159, 5.671335267233049, 5.092226497852125, 1.3063288479151989, 3.3800240107136843, -4.227997097475334, 3.577818161057931, 3.946168386702771, -3.9657464563987483, -3.4882075830256114, 2.2433242934960025, -6.257037283341496], Energy: -37.20912827223998
Eval count: 277, Parameters: [1.7446827339306337, 1.5937359454005218, -5.9340738191822275, -1.6262036282352592, -2.4228131786857694, -0.022880391044066445, 3.6217471184137424, -0.8080258500599471, 2.35701654497515, 0.7859811148247188, 1.6504530025033035, -1.1804572081499023, 4.3327501922825675, 5.402756065267159, 5.671335267233049, 5.092226497852125, 1.3063288479151989, 3.3800240107136843, -4.227997097475334, 3.577818161057931, 3.946168386702771, -3.9657464563987483, -3.4882075830256114, 2.2433242934960025, -6.257037283341496], Energy: -37.20912827300424
Eval count: 278, Parameters: [1.7446827339306337, 1.5937359454005218, -5.9340738191822275, -1.6262036282352592, -2.4228131786857694, -0.022880391044066445, 3.6217471035125812, -0.8080258351587859, 2.35701654497515, 0.7859811148247188, 1.6504530025033035, -1.1804572081499023, 4.3327501922825675, 5.402756065267159, 5.671335267233049, 5.092226497852125, 1.3063288479151989, 3.3800240107136843, -4.227997097475334, 3.577818161057931, 3.946168386702771, -3.9657464563987483, -3.4882075830256114, 2.2433242934960025, -6.257037283341496], Energy: -37.20912827266909
Eval count: 279, Parameters: [1.7446827339306337, 1.5937359454005218, -5.9340738191822275, -1.6262036282352592, -2.4228131786857694, -0.022880391044066445, 3.6217471035125812, -0.8080258500599471, 2.3570165598763113, 0.7859811148247188, 1.6504530025033035, -1.1804572081499023, 4.3327501922825675, 5.402756065267159, 5.671335267233049, 5.092226497852125, 1.3063288479151989, 3.3800240107136843, -4.227997097475334, 3.577818161057931, 3.946168386702771, -3.9657464563987483, -3.4882075830256114, 2.2433242934960025, -6.257037283341496], Energy: -37.20912827254125
Eval count: 280, Parameters: [1.7446827339306337, 1.5937359454005218, -5.9340738191822275, -1.6262036282352592, -2.4228131786857694, -0.022880391044066445, 3.6217471035125812, -0.8080258500599471, 2.35701654497515, 0.78598112972588, 1.6504530025033035, -1.1804572081499023, 4.3327501922825675, 5.402756065267159, 5.671335267233049, 5.092226497852125, 1.3063288479151989, 3.3800240107136843, -4.227997097475334, 3.577818161057931, 3.946168386702771, -3.9657464563987483, -3.4882075830256114, 2.2433242934960025, -6.257037283341496], Energy: -37.20912827256757
Eval count: 281, Parameters: [1.7446827339306337, 1.5937359454005218, -5.9340738191822275, -1.6262036282352592, -2.4228131786857694, -0.022880391044066445, 3.6217471035125812, -0.8080258500599471, 2.35701654497515, 0.7859811148247188, 1.6504530174044647, -1.1804572081499023, 4.3327501922825675, 5.402756065267159, 5.671335267233049, 5.092226497852125, 1.3063288479151989, 3.3800240107136843, -4.227997097475334, 3.577818161057931, 3.946168386702771, -3.9657464563987483, -3.4882075830256114, 2.2433242934960025, -6.257037283341496], Energy: -37.2091282726268
Eval count: 282, Parameters: [1.7446827339306337, 1.5937359454005218, -5.9340738191822275, -1.6262036282352592, -2.4228131786857694, -0.022880391044066445, 3.6217471035125812, -0.8080258500599471, 2.35701654497515, 0.7859811148247188, 1.6504530025033035, -1.180457193248741, 4.3327501922825675, 5.402756065267159, 5.671335267233049, 5.092226497852125, 1.3063288479151989, 3.3800240107136843, -4.227997097475334, 3.577818161057931, 3.946168386702771, -3.9657464563987483, -3.4882075830256114, 2.2433242934960025, -6.257037283341496], Energy: -37.209128272583314
Eval count: 283, Parameters: [1.7446827339306337, 1.5937359454005218, -5.9340738191822275, -1.6262036282352592, -2.4228131786857694, -0.022880391044066445, 3.6217471035125812, -0.8080258500599471, 2.35701654497515, 0.7859811148247188, 1.6504530025033035, -1.1804572081499023, 4.332750207183729, 5.402756065267159, 5.671335267233049, 5.092226497852125, 1.3063288479151989, 3.3800240107136843, -4.227997097475334, 3.577818161057931, 3.946168386702771, -3.9657464563987483, -3.4882075830256114, 2.2433242934960025, -6.257037283341496], Energy: -37.209128272667385
Eval count: 284, Parameters: [1.7446827339306337, 1.5937359454005218, -5.9340738191822275, -1.6262036282352592, -2.4228131786857694, -0.022880391044066445, 3.6217471035125812, -0.8080258500599471, 2.35701654497515, 0.7859811148247188, 1.6504530025033035, -1.1804572081499023, 4.3327501922825675, 5.40275608016832, 5.671335267233049, 5.092226497852125, 1.3063288479151989, 3.3800240107136843, -4.227997097475334, 3.577818161057931, 3.946168386702771, -3.9657464563987483, -3.4882075830256114, 2.2433242934960025, -6.257037283341496], Energy: -37.20912827260668
Eval count: 285, Parameters: [1.7446827339306337, 1.5937359454005218, -5.9340738191822275, -1.6262036282352592, -2.4228131786857694, -0.022880391044066445, 3.6217471035125812, -0.8080258500599471, 2.35701654497515, 0.7859811148247188, 1.6504530025033035, -1.1804572081499023, 4.3327501922825675, 5.402756065267159, 5.67133528213421, 5.092226497852125, 1.3063288479151989, 3.3800240107136843, -4.227997097475334, 3.577818161057931, 3.946168386702771, -3.9657464563987483, -3.4882075830256114, 2.2433242934960025, -6.257037283341496], Energy: -37.20912827261304
Eval count: 286, Parameters: [1.7446827339306337, 1.5937359454005218, -5.9340738191822275, -1.6262036282352592, -2.4228131786857694, -0.022880391044066445, 3.6217471035125812, -0.8080258500599471, 2.35701654497515, 0.7859811148247188, 1.6504530025033035, -1.1804572081499023, 4.3327501922825675, 5.402756065267159, 5.671335267233049, 5.092226512753286, 1.3063288479151989, 3.3800240107136843, -4.227997097475334, 3.577818161057931, 3.946168386702771, -3.9657464563987483, -3.4882075830256114, 2.2433242934960025, -6.257037283341496], Energy: -37.2091282725807
Eval count: 287, Parameters: [1.7446827339306337, 1.5937359454005218, -5.9340738191822275, -1.6262036282352592, -2.4228131786857694, -0.022880391044066445, 3.6217471035125812, -0.8080258500599471, 2.35701654497515, 0.7859811148247188, 1.6504530025033035, -1.1804572081499023, 4.3327501922825675, 5.402756065267159, 5.671335267233049, 5.092226497852125, 1.30632886281636, 3.3800240107136843, -4.227997097475334, 3.577818161057931, 3.946168386702771, -3.9657464563987483, -3.4882075830256114, 2.2433242934960025, -6.257037283341496], Energy: -37.20912827260122
Eval count: 288, Parameters: [1.7446827339306337, 1.5937359454005218, -5.9340738191822275, -1.6262036282352592, -2.4228131786857694, -0.022880391044066445, 3.6217471035125812, -0.8080258500599471, 2.35701654497515, 0.7859811148247188, 1.6504530025033035, -1.1804572081499023, 4.3327501922825675, 5.402756065267159, 5.671335267233049, 5.092226497852125, 1.3063288479151989, 3.3800240256148455, -4.227997097475334, 3.577818161057931, 3.946168386702771, -3.9657464563987483, -3.4882075830256114, 2.2433242934960025, -6.257037283341496], Energy: -37.209128272594
Eval count: 289, Parameters: [1.7446827339306337, 1.5937359454005218, -5.9340738191822275, -1.6262036282352592, -2.4228131786857694, -0.022880391044066445, 3.6217471035125812, -0.8080258500599471, 2.35701654497515, 0.7859811148247188, 1.6504530025033035, -1.1804572081499023, 4.3327501922825675, 5.402756065267159, 5.671335267233049, 5.092226497852125, 1.3063288479151989, 3.3800240107136843, -4.227997082574173, 3.577818161057931, 3.946168386702771, -3.9657464563987483, -3.4882075830256114, 2.2433242934960025, -6.257037283341496], Energy: -37.20912827258309
Eval count: 290, Parameters: [1.7446827339306337, 1.5937359454005218, -5.9340738191822275, -1.6262036282352592, -2.4228131786857694, -0.022880391044066445, 3.6217471035125812, -0.8080258500599471, 2.35701654497515, 0.7859811148247188, 1.6504530025033035, -1.1804572081499023, 4.3327501922825675, 5.402756065267159, 5.671335267233049, 5.092226497852125, 1.3063288479151989, 3.3800240107136843, -4.227997097475334, 3.5778181759590924, 3.946168386702771, -3.9657464563987483, -3.4882075830256114, 2.2433242934960025, -6.257037283341496], Energy: -37.2091282725803
Eval count: 291, Parameters: [1.7446827339306337, 1.5937359454005218, -5.9340738191822275, -1.6262036282352592, -2.4228131786857694, -0.022880391044066445, 3.6217471035125812, -0.8080258500599471, 2.35701654497515, 0.7859811148247188, 1.6504530025033035, -1.1804572081499023, 4.3327501922825675, 5.402756065267159, 5.671335267233049, 5.092226497852125, 1.3063288479151989, 3.3800240107136843, -4.227997097475334, 3.577818161057931, 3.946168401603932, -3.9657464563987483, -3.4882075830256114, 2.2433242934960025, -6.257037283341496], Energy: -37.20912827258434
Eval count: 292, Parameters: [1.7446827339306337, 1.5937359454005218, -5.9340738191822275, -1.6262036282352592, -2.4228131786857694, -0.022880391044066445, 3.6217471035125812, -0.8080258500599471, 2.35701654497515, 0.7859811148247188, 1.6504530025033035, -1.1804572081499023, 4.3327501922825675, 5.402756065267159, 5.671335267233049, 5.092226497852125, 1.3063288479151989, 3.3800240107136843, -4.227997097475334, 3.577818161057931, 3.946168386702771, -3.965746441497587, -3.4882075830256114, 2.2433242934960025, -6.257037283341496], Energy: -37.20912827258621
Eval count: 293, Parameters: [1.7446827339306337, 1.5937359454005218, -5.9340738191822275, -1.6262036282352592, -2.4228131786857694, -0.022880391044066445, 3.6217471035125812, -0.8080258500599471, 2.35701654497515, 0.7859811148247188, 1.6504530025033035, -1.1804572081499023, 4.3327501922825675, 5.402756065267159, 5.671335267233049, 5.092226497852125, 1.3063288479151989, 3.3800240107136843, -4.227997097475334, 3.577818161057931, 3.946168386702771, -3.9657464563987483, -3.48820756812445, 2.2433242934960025, -6.257037283341496], Energy: -37.209128272584735
Eval count: 294, Parameters: [1.7446827339306337, 1.5937359454005218, -5.9340738191822275, -1.6262036282352592, -2.4228131786857694, -0.022880391044066445, 3.6217471035125812, -0.8080258500599471, 2.35701654497515, 0.7859811148247188, 1.6504530025033035, -1.1804572081499023, 4.3327501922825675, 5.402756065267159, 5.671335267233049, 5.092226497852125, 1.3063288479151989, 3.3800240107136843, -4.227997097475334, 3.577818161057931, 3.946168386702771, -3.9657464563987483, -3.4882075830256114, 2.2433243083971637, -6.257037283341496], Energy: -37.2091282725853
Eval count: 295, Parameters: [1.7446827339306337, 1.5937359454005218, -5.9340738191822275, -1.6262036282352592, -2.4228131786857694, -0.022880391044066445, 3.6217471035125812, -0.8080258500599471, 2.35701654497515, 0.7859811148247188, 1.6504530025033035, -1.1804572081499023, 4.3327501922825675, 5.402756065267159, 5.671335267233049, 5.092226497852125, 1.3063288479151989, 3.3800240107136843, -4.227997097475334, 3.577818161057931, 3.946168386702771, -3.9657464563987483, -3.4882075830256114, 2.2433242934960025, -6.257037268440334], Energy: -37.20912827258559
Eval count: 296, Parameters: [1.7537735767897233, 1.5784524237812294, -5.946579121126185, -1.6293633333407953, -2.3735797519808886, -0.11325280153234467, 3.7374902800330267, -0.7870535040855466, 2.3453671832305467, 0.7807696540714599, 1.6609815674236463, -1.181044515195366, 4.353970056634797, 5.407842910882199, 5.678308955185096, 5.0909585422730395, 1.3103822370391351, 3.3821642435627477, -4.22865322279559, 3.5764966469960653, 3.945876021488435, -3.965550200976981, -3.4884007779259516, 2.2432830967359805, -6.257020122461623], Energy: -37.22052468033172
Eval count: 297, Parameters: [1.7537735916908845, 1.5784524237812294, -5.946579121126185, -1.6293633333407953, -2.3735797519808886, -0.11325280153234467, 3.7374902800330267, -0.7870535040855466, 2.3453671832305467, 0.7807696540714599, 1.6609815674236463, -1.181044515195366, 4.353970056634797, 5.407842910882199, 5.678308955185096, 5.0909585422730395, 1.3103822370391351, 3.3821642435627477, -4.22865322279559, 3.5764966469960653, 3.945876021488435, -3.965550200976981, -3.4884007779259516, 2.2432830967359805, -6.257020122461623], Energy: -37.22052467814234
Eval count: 298, Parameters: [1.7537735767897233, 1.5784524386823906, -5.946579121126185, -1.6293633333407953, -2.3735797519808886, -0.11325280153234467, 3.7374902800330267, -0.7870535040855466, 2.3453671832305467, 0.7807696540714599, 1.6609815674236463, -1.181044515195366, 4.353970056634797, 5.407842910882199, 5.678308955185096, 5.0909585422730395, 1.3103822370391351, 3.3821642435627477, -4.22865322279559, 3.5764966469960653, 3.945876021488435, -3.965550200976981, -3.4884007779259516, 2.2432830967359805, -6.257020122461623], Energy: -37.22052468443985
Eval count: 299, Parameters: [1.7537735767897233, 1.5784524237812294, -5.946579106225024, -1.6293633333407953, -2.3735797519808886, -0.11325280153234467, 3.7374902800330267, -0.7870535040855466, 2.3453671832305467, 0.7807696540714599, 1.6609815674236463, -1.181044515195366, 4.353970056634797, 5.407842910882199, 5.678308955185096, 5.0909585422730395, 1.3103822370391351, 3.3821642435627477, -4.22865322279559, 3.5764966469960653, 3.945876021488435, -3.965550200976981, -3.4884007779259516, 2.2432830967359805, -6.257020122461623], Energy: -37.22052468463619
Eval count: 300, Parameters: [1.7537735767897233, 1.5784524237812294, -5.946579121126185, -1.6293633184396341, -2.3735797519808886, -0.11325280153234467, 3.7374902800330267, -0.7870535040855466, 2.3453671832305467, 0.7807696540714599, 1.6609815674236463, -1.181044515195366, 4.353970056634797, 5.407842910882199, 5.678308955185096, 5.0909585422730395, 1.3103822370391351, 3.3821642435627477, -4.22865322279559, 3.5764966469960653, 3.945876021488435, -3.965550200976981, -3.4884007779259516, 2.2432830967359805, -6.257020122461623], Energy: -37.220524680533515
Eval count: 301, Parameters: [1.7537735767897233, 1.5784524237812294, -5.946579121126185, -1.6293633333407953, -2.3735797370797274, -0.11325280153234467, 3.7374902800330267, -0.7870535040855466, 2.3453671832305467, 0.7807696540714599, 1.6609815674236463, -1.181044515195366, 4.353970056634797, 5.407842910882199, 5.678308955185096, 5.0909585422730395, 1.3103822370391351, 3.3821642435627477, -4.22865322279559, 3.5764966469960653, 3.945876021488435, -3.965550200976981, -3.4884007779259516, 2.2432830967359805, -6.257020122461623], Energy: -37.220524679761866
Eval count: 302, Parameters: [1.7537735767897233, 1.5784524237812294, -5.946579121126185, -1.6293633333407953, -2.3735797519808886, -0.11325278663118347, 3.7374902800330267, -0.7870535040855466, 2.3453671832305467, 0.7807696540714599, 1.6609815674236463, -1.181044515195366, 4.353970056634797, 5.407842910882199, 5.678308955185096, 5.0909585422730395, 1.3103822370391351, 3.3821642435627477, -4.22865322279559, 3.5764966469960653, 3.945876021488435, -3.965550200976981, -3.4884007779259516, 2.2432830967359805, -6.257020122461623], Energy: -37.22052467894002
Eval count: 303, Parameters: [1.7537735767897233, 1.5784524237812294, -5.946579121126185, -1.6293633333407953, -2.3735797519808886, -0.11325280153234467, 3.737490294934188, -0.7870535040855466, 2.3453671832305467, 0.7807696540714599, 1.6609815674236463, -1.181044515195366, 4.353970056634797, 5.407842910882199, 5.678308955185096, 5.0909585422730395, 1.3103822370391351, 3.3821642435627477, -4.22865322279559, 3.5764966469960653, 3.945876021488435, -3.965550200976981, -3.4884007779259516, 2.2432830967359805, -6.257020122461623], Energy: -37.22052468242953
Eval count: 304, Parameters: [1.7537735767897233, 1.5784524237812294, -5.946579121126185, -1.6293633333407953, -2.3735797519808886, -0.11325280153234467, 3.7374902800330267, -0.7870534891843854, 2.3453671832305467, 0.7807696540714599, 1.6609815674236463, -1.181044515195366, 4.353970056634797, 5.407842910882199, 5.678308955185096, 5.0909585422730395, 1.3103822370391351, 3.3821642435627477, -4.22865322279559, 3.5764966469960653, 3.945876021488435, -3.965550200976981, -3.4884007779259516, 2.2432830967359805, -6.257020122461623], Energy: -37.220524680805056
Eval count: 305, Parameters: [1.7537735767897233, 1.5784524237812294, -5.946579121126185, -1.6293633333407953, -2.3735797519808886, -0.11325280153234467, 3.7374902800330267, -0.7870535040855466, 2.345367198131708, 0.7807696540714599, 1.6609815674236463, -1.181044515195366, 4.353970056634797, 5.407842910882199, 5.678308955185096, 5.0909585422730395, 1.3103822370391351, 3.3821642435627477, -4.22865322279559, 3.5764966469960653, 3.945876021488435, -3.965550200976981, -3.4884007779259516, 2.2432830967359805, -6.257020122461623], Energy: -37.22052468006768
Eval count: 306, Parameters: [1.7537735767897233, 1.5784524237812294, -5.946579121126185, -1.6293633333407953, -2.3735797519808886, -0.11325280153234467, 3.7374902800330267, -0.7870535040855466, 2.3453671832305467, 0.7807696689726211, 1.6609815674236463, -1.181044515195366, 4.353970056634797, 5.407842910882199, 5.678308955185096, 5.0909585422730395, 1.3103822370391351, 3.3821642435627477, -4.22865322279559, 3.5764966469960653, 3.945876021488435, -3.965550200976981, -3.4884007779259516, 2.2432830967359805, -6.257020122461623], Energy: -37.22052468023054
Eval count: 307, Parameters: [1.7537735767897233, 1.5784524237812294, -5.946579121126185, -1.6293633333407953, -2.3735797519808886, -0.11325280153234467, 3.7374902800330267, -0.7870535040855466, 2.3453671832305467, 0.7807696540714599, 1.6609815823248075, -1.181044515195366, 4.353970056634797, 5.407842910882199, 5.678308955185096, 5.0909585422730395, 1.3103822370391351, 3.3821642435627477, -4.22865322279559, 3.5764966469960653, 3.945876021488435, -3.965550200976981, -3.4884007779259516, 2.2432830967359805, -6.257020122461623], Energy: -37.22052468058314
Eval count: 308, Parameters: [1.7537735767897233, 1.5784524237812294, -5.946579121126185, -1.6293633333407953, -2.3735797519808886, -0.11325280153234467, 3.7374902800330267, -0.7870535040855466, 2.3453671832305467, 0.7807696540714599, 1.6609815674236463, -1.1810445002942047, 4.353970056634797, 5.407842910882199, 5.678308955185096, 5.0909585422730395, 1.3103822370391351, 3.3821642435627477, -4.22865322279559, 3.5764966469960653, 3.945876021488435, -3.965550200976981, -3.4884007779259516, 2.2432830967359805, -6.257020122461623], Energy: -37.220524680309495
Eval count: 309, Parameters: [1.7537735767897233, 1.5784524237812294, -5.946579121126185, -1.6293633333407953, -2.3735797519808886, -0.11325280153234467, 3.7374902800330267, -0.7870535040855466, 2.3453671832305467, 0.7807696540714599, 1.6609815674236463, -1.181044515195366, 4.353970071535958, 5.407842910882199, 5.678308955185096, 5.0909585422730395, 1.3103822370391351, 3.3821642435627477, -4.22865322279559, 3.5764966469960653, 3.945876021488435, -3.965550200976981, -3.4884007779259516, 2.2432830967359805, -6.257020122461623], Energy: -37.22052468081813
Eval count: 310, Parameters: [1.7537735767897233, 1.5784524237812294, -5.946579121126185, -1.6293633333407953, -2.3735797519808886, -0.11325280153234467, 3.7374902800330267, -0.7870535040855466, 2.3453671832305467, 0.7807696540714599, 1.6609815674236463, -1.181044515195366, 4.353970056634797, 5.40784292578336, 5.678308955185096, 5.0909585422730395, 1.3103822370391351, 3.3821642435627477, -4.22865322279559, 3.5764966469960653, 3.945876021488435, -3.965550200976981, -3.4884007779259516, 2.2432830967359805, -6.257020122461623], Energy: -37.2205246804611
Eval count: 311, Parameters: [1.7537735767897233, 1.5784524237812294, -5.946579121126185, -1.6293633333407953, -2.3735797519808886, -0.11325280153234467, 3.7374902800330267, -0.7870535040855466, 2.3453671832305467, 0.7807696540714599, 1.6609815674236463, -1.181044515195366, 4.353970056634797, 5.407842910882199, 5.678308970086257, 5.0909585422730395, 1.3103822370391351, 3.3821642435627477, -4.22865322279559, 3.5764966469960653, 3.945876021488435, -3.965550200976981, -3.4884007779259516, 2.2432830967359805, -6.257020122461623], Energy: -37.22052468050117
Eval count: 312, Parameters: [1.7537735767897233, 1.5784524237812294, -5.946579121126185, -1.6293633333407953, -2.3735797519808886, -0.11325280153234467, 3.7374902800330267, -0.7870535040855466, 2.3453671832305467, 0.7807696540714599, 1.6609815674236463, -1.181044515195366, 4.353970056634797, 5.407842910882199, 5.678308955185096, 5.090958557174201, 1.3103822370391351, 3.3821642435627477, -4.22865322279559, 3.5764966469960653, 3.945876021488435, -3.965550200976981, -3.4884007779259516, 2.2432830967359805, -6.257020122461623], Energy: -37.220524680306255
Eval count: 313, Parameters: [1.7537735767897233, 1.5784524237812294, -5.946579121126185, -1.6293633333407953, -2.3735797519808886, -0.11325280153234467, 3.7374902800330267, -0.7870535040855466, 2.3453671832305467, 0.7807696540714599, 1.6609815674236463, -1.181044515195366, 4.353970056634797, 5.407842910882199, 5.678308955185096, 5.0909585422730395, 1.3103822519402963, 3.3821642435627477, -4.22865322279559, 3.5764966469960653, 3.945876021488435, -3.965550200976981, -3.4884007779259516, 2.2432830967359805, -6.257020122461623], Energy: -37.22052468042767
Eval count: 314, Parameters: [1.7537735767897233, 1.5784524237812294, -5.946579121126185, -1.6293633333407953, -2.3735797519808886, -0.11325280153234467, 3.7374902800330267, -0.7870535040855466, 2.3453671832305467, 0.7807696540714599, 1.6609815674236463, -1.181044515195366, 4.353970056634797, 5.407842910882199, 5.678308955185096, 5.0909585422730395, 1.3103822370391351, 3.382164258463909, -4.22865322279559, 3.5764966469960653, 3.945876021488435, -3.965550200976981, -3.4884007779259516, 2.2432830967359805, -6.257020122461623], Energy: -37.2205246803839
Eval count: 315, Parameters: [1.7537735767897233, 1.5784524237812294, -5.946579121126185, -1.6293633333407953, -2.3735797519808886, -0.11325280153234467, 3.7374902800330267, -0.7870535040855466, 2.3453671832305467, 0.7807696540714599, 1.6609815674236463, -1.181044515195366, 4.353970056634797, 5.407842910882199, 5.678308955185096, 5.0909585422730395, 1.3103822370391351, 3.3821642435627477, -4.228653207894429, 3.5764966469960653, 3.945876021488435, -3.965550200976981, -3.4884007779259516, 2.2432830967359805, -6.257020122461623], Energy: -37.22052468031825
Eval count: 316, Parameters: [1.7537735767897233, 1.5784524237812294, -5.946579121126185, -1.6293633333407953, -2.3735797519808886, -0.11325280153234467, 3.7374902800330267, -0.7870535040855466, 2.3453671832305467, 0.7807696540714599, 1.6609815674236463, -1.181044515195366, 4.353970056634797, 5.407842910882199, 5.678308955185096, 5.0909585422730395, 1.3103822370391351, 3.3821642435627477, -4.22865322279559, 3.5764966618972265, 3.945876021488435, -3.965550200976981, -3.4884007779259516, 2.2432830967359805, -6.257020122461623], Energy: -37.22052468029989
Eval count: 317, Parameters: [1.7537735767897233, 1.5784524237812294, -5.946579121126185, -1.6293633333407953, -2.3735797519808886, -0.11325280153234467, 3.7374902800330267, -0.7870535040855466, 2.3453671832305467, 0.7807696540714599, 1.6609815674236463, -1.181044515195366, 4.353970056634797, 5.407842910882199, 5.678308955185096, 5.0909585422730395, 1.3103822370391351, 3.3821642435627477, -4.22865322279559, 3.5764966469960653, 3.9458760363895964, -3.965550200976981, -3.4884007779259516, 2.2432830967359805, -6.257020122461623], Energy: -37.22052468032513
Eval count: 318, Parameters: [1.7537735767897233, 1.5784524237812294, -5.946579121126185, -1.6293633333407953, -2.3735797519808886, -0.11325280153234467, 3.7374902800330267, -0.7870535040855466, 2.3453671832305467, 0.7807696540714599, 1.6609815674236463, -1.181044515195366, 4.353970056634797, 5.407842910882199, 5.678308955185096, 5.0909585422730395, 1.3103822370391351, 3.3821642435627477, -4.22865322279559, 3.5764966469960653, 3.945876021488435, -3.96555018607582, -3.4884007779259516, 2.2432830967359805, -6.257020122461623], Energy: -37.22052468033672
Eval count: 319, Parameters: [1.7537735767897233, 1.5784524237812294, -5.946579121126185, -1.6293633333407953, -2.3735797519808886, -0.11325280153234467, 3.7374902800330267, -0.7870535040855466, 2.3453671832305467, 0.7807696540714599, 1.6609815674236463, -1.181044515195366, 4.353970056634797, 5.407842910882199, 5.678308955185096, 5.0909585422730395, 1.3103822370391351, 3.3821642435627477, -4.22865322279559, 3.5764966469960653, 3.945876021488435, -3.965550200976981, -3.4884007630247904, 2.2432830967359805, -6.257020122461623], Energy: -37.220524680327344
Eval count: 320, Parameters: [1.7537735767897233, 1.5784524237812294, -5.946579121126185, -1.6293633333407953, -2.3735797519808886, -0.11325280153234467, 3.7374902800330267, -0.7870535040855466, 2.3453671832305467, 0.7807696540714599, 1.6609815674236463, -1.181044515195366, 4.353970056634797, 5.407842910882199, 5.678308955185096, 5.0909585422730395, 1.3103822370391351, 3.3821642435627477, -4.22865322279559, 3.5764966469960653, 3.945876021488435, -3.965550200976981, -3.4884007779259516, 2.2432831116371417, -6.257020122461623], Energy: -37.22052468033138
Eval count: 321, Parameters: [1.7537735767897233, 1.5784524237812294, -5.946579121126185, -1.6293633333407953, -2.3735797519808886, -0.11325280153234467, 3.7374902800330267, -0.7870535040855466, 2.3453671832305467, 0.7807696540714599, 1.6609815674236463, -1.181044515195366, 4.353970056634797, 5.407842910882199, 5.678308955185096, 5.0909585422730395, 1.3103822370391351, 3.3821642435627477, -4.22865322279559, 3.5764966469960653, 3.945876021488435, -3.965550200976981, -3.4884007779259516, 2.2432830967359805, -6.257020107560462], Energy: -37.22052468033229
Eval count: 322, Parameters: [1.9596116894668758, 1.2495153113117177, -6.19924362597726, -1.6113828295020636, -1.2979691979666665, -2.31070033618843, 6.584668596547646, -0.25162530621438883, 2.0437917170942494, 0.6498641154466368, 1.934769067220249, -1.198824255204985, 4.900185822203942, 5.54089614599216, 5.859947374701045, 5.059551279695153, 1.415686542125366, 3.437841803267886, -4.245347937624189, 3.541978522494149, 3.938360761390104, -3.9603043352864757, -3.493353165021939, 2.242457185686924, -6.256629910485137], Energy: -33.52429000886963
Eval count: 323, Parameters: [1.7743573880574386, 1.5455587125342782, -5.971845571611293, -1.627565282956922, -2.2660186965794664, -0.33299755499795325, 4.022208111684488, -0.7335106842984309, 2.315209636616917, 0.7676791002089776, 1.6883603174033066, -1.1828224891963277, 4.408591633191711, 5.421148234393195, 5.696472797136691, 5.087817816015251, 1.3209126675477583, 3.3877319995332615, -4.23032269427845, 3.5730448345458736, 3.945124495478602, -3.9650256144079306, -3.4888960166355503, 2.2432005056310746, -6.256981101263975], Energy: -37.288125554805276
Eval count: 324, Parameters: [1.7743574029585998, 1.5455587125342782, -5.971845571611293, -1.627565282956922, -2.2660186965794664, -0.33299755499795325, 4.022208111684488, -0.7335106842984309, 2.315209636616917, 0.7676791002089776, 1.6883603174033066, -1.1828224891963277, 4.408591633191711, 5.421148234393195, 5.696472797136691, 5.087817816015251, 1.3209126675477583, 3.3877319995332615, -4.23032269427845, 3.5730448345458736, 3.945124495478602, -3.9650256144079306, -3.4888960166355503, 2.2432005056310746, -6.256981101263975], Energy: -37.28812554671589
Eval count: 325, Parameters: [1.7743573880574386, 1.5455587274354394, -5.971845571611293, -1.627565282956922, -2.2660186965794664, -0.33299755499795325, 4.022208111684488, -0.7335106842984309, 2.315209636616917, 0.7676791002089776, 1.6883603174033066, -1.1828224891963277, 4.408591633191711, 5.421148234393195, 5.696472797136691, 5.087817816015251, 1.3209126675477583, 3.3877319995332615, -4.23032269427845, 3.5730448345458736, 3.945124495478602, -3.9650256144079306, -3.4888960166355503, 2.2432005056310746, -6.256981101263975], Energy: -37.28812556890051
Eval count: 326, Parameters: [1.7743573880574386, 1.5455587125342782, -5.971845556710131, -1.627565282956922, -2.2660186965794664, -0.33299755499795325, 4.022208111684488, -0.7335106842984309, 2.315209636616917, 0.7676791002089776, 1.6883603174033066, -1.1828224891963277, 4.408591633191711, 5.421148234393195, 5.696472797136691, 5.087817816015251, 1.3209126675477583, 3.3877319995332615, -4.23032269427845, 3.5730448345458736, 3.945124495478602, -3.9650256144079306, -3.4888960166355503, 2.2432005056310746, -6.256981101263975], Energy: -37.288125574575645
Eval count: 327, Parameters: [1.7743573880574386, 1.5455587125342782, -5.971845571611293, -1.6275652680557608, -2.2660186965794664, -0.33299755499795325, 4.022208111684488, -0.7335106842984309, 2.315209636616917, 0.7676791002089776, 1.6883603174033066, -1.1828224891963277, 4.408591633191711, 5.421148234393195, 5.696472797136691, 5.087817816015251, 1.3209126675477583, 3.3877319995332615, -4.23032269427845, 3.5730448345458736, 3.945124495478602, -3.9650256144079306, -3.4888960166355503, 2.2432005056310746, -6.256981101263975], Energy: -37.28812555571278
Eval count: 328, Parameters: [1.7743573880574386, 1.5455587125342782, -5.971845571611293, -1.627565282956922, -2.2660186816783052, -0.33299755499795325, 4.022208111684488, -0.7335106842984309, 2.315209636616917, 0.7676791002089776, 1.6883603174033066, -1.1828224891963277, 4.408591633191711, 5.421148234393195, 5.696472797136691, 5.087817816015251, 1.3209126675477583, 3.3877319995332615, -4.23032269427845, 3.5730448345458736, 3.945124495478602, -3.9650256144079306, -3.4888960166355503, 2.2432005056310746, -6.256981101263975], Energy: -37.28812555403459
Eval count: 329, Parameters: [1.7743573880574386, 1.5455587125342782, -5.971845571611293, -1.627565282956922, -2.2660186965794664, -0.33299754009679206, 4.022208111684488, -0.7335106842984309, 2.315209636616917, 0.7676791002089776, 1.6883603174033066, -1.1828224891963277, 4.408591633191711, 5.421148234393195, 5.696472797136691, 5.087817816015251, 1.3209126675477583, 3.3877319995332615, -4.23032269427845, 3.5730448345458736, 3.945124495478602, -3.9650256144079306, -3.4888960166355503, 2.2432005056310746, -6.256981101263975], Energy: -37.28812555221123
Eval count: 330, Parameters: [1.7743573880574386, 1.5455587125342782, -5.971845571611293, -1.627565282956922, -2.2660186965794664, -0.33299755499795325, 4.0222081265856495, -0.7335106842984309, 2.315209636616917, 0.7676791002089776, 1.6883603174033066, -1.1828224891963277, 4.408591633191711, 5.421148234393195, 5.696472797136691, 5.087817816015251, 1.3209126675477583, 3.3877319995332615, -4.23032269427845, 3.5730448345458736, 3.945124495478602, -3.9650256144079306, -3.4888960166355503, 2.2432005056310746, -6.256981101263975], Energy: -37.28812556030806
Eval count: 331, Parameters: [1.7743573880574386, 1.5455587125342782, -5.971845571611293, -1.627565282956922, -2.2660186965794664, -0.33299755499795325, 4.022208111684488, -0.7335106693972697, 2.315209636616917, 0.7676791002089776, 1.6883603174033066, -1.1828224891963277, 4.408591633191711, 5.421148234393195, 5.696472797136691, 5.087817816015251, 1.3209126675477583, 3.3877319995332615, -4.23032269427845, 3.5730448345458736, 3.945124495478602, -3.9650256144079306, -3.4888960166355503, 2.2432005056310746, -6.256981101263975], Energy: -37.288125556303555
Eval count: 332, Parameters: [1.7743573880574386, 1.5455587125342782, -5.971845571611293, -1.627565282956922, -2.2660186965794664, -0.33299755499795325, 4.022208111684488, -0.7335106842984309, 2.315209651518078, 0.7676791002089776, 1.6883603174033066, -1.1828224891963277, 4.408591633191711, 5.421148234393195, 5.696472797136691, 5.087817816015251, 1.3209126675477583, 3.3877319995332615, -4.23032269427845, 3.5730448345458736, 3.945124495478602, -3.9650256144079306, -3.4888960166355503, 2.2432005056310746, -6.256981101263975], Energy: -37.28812555381404
Eval count: 333, Parameters: [1.7743573880574386, 1.5455587125342782, -5.971845571611293, -1.627565282956922, -2.2660186965794664, -0.33299755499795325, 4.022208111684488, -0.7335106842984309, 2.315209636616917, 0.7676791151101388, 1.6883603174033066, -1.1828224891963277, 4.408591633191711, 5.421148234393195, 5.696472797136691, 5.087817816015251, 1.3209126675477583, 3.3877319995332615, -4.23032269427845, 3.5730448345458736, 3.945124495478602, -3.9650256144079306, -3.4888960166355503, 2.2432005056310746, -6.256981101263975], Energy: -37.288125554473424
Eval count: 334, Parameters: [1.7743573880574386, 1.5455587125342782, -5.971845571611293, -1.627565282956922, -2.2660186965794664, -0.33299755499795325, 4.022208111684488, -0.7335106842984309, 2.315209636616917, 0.7676791002089776, 1.6883603323044678, -1.1828224891963277, 4.408591633191711, 5.421148234393195, 5.696472797136691, 5.087817816015251, 1.3209126675477583, 3.3877319995332615, -4.23032269427845, 3.5730448345458736, 3.945124495478602, -3.9650256144079306, -3.4888960166355503, 2.2432005056310746, -6.256981101263975], Energy: -37.28812555577849
Eval count: 335, Parameters: [1.7743573880574386, 1.5455587125342782, -5.971845571611293, -1.627565282956922, -2.2660186965794664, -0.33299755499795325, 4.022208111684488, -0.7335106842984309, 2.315209636616917, 0.7676791002089776, 1.6883603174033066, -1.1828224742951665, 4.408591633191711, 5.421148234393195, 5.696472797136691, 5.087817816015251, 1.3209126675477583, 3.3877319995332615, -4.23032269427845, 3.5730448345458736, 3.945124495478602, -3.9650256144079306, -3.4888960166355503, 2.2432005056310746, -6.256981101263975], Energy: -37.288125554606495
Eval count: 336, Parameters: [1.7743573880574386, 1.5455587125342782, -5.971845571611293, -1.627565282956922, -2.2660186965794664, -0.33299755499795325, 4.022208111684488, -0.7335106842984309, 2.315209636616917, 0.7676791002089776, 1.6883603174033066, -1.1828224891963277, 4.408591648092872, 5.421148234393195, 5.696472797136691, 5.087817816015251, 1.3209126675477583, 3.3877319995332615, -4.23032269427845, 3.5730448345458736, 3.945124495478602, -3.9650256144079306, -3.4888960166355503, 2.2432005056310746, -6.256981101263975], Energy: -37.28812555663262
Eval count: 337, Parameters: [1.7743573880574386, 1.5455587125342782, -5.971845571611293, -1.627565282956922, -2.2660186965794664, -0.33299755499795325, 4.022208111684488, -0.7335106842984309, 2.315209636616917, 0.7676791002089776, 1.6883603174033066, -1.1828224891963277, 4.408591633191711, 5.421148249294356, 5.696472797136691, 5.087817816015251, 1.3209126675477583, 3.3877319995332615, -4.23032269427845, 3.5730448345458736, 3.945124495478602, -3.9650256144079306, -3.4888960166355503, 2.2432005056310746, -6.256981101263975], Energy: -37.288125555286456
Eval count: 338, Parameters: [1.7743573880574386, 1.5455587125342782, -5.971845571611293, -1.627565282956922, -2.2660186965794664, -0.33299755499795325, 4.022208111684488, -0.7335106842984309, 2.315209636616917, 0.7676791002089776, 1.6883603174033066, -1.1828224891963277, 4.408591633191711, 5.421148234393195, 5.696472812037852, 5.087817816015251, 1.3209126675477583, 3.3877319995332615, -4.23032269427845, 3.5730448345458736, 3.945124495478602, -3.9650256144079306, -3.4888960166355503, 2.2432005056310746, -6.256981101263975], Energy: -37.28812555547859
Eval count: 339, Parameters: [1.7743573880574386, 1.5455587125342782, -5.971845571611293, -1.627565282956922, -2.2660186965794664, -0.33299755499795325, 4.022208111684488, -0.7335106842984309, 2.315209636616917, 0.7676791002089776, 1.6883603174033066, -1.1828224891963277, 4.408591633191711, 5.421148234393195, 5.696472797136691, 5.087817830916412, 1.3209126675477583, 3.3877319995332615, -4.23032269427845, 3.5730448345458736, 3.945124495478602, -3.9650256144079306, -3.4888960166355503, 2.2432005056310746, -6.256981101263975], Energy: -37.288125554728936
Eval count: 340, Parameters: [1.7743573880574386, 1.5455587125342782, -5.971845571611293, -1.627565282956922, -2.2660186965794664, -0.33299755499795325, 4.022208111684488, -0.7335106842984309, 2.315209636616917, 0.7676791002089776, 1.6883603174033066, -1.1828224891963277, 4.408591633191711, 5.421148234393195, 5.696472797136691, 5.087817816015251, 1.3209126824489195, 3.3877319995332615, -4.23032269427845, 3.5730448345458736, 3.945124495478602, -3.9650256144079306, -3.4888960166355503, 2.2432005056310746, -6.256981101263975], Energy: -37.28812555518448
Eval count: 341, Parameters: [1.7743573880574386, 1.5455587125342782, -5.971845571611293, -1.627565282956922, -2.2660186965794664, -0.33299755499795325, 4.022208111684488, -0.7335106842984309, 2.315209636616917, 0.7676791002089776, 1.6883603174033066, -1.1828224891963277, 4.408591633191711, 5.421148234393195, 5.696472797136691, 5.087817816015251, 1.3209126675477583, 3.3877320144344227, -4.23032269427845, 3.5730448345458736, 3.945124495478602, -3.9650256144079306, -3.4888960166355503, 2.2432005056310746, -6.256981101263975], Energy: -37.288125555006445
Eval count: 342, Parameters: [1.7743573880574386, 1.5455587125342782, -5.971845571611293, -1.627565282956922, -2.2660186965794664, -0.33299755499795325, 4.022208111684488, -0.7335106842984309, 2.315209636616917, 0.7676791002089776, 1.6883603174033066, -1.1828224891963277, 4.408591633191711, 5.421148234393195, 5.696472797136691, 5.087817816015251, 1.3209126675477583, 3.3877319995332615, -4.230322679377289, 3.5730448345458736, 3.945124495478602, -3.9650256144079306, -3.4888960166355503, 2.2432005056310746, -6.256981101263975], Energy: -37.28812555476105
Eval count: 343, Parameters: [1.7743573880574386, 1.5455587125342782, -5.971845571611293, -1.627565282956922, -2.2660186965794664, -0.33299755499795325, 4.022208111684488, -0.7335106842984309, 2.315209636616917, 0.7676791002089776, 1.6883603174033066, -1.1828224891963277, 4.408591633191711, 5.421148234393195, 5.696472797136691, 5.087817816015251, 1.3209126675477583, 3.3877319995332615, -4.23032269427845, 3.573044849447035, 3.945124495478602, -3.9650256144079306, -3.4888960166355503, 2.2432005056310746, -6.256981101263975], Energy: -37.288125554672604
Eval count: 344, Parameters: [1.7743573880574386, 1.5455587125342782, -5.971845571611293, -1.627565282956922, -2.2660186965794664, -0.33299755499795325, 4.022208111684488, -0.7335106842984309, 2.315209636616917, 0.7676791002089776, 1.6883603174033066, -1.1828224891963277, 4.408591633191711, 5.421148234393195, 5.696472797136691, 5.087817816015251, 1.3209126675477583, 3.3877319995332615, -4.23032269427845, 3.5730448345458736, 3.945124510379763, -3.9650256144079306, -3.4888960166355503, 2.2432005056310746, -6.256981101263975], Energy: -37.28812555477862
Eval count: 345, Parameters: [1.7743573880574386, 1.5455587125342782, -5.971845571611293, -1.627565282956922, -2.2660186965794664, -0.33299755499795325, 4.022208111684488, -0.7335106842984309, 2.315209636616917, 0.7676791002089776, 1.6883603174033066, -1.1828224891963277, 4.408591633191711, 5.421148234393195, 5.696472797136691, 5.087817816015251, 1.3209126675477583, 3.3877319995332615, -4.23032269427845, 3.5730448345458736, 3.945124495478602, -3.9650255995067694, -3.4888960166355503, 2.2432005056310746, -6.256981101263975], Energy: -37.28812555482705
Eval count: 346, Parameters: [1.7743573880574386, 1.5455587125342782, -5.971845571611293, -1.627565282956922, -2.2660186965794664, -0.33299755499795325, 4.022208111684488, -0.7335106842984309, 2.315209636616917, 0.7676791002089776, 1.6883603174033066, -1.1828224891963277, 4.408591633191711, 5.421148234393195, 5.696472797136691, 5.087817816015251, 1.3209126675477583, 3.3877319995332615, -4.23032269427845, 3.5730448345458736, 3.945124495478602, -3.9650256144079306, -3.488896001734389, 2.2432005056310746, -6.256981101263975], Energy: -37.28812555478868
Eval count: 347, Parameters: [1.7743573880574386, 1.5455587125342782, -5.971845571611293, -1.627565282956922, -2.2660186965794664, -0.33299755499795325, 4.022208111684488, -0.7335106842984309, 2.315209636616917, 0.7676791002089776, 1.6883603174033066, -1.1828224891963277, 4.408591633191711, 5.421148234393195, 5.696472797136691, 5.087817816015251, 1.3209126675477583, 3.3877319995332615, -4.23032269427845, 3.5730448345458736, 3.945124495478602, -3.9650256144079306, -3.4888960166355503, 2.243200520532236, -6.256981101263975], Energy: -37.28812555480397
Eval count: 348, Parameters: [1.7743573880574386, 1.5455587125342782, -5.971845571611293, -1.627565282956922, -2.2660186965794664, -0.33299755499795325, 4.022208111684488, -0.7335106842984309, 2.315209636616917, 0.7676791002089776, 1.6883603174033066, -1.1828224891963277, 4.408591633191711, 5.421148234393195, 5.696472797136691, 5.087817816015251, 1.3209126675477583, 3.3877319995332615, -4.23032269427845, 3.5730448345458736, 3.945124495478602, -3.9650256144079306, -3.4888960166355503, 2.2432005056310746, -6.2569810863628135], Energy: -37.28812555480755
Eval count: 349, Parameters: [4.004695423466103, -2.046320319415166, -8.620074634513095, -1.5219578736203767, 9.71587107744776, -24.38547487097196, 35.43103480894182, 5.305706622047343, -1.1788503113187958, -0.71629364759016, 4.8817175010090255, -1.4595983041623404, 10.735260981181106, 6.964235096207962, 7.825569210297616, 4.737779037795346, 2.553549908446672, 4.036796403356969, -4.419186901854093, 3.1646750365595677, 3.8569663932567675, -3.902268800730915, -3.5462889393631816, 2.233858462838151, -6.252297258398276], Energy: -29.61053296339429
Eval count: 350, Parameters: [2.379335617493041, 0.5712630754617211, -6.690176561882317, -1.598919318757151, 0.9840637329457733, -6.857221645312464, 12.541838796489964, 0.9046244033724689, 1.367447383861951, 0.36515213288776177, 2.554557075124504, -1.257897809542579, 6.12469796308704, 5.839709879626039, 6.27398928023598, 4.992869948508487, 1.6552649871049026, 3.56379043891821, -4.281552029064885, 3.462274703104582, 3.9212116483021444, -3.948002855785431, -3.504463822153217, 2.240666480555751, -6.255710610908316], Energy: -28.253646719809694
Eval count: 351, Parameters: [1.839290258026338, 1.4409866654172796, -6.04894469768962, -1.6244906852639558, -1.9171843592158757, -1.0332485291521347, 4.936627911477308, -0.5576881381905159, 2.213485442050474, 0.7244755104658758, 1.781330012344337, -1.190880392401315, 4.592782904464159, 5.4660728408690815, 5.758458172605436, 5.077626974040007, 1.3567990096230063, 3.406628513813082, -4.235821185914065, 3.561155774425437, 3.9425579075904005, -3.9631985460633756, -3.49056692352475, 2.2429285263883383, -6.256844738365201], Energy: -36.910180284547664
Eval count: 352, Parameters: [1.787740392787106, 1.5240058656967965, -5.987736105472705, -1.626931592262417, -2.194122111859842, -0.4773229498795939, 4.210674823711699, -0.6972727362873324, 2.2942437471120116, 0.7587746139888631, 1.7075218586644196, -1.1844832652679105, 4.44655441930887, 5.430407431179556, 5.709248307805875, 5.085717430087149, 1.3283090306833094, 3.391626670138491, -4.231455962215024, 3.570594436959885, 3.9445955082666804, -3.9646490460488186, -3.4892403993004732, 2.2431444492840558, -6.256952996156036], Energy: -37.33605001739096
Eval count: 353, Parameters: [1.7877404076882673, 1.5240058656967965, -5.987736105472705, -1.626931592262417, -2.194122111859842, -0.4773229498795939, 4.210674823711699, -0.6972727362873324, 2.2942437471120116, 0.7587746139888631, 1.7075218586644196, -1.1844832652679105, 4.44655441930887, 5.430407431179556, 5.709248307805875, 5.085717430087149, 1.3283090306833094, 3.391626670138491, -4.231455962215024, 3.570594436959885, 3.9445955082666804, -3.9646490460488186, -3.4892403993004732, 2.2431444492840558, -6.256952996156036], Energy: -37.33605000485937
Eval count: 354, Parameters: [1.787740392787106, 1.5240058805979577, -5.987736105472705, -1.626931592262417, -2.194122111859842, -0.4773229498795939, 4.210674823711699, -0.6972727362873324, 2.2942437471120116, 0.7587746139888631, 1.7075218586644196, -1.1844832652679105, 4.44655441930887, 5.430407431179556, 5.709248307805875, 5.085717430087149, 1.3283090306833094, 3.391626670138491, -4.231455962215024, 3.570594436959885, 3.9445955082666804, -3.9646490460488186, -3.4892403993004732, 2.2431444492840558, -6.256952996156036], Energy: -37.33605003871719
Eval count: 355, Parameters: [1.787740392787106, 1.5240058656967965, -5.987736090571544, -1.626931592262417, -2.194122111859842, -0.4773229498795939, 4.210674823711699, -0.6972727362873324, 2.2942437471120116, 0.7587746139888631, 1.7075218586644196, -1.1844832652679105, 4.44655441930887, 5.430407431179556, 5.709248307805875, 5.085717430087149, 1.3283090306833094, 3.391626670138491, -4.231455962215024, 3.570594436959885, 3.9445955082666804, -3.9646490460488186, -3.4892403993004732, 2.2431444492840558, -6.256952996156036], Energy: -37.33605005020149
Eval count: 356, Parameters: [1.787740392787106, 1.5240058656967965, -5.987736105472705, -1.6269315773612558, -2.194122111859842, -0.4773229498795939, 4.210674823711699, -0.6972727362873324, 2.2942437471120116, 0.7587746139888631, 1.7075218586644196, -1.1844832652679105, 4.44655441930887, 5.430407431179556, 5.709248307805875, 5.085717430087149, 1.3283090306833094, 3.391626670138491, -4.231455962215024, 3.570594436959885, 3.9445955082666804, -3.9646490460488186, -3.4892403993004732, 2.2431444492840558, -6.256952996156036], Energy: -37.33605001885991
Eval count: 357, Parameters: [1.787740392787106, 1.5240058656967965, -5.987736105472705, -1.626931592262417, -2.1941220969586808, -0.4773229498795939, 4.210674823711699, -0.6972727362873324, 2.2942437471120116, 0.7587746139888631, 1.7075218586644196, -1.1844832652679105, 4.44655441930887, 5.430407431179556, 5.709248307805875, 5.085717430087149, 1.3283090306833094, 3.391626670138491, -4.231455962215024, 3.570594436959885, 3.9445955082666804, -3.9646490460488186, -3.4892403993004732, 2.2431444492840558, -6.256952996156036], Energy: -37.33605001655218
Eval count: 358, Parameters: [1.787740392787106, 1.5240058656967965, -5.987736105472705, -1.626931592262417, -2.194122111859842, -0.4773229349784327, 4.210674823711699, -0.6972727362873324, 2.2942437471120116, 0.7587746139888631, 1.7075218586644196, -1.1844832652679105, 4.44655441930887, 5.430407431179556, 5.709248307805875, 5.085717430087149, 1.3283090306833094, 3.391626670138491, -4.231455962215024, 3.570594436959885, 3.9445955082666804, -3.9646490460488186, -3.4892403993004732, 2.2431444492840558, -6.256952996156036], Energy: -37.33605001577877
Eval count: 359, Parameters: [1.787740392787106, 1.5240058656967965, -5.987736105472705, -1.626931592262417, -2.194122111859842, -0.4773229498795939, 4.21067483861286, -0.6972727362873324, 2.2942437471120116, 0.7587746139888631, 1.7075218586644196, -1.1844832652679105, 4.44655441930887, 5.430407431179556, 5.709248307805875, 5.085717430087149, 1.3283090306833094, 3.391626670138491, -4.231455962215024, 3.570594436959885, 3.9445955082666804, -3.9646490460488186, -3.4892403993004732, 2.2431444492840558, -6.256952996156036], Energy: -37.33605002393074
Eval count: 360, Parameters: [1.787740392787106, 1.5240058656967965, -5.987736105472705, -1.626931592262417, -2.194122111859842, -0.4773229498795939, 4.210674823711699, -0.6972727213861712, 2.2942437471120116, 0.7587746139888631, 1.7075218586644196, -1.1844832652679105, 4.44655441930887, 5.430407431179556, 5.709248307805875, 5.085717430087149, 1.3283090306833094, 3.391626670138491, -4.231455962215024, 3.570594436959885, 3.9445955082666804, -3.9646490460488186, -3.4892403993004732, 2.2431444492840558, -6.256952996156036], Energy: -37.336050019354616
Eval count: 361, Parameters: [1.787740392787106, 1.5240058656967965, -5.987736105472705, -1.626931592262417, -2.194122111859842, -0.4773229498795939, 4.210674823711699, -0.6972727362873324, 2.294243762013173, 0.7587746139888631, 1.7075218586644196, -1.1844832652679105, 4.44655441930887, 5.430407431179556, 5.709248307805875, 5.085717430087149, 1.3283090306833094, 3.391626670138491, -4.231455962215024, 3.570594436959885, 3.9445955082666804, -3.9646490460488186, -3.4892403993004732, 2.2431444492840558, -6.256952996156036], Energy: -37.33605001590706
Eval count: 362, Parameters: [1.787740392787106, 1.5240058656967965, -5.987736105472705, -1.626931592262417, -2.194122111859842, -0.4773229498795939, 4.210674823711699, -0.6972727362873324, 2.2942437471120116, 0.7587746288900243, 1.7075218586644196, -1.1844832652679105, 4.44655441930887, 5.430407431179556, 5.709248307805875, 5.085717430087149, 1.3283090306833094, 3.391626670138491, -4.231455962215024, 3.570594436959885, 3.9445955082666804, -3.9646490460488186, -3.4892403993004732, 2.2431444492840558, -6.256952996156036], Energy: -37.336050016952186
Eval count: 363, Parameters: [1.787740392787106, 1.5240058656967965, -5.987736105472705, -1.626931592262417, -2.194122111859842, -0.4773229498795939, 4.210674823711699, -0.6972727362873324, 2.2942437471120116, 0.7587746139888631, 1.7075218735655808, -1.1844832652679105, 4.44655441930887, 5.430407431179556, 5.709248307805875, 5.085717430087149, 1.3283090306833094, 3.391626670138491, -4.231455962215024, 3.570594436959885, 3.9445955082666804, -3.9646490460488186, -3.4892403993004732, 2.2431444492840558, -6.256952996156036], Energy: -37.336050018865706
Eval count: 364, Parameters: [1.787740392787106, 1.5240058656967965, -5.987736105472705, -1.626931592262417, -2.194122111859842, -0.4773229498795939, 4.210674823711699, -0.6972727362873324, 2.2942437471120116, 0.7587746139888631, 1.7075218586644196, -1.1844832503667493, 4.44655441930887, 5.430407431179556, 5.709248307805875, 5.085717430087149, 1.3283090306833094, 3.391626670138491, -4.231455962215024, 3.570594436959885, 3.9445955082666804, -3.9646490460488186, -3.4892403993004732, 2.2431444492840558, -6.256952996156036], Energy: -37.336050016972194
Eval count: 365, Parameters: [1.787740392787106, 1.5240058656967965, -5.987736105472705, -1.626931592262417, -2.194122111859842, -0.4773229498795939, 4.210674823711699, -0.6972727362873324, 2.2942437471120116, 0.7587746139888631, 1.7075218586644196, -1.1844832652679105, 4.446554434210031, 5.430407431179556, 5.709248307805875, 5.085717430087149, 1.3283090306833094, 3.391626670138491, -4.231455962215024, 3.570594436959885, 3.9445955082666804, -3.9646490460488186, -3.4892403993004732, 2.2431444492840558, -6.256952996156036], Energy: -37.336050020149855
Eval count: 366, Parameters: [1.787740392787106, 1.5240058656967965, -5.987736105472705, -1.626931592262417, -2.194122111859842, -0.4773229498795939, 4.210674823711699, -0.6972727362873324, 2.2942437471120116, 0.7587746139888631, 1.7075218586644196, -1.1844832652679105, 4.44655441930887, 5.430407446080717, 5.709248307805875, 5.085717430087149, 1.3283090306833094, 3.391626670138491, -4.231455962215024, 3.570594436959885, 3.9445955082666804, -3.9646490460488186, -3.4892403993004732, 2.2431444492840558, -6.256952996156036], Energy: -37.336050018083085
Eval count: 367, Parameters: [1.787740392787106, 1.5240058656967965, -5.987736105472705, -1.626931592262417, -2.194122111859842, -0.4773229498795939, 4.210674823711699, -0.6972727362873324, 2.2942437471120116, 0.7587746139888631, 1.7075218586644196, -1.1844832652679105, 4.44655441930887, 5.430407431179556, 5.709248322707036, 5.085717430087149, 1.3283090306833094, 3.391626670138491, -4.231455962215024, 3.570594436959885, 3.9445955082666804, -3.9646490460488186, -3.4892403993004732, 2.2431444492840558, -6.256952996156036], Energy: -37.336050018431365
Eval count: 368, Parameters: [1.787740392787106, 1.5240058656967965, -5.987736105472705, -1.626931592262417, -2.194122111859842, -0.4773229498795939, 4.210674823711699, -0.6972727362873324, 2.2942437471120116, 0.7587746139888631, 1.7075218586644196, -1.1844832652679105, 4.44655441930887, 5.430407431179556, 5.709248307805875, 5.08571744498831, 1.3283090306833094, 3.391626670138491, -4.231455962215024, 3.570594436959885, 3.9445955082666804, -3.9646490460488186, -3.4892403993004732, 2.2431444492840558, -6.256952996156036], Energy: -37.336050017294895
Eval count: 369, Parameters: [1.787740392787106, 1.5240058656967965, -5.987736105472705, -1.626931592262417, -2.194122111859842, -0.4773229498795939, 4.210674823711699, -0.6972727362873324, 2.2942437471120116, 0.7587746139888631, 1.7075218586644196, -1.1844832652679105, 4.44655441930887, 5.430407431179556, 5.709248307805875, 5.085717430087149, 1.3283090455844706, 3.391626670138491, -4.231455962215024, 3.570594436959885, 3.9445955082666804, -3.9646490460488186, -3.4892403993004732, 2.2431444492840558, -6.256952996156036], Energy: -37.33605001797605
Eval count: 370, Parameters: [1.787740392787106, 1.5240058656967965, -5.987736105472705, -1.626931592262417, -2.194122111859842, -0.4773229498795939, 4.210674823711699, -0.6972727362873324, 2.2942437471120116, 0.7587746139888631, 1.7075218586644196, -1.1844832652679105, 4.44655441930887, 5.430407431179556, 5.709248307805875, 5.085717430087149, 1.3283090306833094, 3.391626685039652, -4.231455962215024, 3.570594436959885, 3.9445955082666804, -3.9646490460488186, -3.4892403993004732, 2.2431444492840558, -6.256952996156036], Energy: -37.33605001768524
Eval count: 371, Parameters: [1.787740392787106, 1.5240058656967965, -5.987736105472705, -1.626931592262417, -2.194122111859842, -0.4773229498795939, 4.210674823711699, -0.6972727362873324, 2.2942437471120116, 0.7587746139888631, 1.7075218586644196, -1.1844832652679105, 4.44655441930887, 5.430407431179556, 5.709248307805875, 5.085717430087149, 1.3283090306833094, 3.391626670138491, -4.231455947313862, 3.570594436959885, 3.9445955082666804, -3.9646490460488186, -3.4892403993004732, 2.2431444492840558, -6.256952996156036], Energy: -37.33605001732985
Eval count: 372, Parameters: [1.787740392787106, 1.5240058656967965, -5.987736105472705, -1.626931592262417, -2.194122111859842, -0.4773229498795939, 4.210674823711699, -0.6972727362873324, 2.2942437471120116, 0.7587746139888631, 1.7075218586644196, -1.1844832652679105, 4.44655441930887, 5.430407431179556, 5.709248307805875, 5.085717430087149, 1.3283090306833094, 3.391626670138491, -4.231455962215024, 3.570594451861046, 3.9445955082666804, -3.9646490460488186, -3.4892403993004732, 2.2431444492840558, -6.256952996156036], Energy: -37.33605001717831
Eval count: 373, Parameters: [1.787740392787106, 1.5240058656967965, -5.987736105472705, -1.626931592262417, -2.194122111859842, -0.4773229498795939, 4.210674823711699, -0.6972727362873324, 2.2942437471120116, 0.7587746139888631, 1.7075218586644196, -1.1844832652679105, 4.44655441930887, 5.430407431179556, 5.709248307805875, 5.085717430087149, 1.3283090306833094, 3.391626670138491, -4.231455962215024, 3.570594436959885, 3.9445955231678416, -3.9646490460488186, -3.4892403993004732, 2.2431444492840558, -6.256952996156036], Energy: -37.33605001734833
Eval count: 374, Parameters: [1.787740392787106, 1.5240058656967965, -5.987736105472705, -1.626931592262417, -2.194122111859842, -0.4773229498795939, 4.210674823711699, -0.6972727362873324, 2.2942437471120116, 0.7587746139888631, 1.7075218586644196, -1.1844832652679105, 4.44655441930887, 5.430407431179556, 5.709248307805875, 5.085717430087149, 1.3283090306833094, 3.391626670138491, -4.231455962215024, 3.570594436959885, 3.9445955082666804, -3.9646490311476574, -3.4892403993004732, 2.2431444492840558, -6.256952996156036], Energy: -37.336050017426544
Eval count: 375, Parameters: [1.787740392787106, 1.5240058656967965, -5.987736105472705, -1.626931592262417, -2.194122111859842, -0.4773229498795939, 4.210674823711699, -0.6972727362873324, 2.2942437471120116, 0.7587746139888631, 1.7075218586644196, -1.1844832652679105, 4.44655441930887, 5.430407431179556, 5.709248307805875, 5.085717430087149, 1.3283090306833094, 3.391626670138491, -4.231455962215024, 3.570594436959885, 3.9445955082666804, -3.9646490460488186, -3.489240384399312, 2.2431444492840558, -6.256952996156036], Energy: -37.33605001736544
Eval count: 376, Parameters: [1.787740392787106, 1.5240058656967965, -5.987736105472705, -1.626931592262417, -2.194122111859842, -0.4773229498795939, 4.210674823711699, -0.6972727362873324, 2.2942437471120116, 0.7587746139888631, 1.7075218586644196, -1.1844832652679105, 4.44655441930887, 5.430407431179556, 5.709248307805875, 5.085717430087149, 1.3283090306833094, 3.391626670138491, -4.231455962215024, 3.570594436959885, 3.9445955082666804, -3.9646490460488186, -3.4892403993004732, 2.243144464185217, -6.256952996156036], Energy: -37.33605001738954
Eval count: 377, Parameters: [1.787740392787106, 1.5240058656967965, -5.987736105472705, -1.626931592262417, -2.194122111859842, -0.4773229498795939, 4.210674823711699, -0.6972727362873324, 2.2942437471120116, 0.7587746139888631, 1.7075218586644196, -1.1844832652679105, 4.44655441930887, 5.430407431179556, 5.709248307805875, 5.085717430087149, 1.3283090306833094, 3.391626670138491, -4.231455962215024, 3.570594436959885, 3.9445955082666804, -3.9646490460488186, -3.4892403993004732, 2.2431444492840558, -6.256952981254875], Energy: -37.33605001739477
Eval count: 378, Parameters: [1.8589455578234217, 1.3966545233848935, -6.032277493629626, -1.682190337369559, -1.675193572351346, -1.380741349761764, 5.547911934383269, -0.39251102891046924, 2.0700136567664713, 0.6821477725624474, 1.9214893283318928, -1.239470203576898, 4.857117508124108, 5.526161936386637, 5.857914371307671, 5.0698630454406, 1.4136248996687402, 3.4331369475810725, -4.241565747467436, 3.5398890619111367, 3.938210831504649, -3.9596193162117634, -3.4930445087599176, 2.2427569701035535, -6.256528554803976], Energy: -35.98612831209965
Eval count: 379, Parameters: [1.7972622763185235, 1.506975856027622, -5.993692385612517, -1.6343210468719827, -2.124728590872869, -0.5981322307713697, 4.389496346212346, -0.6565185932276486, 2.2642586638189597, 0.7485277188504192, 1.736134576922241, -1.1918363726170806, 4.501456811740709, 5.443212165860324, 5.729128620435112, 5.083597308548357, 1.3397178627174269, 3.397177616154324, -4.232807889391261, 3.566488372394856, 3.943741719802279, -3.96397644734508, -3.489749102386761, 2.243092633778457, -6.256896237898146], Energy: -37.39225572094966
Eval count: 380, Parameters: [1.7972622912196847, 1.506975856027622, -5.993692385612517, -1.6343210468719827, -2.124728590872869, -0.5981322307713697, 4.389496346212346, -0.6565185932276486, 2.2642586638189597, 0.7485277188504192, 1.736134576922241, -1.1918363726170806, 4.501456811740709, 5.443212165860324, 5.729128620435112, 5.083597308548357, 1.3397178627174269, 3.397177616154324, -4.232807889391261, 3.566488372394856, 3.943741719802279, -3.96397644734508, -3.489749102386761, 2.243092633778457, -6.256896237898146], Energy: -37.39225570488162
Eval count: 381, Parameters: [1.7972622763185235, 1.5069758709287833, -5.993692385612517, -1.6343210468719827, -2.124728590872869, -0.5981322307713697, 4.389496346212346, -0.6565185932276486, 2.2642586638189597, 0.7485277188504192, 1.736134576922241, -1.1918363726170806, 4.501456811740709, 5.443212165860324, 5.729128620435112, 5.083597308548357, 1.3397178627174269, 3.397177616154324, -4.232807889391261, 3.566488372394856, 3.943741719802279, -3.96397644734508, -3.489749102386761, 2.243092633778457, -6.256896237898146], Energy: -37.39225574849479
Eval count: 382, Parameters: [1.7972622763185235, 1.506975856027622, -5.993692370711356, -1.6343210468719827, -2.124728590872869, -0.5981322307713697, 4.389496346212346, -0.6565185932276486, 2.2642586638189597, 0.7485277188504192, 1.736134576922241, -1.1918363726170806, 4.501456811740709, 5.443212165860324, 5.729128620435112, 5.083597308548357, 1.3397178627174269, 3.397177616154324, -4.232807889391261, 3.566488372394856, 3.943741719802279, -3.96397644734508, -3.489749102386761, 2.243092633778457, -6.256896237898146], Energy: -37.39225576289118
Eval count: 383, Parameters: [1.7972622763185235, 1.506975856027622, -5.993692385612517, -1.6343210319708215, -2.124728590872869, -0.5981322307713697, 4.389496346212346, -0.6565185932276486, 2.2642586638189597, 0.7485277188504192, 1.736134576922241, -1.1918363726170806, 4.501456811740709, 5.443212165860324, 5.729128620435112, 5.083597308548357, 1.3397178627174269, 3.397177616154324, -4.232807889391261, 3.566488372394856, 3.943741719802279, -3.96397644734508, -3.489749102386761, 2.243092633778457, -6.256896237898146], Energy: -37.392255723087715
Eval count: 384, Parameters: [1.7972622763185235, 1.506975856027622, -5.993692385612517, -1.6343210468719827, -2.124728575971708, -0.5981322307713697, 4.389496346212346, -0.6565185932276486, 2.2642586638189597, 0.7485277188504192, 1.736134576922241, -1.1918363726170806, 4.501456811740709, 5.443212165860324, 5.729128620435112, 5.083597308548357, 1.3397178627174269, 3.397177616154324, -4.232807889391261, 3.566488372394856, 3.943741719802279, -3.96397644734508, -3.489749102386761, 2.243092633778457, -6.256896237898146], Energy: -37.39225571941796
Eval count: 385, Parameters: [1.7972622763185235, 1.506975856027622, -5.993692385612517, -1.6343210468719827, -2.124728590872869, -0.5981322158702085, 4.389496346212346, -0.6565185932276486, 2.2642586638189597, 0.7485277188504192, 1.736134576922241, -1.1918363726170806, 4.501456811740709, 5.443212165860324, 5.729128620435112, 5.083597308548357, 1.3397178627174269, 3.397177616154324, -4.232807889391261, 3.566488372394856, 3.943741719802279, -3.96397644734508, -3.489749102386761, 2.243092633778457, -6.256896237898146], Energy: -37.39225572096041
Eval count: 386, Parameters: [1.7972622763185235, 1.506975856027622, -5.993692385612517, -1.6343210468719827, -2.124728590872869, -0.5981322307713697, 4.389496361113507, -0.6565185932276486, 2.2642586638189597, 0.7485277188504192, 1.736134576922241, -1.1918363726170806, 4.501456811740709, 5.443212165860324, 5.729128620435112, 5.083597308548357, 1.3397178627174269, 3.397177616154324, -4.232807889391261, 3.566488372394856, 3.943741719802279, -3.96397644734508, -3.489749102386761, 2.243092633778457, -6.256896237898146], Energy: -37.39225572752508
Eval count: 387, Parameters: [1.7972622763185235, 1.506975856027622, -5.993692385612517, -1.6343210468719827, -2.124728590872869, -0.5981322307713697, 4.389496346212346, -0.6565185783264874, 2.2642586638189597, 0.7485277188504192, 1.736134576922241, -1.1918363726170806, 4.501456811740709, 5.443212165860324, 5.729128620435112, 5.083597308548357, 1.3397178627174269, 3.397177616154324, -4.232807889391261, 3.566488372394856, 3.943741719802279, -3.96397644734508, -3.489749102386761, 2.243092633778457, -6.256896237898146], Energy: -37.39225572284647
Eval count: 388, Parameters: [1.7972622763185235, 1.506975856027622, -5.993692385612517, -1.6343210468719827, -2.124728590872869, -0.5981322307713697, 4.389496346212346, -0.6565185932276486, 2.264258678720121, 0.7485277188504192, 1.736134576922241, -1.1918363726170806, 4.501456811740709, 5.443212165860324, 5.729128620435112, 5.083597308548357, 1.3397178627174269, 3.397177616154324, -4.232807889391261, 3.566488372394856, 3.943741719802279, -3.96397644734508, -3.489749102386761, 2.243092633778457, -6.256896237898146], Energy: -37.39225571899482
Eval count: 389, Parameters: [1.7972622763185235, 1.506975856027622, -5.993692385612517, -1.6343210468719827, -2.124728590872869, -0.5981322307713697, 4.389496346212346, -0.6565185932276486, 2.2642586638189597, 0.7485277337515804, 1.736134576922241, -1.1918363726170806, 4.501456811740709, 5.443212165860324, 5.729128620435112, 5.083597308548357, 1.3397178627174269, 3.397177616154324, -4.232807889391261, 3.566488372394856, 3.943741719802279, -3.96397644734508, -3.489749102386761, 2.243092633778457, -6.256896237898146], Energy: -37.3922557206231
Eval count: 390, Parameters: [1.7972622763185235, 1.506975856027622, -5.993692385612517, -1.6343210468719827, -2.124728590872869, -0.5981322307713697, 4.389496346212346, -0.6565185932276486, 2.2642586638189597, 0.7485277188504192, 1.7361345918234021, -1.1918363726170806, 4.501456811740709, 5.443212165860324, 5.729128620435112, 5.083597308548357, 1.3397178627174269, 3.397177616154324, -4.232807889391261, 3.566488372394856, 3.943741719802279, -3.96397644734508, -3.489749102386761, 2.243092633778457, -6.256896237898146], Energy: -37.39225572279133
Eval count: 391, Parameters: [1.7972622763185235, 1.506975856027622, -5.993692385612517, -1.6343210468719827, -2.124728590872869, -0.5981322307713697, 4.389496346212346, -0.6565185932276486, 2.2642586638189597, 0.7485277188504192, 1.736134576922241, -1.1918363577159194, 4.501456811740709, 5.443212165860324, 5.729128620435112, 5.083597308548357, 1.3397178627174269, 3.397177616154324, -4.232807889391261, 3.566488372394856, 3.943741719802279, -3.96397644734508, -3.489749102386761, 2.243092633778457, -6.256896237898146], Energy: -37.392255720261176
Eval count: 392, Parameters: [1.7972622763185235, 1.506975856027622, -5.993692385612517, -1.6343210468719827, -2.124728590872869, -0.5981322307713697, 4.389496346212346, -0.6565185932276486, 2.2642586638189597, 0.7485277188504192, 1.736134576922241, -1.1918363726170806, 4.501456826641871, 5.443212165860324, 5.729128620435112, 5.083597308548357, 1.3397178627174269, 3.397177616154324, -4.232807889391261, 3.566488372394856, 3.943741719802279, -3.96397644734508, -3.489749102386761, 2.243092633778457, -6.256896237898146], Energy: -37.39225572447134
Eval count: 393, Parameters: [1.7972622763185235, 1.506975856027622, -5.993692385612517, -1.6343210468719827, -2.124728590872869, -0.5981322307713697, 4.389496346212346, -0.6565185932276486, 2.2642586638189597, 0.7485277188504192, 1.736134576922241, -1.1918363726170806, 4.501456811740709, 5.443212180761485, 5.729128620435112, 5.083597308548357, 1.3397178627174269, 3.397177616154324, -4.232807889391261, 3.566488372394856, 3.943741719802279, -3.96397644734508, -3.489749102386761, 2.243092633778457, -6.256896237898146], Energy: -37.39225572175866
Eval count: 394, Parameters: [1.7972622763185235, 1.506975856027622, -5.993692385612517, -1.6343210468719827, -2.124728590872869, -0.5981322307713697, 4.389496346212346, -0.6565185932276486, 2.2642586638189597, 0.7485277188504192, 1.736134576922241, -1.1918363726170806, 4.501456811740709, 5.443212165860324, 5.729128635336274, 5.083597308548357, 1.3397178627174269, 3.397177616154324, -4.232807889391261, 3.566488372394856, 3.943741719802279, -3.96397644734508, -3.489749102386761, 2.243092633778457, -6.256896237898146], Energy: -37.39225572228884
Eval count: 395, Parameters: [1.7972622763185235, 1.506975856027622, -5.993692385612517, -1.6343210468719827, -2.124728590872869, -0.5981322307713697, 4.389496346212346, -0.6565185932276486, 2.2642586638189597, 0.7485277188504192, 1.736134576922241, -1.1918363726170806, 4.501456811740709, 5.443212165860324, 5.729128620435112, 5.083597323449518, 1.3397178627174269, 3.397177616154324, -4.232807889391261, 3.566488372394856, 3.943741719802279, -3.96397644734508, -3.489749102386761, 2.243092633778457, -6.256896237898146], Energy: -37.392255720839785
Eval count: 396, Parameters: [1.7972622763185235, 1.506975856027622, -5.993692385612517, -1.6343210468719827, -2.124728590872869, -0.5981322307713697, 4.389496346212346, -0.6565185932276486, 2.2642586638189597, 0.7485277188504192, 1.736134576922241, -1.1918363726170806, 4.501456811740709, 5.443212165860324, 5.729128620435112, 5.083597308548357, 1.339717877618588, 3.397177616154324, -4.232807889391261, 3.566488372394856, 3.943741719802279, -3.96397644734508, -3.489749102386761, 2.243092633778457, -6.256896237898146], Energy: -37.392255721696245
Eval count: 397, Parameters: [1.7972622763185235, 1.506975856027622, -5.993692385612517, -1.6343210468719827, -2.124728590872869, -0.5981322307713697, 4.389496346212346, -0.6565185932276486, 2.2642586638189597, 0.7485277188504192, 1.736134576922241, -1.1918363726170806, 4.501456811740709, 5.443212165860324, 5.729128620435112, 5.083597308548357, 1.3397178627174269, 3.3971776310554853, -4.232807889391261, 3.566488372394856, 3.943741719802279, -3.96397644734508, -3.489749102386761, 2.243092633778457, -6.256896237898146], Energy: -37.39225572130755
Eval count: 398, Parameters: [1.7972622763185235, 1.506975856027622, -5.993692385612517, -1.6343210468719827, -2.124728590872869, -0.5981322307713697, 4.389496346212346, -0.6565185932276486, 2.2642586638189597, 0.7485277188504192, 1.736134576922241, -1.1918363726170806, 4.501456811740709, 5.443212165860324, 5.729128620435112, 5.083597308548357, 1.3397178627174269, 3.397177616154324, -4.2328078744901, 3.566488372394856, 3.943741719802279, -3.96397644734508, -3.489749102386761, 2.243092633778457, -6.256896237898146], Energy: -37.392255720875596
Eval count: 399, Parameters: [1.7972622763185235, 1.506975856027622, -5.993692385612517, -1.6343210468719827, -2.124728590872869, -0.5981322307713697, 4.389496346212346, -0.6565185932276486, 2.2642586638189597, 0.7485277188504192, 1.736134576922241, -1.1918363726170806, 4.501456811740709, 5.443212165860324, 5.729128620435112, 5.083597308548357, 1.3397178627174269, 3.397177616154324, -4.232807889391261, 3.566488387296017, 3.943741719802279, -3.96397644734508, -3.489749102386761, 2.243092633778457, -6.256896237898146], Energy: -37.39225572066675
Eval count: 400, Parameters: [1.7972622763185235, 1.506975856027622, -5.993692385612517, -1.6343210468719827, -2.124728590872869, -0.5981322307713697, 4.389496346212346, -0.6565185932276486, 2.2642586638189597, 0.7485277188504192, 1.736134576922241, -1.1918363726170806, 4.501456811740709, 5.443212165860324, 5.729128620435112, 5.083597308548357, 1.3397178627174269, 3.397177616154324, -4.232807889391261, 3.566488372394856, 3.94374173470344, -3.96397644734508, -3.489749102386761, 2.243092633778457, -6.256896237898146], Energy: -37.39225572089265
Eval count: 401, Parameters: [1.7972622763185235, 1.506975856027622, -5.993692385612517, -1.6343210468719827, -2.124728590872869, -0.5981322307713697, 4.389496346212346, -0.6565185932276486, 2.2642586638189597, 0.7485277188504192, 1.736134576922241, -1.1918363726170806, 4.501456811740709, 5.443212165860324, 5.729128620435112, 5.083597308548357, 1.3397178627174269, 3.397177616154324, -4.232807889391261, 3.566488372394856, 3.943741719802279, -3.9639764324439186, -3.489749102386761, 2.243092633778457, -6.256896237898146], Energy: -37.39225572099804
Eval count: 402, Parameters: [1.7972622763185235, 1.506975856027622, -5.993692385612517, -1.6343210468719827, -2.124728590872869, -0.5981322307713697, 4.389496346212346, -0.6565185932276486, 2.2642586638189597, 0.7485277188504192, 1.736134576922241, -1.1918363726170806, 4.501456811740709, 5.443212165860324, 5.729128620435112, 5.083597308548357, 1.3397178627174269, 3.397177616154324, -4.232807889391261, 3.566488372394856, 3.943741719802279, -3.96397644734508, -3.4897490874856, 2.243092633778457, -6.256896237898146], Energy: -37.39225572091681
Eval count: 403, Parameters: [1.7972622763185235, 1.506975856027622, -5.993692385612517, -1.6343210468719827, -2.124728590872869, -0.5981322307713697, 4.389496346212346, -0.6565185932276486, 2.2642586638189597, 0.7485277188504192, 1.736134576922241, -1.1918363726170806, 4.501456811740709, 5.443212165860324, 5.729128620435112, 5.083597308548357, 1.3397178627174269, 3.397177616154324, -4.232807889391261, 3.566488372394856, 3.943741719802279, -3.96397644734508, -3.489749102386761, 2.2430926486796183, -6.256896237898146], Energy: -37.3922557209479
Eval count: 404, Parameters: [1.7972622763185235, 1.506975856027622, -5.993692385612517, -1.6343210468719827, -2.124728590872869, -0.5981322307713697, 4.389496346212346, -0.6565185932276486, 2.2642586638189597, 0.7485277188504192, 1.736134576922241, -1.1918363726170806, 4.501456811740709, 5.443212165860324, 5.729128620435112, 5.083597308548357, 1.3397178627174269, 3.397177616154324, -4.232807889391261, 3.566488372394856, 3.943741719802279, -3.96397644734508, -3.489749102386761, 2.243092633778457, -6.256896222996985], Energy: -37.39225572095495
Eval count: 405, Parameters: [1.8201618412092104, 1.4649866485469771, -5.986327251229825, -1.6678505248631323, -1.894916503821205, -0.9815954224923826, 5.061063799372189, -0.5240581288608348, 2.085763144413958, 0.7323060502727397, 1.8898196809679084, -1.2551344560156141, 4.8067300300887, 5.5057838489980115, 5.842100989124969, 5.073518104617933, 1.403047715172401, 3.4263793822594097, -4.239701276428969, 3.542017778186791, 3.9386752088433665, -3.959786697106124, -3.4925805632059, 2.2428133902583927, -6.256514839532558], Energy: -37.39763988752969
Eval count: 406, Parameters: [1.808896962684546, 1.4856422078938172, -5.989950348198475, -1.6513565216640007, -2.007966915761105, -0.7929601233485924, 4.7307026847799785, -0.5892188010192678, 2.173569631257383, 0.7402859017182685, 1.814218068605878, -1.223996518516262, 4.656558367965894, 5.475003246266275, 5.7865270069986785, 5.078476321441857, 1.3718941496659949, 3.4120142906321345, -4.2363102439803635, 3.554055485998974, 3.941167554473883, -3.9618477418340836, -3.491187695597838, 2.2429507572497456, -6.256702459091199], Energy: -37.50748268417476
Eval count: 407, Parameters: [1.808896977585707, 1.4856422078938172, -5.989950348198475, -1.6513565216640007, -2.007966915761105, -0.7929601233485924, 4.7307026847799785, -0.5892188010192678, 2.173569631257383, 0.7402859017182685, 1.814218068605878, -1.223996518516262, 4.656558367965894, 5.475003246266275, 5.7865270069986785, 5.078476321441857, 1.3718941496659949, 3.4120142906321345, -4.2363102439803635, 3.554055485998974, 3.941167554473883, -3.9618477418340836, -3.491187695597838, 2.2429507572497456, -6.256702459091199], Energy: -37.507482662790096
Eval count: 408, Parameters: [1.808896962684546, 1.4856422227949784, -5.989950348198475, -1.6513565216640007, -2.007966915761105, -0.7929601233485924, 4.7307026847799785, -0.5892188010192678, 2.173569631257383, 0.7402859017182685, 1.814218068605878, -1.223996518516262, 4.656558367965894, 5.475003246266275, 5.7865270069986785, 5.078476321441857, 1.3718941496659949, 3.4120142906321345, -4.2363102439803635, 3.554055485998974, 3.941167554473883, -3.9618477418340836, -3.491187695597838, 2.2429507572497456, -6.256702459091199], Energy: -37.50748272130926
Eval count: 409, Parameters: [1.808896962684546, 1.4856422078938172, -5.989950333297314, -1.6513565216640007, -2.007966915761105, -0.7929601233485924, 4.7307026847799785, -0.5892188010192678, 2.173569631257383, 0.7402859017182685, 1.814218068605878, -1.223996518516262, 4.656558367965894, 5.475003246266275, 5.7865270069986785, 5.078476321441857, 1.3718941496659949, 3.4120142906321345, -4.2363102439803635, 3.554055485998974, 3.941167554473883, -3.9618477418340836, -3.491187695597838, 2.2429507572497456, -6.256702459091199], Energy: -37.50748273484527
Eval count: 410, Parameters: [1.808896962684546, 1.4856422078938172, -5.989950348198475, -1.6513565067628395, -2.007966915761105, -0.7929601233485924, 4.7307026847799785, -0.5892188010192678, 2.173569631257383, 0.7402859017182685, 1.814218068605878, -1.223996518516262, 4.656558367965894, 5.475003246266275, 5.7865270069986785, 5.078476321441857, 1.3718941496659949, 3.4120142906321345, -4.2363102439803635, 3.554055485998974, 3.941167554473883, -3.9618477418340836, -3.491187695597838, 2.2429507572497456, -6.256702459091199], Energy: -37.507482687621234
Eval count: 411, Parameters: [1.808896962684546, 1.4856422078938172, -5.989950348198475, -1.6513565216640007, -2.0079669008599437, -0.7929601233485924, 4.7307026847799785, -0.5892188010192678, 2.173569631257383, 0.7402859017182685, 1.814218068605878, -1.223996518516262, 4.656558367965894, 5.475003246266275, 5.7865270069986785, 5.078476321441857, 1.3718941496659949, 3.4120142906321345, -4.2363102439803635, 3.554055485998974, 3.941167554473883, -3.9618477418340836, -3.491187695597838, 2.2429507572497456, -6.256702459091199], Energy: -37.507482680084706
Eval count: 412, Parameters: [1.808896962684546, 1.4856422078938172, -5.989950348198475, -1.6513565216640007, -2.007966915761105, -0.7929601084474313, 4.7307026847799785, -0.5892188010192678, 2.173569631257383, 0.7402859017182685, 1.814218068605878, -1.223996518516262, 4.656558367965894, 5.475003246266275, 5.7865270069986785, 5.078476321441857, 1.3718941496659949, 3.4120142906321345, -4.2363102439803635, 3.554055485998974, 3.941167554473883, -3.9618477418340836, -3.491187695597838, 2.2429507572497456, -6.256702459091199], Energy: -37.50748268912122
Eval count: 413, Parameters: [1.808896962684546, 1.4856422078938172, -5.989950348198475, -1.6513565216640007, -2.007966915761105, -0.7929601233485924, 4.73070269968114, -0.5892188010192678, 2.173569631257383, 0.7402859017182685, 1.814218068605878, -1.223996518516262, 4.656558367965894, 5.475003246266275, 5.7865270069986785, 5.078476321441857, 1.3718941496659949, 3.4120142906321345, -4.2363102439803635, 3.554055485998974, 3.941167554473883, -3.9618477418340836, -3.491187695597838, 2.2429507572497456, -6.256702459091199], Energy: -37.507482688319044
Eval count: 414, Parameters: [1.808896962684546, 1.4856422078938172, -5.989950348198475, -1.6513565216640007, -2.007966915761105, -0.7929601233485924, 4.7307026847799785, -0.5892187861181066, 2.173569631257383, 0.7402859017182685, 1.814218068605878, -1.223996518516262, 4.656558367965894, 5.475003246266275, 5.7865270069986785, 5.078476321441857, 1.3718941496659949, 3.4120142906321345, -4.2363102439803635, 3.554055485998974, 3.941167554473883, -3.9618477418340836, -3.491187695597838, 2.2429507572497456, -6.256702459091199], Energy: -37.50748268438332
Eval count: 415, Parameters: [1.808896962684546, 1.4856422078938172, -5.989950348198475, -1.6513565216640007, -2.007966915761105, -0.7929601233485924, 4.7307026847799785, -0.5892188010192678, 2.173569646158544, 0.7402859017182685, 1.814218068605878, -1.223996518516262, 4.656558367965894, 5.475003246266275, 5.7865270069986785, 5.078476321441857, 1.3718941496659949, 3.4120142906321345, -4.2363102439803635, 3.554055485998974, 3.941167554473883, -3.9618477418340836, -3.491187695597838, 2.2429507572497456, -6.256702459091199], Energy: -37.50748268131622
Eval count: 416, Parameters: [1.808896962684546, 1.4856422078938172, -5.989950348198475, -1.6513565216640007, -2.007966915761105, -0.7929601233485924, 4.7307026847799785, -0.5892188010192678, 2.173569631257383, 0.7402859166194297, 1.814218068605878, -1.223996518516262, 4.656558367965894, 5.475003246266275, 5.7865270069986785, 5.078476321441857, 1.3718941496659949, 3.4120142906321345, -4.2363102439803635, 3.554055485998974, 3.941167554473883, -3.9618477418340836, -3.491187695597838, 2.2429507572497456, -6.256702459091199], Energy: -37.50748268483727
Eval count: 417, Parameters: [1.808896962684546, 1.4856422078938172, -5.989950348198475, -1.6513565216640007, -2.007966915761105, -0.7929601233485924, 4.7307026847799785, -0.5892188010192678, 2.173569631257383, 0.7402859017182685, 1.8142180835070392, -1.223996518516262, 4.656558367965894, 5.475003246266275, 5.7865270069986785, 5.078476321441857, 1.3718941496659949, 3.4120142906321345, -4.2363102439803635, 3.554055485998974, 3.941167554473883, -3.9618477418340836, -3.491187695597838, 2.2429507572497456, -6.256702459091199], Energy: -37.507482686260005
Eval count: 418, Parameters: [1.808896962684546, 1.4856422078938172, -5.989950348198475, -1.6513565216640007, -2.007966915761105, -0.7929601233485924, 4.7307026847799785, -0.5892188010192678, 2.173569631257383, 0.7402859017182685, 1.814218068605878, -1.2239965036151008, 4.656558367965894, 5.475003246266275, 5.7865270069986785, 5.078476321441857, 1.3718941496659949, 3.4120142906321345, -4.2363102439803635, 3.554055485998974, 3.941167554473883, -3.9618477418340836, -3.491187695597838, 2.2429507572497456, -6.256702459091199], Energy: -37.507482682936995
Eval count: 419, Parameters: [1.808896962684546, 1.4856422078938172, -5.989950348198475, -1.6513565216640007, -2.007966915761105, -0.7929601233485924, 4.7307026847799785, -0.5892188010192678, 2.173569631257383, 0.7402859017182685, 1.814218068605878, -1.223996518516262, 4.656558382867055, 5.475003246266275, 5.7865270069986785, 5.078476321441857, 1.3718941496659949, 3.4120142906321345, -4.2363102439803635, 3.554055485998974, 3.941167554473883, -3.9618477418340836, -3.491187695597838, 2.2429507572497456, -6.256702459091199], Energy: -37.507482688735934
Eval count: 420, Parameters: [1.808896962684546, 1.4856422078938172, -5.989950348198475, -1.6513565216640007, -2.007966915761105, -0.7929601233485924, 4.7307026847799785, -0.5892188010192678, 2.173569631257383, 0.7402859017182685, 1.814218068605878, -1.223996518516262, 4.656558367965894, 5.475003261167436, 5.7865270069986785, 5.078476321441857, 1.3718941496659949, 3.4120142906321345, -4.2363102439803635, 3.554055485998974, 3.941167554473883, -3.9618477418340836, -3.491187695597838, 2.2429507572497456, -6.256702459091199], Energy: -37.50748268493493
Eval count: 421, Parameters: [1.808896962684546, 1.4856422078938172, -5.989950348198475, -1.6513565216640007, -2.007966915761105, -0.7929601233485924, 4.7307026847799785, -0.5892188010192678, 2.173569631257383, 0.7402859017182685, 1.814218068605878, -1.223996518516262, 4.656558367965894, 5.475003246266275, 5.78652702189984, 5.078476321441857, 1.3718941496659949, 3.4120142906321345, -4.2363102439803635, 3.554055485998974, 3.941167554473883, -3.9618477418340836, -3.491187695597838, 2.2429507572497456, -6.256702459091199], Energy: -37.50748268586369
Eval count: 422, Parameters: [1.808896962684546, 1.4856422078938172, -5.989950348198475, -1.6513565216640007, -2.007966915761105, -0.7929601233485924, 4.7307026847799785, -0.5892188010192678, 2.173569631257383, 0.7402859017182685, 1.814218068605878, -1.223996518516262, 4.656558367965894, 5.475003246266275, 5.7865270069986785, 5.0784763363430185, 1.3718941496659949, 3.4120142906321345, -4.2363102439803635, 3.554055485998974, 3.941167554473883, -3.9618477418340836, -3.491187695597838, 2.2429507572497456, -6.256702459091199], Energy: -37.50748268403305
Eval count: 423, Parameters: [1.808896962684546, 1.4856422078938172, -5.989950348198475, -1.6513565216640007, -2.007966915761105, -0.7929601233485924, 4.7307026847799785, -0.5892188010192678, 2.173569631257383, 0.7402859017182685, 1.814218068605878, -1.223996518516262, 4.656558367965894, 5.475003246266275, 5.7865270069986785, 5.078476321441857, 1.371894164567156, 3.4120142906321345, -4.2363102439803635, 3.554055485998974, 3.941167554473883, -3.9618477418340836, -3.491187695597838, 2.2429507572497456, -6.256702459091199], Energy: -37.507482685092555
Eval count: 424, Parameters: [1.808896962684546, 1.4856422078938172, -5.989950348198475, -1.6513565216640007, -2.007966915761105, -0.7929601233485924, 4.7307026847799785, -0.5892188010192678, 2.173569631257383, 0.7402859017182685, 1.814218068605878, -1.223996518516262, 4.656558367965894, 5.475003246266275, 5.7865270069986785, 5.078476321441857, 1.3718941496659949, 3.4120143055332957, -4.2363102439803635, 3.554055485998974, 3.941167554473883, -3.9618477418340836, -3.491187695597838, 2.2429507572497456, -6.256702459091199], Energy: -37.50748268457113
Eval count: 425, Parameters: [1.808896962684546, 1.4856422078938172, -5.989950348198475, -1.6513565216640007, -2.007966915761105, -0.7929601233485924, 4.7307026847799785, -0.5892188010192678, 2.173569631257383, 0.7402859017182685, 1.814218068605878, -1.223996518516262, 4.656558367965894, 5.475003246266275, 5.7865270069986785, 5.078476321441857, 1.3718941496659949, 3.4120142906321345, -4.236310229079202, 3.554055485998974, 3.941167554473883, -3.9618477418340836, -3.491187695597838, 2.2429507572497456, -6.256702459091199], Energy: -37.50748268407904
Eval count: 426, Parameters: [1.808896962684546, 1.4856422078938172, -5.989950348198475, -1.6513565216640007, -2.007966915761105, -0.7929601233485924, 4.7307026847799785, -0.5892188010192678, 2.173569631257383, 0.7402859017182685, 1.814218068605878, -1.223996518516262, 4.656558367965894, 5.475003246266275, 5.7865270069986785, 5.078476321441857, 1.3718941496659949, 3.4120142906321345, -4.2363102439803635, 3.554055500900135, 3.941167554473883, -3.9618477418340836, -3.491187695597838, 2.2429507572497456, -6.256702459091199], Energy: -37.50748268379368
Eval count: 427, Parameters: [1.808896962684546, 1.4856422078938172, -5.989950348198475, -1.6513565216640007, -2.007966915761105, -0.7929601233485924, 4.7307026847799785, -0.5892188010192678, 2.173569631257383, 0.7402859017182685, 1.814218068605878, -1.223996518516262, 4.656558367965894, 5.475003246266275, 5.7865270069986785, 5.078476321441857, 1.3718941496659949, 3.4120142906321345, -4.2363102439803635, 3.554055485998974, 3.941167569375044, -3.9618477418340836, -3.491187695597838, 2.2429507572497456, -6.256702459091199], Energy: -37.50748268409495
Eval count: 428, Parameters: [1.808896962684546, 1.4856422078938172, -5.989950348198475, -1.6513565216640007, -2.007966915761105, -0.7929601233485924, 4.7307026847799785, -0.5892188010192678, 2.173569631257383, 0.7402859017182685, 1.814218068605878, -1.223996518516262, 4.656558367965894, 5.475003246266275, 5.7865270069986785, 5.078476321441857, 1.3718941496659949, 3.4120142906321345, -4.2363102439803635, 3.554055485998974, 3.941167554473883, -3.9618477269329224, -3.491187695597838, 2.2429507572497456, -6.256702459091199], Energy: -37.507482684240244
Eval count: 429, Parameters: [1.808896962684546, 1.4856422078938172, -5.989950348198475, -1.6513565216640007, -2.007966915761105, -0.7929601233485924, 4.7307026847799785, -0.5892188010192678, 2.173569631257383, 0.7402859017182685, 1.814218068605878, -1.223996518516262, 4.656558367965894, 5.475003246266275, 5.7865270069986785, 5.078476321441857, 1.3718941496659949, 3.4120142906321345, -4.2363102439803635, 3.554055485998974, 3.941167554473883, -3.9618477418340836, -3.491187680696677, 2.2429507572497456, -6.256702459091199], Energy: -37.50748268413196
Eval count: 430, Parameters: [1.808896962684546, 1.4856422078938172, -5.989950348198475, -1.6513565216640007, -2.007966915761105, -0.7929601233485924, 4.7307026847799785, -0.5892188010192678, 2.173569631257383, 0.7402859017182685, 1.814218068605878, -1.223996518516262, 4.656558367965894, 5.475003246266275, 5.7865270069986785, 5.078476321441857, 1.3718941496659949, 3.4120142906321345, -4.2363102439803635, 3.554055485998974, 3.941167554473883, -3.9618477418340836, -3.491187695597838, 2.2429507721509068, -6.256702459091199], Energy: -37.50748268417317
Eval count: 431, Parameters: [1.808896962684546, 1.4856422078938172, -5.989950348198475, -1.6513565216640007, -2.007966915761105, -0.7929601233485924, 4.7307026847799785, -0.5892188010192678, 2.173569631257383, 0.7402859017182685, 1.814218068605878, -1.223996518516262, 4.656558367965894, 5.475003246266275, 5.7865270069986785, 5.078476321441857, 1.3718941496659949, 3.4120142906321345, -4.2363102439803635, 3.554055485998974, 3.941167554473883, -3.9618477418340836, -3.491187695597838, 2.2429507572497456, -6.256702444190037], Energy: -37.50748268418232
Eval count: 432, Parameters: [1.8018286622930988, 1.4939976205788223, -5.962194956638599, -1.6687744369757223, -1.9570625573131448, -0.8861809500265191, 5.03009335771519, -0.6040531510364984, 2.0105162944259654, 0.7945324935645498, 1.9175632009663148, -1.286695185065577, 4.899444031496108, 5.511466681583891, 5.872584463338368, 5.069220452979684, 1.418478061562752, 3.432440946337595, -4.242091521087416, 3.534538218247123, 3.9369590059561568, -3.958562779929249, -3.493410666960387, 2.2427906325904097, -6.256380127064122], Energy: -37.77521178746616
Eval count: 433, Parameters: [1.80182867719426, 1.4939976205788223, -5.962194956638599, -1.6687744369757223, -1.9570625573131448, -0.8861809500265191, 5.03009335771519, -0.6040531510364984, 2.0105162944259654, 0.7945324935645498, 1.9175632009663148, -1.286695185065577, 4.899444031496108, 5.511466681583891, 5.872584463338368, 5.069220452979684, 1.418478061562752, 3.432440946337595, -4.242091521087416, 3.534538218247123, 3.9369590059561568, -3.958562779929249, -3.493410666960387, 2.2427906325904097, -6.256380127064122], Energy: -37.7752117653593
Eval count: 434, Parameters: [1.8018286622930988, 1.4939976354799835, -5.962194956638599, -1.6687744369757223, -1.9570625573131448, -0.8861809500265191, 5.03009335771519, -0.6040531510364984, 2.0105162944259654, 0.7945324935645498, 1.9175632009663148, -1.286695185065577, 4.899444031496108, 5.511466681583891, 5.872584463338368, 5.069220452979684, 1.418478061562752, 3.432440946337595, -4.242091521087416, 3.534538218247123, 3.9369590059561568, -3.958562779929249, -3.493410666960387, 2.2427906325904097, -6.256380127064122], Energy: -37.77521182579062
Eval count: 435, Parameters: [1.8018286622930988, 1.4939976205788223, -5.962194941737438, -1.6687744369757223, -1.9570625573131448, -0.8861809500265191, 5.03009335771519, -0.6040531510364984, 2.0105162944259654, 0.7945324935645498, 1.9175632009663148, -1.286695185065577, 4.899444031496108, 5.511466681583891, 5.872584463338368, 5.069220452979684, 1.418478061562752, 3.432440946337595, -4.242091521087416, 3.534538218247123, 3.9369590059561568, -3.958562779929249, -3.493410666960387, 2.2427906325904097, -6.256380127064122], Energy: -37.77521183602505
Eval count: 436, Parameters: [1.8018286622930988, 1.4939976205788223, -5.962194956638599, -1.668774422074561, -1.9570625573131448, -0.8861809500265191, 5.03009335771519, -0.6040531510364984, 2.0105162944259654, 0.7945324935645498, 1.9175632009663148, -1.286695185065577, 4.899444031496108, 5.511466681583891, 5.872584463338368, 5.069220452979684, 1.418478061562752, 3.432440946337595, -4.242091521087416, 3.534538218247123, 3.9369590059561568, -3.958562779929249, -3.493410666960387, 2.2427906325904097, -6.256380127064122], Energy: -37.77521179189267
Eval count: 437, Parameters: [1.8018286622930988, 1.4939976205788223, -5.962194956638599, -1.6687744369757223, -1.9570625424119836, -0.8861809500265191, 5.03009335771519, -0.6040531510364984, 2.0105162944259654, 0.7945324935645498, 1.9175632009663148, -1.286695185065577, 4.899444031496108, 5.511466681583891, 5.872584463338368, 5.069220452979684, 1.418478061562752, 3.432440946337595, -4.242091521087416, 3.534538218247123, 3.9369590059561568, -3.958562779929249, -3.493410666960387, 2.2427906325904097, -6.256380127064122], Energy: -37.77521178144349
Eval count: 438, Parameters: [1.8018286622930988, 1.4939976205788223, -5.962194956638599, -1.6687744369757223, -1.9570625573131448, -0.8861809351253579, 5.03009335771519, -0.6040531510364984, 2.0105162944259654, 0.7945324935645498, 1.9175632009663148, -1.286695185065577, 4.899444031496108, 5.511466681583891, 5.872584463338368, 5.069220452979684, 1.418478061562752, 3.432440946337595, -4.242091521087416, 3.534538218247123, 3.9369590059561568, -3.958562779929249, -3.493410666960387, 2.2427906325904097, -6.256380127064122], Energy: -37.77521179539116
Eval count: 439, Parameters: [1.8018286622930988, 1.4939976205788223, -5.962194956638599, -1.6687744369757223, -1.9570625573131448, -0.8861809500265191, 5.030093372616351, -0.6040531510364984, 2.0105162944259654, 0.7945324935645498, 1.9175632009663148, -1.286695185065577, 4.899444031496108, 5.511466681583891, 5.872584463338368, 5.069220452979684, 1.418478061562752, 3.432440946337595, -4.242091521087416, 3.534538218247123, 3.9369590059561568, -3.958562779929249, -3.493410666960387, 2.2427906325904097, -6.256380127064122], Energy: -37.77521178675448
Eval count: 440, Parameters: [1.8018286622930988, 1.4939976205788223, -5.962194956638599, -1.6687744369757223, -1.9570625573131448, -0.8861809500265191, 5.03009335771519, -0.6040531361353372, 2.0105162944259654, 0.7945324935645498, 1.9175632009663148, -1.286695185065577, 4.899444031496108, 5.511466681583891, 5.872584463338368, 5.069220452979684, 1.418478061562752, 3.432440946337595, -4.242091521087416, 3.534538218247123, 3.9369590059561568, -3.958562779929249, -3.493410666960387, 2.2427906325904097, -6.256380127064122], Energy: -37.77521178426872
Eval count: 441, Parameters: [1.8018286622930988, 1.4939976205788223, -5.962194956638599, -1.6687744369757223, -1.9570625573131448, -0.8861809500265191, 5.03009335771519, -0.6040531510364984, 2.0105163093271265, 0.7945324935645498, 1.9175632009663148, -1.286695185065577, 4.899444031496108, 5.511466681583891, 5.872584463338368, 5.069220452979684, 1.418478061562752, 3.432440946337595, -4.242091521087416, 3.534538218247123, 3.9369590059561568, -3.958562779929249, -3.493410666960387, 2.2427906325904097, -6.256380127064122], Energy: -37.77521178371387
Eval count: 442, Parameters: [1.8018286622930988, 1.4939976205788223, -5.962194956638599, -1.6687744369757223, -1.9570625573131448, -0.8861809500265191, 5.03009335771519, -0.6040531510364984, 2.0105162944259654, 0.794532508465711, 1.9175632009663148, -1.286695185065577, 4.899444031496108, 5.511466681583891, 5.872584463338368, 5.069220452979684, 1.418478061562752, 3.432440946337595, -4.242091521087416, 3.534538218247123, 3.9369590059561568, -3.958562779929249, -3.493410666960387, 2.2427906325904097, -6.256380127064122], Energy: -37.775211790174296
Eval count: 443, Parameters: [1.8018286622930988, 1.4939976205788223, -5.962194956638599, -1.6687744369757223, -1.9570625573131448, -0.8861809500265191, 5.03009335771519, -0.6040531510364984, 2.0105162944259654, 0.7945324935645498, 1.917563215867476, -1.286695185065577, 4.899444031496108, 5.511466681583891, 5.872584463338368, 5.069220452979684, 1.418478061562752, 3.432440946337595, -4.242091521087416, 3.534538218247123, 3.9369590059561568, -3.958562779929249, -3.493410666960387, 2.2427906325904097, -6.256380127064122], Energy: -37.77521178914844
Eval count: 444, Parameters: [1.8018286622930988, 1.4939976205788223, -5.962194956638599, -1.6687744369757223, -1.9570625573131448, -0.8861809500265191, 5.03009335771519, -0.6040531510364984, 2.0105162944259654, 0.7945324935645498, 1.9175632009663148, -1.2866951701644158, 4.899444031496108, 5.511466681583891, 5.872584463338368, 5.069220452979684, 1.418478061562752, 3.432440946337595, -4.242091521087416, 3.534538218247123, 3.9369590059561568, -3.958562779929249, -3.493410666960387, 2.2427906325904097, -6.256380127064122], Energy: -37.77521178567241
Eval count: 445, Parameters: [1.8018286622930988, 1.4939976205788223, -5.962194956638599, -1.6687744369757223, -1.9570625573131448, -0.8861809500265191, 5.03009335771519, -0.6040531510364984, 2.0105162944259654, 0.7945324935645498, 1.9175632009663148, -1.286695185065577, 4.899444046397269, 5.511466681583891, 5.872584463338368, 5.069220452979684, 1.418478061562752, 3.432440946337595, -4.242091521087416, 3.534538218247123, 3.9369590059561568, -3.958562779929249, -3.493410666960387, 2.2427906325904097, -6.256380127064122], Energy: -37.775211792851564
Eval count: 446, Parameters: [1.8018286622930988, 1.4939976205788223, -5.962194956638599, -1.6687744369757223, -1.9570625573131448, -0.8861809500265191, 5.03009335771519, -0.6040531510364984, 2.0105162944259654, 0.7945324935645498, 1.9175632009663148, -1.286695185065577, 4.899444031496108, 5.511466696485052, 5.872584463338368, 5.069220452979684, 1.418478061562752, 3.432440946337595, -4.242091521087416, 3.534538218247123, 3.9369590059561568, -3.958562779929249, -3.493410666960387, 2.2427906325904097, -6.256380127064122], Energy: -37.775211787893795
Eval count: 447, Parameters: [1.8018286622930988, 1.4939976205788223, -5.962194956638599, -1.6687744369757223, -1.9570625573131448, -0.8861809500265191, 5.03009335771519, -0.6040531510364984, 2.0105162944259654, 0.7945324935645498, 1.9175632009663148, -1.286695185065577, 4.899444031496108, 5.511466681583891, 5.87258447823953, 5.069220452979684, 1.418478061562752, 3.432440946337595, -4.242091521087416, 3.534538218247123, 3.9369590059561568, -3.958562779929249, -3.493410666960387, 2.2427906325904097, -6.256380127064122], Energy: -37.775211789319144
Eval count: 448, Parameters: [1.8018286622930988, 1.4939976205788223, -5.962194956638599, -1.6687744369757223, -1.9570625573131448, -0.8861809500265191, 5.03009335771519, -0.6040531510364984, 2.0105162944259654, 0.7945324935645498, 1.9175632009663148, -1.286695185065577, 4.899444031496108, 5.511466681583891, 5.872584463338368, 5.069220467880845, 1.418478061562752, 3.432440946337595, -4.242091521087416, 3.534538218247123, 3.9369590059561568, -3.958562779929249, -3.493410666960387, 2.2427906325904097, -6.256380127064122], Energy: -37.77521178723765
Eval count: 449, Parameters: [1.8018286622930988, 1.4939976205788223, -5.962194956638599, -1.6687744369757223, -1.9570625573131448, -0.8861809500265191, 5.03009335771519, -0.6040531510364984, 2.0105162944259654, 0.7945324935645498, 1.9175632009663148, -1.286695185065577, 4.899444031496108, 5.511466681583891, 5.872584463338368, 5.069220452979684, 1.418478076463913, 3.432440946337595, -4.242091521087416, 3.534538218247123, 3.9369590059561568, -3.958562779929249, -3.493410666960387, 2.2427906325904097, -6.256380127064122], Energy: -37.77521178841761
Eval count: 450, Parameters: [1.8018286622930988, 1.4939976205788223, -5.962194956638599, -1.6687744369757223, -1.9570625573131448, -0.8861809500265191, 5.03009335771519, -0.6040531510364984, 2.0105162944259654, 0.7945324935645498, 1.9175632009663148, -1.286695185065577, 4.899444031496108, 5.511466681583891, 5.872584463338368, 5.069220452979684, 1.418478061562752, 3.4324409612387563, -4.242091521087416, 3.534538218247123, 3.9369590059561568, -3.958562779929249, -3.493410666960387, 2.2427906325904097, -6.256380127064122], Energy: -37.77521178785156
Eval count: 451, Parameters: [1.8018286622930988, 1.4939976205788223, -5.962194956638599, -1.6687744369757223, -1.9570625573131448, -0.8861809500265191, 5.03009335771519, -0.6040531510364984, 2.0105162944259654, 0.7945324935645498, 1.9175632009663148, -1.286695185065577, 4.899444031496108, 5.511466681583891, 5.872584463338368, 5.069220452979684, 1.418478061562752, 3.432440946337595, -4.242091506186255, 3.534538218247123, 3.9369590059561568, -3.958562779929249, -3.493410666960387, 2.2427906325904097, -6.256380127064122], Energy: -37.7752117873319
Eval count: 452, Parameters: [1.8018286622930988, 1.4939976205788223, -5.962194956638599, -1.6687744369757223, -1.9570625573131448, -0.8861809500265191, 5.03009335771519, -0.6040531510364984, 2.0105162944259654, 0.7945324935645498, 1.9175632009663148, -1.286695185065577, 4.899444031496108, 5.511466681583891, 5.872584463338368, 5.069220452979684, 1.418478061562752, 3.432440946337595, -4.242091521087416, 3.534538233148284, 3.9369590059561568, -3.958562779929249, -3.493410666960387, 2.2427906325904097, -6.256380127064122], Energy: -37.77521178702983
Eval count: 453, Parameters: [1.8018286622930988, 1.4939976205788223, -5.962194956638599, -1.6687744369757223, -1.9570625573131448, -0.8861809500265191, 5.03009335771519, -0.6040531510364984, 2.0105162944259654, 0.7945324935645498, 1.9175632009663148, -1.286695185065577, 4.899444031496108, 5.511466681583891, 5.872584463338368, 5.069220452979684, 1.418478061562752, 3.432440946337595, -4.242091521087416, 3.534538218247123, 3.936959020857318, -3.958562779929249, -3.493410666960387, 2.2427906325904097, -6.256380127064122], Energy: -37.775211787368846
Eval count: 454, Parameters: [1.8018286622930988, 1.4939976205788223, -5.962194956638599, -1.6687744369757223, -1.9570625573131448, -0.8861809500265191, 5.03009335771519, -0.6040531510364984, 2.0105162944259654, 0.7945324935645498, 1.9175632009663148, -1.286695185065577, 4.899444031496108, 5.511466681583891, 5.872584463338368, 5.069220452979684, 1.418478061562752, 3.432440946337595, -4.242091521087416, 3.534538218247123, 3.9369590059561568, -3.9585627650280877, -3.493410666960387, 2.2427906325904097, -6.256380127064122], Energy: -37.77521178753943
Eval count: 455, Parameters: [1.8018286622930988, 1.4939976205788223, -5.962194956638599, -1.6687744369757223, -1.9570625573131448, -0.8861809500265191, 5.03009335771519, -0.6040531510364984, 2.0105162944259654, 0.7945324935645498, 1.9175632009663148, -1.286695185065577, 4.899444031496108, 5.511466681583891, 5.872584463338368, 5.069220452979684, 1.418478061562752, 3.432440946337595, -4.242091521087416, 3.534538218247123, 3.9369590059561568, -3.958562779929249, -3.4934106520592256, 2.2427906325904097, -6.256380127064122], Energy: -37.77521178741716
Eval count: 456, Parameters: [1.8018286622930988, 1.4939976205788223, -5.962194956638599, -1.6687744369757223, -1.9570625573131448, -0.8861809500265191, 5.03009335771519, -0.6040531510364984, 2.0105162944259654, 0.7945324935645498, 1.9175632009663148, -1.286695185065577, 4.899444031496108, 5.511466681583891, 5.872584463338368, 5.069220452979684, 1.418478061562752, 3.432440946337595, -4.242091521087416, 3.534538218247123, 3.9369590059561568, -3.958562779929249, -3.493410666960387, 2.242790647491571, -6.256380127064122], Energy: -37.775211787464514
Eval count: 457, Parameters: [1.8018286622930988, 1.4939976205788223, -5.962194956638599, -1.6687744369757223, -1.9570625573131448, -0.8861809500265191, 5.03009335771519, -0.6040531510364984, 2.0105162944259654, 0.7945324935645498, 1.9175632009663148, -1.286695185065577, 4.899444031496108, 5.511466681583891, 5.872584463338368, 5.069220452979684, 1.418478061562752, 3.432440946337595, -4.242091521087416, 3.534538218247123, 3.9369590059561568, -3.958562779929249, -3.493410666960387, 2.2427906325904097, -6.256380112162961], Energy: -37.77521178747543
Eval count: 458, Parameters: [1.696326353213108, 1.6409583508966545, -5.6877743936348315, -1.7091664139004126, -1.8512603429925591, -1.3015206564398611, 6.745071464212294, -1.2740184188718677, 0.5605333940826003, 1.5942499591795085, 2.653297839443886, -1.852301323669043, 6.973893140296758, 5.750943344652962, 6.579584098369521, 4.974874069557863, 1.7904541070719322, 3.596574713905666, -4.296466262951395, 3.373277358036033, 3.9011479106992026, -3.931973944792692, -3.511978396424463, 2.2415197207419633, -6.253594714680349], Energy: -34.04969614251917
Eval count: 459, Parameters: [1.779397663960401, 1.5252431537380255, -5.903850004334963, -1.6773622335363185, -1.9345677956940277, -0.9744869249696575, 5.394717330241548, -0.7464954344028898, 1.7022333354683308, 0.9645615791292815, 2.0739888052294964, -1.406949523218108, 5.340495653081887, 5.562382160845578, 6.0229006770107905, 5.049161332116022, 1.4975644259217897, 3.4673376637532054, -4.253652213500007, 3.5002523138146255, 3.92934515726407, -3.952909689283012, -3.4973583787430256, 2.242520422186466, -6.2557879165136505], Energy: -38.204558737962884
Eval count: 460, Parameters: [1.7793976788615622, 1.5252431537380255, -5.903850004334963, -1.6773622335363185, -1.9345677956940277, -0.9744869249696575, 5.394717330241548, -0.7464954344028898, 1.7022333354683308, 0.9645615791292815, 2.0739888052294964, -1.406949523218108, 5.340495653081887, 5.562382160845578, 6.0229006770107905, 5.049161332116022, 1.4975644259217897, 3.4673376637532054, -4.253652213500007, 3.5002523138146255, 3.92934515726407, -3.952909689283012, -3.4973583787430256, 2.242520422186466, -6.2557879165136505], Energy: -38.20455871848179
Eval count: 461, Parameters: [1.779397663960401, 1.5252431686391867, -5.903850004334963, -1.6773622335363185, -1.9345677956940277, -0.9744869249696575, 5.394717330241548, -0.7464954344028898, 1.7022333354683308, 0.9645615791292815, 2.0739888052294964, -1.406949523218108, 5.340495653081887, 5.562382160845578, 6.0229006770107905, 5.049161332116022, 1.4975644259217897, 3.4673376637532054, -4.253652213500007, 3.5002523138146255, 3.92934515726407, -3.952909689283012, -3.4973583787430256, 2.242520422186466, -6.2557879165136505], Energy: -38.204558771843494
Eval count: 462, Parameters: [1.779397663960401, 1.5252431537380255, -5.903849989433802, -1.6773622335363185, -1.9345677956940277, -0.9744869249696575, 5.394717330241548, -0.7464954344028898, 1.7022333354683308, 0.9645615791292815, 2.0739888052294964, -1.406949523218108, 5.340495653081887, 5.562382160845578, 6.0229006770107905, 5.049161332116022, 1.4975644259217897, 3.4673376637532054, -4.253652213500007, 3.5002523138146255, 3.92934515726407, -3.952909689283012, -3.4973583787430256, 2.242520422186466, -6.2557879165136505], Energy: -38.20455877427776
Eval count: 463, Parameters: [1.779397663960401, 1.5252431537380255, -5.903850004334963, -1.6773622186351573, -1.9345677956940277, -0.9744869249696575, 5.394717330241548, -0.7464954344028898, 1.7022333354683308, 0.9645615791292815, 2.0739888052294964, -1.406949523218108, 5.340495653081887, 5.562382160845578, 6.0229006770107905, 5.049161332116022, 1.4975644259217897, 3.4673376637532054, -4.253652213500007, 3.5002523138146255, 3.92934515726407, -3.952909689283012, -3.4973583787430256, 2.242520422186466, -6.2557879165136505], Energy: -38.20455874279173
Eval count: 464, Parameters: [1.779397663960401, 1.5252431537380255, -5.903850004334963, -1.6773622335363185, -1.9345677807928665, -0.9744869249696575, 5.394717330241548, -0.7464954344028898, 1.7022333354683308, 0.9645615791292815, 2.0739888052294964, -1.406949523218108, 5.340495653081887, 5.562382160845578, 6.0229006770107905, 5.049161332116022, 1.4975644259217897, 3.4673376637532054, -4.253652213500007, 3.5002523138146255, 3.92934515726407, -3.952909689283012, -3.4973583787430256, 2.242520422186466, -6.2557879165136505], Energy: -38.20455872946911
Eval count: 465, Parameters: [1.779397663960401, 1.5252431537380255, -5.903850004334963, -1.6773622335363185, -1.9345677956940277, -0.9744869100684963, 5.394717330241548, -0.7464954344028898, 1.7022333354683308, 0.9645615791292815, 2.0739888052294964, -1.406949523218108, 5.340495653081887, 5.562382160845578, 6.0229006770107905, 5.049161332116022, 1.4975644259217897, 3.4673376637532054, -4.253652213500007, 3.5002523138146255, 3.92934515726407, -3.952909689283012, -3.4973583787430256, 2.242520422186466, -6.2557879165136505], Energy: -38.20455874927677
Eval count: 466, Parameters: [1.779397663960401, 1.5252431537380255, -5.903850004334963, -1.6773622335363185, -1.9345677956940277, -0.9744869249696575, 5.394717345142709, -0.7464954344028898, 1.7022333354683308, 0.9645615791292815, 2.0739888052294964, -1.406949523218108, 5.340495653081887, 5.562382160845578, 6.0229006770107905, 5.049161332116022, 1.4975644259217897, 3.4673376637532054, -4.253652213500007, 3.5002523138146255, 3.92934515726407, -3.952909689283012, -3.4973583787430256, 2.242520422186466, -6.2557879165136505], Energy: -38.204558724168464
Eval count: 467, Parameters: [1.779397663960401, 1.5252431537380255, -5.903850004334963, -1.6773622335363185, -1.9345677956940277, -0.9744869249696575, 5.394717330241548, -0.7464954195017286, 1.7022333354683308, 0.9645615791292815, 2.0739888052294964, -1.406949523218108, 5.340495653081887, 5.562382160845578, 6.0229006770107905, 5.049161332116022, 1.4975644259217897, 3.4673376637532054, -4.253652213500007, 3.5002523138146255, 3.92934515726407, -3.952909689283012, -3.4973583787430256, 2.242520422186466, -6.2557879165136505], Energy: -38.204558731200564
Eval count: 468, Parameters: [1.779397663960401, 1.5252431537380255, -5.903850004334963, -1.6773622335363185, -1.9345677956940277, -0.9744869249696575, 5.394717330241548, -0.7464954344028898, 1.702233350369492, 0.9645615791292815, 2.0739888052294964, -1.406949523218108, 5.340495653081887, 5.562382160845578, 6.0229006770107905, 5.049161332116022, 1.4975644259217897, 3.4673376637532054, -4.253652213500007, 3.5002523138146255, 3.92934515726407, -3.952909689283012, -3.4973583787430256, 2.242520422186466, -6.2557879165136505], Energy: -38.204558735206604
Eval count: 469, Parameters: [1.779397663960401, 1.5252431537380255, -5.903850004334963, -1.6773622335363185, -1.9345677956940277, -0.9744869249696575, 5.394717330241548, -0.7464954344028898, 1.7022333354683308, 0.9645615940304427, 2.0739888052294964, -1.406949523218108, 5.340495653081887, 5.562382160845578, 6.0229006770107905, 5.049161332116022, 1.4975644259217897, 3.4673376637532054, -4.253652213500007, 3.5002523138146255, 3.92934515726407, -3.952909689283012, -3.4973583787430256, 2.242520422186466, -6.2557879165136505], Energy: -38.20455874291554
Eval count: 470, Parameters: [1.779397663960401, 1.5252431537380255, -5.903850004334963, -1.6773622335363185, -1.9345677956940277, -0.9744869249696575, 5.394717330241548, -0.7464954344028898, 1.7022333354683308, 0.9645615791292815, 2.0739888201306576, -1.406949523218108, 5.340495653081887, 5.562382160845578, 6.0229006770107905, 5.049161332116022, 1.4975644259217897, 3.4673376637532054, -4.253652213500007, 3.5002523138146255, 3.92934515726407, -3.952909689283012, -3.4973583787430256, 2.242520422186466, -6.2557879165136505], Energy: -38.20455873657704
Eval count: 471, Parameters: [1.779397663960401, 1.5252431537380255, -5.903850004334963, -1.6773622335363185, -1.9345677956940277, -0.9744869249696575, 5.394717330241548, -0.7464954344028898, 1.7022333354683308, 0.9645615791292815, 2.0739888052294964, -1.4069495083169468, 5.340495653081887, 5.562382160845578, 6.0229006770107905, 5.049161332116022, 1.4975644259217897, 3.4673376637532054, -4.253652213500007, 3.5002523138146255, 3.92934515726407, -3.952909689283012, -3.4973583787430256, 2.242520422186466, -6.2557879165136505], Energy: -38.20455873655061
Eval count: 472, Parameters: [1.779397663960401, 1.5252431537380255, -5.903850004334963, -1.6773622335363185, -1.9345677956940277, -0.9744869249696575, 5.394717330241548, -0.7464954344028898, 1.7022333354683308, 0.9645615791292815, 2.0739888052294964, -1.406949523218108, 5.340495667983048, 5.562382160845578, 6.0229006770107905, 5.049161332116022, 1.4975644259217897, 3.4673376637532054, -4.253652213500007, 3.5002523138146255, 3.92934515726407, -3.952909689283012, -3.4973583787430256, 2.242520422186466, -6.2557879165136505], Energy: -38.20455874231027
Eval count: 473, Parameters: [1.779397663960401, 1.5252431537380255, -5.903850004334963, -1.6773622335363185, -1.9345677956940277, -0.9744869249696575, 5.394717330241548, -0.7464954344028898, 1.7022333354683308, 0.9645615791292815, 2.0739888052294964, -1.406949523218108, 5.340495653081887, 5.562382175746739, 6.0229006770107905, 5.049161332116022, 1.4975644259217897, 3.4673376637532054, -4.253652213500007, 3.5002523138146255, 3.92934515726407, -3.952909689283012, -3.4973583787430256, 2.242520422186466, -6.2557879165136505], Energy: -38.20455873752172
Eval count: 474, Parameters: [1.779397663960401, 1.5252431537380255, -5.903850004334963, -1.6773622335363185, -1.9345677956940277, -0.9744869249696575, 5.394717330241548, -0.7464954344028898, 1.7022333354683308, 0.9645615791292815, 2.0739888052294964, -1.406949523218108, 5.340495653081887, 5.562382160845578, 6.022900691911952, 5.049161332116022, 1.4975644259217897, 3.4673376637532054, -4.253652213500007, 3.5002523138146255, 3.92934515726407, -3.952909689283012, -3.4973583787430256, 2.242520422186466, -6.2557879165136505], Energy: -38.20455873941552
Eval count: 475, Parameters: [1.779397663960401, 1.5252431537380255, -5.903850004334963, -1.6773622335363185, -1.9345677956940277, -0.9744869249696575, 5.394717330241548, -0.7464954344028898, 1.7022333354683308, 0.9645615791292815, 2.0739888052294964, -1.406949523218108, 5.340495653081887, 5.562382160845578, 6.0229006770107905, 5.049161347017183, 1.4975644259217897, 3.4673376637532054, -4.253652213500007, 3.5002523138146255, 3.92934515726407, -3.952909689283012, -3.4973583787430256, 2.242520422186466, -6.2557879165136505], Energy: -38.20455873765724
Eval count: 476, Parameters: [1.779397663960401, 1.5252431537380255, -5.903850004334963, -1.6773622335363185, -1.9345677956940277, -0.9744869249696575, 5.394717330241548, -0.7464954344028898, 1.7022333354683308, 0.9645615791292815, 2.0739888052294964, -1.406949523218108, 5.340495653081887, 5.562382160845578, 6.0229006770107905, 5.049161332116022, 1.497564440822951, 3.4673376637532054, -4.253652213500007, 3.5002523138146255, 3.92934515726407, -3.952909689283012, -3.4973583787430256, 2.242520422186466, -6.2557879165136505], Energy: -38.20455873861442
Eval count: 477, Parameters: [1.779397663960401, 1.5252431537380255, -5.903850004334963, -1.6773622335363185, -1.9345677956940277, -0.9744869249696575, 5.394717330241548, -0.7464954344028898, 1.7022333354683308, 0.9645615791292815, 2.0739888052294964, -1.406949523218108, 5.340495653081887, 5.562382160845578, 6.0229006770107905, 5.049161332116022, 1.4975644259217897, 3.4673376786543666, -4.253652213500007, 3.5002523138146255, 3.92934515726407, -3.952909689283012, -3.4973583787430256, 2.242520422186466, -6.2557879165136505], Energy: -38.20455873820015
Eval count: 478, Parameters: [1.779397663960401, 1.5252431537380255, -5.903850004334963, -1.6773622335363185, -1.9345677956940277, -0.9744869249696575, 5.394717330241548, -0.7464954344028898, 1.7022333354683308, 0.9645615791292815, 2.0739888052294964, -1.406949523218108, 5.340495653081887, 5.562382160845578, 6.0229006770107905, 5.049161332116022, 1.4975644259217897, 3.4673376637532054, -4.253652198598846, 3.5002523138146255, 3.92934515726407, -3.952909689283012, -3.4973583787430256, 2.242520422186466, -6.2557879165136505], Energy: -38.20455873780702
Eval count: 479, Parameters: [1.779397663960401, 1.5252431537380255, -5.903850004334963, -1.6773622335363185, -1.9345677956940277, -0.9744869249696575, 5.394717330241548, -0.7464954344028898, 1.7022333354683308, 0.9645615791292815, 2.0739888052294964, -1.406949523218108, 5.340495653081887, 5.562382160845578, 6.0229006770107905, 5.049161332116022, 1.4975644259217897, 3.4673376637532054, -4.253652213500007, 3.5002523287157867, 3.92934515726407, -3.952909689283012, -3.4973583787430256, 2.242520422186466, -6.2557879165136505], Energy: -38.2045587376183
Eval count: 480, Parameters: [1.779397663960401, 1.5252431537380255, -5.903850004334963, -1.6773622335363185, -1.9345677956940277, -0.9744869249696575, 5.394717330241548, -0.7464954344028898, 1.7022333354683308, 0.9645615791292815, 2.0739888052294964, -1.406949523218108, 5.340495653081887, 5.562382160845578, 6.0229006770107905, 5.049161332116022, 1.4975644259217897, 3.4673376637532054, -4.253652213500007, 3.5002523138146255, 3.929345172165231, -3.952909689283012, -3.4973583787430256, 2.242520422186466, -6.2557879165136505], Energy: -38.2045587378791
Eval count: 481, Parameters: [1.779397663960401, 1.5252431537380255, -5.903850004334963, -1.6773622335363185, -1.9345677956940277, -0.9744869249696575, 5.394717330241548, -0.7464954344028898, 1.7022333354683308, 0.9645615791292815, 2.0739888052294964, -1.406949523218108, 5.340495653081887, 5.562382160845578, 6.0229006770107905, 5.049161332116022, 1.4975644259217897, 3.4673376637532054, -4.253652213500007, 3.5002523138146255, 3.92934515726407, -3.952909674381851, -3.4973583787430256, 2.242520422186466, -6.2557879165136505], Energy: -38.20455873801569
Eval count: 482, Parameters: [1.779397663960401, 1.5252431537380255, -5.903850004334963, -1.6773622335363185, -1.9345677956940277, -0.9744869249696575, 5.394717330241548, -0.7464954344028898, 1.7022333354683308, 0.9645615791292815, 2.0739888052294964, -1.406949523218108, 5.340495653081887, 5.562382160845578, 6.0229006770107905, 5.049161332116022, 1.4975644259217897, 3.4673376637532054, -4.253652213500007, 3.5002523138146255, 3.92934515726407, -3.952909689283012, -3.4973583638418644, 2.242520422186466, -6.2557879165136505], Energy: -38.20455873792321
Eval count: 483, Parameters: [1.779397663960401, 1.5252431537380255, -5.903850004334963, -1.6773622335363185, -1.9345677956940277, -0.9744869249696575, 5.394717330241548, -0.7464954344028898, 1.7022333354683308, 0.9645615791292815, 2.0739888052294964, -1.406949523218108, 5.340495653081887, 5.562382160845578, 6.0229006770107905, 5.049161332116022, 1.4975644259217897, 3.4673376637532054, -4.253652213500007, 3.5002523138146255, 3.92934515726407, -3.952909689283012, -3.4973583787430256, 2.2425204370876273, -6.2557879165136505], Energy: -38.20455873796129
Eval count: 484, Parameters: [1.779397663960401, 1.5252431537380255, -5.903850004334963, -1.6773622335363185, -1.9345677956940277, -0.9744869249696575, 5.394717330241548, -0.7464954344028898, 1.7022333354683308, 0.9645615791292815, 2.0739888052294964, -1.406949523218108, 5.340495653081887, 5.562382160845578, 6.0229006770107905, 5.049161332116022, 1.4975644259217897, 3.4673376637532054, -4.253652213500007, 3.5002523138146255, 3.92934515726407, -3.952909689283012, -3.4973583787430256, 2.242520422186466, -6.255787901612489], Energy: -38.204558737970444
Eval count: 485, Parameters: [1.7018844139776437, 1.6381100826593225, -5.754241979679467, -1.692521100387092, -2.100564209484468, -0.8930044590786567, 5.415318406471921, -0.933745350831444, 1.3423100158489751, 1.247823510651739, 2.118607984090394, -1.5170439963813822, 5.939713485840046, 5.615273828391512, 6.235314473474245, 5.014854496619734, 1.6066012254488276, 3.5188300254879064, -4.2721668047842085, 3.4545548794310723, 3.91919885343514, -3.9457831569139725, -3.502790133792008, 2.242113254818041, -6.255073166112392], Energy: -38.706856448346
Eval count: 486, Parameters: [1.7018844288788049, 1.6381100826593225, -5.754241979679467, -1.692521100387092, -2.100564209484468, -0.8930044590786567, 5.415318406471921, -0.933745350831444, 1.3423100158489751, 1.247823510651739, 2.118607984090394, -1.5170439963813822, 5.939713485840046, 5.615273828391512, 6.235314473474245, 5.014854496619734, 1.6066012254488276, 3.5188300254879064, -4.2721668047842085, 3.4545548794310723, 3.91919885343514, -3.9457831569139725, -3.502790133792008, 2.242113254818041, -6.255073166112392], Energy: -38.70685645752161
Eval count: 487, Parameters: [1.7018844139776437, 1.6381100975604836, -5.754241979679467, -1.692521100387092, -2.100564209484468, -0.8930044590786567, 5.415318406471921, -0.933745350831444, 1.3423100158489751, 1.247823510651739, 2.118607984090394, -1.5170439963813822, 5.939713485840046, 5.615273828391512, 6.235314473474245, 5.014854496619734, 1.6066012254488276, 3.5188300254879064, -4.2721668047842085, 3.4545548794310723, 3.91919885343514, -3.9457831569139725, -3.502790133792008, 2.242113254818041, -6.255073166112392], Energy: -38.706856440253944
Eval count: 488, Parameters: [1.7018844139776437, 1.6381100826593225, -5.754241964778306, -1.692521100387092, -2.100564209484468, -0.8930044590786567, 5.415318406471921, -0.933745350831444, 1.3423100158489751, 1.247823510651739, 2.118607984090394, -1.5170439963813822, 5.939713485840046, 5.615273828391512, 6.235314473474245, 5.014854496619734, 1.6066012254488276, 3.5188300254879064, -4.2721668047842085, 3.4545548794310723, 3.91919885343514, -3.9457831569139725, -3.502790133792008, 2.242113254818041, -6.255073166112392], Energy: -38.706856435687484
Eval count: 489, Parameters: [1.7018844139776437, 1.6381100826593225, -5.754241979679467, -1.6925210854859307, -2.100564209484468, -0.8930044590786567, 5.415318406471921, -0.933745350831444, 1.3423100158489751, 1.247823510651739, 2.118607984090394, -1.5170439963813822, 5.939713485840046, 5.615273828391512, 6.235314473474245, 5.014854496619734, 1.6066012254488276, 3.5188300254879064, -4.2721668047842085, 3.4545548794310723, 3.91919885343514, -3.9457831569139725, -3.502790133792008, 2.242113254818041, -6.255073166112392], Energy: -38.70685645078947
Eval count: 490, Parameters: [1.7018844139776437, 1.6381100826593225, -5.754241979679467, -1.692521100387092, -2.1005641945833067, -0.8930044590786567, 5.415318406471921, -0.933745350831444, 1.3423100158489751, 1.247823510651739, 2.118607984090394, -1.5170439963813822, 5.939713485840046, 5.615273828391512, 6.235314473474245, 5.014854496619734, 1.6066012254488276, 3.5188300254879064, -4.2721668047842085, 3.4545548794310723, 3.91919885343514, -3.9457831569139725, -3.502790133792008, 2.242113254818041, -6.255073166112392], Energy: -38.70685644947832
Eval count: 491, Parameters: [1.7018844139776437, 1.6381100826593225, -5.754241979679467, -1.692521100387092, -2.100564209484468, -0.8930044441774955, 5.415318406471921, -0.933745350831444, 1.3423100158489751, 1.247823510651739, 2.118607984090394, -1.5170439963813822, 5.939713485840046, 5.615273828391512, 6.235314473474245, 5.014854496619734, 1.6066012254488276, 3.5188300254879064, -4.2721668047842085, 3.4545548794310723, 3.91919885343514, -3.9457831569139725, -3.502790133792008, 2.242113254818041, -6.255073166112392], Energy: -38.70685644562235
Eval count: 492, Parameters: [1.7018844139776437, 1.6381100826593225, -5.754241979679467, -1.692521100387092, -2.100564209484468, -0.8930044590786567, 5.415318421373082, -0.933745350831444, 1.3423100158489751, 1.247823510651739, 2.118607984090394, -1.5170439963813822, 5.939713485840046, 5.615273828391512, 6.235314473474245, 5.014854496619734, 1.6066012254488276, 3.5188300254879064, -4.2721668047842085, 3.4545548794310723, 3.91919885343514, -3.9457831569139725, -3.502790133792008, 2.242113254818041, -6.255073166112392], Energy: -38.70685643139012
Eval count: 493, Parameters: [1.7018844139776437, 1.6381100826593225, -5.754241979679467, -1.692521100387092, -2.100564209484468, -0.8930044590786567, 5.415318406471921, -0.9337453359302829, 1.3423100158489751, 1.247823510651739, 2.118607984090394, -1.5170439963813822, 5.939713485840046, 5.615273828391512, 6.235314473474245, 5.014854496619734, 1.6066012254488276, 3.5188300254879064, -4.2721668047842085, 3.4545548794310723, 3.91919885343514, -3.9457831569139725, -3.502790133792008, 2.242113254818041, -6.255073166112392], Energy: -38.70685644248903
Eval count: 494, Parameters: [1.7018844139776437, 1.6381100826593225, -5.754241979679467, -1.692521100387092, -2.100564209484468, -0.8930044590786567, 5.415318406471921, -0.933745350831444, 1.3423100307501363, 1.247823510651739, 2.118607984090394, -1.5170439963813822, 5.939713485840046, 5.615273828391512, 6.235314473474245, 5.014854496619734, 1.6066012254488276, 3.5188300254879064, -4.2721668047842085, 3.4545548794310723, 3.91919885343514, -3.9457831569139725, -3.502790133792008, 2.242113254818041, -6.255073166112392], Energy: -38.706856453165415
Eval count: 495, Parameters: [1.7018844139776437, 1.6381100826593225, -5.754241979679467, -1.692521100387092, -2.100564209484468, -0.8930044590786567, 5.415318406471921, -0.933745350831444, 1.3423100158489751, 1.2478235255529002, 2.118607984090394, -1.5170439963813822, 5.939713485840046, 5.615273828391512, 6.235314473474245, 5.014854496619734, 1.6066012254488276, 3.5188300254879064, -4.2721668047842085, 3.4545548794310723, 3.91919885343514, -3.9457831569139725, -3.502790133792008, 2.242113254818041, -6.255073166112392], Energy: -38.70685644883673
Eval count: 496, Parameters: [1.7018844139776437, 1.6381100826593225, -5.754241979679467, -1.692521100387092, -2.100564209484468, -0.8930044590786567, 5.415318406471921, -0.933745350831444, 1.3423100158489751, 1.247823510651739, 2.118607998991555, -1.5170439963813822, 5.939713485840046, 5.615273828391512, 6.235314473474245, 5.014854496619734, 1.6066012254488276, 3.5188300254879064, -4.2721668047842085, 3.4545548794310723, 3.91919885343514, -3.9457831569139725, -3.502790133792008, 2.242113254818041, -6.255073166112392], Energy: -38.706856441754724
Eval count: 497, Parameters: [1.7018844139776437, 1.6381100826593225, -5.754241979679467, -1.692521100387092, -2.100564209484468, -0.8930044590786567, 5.415318406471921, -0.933745350831444, 1.3423100158489751, 1.247823510651739, 2.118607984090394, -1.517043981480221, 5.939713485840046, 5.615273828391512, 6.235314473474245, 5.014854496619734, 1.6066012254488276, 3.5188300254879064, -4.2721668047842085, 3.4545548794310723, 3.91919885343514, -3.9457831569139725, -3.502790133792008, 2.242113254818041, -6.255073166112392], Energy: -38.70685645044671
Eval count: 498, Parameters: [1.7018844139776437, 1.6381100826593225, -5.754241979679467, -1.692521100387092, -2.100564209484468, -0.8930044590786567, 5.415318406471921, -0.933745350831444, 1.3423100158489751, 1.247823510651739, 2.118607984090394, -1.5170439963813822, 5.939713500741207, 5.615273828391512, 6.235314473474245, 5.014854496619734, 1.6066012254488276, 3.5188300254879064, -4.2721668047842085, 3.4545548794310723, 3.91919885343514, -3.9457831569139725, -3.502790133792008, 2.242113254818041, -6.255073166112392], Energy: -38.706856443413756
Eval count: 499, Parameters: [1.7018844139776437, 1.6381100826593225, -5.754241979679467, -1.692521100387092, -2.100564209484468, -0.8930044590786567, 5.415318406471921, -0.933745350831444, 1.3423100158489751, 1.247823510651739, 2.118607984090394, -1.5170439963813822, 5.939713485840046, 5.615273843292673, 6.235314473474245, 5.014854496619734, 1.6066012254488276, 3.5188300254879064, -4.2721668047842085, 3.4545548794310723, 3.91919885343514, -3.9457831569139725, -3.502790133792008, 2.242113254818041, -6.255073166112392], Energy: -38.706856447322934
Eval count: 500, Parameters: [1.7018844139776437, 1.6381100826593225, -5.754241979679467, -1.692521100387092, -2.100564209484468, -0.8930044590786567, 5.415318406471921, -0.933745350831444, 1.3423100158489751, 1.247823510651739, 2.118607984090394, -1.5170439963813822, 5.939713485840046, 5.615273828391512, 6.235314488375407, 5.014854496619734, 1.6066012254488276, 3.5188300254879064, -4.2721668047842085, 3.4545548794310723, 3.91919885343514, -3.9457831569139725, -3.502790133792008, 2.242113254818041, -6.255073166112392], Energy: -38.706856448524434
Eval count: 501, Parameters: [1.7018844139776437, 1.6381100826593225, -5.754241979679467, -1.692521100387092, -2.100564209484468, -0.8930044590786567, 5.415318406471921, -0.933745350831444, 1.3423100158489751, 1.247823510651739, 2.118607984090394, -1.5170439963813822, 5.939713485840046, 5.615273828391512, 6.235314473474245, 5.014854511520896, 1.6066012254488276, 3.5188300254879064, -4.2721668047842085, 3.4545548794310723, 3.91919885343514, -3.9457831569139725, -3.502790133792008, 2.242113254818041, -6.255073166112392], Energy: -38.70685644827745
Eval count: 502, Parameters: [1.7018844139776437, 1.6381100826593225, -5.754241979679467, -1.692521100387092, -2.100564209484468, -0.8930044590786567, 5.415318406471921, -0.933745350831444, 1.3423100158489751, 1.247823510651739, 2.118607984090394, -1.5170439963813822, 5.939713485840046, 5.615273828391512, 6.235314473474245, 5.014854496619734, 1.6066012403499887, 3.5188300254879064, -4.2721668047842085, 3.4545548794310723, 3.91919885343514, -3.9457831569139725, -3.502790133792008, 2.242113254818041, -6.255073166112392], Energy: -38.70685644840597
Eval count: 503, Parameters: [1.7018844139776437, 1.6381100826593225, -5.754241979679467, -1.692521100387092, -2.100564209484468, -0.8930044590786567, 5.415318406471921, -0.933745350831444, 1.3423100158489751, 1.247823510651739, 2.118607984090394, -1.5170439963813822, 5.939713485840046, 5.615273828391512, 6.235314473474245, 5.014854496619734, 1.6066012254488276, 3.5188300403890675, -4.2721668047842085, 3.4545548794310723, 3.91919885343514, -3.9457831569139725, -3.502790133792008, 2.242113254818041, -6.255073166112392], Energy: -38.70685644837681
Eval count: 504, Parameters: [1.7018844139776437, 1.6381100826593225, -5.754241979679467, -1.692521100387092, -2.100564209484468, -0.8930044590786567, 5.415318406471921, -0.933745350831444, 1.3423100158489751, 1.247823510651739, 2.118607984090394, -1.5170439963813822, 5.939713485840046, 5.615273828391512, 6.235314473474245, 5.014854496619734, 1.6066012254488276, 3.5188300254879064, -4.272166789883047, 3.4545548794310723, 3.91919885343514, -3.9457831569139725, -3.502790133792008, 2.242113254818041, -6.255073166112392], Energy: -38.70685644831747
Eval count: 505, Parameters: [1.7018844139776437, 1.6381100826593225, -5.754241979679467, -1.692521100387092, -2.100564209484468, -0.8930044590786567, 5.415318406471921, -0.933745350831444, 1.3423100158489751, 1.247823510651739, 2.118607984090394, -1.5170439963813822, 5.939713485840046, 5.615273828391512, 6.235314473474245, 5.014854496619734, 1.6066012254488276, 3.5188300254879064, -4.2721668047842085, 3.4545548943322335, 3.91919885343514, -3.9457831569139725, -3.502790133792008, 2.242113254818041, -6.255073166112392], Energy: -38.706856448312465
Eval count: 506, Parameters: [1.7018844139776437, 1.6381100826593225, -5.754241979679467, -1.692521100387092, -2.100564209484468, -0.8930044590786567, 5.415318406471921, -0.933745350831444, 1.3423100158489751, 1.247823510651739, 2.118607984090394, -1.5170439963813822, 5.939713485840046, 5.615273828391512, 6.235314473474245, 5.014854496619734, 1.6066012254488276, 3.5188300254879064, -4.2721668047842085, 3.4545548794310723, 3.9191988683363013, -3.9457831569139725, -3.502790133792008, 2.242113254818041, -6.255073166112392], Energy: -38.70685644833674
Eval count: 507, Parameters: [1.7018844139776437, 1.6381100826593225, -5.754241979679467, -1.692521100387092, -2.100564209484468, -0.8930044590786567, 5.415318406471921, -0.933745350831444, 1.3423100158489751, 1.247823510651739, 2.118607984090394, -1.5170439963813822, 5.939713485840046, 5.615273828391512, 6.235314473474245, 5.014854496619734, 1.6066012254488276, 3.5188300254879064, -4.2721668047842085, 3.4545548794310723, 3.91919885343514, -3.9457831420128113, -3.502790133792008, 2.242113254818041, -6.255073166112392], Energy: -38.70685644835089
Eval count: 508, Parameters: [1.7018844139776437, 1.6381100826593225, -5.754241979679467, -1.692521100387092, -2.100564209484468, -0.8930044590786567, 5.415318406471921, -0.933745350831444, 1.3423100158489751, 1.247823510651739, 2.118607984090394, -1.5170439963813822, 5.939713485840046, 5.615273828391512, 6.235314473474245, 5.014854496619734, 1.6066012254488276, 3.5188300254879064, -4.2721668047842085, 3.4545548794310723, 3.91919885343514, -3.9457831569139725, -3.502790118890847, 2.242113254818041, -6.255073166112392], Energy: -38.70685644834043
Eval count: 509, Parameters: [1.7018844139776437, 1.6381100826593225, -5.754241979679467, -1.692521100387092, -2.100564209484468, -0.8930044590786567, 5.415318406471921, -0.933745350831444, 1.3423100158489751, 1.247823510651739, 2.118607984090394, -1.5170439963813822, 5.939713485840046, 5.615273828391512, 6.235314473474245, 5.014854496619734, 1.6066012254488276, 3.5188300254879064, -4.2721668047842085, 3.4545548794310723, 3.91919885343514, -3.9457831569139725, -3.502790133792008, 2.2421132697192023, -6.255073166112392], Energy: -38.706856448345604
Eval count: 510, Parameters: [1.7018844139776437, 1.6381100826593225, -5.754241979679467, -1.692521100387092, -2.100564209484468, -0.8930044590786567, 5.415318406471921, -0.933745350831444, 1.3423100158489751, 1.247823510651739, 2.118607984090394, -1.5170439963813822, 5.939713485840046, 5.615273828391512, 6.235314473474245, 5.014854496619734, 1.6066012254488276, 3.5188300254879064, -4.2721668047842085, 3.4545548794310723, 3.91919885343514, -3.9457831569139725, -3.502790133792008, 2.242113254818041, -6.2550731512112305], Energy: -38.70685644834697
Eval count: 511, Parameters: [1.7181934696999337, 1.6512418647954739, -5.745562750614822, -1.5806449413899426, -2.135447507783486, -0.8608539647264575, 5.013743820873871, -0.9679818618807435, 1.6684534546177805, 1.0878838390805083, 1.8639617697569586, -1.376342902197222, 5.558749750776315, 5.584071776142651, 6.198139422303626, 5.024403999237453, 1.5898006574353643, 3.5124526691347415, -4.267388806491279, 3.463559721166325, 3.921510347644353, -3.947062851246576, -3.5017443094430725, 2.2422239762835408, -6.2552002795817945], Energy: -38.98102924730523
Eval count: 512, Parameters: [1.718193484601095, 1.6512418647954739, -5.745562750614822, -1.5806449413899426, -2.135447507783486, -0.8608539647264575, 5.013743820873871, -0.9679818618807435, 1.6684534546177805, 1.0878838390805083, 1.8639617697569586, -1.376342902197222, 5.558749750776315, 5.584071776142651, 6.198139422303626, 5.024403999237453, 1.5898006574353643, 3.5124526691347415, -4.267388806491279, 3.463559721166325, 3.921510347644353, -3.947062851246576, -3.5017443094430725, 2.2422239762835408, -6.2552002795817945], Energy: -38.981029255948215
Eval count: 513, Parameters: [1.7181934696999337, 1.651241879696635, -5.745562750614822, -1.5806449413899426, -2.135447507783486, -0.8608539647264575, 5.013743820873871, -0.9679818618807435, 1.6684534546177805, 1.0878838390805083, 1.8639617697569586, -1.376342902197222, 5.558749750776315, 5.584071776142651, 6.198139422303626, 5.024403999237453, 1.5898006574353643, 3.5124526691347415, -4.267388806491279, 3.463559721166325, 3.921510347644353, -3.947062851246576, -3.5017443094430725, 2.2422239762835408, -6.2552002795817945], Energy: -38.98102922923334
Eval count: 514, Parameters: [1.7181934696999337, 1.6512418647954739, -5.745562735713661, -1.5806449413899426, -2.135447507783486, -0.8608539647264575, 5.013743820873871, -0.9679818618807435, 1.6684534546177805, 1.0878838390805083, 1.8639617697569586, -1.376342902197222, 5.558749750776315, 5.584071776142651, 6.198139422303626, 5.024403999237453, 1.5898006574353643, 3.5124526691347415, -4.267388806491279, 3.463559721166325, 3.921510347644353, -3.947062851246576, -3.5017443094430725, 2.2422239762835408, -6.2552002795817945], Energy: -38.98102923528933
Eval count: 515, Parameters: [1.7181934696999337, 1.6512418647954739, -5.745562750614822, -1.5806449264887814, -2.135447507783486, -0.8608539647264575, 5.013743820873871, -0.9679818618807435, 1.6684534546177805, 1.0878838390805083, 1.8639617697569586, -1.376342902197222, 5.558749750776315, 5.584071776142651, 6.198139422303626, 5.024403999237453, 1.5898006574353643, 3.5124526691347415, -4.267388806491279, 3.463559721166325, 3.921510347644353, -3.947062851246576, -3.5017443094430725, 2.2422239762835408, -6.2552002795817945], Energy: -38.98102923939422
Eval count: 516, Parameters: [1.7181934696999337, 1.6512418647954739, -5.745562750614822, -1.5806449413899426, -2.135447492882325, -0.8608539647264575, 5.013743820873871, -0.9679818618807435, 1.6684534546177805, 1.0878838390805083, 1.8639617697569586, -1.376342902197222, 5.558749750776315, 5.584071776142651, 6.198139422303626, 5.024403999237453, 1.5898006574353643, 3.5124526691347415, -4.267388806491279, 3.463559721166325, 3.921510347644353, -3.947062851246576, -3.5017443094430725, 2.2422239762835408, -6.2552002795817945], Energy: -38.981029253748886
Eval count: 517, Parameters: [1.7181934696999337, 1.6512418647954739, -5.745562750614822, -1.5806449413899426, -2.135447507783486, -0.8608539498252963, 5.013743820873871, -0.9679818618807435, 1.6684534546177805, 1.0878838390805083, 1.8639617697569586, -1.376342902197222, 5.558749750776315, 5.584071776142651, 6.198139422303626, 5.024403999237453, 1.5898006574353643, 3.5124526691347415, -4.267388806491279, 3.463559721166325, 3.921510347644353, -3.947062851246576, -3.5017443094430725, 2.2422239762835408, -6.2552002795817945], Energy: -38.98102923950432
Eval count: 518, Parameters: [1.7181934696999337, 1.6512418647954739, -5.745562750614822, -1.5806449413899426, -2.135447507783486, -0.8608539647264575, 5.013743835775032, -0.9679818618807435, 1.6684534546177805, 1.0878838390805083, 1.8639617697569586, -1.376342902197222, 5.558749750776315, 5.584071776142651, 6.198139422303626, 5.024403999237453, 1.5898006574353643, 3.5124526691347415, -4.267388806491279, 3.463559721166325, 3.921510347644353, -3.947062851246576, -3.5017443094430725, 2.2422239762835408, -6.2552002795817945], Energy: -38.98102924683394
Eval count: 519, Parameters: [1.7181934696999337, 1.6512418647954739, -5.745562750614822, -1.5806449413899426, -2.135447507783486, -0.8608539647264575, 5.013743820873871, -0.9679818469795823, 1.6684534546177805, 1.0878838390805083, 1.8639617697569586, -1.376342902197222, 5.558749750776315, 5.584071776142651, 6.198139422303626, 5.024403999237453, 1.5898006574353643, 3.5124526691347415, -4.267388806491279, 3.463559721166325, 3.921510347644353, -3.947062851246576, -3.5017443094430725, 2.2422239762835408, -6.2552002795817945], Energy: -38.98102923821307
Eval count: 520, Parameters: [1.7181934696999337, 1.6512418647954739, -5.745562750614822, -1.5806449413899426, -2.135447507783486, -0.8608539647264575, 5.013743820873871, -0.9679818618807435, 1.6684534695189417, 1.0878838390805083, 1.8639617697569586, -1.376342902197222, 5.558749750776315, 5.584071776142651, 6.198139422303626, 5.024403999237453, 1.5898006574353643, 3.5124526691347415, -4.267388806491279, 3.463559721166325, 3.921510347644353, -3.947062851246576, -3.5017443094430725, 2.2422239762835408, -6.2552002795817945], Energy: -38.98102924306039
Eval count: 521, Parameters: [1.7181934696999337, 1.6512418647954739, -5.745562750614822, -1.5806449413899426, -2.135447507783486, -0.8608539647264575, 5.013743820873871, -0.9679818618807435, 1.6684534546177805, 1.0878838539816695, 1.8639617697569586, -1.376342902197222, 5.558749750776315, 5.584071776142651, 6.198139422303626, 5.024403999237453, 1.5898006574353643, 3.5124526691347415, -4.267388806491279, 3.463559721166325, 3.921510347644353, -3.947062851246576, -3.5017443094430725, 2.2422239762835408, -6.2552002795817945], Energy: -38.98102925244763
Eval count: 522, Parameters: [1.7181934696999337, 1.6512418647954739, -5.745562750614822, -1.5806449413899426, -2.135447507783486, -0.8608539647264575, 5.013743820873871, -0.9679818618807435, 1.6684534546177805, 1.0878838390805083, 1.8639617846581198, -1.376342902197222, 5.558749750776315, 5.584071776142651, 6.198139422303626, 5.024403999237453, 1.5898006574353643, 3.5124526691347415, -4.267388806491279, 3.463559721166325, 3.921510347644353, -3.947062851246576, -3.5017443094430725, 2.2422239762835408, -6.2552002795817945], Energy: -38.98102924870096
Eval count: 523, Parameters: [1.7181934696999337, 1.6512418647954739, -5.745562750614822, -1.5806449413899426, -2.135447507783486, -0.8608539647264575, 5.013743820873871, -0.9679818618807435, 1.6684534546177805, 1.0878838390805083, 1.8639617697569586, -1.3763428872960608, 5.558749750776315, 5.584071776142651, 6.198139422303626, 5.024403999237453, 1.5898006574353643, 3.5124526691347415, -4.267388806491279, 3.463559721166325, 3.921510347644353, -3.947062851246576, -3.5017443094430725, 2.2422239762835408, -6.2552002795817945], Energy: -38.98102924256955
Eval count: 524, Parameters: [1.7181934696999337, 1.6512418647954739, -5.745562750614822, -1.5806449413899426, -2.135447507783486, -0.8608539647264575, 5.013743820873871, -0.9679818618807435, 1.6684534546177805, 1.0878838390805083, 1.8639617697569586, -1.376342902197222, 5.558749765677476, 5.584071776142651, 6.198139422303626, 5.024403999237453, 1.5898006574353643, 3.5124526691347415, -4.267388806491279, 3.463559721166325, 3.921510347644353, -3.947062851246576, -3.5017443094430725, 2.2422239762835408, -6.2552002795817945], Energy: -38.98102925158042
Eval count: 525, Parameters: [1.7181934696999337, 1.6512418647954739, -5.745562750614822, -1.5806449413899426, -2.135447507783486, -0.8608539647264575, 5.013743820873871, -0.9679818618807435, 1.6684534546177805, 1.0878838390805083, 1.8639617697569586, -1.376342902197222, 5.558749750776315, 5.5840717910438125, 6.198139422303626, 5.024403999237453, 1.5898006574353643, 3.5124526691347415, -4.267388806491279, 3.463559721166325, 3.921510347644353, -3.947062851246576, -3.5017443094430725, 2.2422239762835408, -6.2552002795817945], Energy: -38.98102924390082
Eval count: 526, Parameters: [1.7181934696999337, 1.6512418647954739, -5.745562750614822, -1.5806449413899426, -2.135447507783486, -0.8608539647264575, 5.013743820873871, -0.9679818618807435, 1.6684534546177805, 1.0878838390805083, 1.8639617697569586, -1.376342902197222, 5.558749750776315, 5.584071776142651, 6.198139437204787, 5.024403999237453, 1.5898006574353643, 3.5124526691347415, -4.267388806491279, 3.463559721166325, 3.921510347644353, -3.947062851246576, -3.5017443094430725, 2.2422239762835408, -6.2552002795817945], Energy: -38.98102924818767
Eval count: 527, Parameters: [1.7181934696999337, 1.6512418647954739, -5.745562750614822, -1.5806449413899426, -2.135447507783486, -0.8608539647264575, 5.013743820873871, -0.9679818618807435, 1.6684534546177805, 1.0878838390805083, 1.8639617697569586, -1.376342902197222, 5.558749750776315, 5.584071776142651, 6.198139422303626, 5.024404014138614, 1.5898006574353643, 3.5124526691347415, -4.267388806491279, 3.463559721166325, 3.921510347644353, -3.947062851246576, -3.5017443094430725, 2.2422239762835408, -6.2552002795817945], Energy: -38.98102924699492
Eval count: 528, Parameters: [1.7181934696999337, 1.6512418647954739, -5.745562750614822, -1.5806449413899426, -2.135447507783486, -0.8608539647264575, 5.013743820873871, -0.9679818618807435, 1.6684534546177805, 1.0878838390805083, 1.8639617697569586, -1.376342902197222, 5.558749750776315, 5.584071776142651, 6.198139422303626, 5.024403999237453, 1.5898006723365254, 3.5124526691347415, -4.267388806491279, 3.463559721166325, 3.921510347644353, -3.947062851246576, -3.5017443094430725, 2.2422239762835408, -6.2552002795817945], Energy: -38.9810292476123
Eval count: 529, Parameters: [1.7181934696999337, 1.6512418647954739, -5.745562750614822, -1.5806449413899426, -2.135447507783486, -0.8608539647264575, 5.013743820873871, -0.9679818618807435, 1.6684534546177805, 1.0878838390805083, 1.8639617697569586, -1.376342902197222, 5.558749750776315, 5.584071776142651, 6.198139422303626, 5.024403999237453, 1.5898006574353643, 3.5124526840359027, -4.267388806491279, 3.463559721166325, 3.921510347644353, -3.947062851246576, -3.5017443094430725, 2.2422239762835408, -6.2552002795817945], Energy: -38.98102924745115
Eval count: 530, Parameters: [1.7181934696999337, 1.6512418647954739, -5.745562750614822, -1.5806449413899426, -2.135447507783486, -0.8608539647264575, 5.013743820873871, -0.9679818618807435, 1.6684534546177805, 1.0878838390805083, 1.8639617697569586, -1.376342902197222, 5.558749750776315, 5.584071776142651, 6.198139422303626, 5.024403999237453, 1.5898006574353643, 3.5124526691347415, -4.267388791590117, 3.463559721166325, 3.921510347644353, -3.947062851246576, -3.5017443094430725, 2.2422239762835408, -6.2552002795817945], Energy: -38.981029247196886
Eval count: 531, Parameters: [1.7181934696999337, 1.6512418647954739, -5.745562750614822, -1.5806449413899426, -2.135447507783486, -0.8608539647264575, 5.013743820873871, -0.9679818618807435, 1.6684534546177805, 1.0878838390805083, 1.8639617697569586, -1.376342902197222, 5.558749750776315, 5.584071776142651, 6.198139422303626, 5.024403999237453, 1.5898006574353643, 3.5124526691347415, -4.267388806491279, 3.463559736067486, 3.921510347644353, -3.947062851246576, -3.5017443094430725, 2.2422239762835408, -6.2552002795817945], Energy: -38.98102924712731
Eval count: 532, Parameters: [1.7181934696999337, 1.6512418647954739, -5.745562750614822, -1.5806449413899426, -2.135447507783486, -0.8608539647264575, 5.013743820873871, -0.9679818618807435, 1.6684534546177805, 1.0878838390805083, 1.8639617697569586, -1.376342902197222, 5.558749750776315, 5.584071776142651, 6.198139422303626, 5.024403999237453, 1.5898006574353643, 3.5124526691347415, -4.267388806491279, 3.463559721166325, 3.921510362545514, -3.947062851246576, -3.5017443094430725, 2.2422239762835408, -6.2552002795817945], Energy: -38.98102924726413
Eval count: 533, Parameters: [1.7181934696999337, 1.6512418647954739, -5.745562750614822, -1.5806449413899426, -2.135447507783486, -0.8608539647264575, 5.013743820873871, -0.9679818618807435, 1.6684534546177805, 1.0878838390805083, 1.8639617697569586, -1.376342902197222, 5.558749750776315, 5.584071776142651, 6.198139422303626, 5.024403999237453, 1.5898006574353643, 3.5124526691347415, -4.267388806491279, 3.463559721166325, 3.921510347644353, -3.947062836345415, -3.5017443094430725, 2.2422239762835408, -6.2552002795817945], Energy: -38.98102924733416
Eval count: 534, Parameters: [1.7181934696999337, 1.6512418647954739, -5.745562750614822, -1.5806449413899426, -2.135447507783486, -0.8608539647264575, 5.013743820873871, -0.9679818618807435, 1.6684534546177805, 1.0878838390805083, 1.8639617697569586, -1.376342902197222, 5.558749750776315, 5.584071776142651, 6.198139422303626, 5.024403999237453, 1.5898006574353643, 3.5124526691347415, -4.267388806491279, 3.463559721166325, 3.921510347644353, -3.947062851246576, -3.5017442945419113, 2.2422239762835408, -6.2552002795817945], Energy: -38.981029247278855
Eval count: 535, Parameters: [1.7181934696999337, 1.6512418647954739, -5.745562750614822, -1.5806449413899426, -2.135447507783486, -0.8608539647264575, 5.013743820873871, -0.9679818618807435, 1.6684534546177805, 1.0878838390805083, 1.8639617697569586, -1.376342902197222, 5.558749750776315, 5.584071776142651, 6.198139422303626, 5.024403999237453, 1.5898006574353643, 3.5124526691347415, -4.267388806491279, 3.463559721166325, 3.921510347644353, -3.947062851246576, -3.5017443094430725, 2.242223991184702, -6.2552002795817945], Energy: -38.981029247302445
Eval count: 536, Parameters: [1.7181934696999337, 1.6512418647954739, -5.745562750614822, -1.5806449413899426, -2.135447507783486, -0.8608539647264575, 5.013743820873871, -0.9679818618807435, 1.6684534546177805, 1.0878838390805083, 1.8639617697569586, -1.376342902197222, 5.558749750776315, 5.584071776142651, 6.198139422303626, 5.024403999237453, 1.5898006574353643, 3.5124526691347415, -4.267388806491279, 3.463559721166325, 3.921510347644353, -3.947062851246576, -3.5017443094430725, 2.2422239762835408, -6.255200264680633], Energy: -38.98102924731063
Eval count: 537, Parameters: [1.7323965946573041, 1.624739988556459, -5.7371755090015695, -1.6856015676879712, -2.0175617259500744, -1.1083491218807435, 4.952483043073735, -1.3653267433534735, 1.630697100949561, 1.2215571008582065, 1.7817641546654435, -1.5149901717356153, 5.630340564828823, 5.4288270794058135, 6.267180079236543, 5.010339680489475, 1.6219592760161916, 3.5282386948355593, -4.272890435483759, 3.450219040809396, 3.9188296066734702, -3.9447420806345033, -3.503616974667096, 2.242061887096922, -6.254859685072569], Energy: -39.21208177203897
Eval count: 538, Parameters: [1.7323966095584653, 1.624739988556459, -5.7371755090015695, -1.6856015676879712, -2.0175617259500744, -1.1083491218807435, 4.952483043073735, -1.3653267433534735, 1.630697100949561, 1.2215571008582065, 1.7817641546654435, -1.5149901717356153, 5.630340564828823, 5.4288270794058135, 6.267180079236543, 5.010339680489475, 1.6219592760161916, 3.5282386948355593, -4.272890435483759, 3.450219040809396, 3.9188296066734702, -3.9447420806345033, -3.503616974667096, 2.242061887096922, -6.254859685072569], Energy: -39.212081766205415
Eval count: 539, Parameters: [1.7323965946573041, 1.6247400034576203, -5.7371755090015695, -1.6856015676879712, -2.0175617259500744, -1.1083491218807435, 4.952483043073735, -1.3653267433534735, 1.630697100949561, 1.2215571008582065, 1.7817641546654435, -1.5149901717356153, 5.630340564828823, 5.4288270794058135, 6.267180079236543, 5.010339680489475, 1.6219592760161916, 3.5282386948355593, -4.272890435483759, 3.450219040809396, 3.9188296066734702, -3.9447420806345033, -3.503616974667096, 2.242061887096922, -6.254859685072569], Energy: -39.212081765991
Eval count: 540, Parameters: [1.7323965946573041, 1.624739988556459, -5.737175494100408, -1.6856015676879712, -2.0175617259500744, -1.1083491218807435, 4.952483043073735, -1.3653267433534735, 1.630697100949561, 1.2215571008582065, 1.7817641546654435, -1.5149901717356153, 5.630340564828823, 5.4288270794058135, 6.267180079236543, 5.010339680489475, 1.6219592760161916, 3.5282386948355593, -4.272890435483759, 3.450219040809396, 3.9188296066734702, -3.9447420806345033, -3.503616974667096, 2.242061887096922, -6.254859685072569], Energy: -39.2120817765869
Eval count: 541, Parameters: [1.7323965946573041, 1.624739988556459, -5.7371755090015695, -1.68560155278681, -2.0175617259500744, -1.1083491218807435, 4.952483043073735, -1.3653267433534735, 1.630697100949561, 1.2215571008582065, 1.7817641546654435, -1.5149901717356153, 5.630340564828823, 5.4288270794058135, 6.267180079236543, 5.010339680489475, 1.6219592760161916, 3.5282386948355593, -4.272890435483759, 3.450219040809396, 3.9188296066734702, -3.9447420806345033, -3.503616974667096, 2.242061887096922, -6.254859685072569], Energy: -39.21208177248411
Eval count: 542, Parameters: [1.7323965946573041, 1.624739988556459, -5.7371755090015695, -1.6856015676879712, -2.0175617110489132, -1.1083491218807435, 4.952483043073735, -1.3653267433534735, 1.630697100949561, 1.2215571008582065, 1.7817641546654435, -1.5149901717356153, 5.630340564828823, 5.4288270794058135, 6.267180079236543, 5.010339680489475, 1.6219592760161916, 3.5282386948355593, -4.272890435483759, 3.450219040809396, 3.9188296066734702, -3.9447420806345033, -3.503616974667096, 2.242061887096922, -6.254859685072569], Energy: -39.2120817651749
Eval count: 543, Parameters: [1.7323965946573041, 1.624739988556459, -5.7371755090015695, -1.6856015676879712, -2.0175617259500744, -1.1083491069795823, 4.952483043073735, -1.3653267433534735, 1.630697100949561, 1.2215571008582065, 1.7817641546654435, -1.5149901717356153, 5.630340564828823, 5.4288270794058135, 6.267180079236543, 5.010339680489475, 1.6219592760161916, 3.5282386948355593, -4.272890435483759, 3.450219040809396, 3.9188296066734702, -3.9447420806345033, -3.503616974667096, 2.242061887096922, -6.254859685072569], Energy: -39.212081783659244
Eval count: 544, Parameters: [1.7323965946573041, 1.624739988556459, -5.7371755090015695, -1.6856015676879712, -2.0175617259500744, -1.1083491218807435, 4.952483057974896, -1.3653267433534735, 1.630697100949561, 1.2215571008582065, 1.7817641546654435, -1.5149901717356153, 5.630340564828823, 5.4288270794058135, 6.267180079236543, 5.010339680489475, 1.6219592760161916, 3.5282386948355593, -4.272890435483759, 3.450219040809396, 3.9188296066734702, -3.9447420806345033, -3.503616974667096, 2.242061887096922, -6.254859685072569], Energy: -39.21208176988523
Eval count: 545, Parameters: [1.7323965946573041, 1.624739988556459, -5.7371755090015695, -1.6856015676879712, -2.0175617259500744, -1.1083491218807435, 4.952483043073735, -1.3653267284523123, 1.630697100949561, 1.2215571008582065, 1.7817641546654435, -1.5149901717356153, 5.630340564828823, 5.4288270794058135, 6.267180079236543, 5.010339680489475, 1.6219592760161916, 3.5282386948355593, -4.272890435483759, 3.450219040809396, 3.9188296066734702, -3.9447420806345033, -3.503616974667096, 2.242061887096922, -6.254859685072569], Energy: -39.21208178024585
Eval count: 546, Parameters: [1.7323965946573041, 1.624739988556459, -5.7371755090015695, -1.6856015676879712, -2.0175617259500744, -1.1083491218807435, 4.952483043073735, -1.3653267433534735, 1.6306971158507222, 1.2215571008582065, 1.7817641546654435, -1.5149901717356153, 5.630340564828823, 5.4288270794058135, 6.267180079236543, 5.010339680489475, 1.6219592760161916, 3.5282386948355593, -4.272890435483759, 3.450219040809396, 3.9188296066734702, -3.9447420806345033, -3.503616974667096, 2.242061887096922, -6.254859685072569], Energy: -39.21208177075857
Eval count: 547, Parameters: [1.7323965946573041, 1.624739988556459, -5.7371755090015695, -1.6856015676879712, -2.0175617259500744, -1.1083491218807435, 4.952483043073735, -1.3653267433534735, 1.630697100949561, 1.2215571157593677, 1.7817641546654435, -1.5149901717356153, 5.630340564828823, 5.4288270794058135, 6.267180079236543, 5.010339680489475, 1.6219592760161916, 3.5282386948355593, -4.272890435483759, 3.450219040809396, 3.9188296066734702, -3.9447420806345033, -3.503616974667096, 2.242061887096922, -6.254859685072569], Energy: -39.21208177687737
Eval count: 548, Parameters: [1.7323965946573041, 1.624739988556459, -5.7371755090015695, -1.6856015676879712, -2.0175617259500744, -1.1083491218807435, 4.952483043073735, -1.3653267433534735, 1.630697100949561, 1.2215571008582065, 1.7817641695666047, -1.5149901717356153, 5.630340564828823, 5.4288270794058135, 6.267180079236543, 5.010339680489475, 1.6219592760161916, 3.5282386948355593, -4.272890435483759, 3.450219040809396, 3.9188296066734702, -3.9447420806345033, -3.503616974667096, 2.242061887096922, -6.254859685072569], Energy: -39.21208177763572
Eval count: 549, Parameters: [1.7323965946573041, 1.624739988556459, -5.7371755090015695, -1.6856015676879712, -2.0175617259500744, -1.1083491218807435, 4.952483043073735, -1.3653267433534735, 1.630697100949561, 1.2215571008582065, 1.7817641546654435, -1.5149901568344541, 5.630340564828823, 5.4288270794058135, 6.267180079236543, 5.010339680489475, 1.6219592760161916, 3.5282386948355593, -4.272890435483759, 3.450219040809396, 3.9188296066734702, -3.9447420806345033, -3.503616974667096, 2.242061887096922, -6.254859685072569], Energy: -39.21208176929059
Eval count: 550, Parameters: [1.7323965946573041, 1.624739988556459, -5.7371755090015695, -1.6856015676879712, -2.0175617259500744, -1.1083491218807435, 4.952483043073735, -1.3653267433534735, 1.630697100949561, 1.2215571008582065, 1.7817641546654435, -1.5149901717356153, 5.630340579729984, 5.4288270794058135, 6.267180079236543, 5.010339680489475, 1.6219592760161916, 3.5282386948355593, -4.272890435483759, 3.450219040809396, 3.9188296066734702, -3.9447420806345033, -3.503616974667096, 2.242061887096922, -6.254859685072569], Energy: -39.212081776924606
Eval count: 551, Parameters: [1.7323965946573041, 1.624739988556459, -5.7371755090015695, -1.6856015676879712, -2.0175617259500744, -1.1083491218807435, 4.952483043073735, -1.3653267433534735, 1.630697100949561, 1.2215571008582065, 1.7817641546654435, -1.5149901717356153, 5.630340564828823, 5.428827094306975, 6.267180079236543, 5.010339680489475, 1.6219592760161916, 3.5282386948355593, -4.272890435483759, 3.450219040809396, 3.9188296066734702, -3.9447420806345033, -3.503616974667096, 2.242061887096922, -6.254859685072569], Energy: -39.21208176903241
Eval count: 552, Parameters: [1.7323965946573041, 1.624739988556459, -5.7371755090015695, -1.6856015676879712, -2.0175617259500744, -1.1083491218807435, 4.952483043073735, -1.3653267433534735, 1.630697100949561, 1.2215571008582065, 1.7817641546654435, -1.5149901717356153, 5.630340564828823, 5.4288270794058135, 6.2671800941377045, 5.010339680489475, 1.6219592760161916, 3.5282386948355593, -4.272890435483759, 3.450219040809396, 3.9188296066734702, -3.9447420806345033, -3.503616974667096, 2.242061887096922, -6.254859685072569], Energy: -39.212081773822376
Eval count: 553, Parameters: [1.7323965946573041, 1.624739988556459, -5.7371755090015695, -1.6856015676879712, -2.0175617259500744, -1.1083491218807435, 4.952483043073735, -1.3653267433534735, 1.630697100949561, 1.2215571008582065, 1.7817641546654435, -1.5149901717356153, 5.630340564828823, 5.4288270794058135, 6.267180079236543, 5.010339695390636, 1.6219592760161916, 3.5282386948355593, -4.272890435483759, 3.450219040809396, 3.9188296066734702, -3.9447420806345033, -3.503616974667096, 2.242061887096922, -6.254859685072569], Energy: -39.21208177191369
Eval count: 554, Parameters: [1.7323965946573041, 1.624739988556459, -5.7371755090015695, -1.6856015676879712, -2.0175617259500744, -1.1083491218807435, 4.952483043073735, -1.3653267433534735, 1.630697100949561, 1.2215571008582065, 1.7817641546654435, -1.5149901717356153, 5.630340564828823, 5.4288270794058135, 6.267180079236543, 5.010339680489475, 1.6219592909173528, 3.5282386948355593, -4.272890435483759, 3.450219040809396, 3.9188296066734702, -3.9447420806345033, -3.503616974667096, 2.242061887096922, -6.254859685072569], Energy: -39.212081772143506
Eval count: 555, Parameters: [1.7323965946573041, 1.624739988556459, -5.7371755090015695, -1.6856015676879712, -2.0175617259500744, -1.1083491218807435, 4.952483043073735, -1.3653267433534735, 1.630697100949561, 1.2215571008582065, 1.7817641546654435, -1.5149901717356153, 5.630340564828823, 5.4288270794058135, 6.267180079236543, 5.010339680489475, 1.6219592760161916, 3.5282387097367205, -4.272890435483759, 3.450219040809396, 3.9188296066734702, -3.9447420806345033, -3.503616974667096, 2.242061887096922, -6.254859685072569], Energy: -39.21208177206995
Eval count: 556, Parameters: [1.7323965946573041, 1.624739988556459, -5.7371755090015695, -1.6856015676879712, -2.0175617259500744, -1.1083491218807435, 4.952483043073735, -1.3653267433534735, 1.630697100949561, 1.2215571008582065, 1.7817641546654435, -1.5149901717356153, 5.630340564828823, 5.4288270794058135, 6.267180079236543, 5.010339680489475, 1.6219592760161916, 3.5282386948355593, -4.2728904205825975, 3.450219040809396, 3.9188296066734702, -3.9447420806345033, -3.503616974667096, 2.242061887096922, -6.254859685072569], Energy: -39.21208177200634
Eval count: 557, Parameters: [1.7323965946573041, 1.624739988556459, -5.7371755090015695, -1.6856015676879712, -2.0175617259500744, -1.1083491218807435, 4.952483043073735, -1.3653267433534735, 1.630697100949561, 1.2215571008582065, 1.7817641546654435, -1.5149901717356153, 5.630340564828823, 5.4288270794058135, 6.267180079236543, 5.010339680489475, 1.6219592760161916, 3.5282386948355593, -4.272890435483759, 3.450219055710557, 3.9188296066734702, -3.9447420806345033, -3.503616974667096, 2.242061887096922, -6.254859685072569], Energy: -39.21208177197349
Eval count: 558, Parameters: [1.7323965946573041, 1.624739988556459, -5.7371755090015695, -1.6856015676879712, -2.0175617259500744, -1.1083491218807435, 4.952483043073735, -1.3653267433534735, 1.630697100949561, 1.2215571008582065, 1.7817641546654435, -1.5149901717356153, 5.630340564828823, 5.4288270794058135, 6.267180079236543, 5.010339680489475, 1.6219592760161916, 3.5282386948355593, -4.272890435483759, 3.450219040809396, 3.9188296215746314, -3.9447420806345033, -3.503616974667096, 2.242061887096922, -6.254859685072569], Energy: -39.212081772024646
Eval count: 559, Parameters: [1.7323965946573041, 1.624739988556459, -5.7371755090015695, -1.6856015676879712, -2.0175617259500744, -1.1083491218807435, 4.952483043073735, -1.3653267433534735, 1.630697100949561, 1.2215571008582065, 1.7817641546654435, -1.5149901717356153, 5.630340564828823, 5.4288270794058135, 6.267180079236543, 5.010339680489475, 1.6219592760161916, 3.5282386948355593, -4.272890435483759, 3.450219040809396, 3.9188296066734702, -3.944742065733342, -3.503616974667096, 2.242061887096922, -6.254859685072569], Energy: -39.21208177204676
Eval count: 560, Parameters: [1.7323965946573041, 1.624739988556459, -5.7371755090015695, -1.6856015676879712, -2.0175617259500744, -1.1083491218807435, 4.952483043073735, -1.3653267433534735, 1.630697100949561, 1.2215571008582065, 1.7817641546654435, -1.5149901717356153, 5.630340564828823, 5.4288270794058135, 6.267180079236543, 5.010339680489475, 1.6219592760161916, 3.5282386948355593, -4.272890435483759, 3.450219040809396, 3.9188296066734702, -3.9447420806345033, -3.503616959765935, 2.242061887096922, -6.254859685072569], Energy: -39.212081772029876
Eval count: 561, Parameters: [1.7323965946573041, 1.624739988556459, -5.7371755090015695, -1.6856015676879712, -2.0175617259500744, -1.1083491218807435, 4.952483043073735, -1.3653267433534735, 1.630697100949561, 1.2215571008582065, 1.7817641546654435, -1.5149901717356153, 5.630340564828823, 5.4288270794058135, 6.267180079236543, 5.010339680489475, 1.6219592760161916, 3.5282386948355593, -4.272890435483759, 3.450219040809396, 3.9188296066734702, -3.9447420806345033, -3.503616974667096, 2.242061901998083, -6.254859685072569], Energy: -39.21208177203869
Eval count: 562, Parameters: [1.7323965946573041, 1.624739988556459, -5.7371755090015695, -1.6856015676879712, -2.0175617259500744, -1.1083491218807435, 4.952483043073735, -1.3653267433534735, 1.630697100949561, 1.2215571008582065, 1.7817641546654435, -1.5149901717356153, 5.630340564828823, 5.4288270794058135, 6.267180079236543, 5.010339680489475, 1.6219592760161916, 3.5282386948355593, -4.272890435483759, 3.450219040809396, 3.9188296066734702, -3.9447420806345033, -3.503616974667096, 2.242061887096922, -6.254859670171408], Energy: -39.21208177204062
Eval count: 563, Parameters: [1.7187701532052664, 1.5920968827242823, -5.741718614918184, -1.7815658243753094, -2.0695551223369586, -1.0671006231017466, 4.900934975762931, -1.1223361749836334, 1.5833747813349262, 1.4660227416330587, 1.9895798852322624, -1.6740700703811398, 5.839932405789216, 5.235048227726, 6.361043734179476, 4.999390465649318, 1.6328682678995714, 3.534477892835214, -4.275962245186602, 3.4454386172209546, 3.9178623768775034, -3.944099811042183, -3.504454525599221, 2.2419743424963237, -6.2547264792387125], Energy: -39.145507008428865
Eval count: 564, Parameters: [1.726354257568581, 1.6102651420049865, -5.739190046507534, -1.7281547455968616, -2.0406170209412817, -1.0900584085713485, 4.929625219183296, -1.2575780748079226, 1.6097130892442046, 1.3299598568801339, 1.873915337411411, -1.5855305527323287, 5.7232793235345545, 5.342900232940701, 6.308801792839544, 5.0054844989548135, 1.6267966215909357, 3.5310053259923357, -4.274252559979895, 3.4480992701524777, 3.9184007105093426, -3.944457280718671, -3.5039883676737507, 2.242023067424965, -6.25480061796006], Energy: -39.3209867425964
Eval count: 565, Parameters: [1.7263542724697423, 1.6102651420049865, -5.739190046507534, -1.7281547455968616, -2.0406170209412817, -1.0900584085713485, 4.929625219183296, -1.2575780748079226, 1.6097130892442046, 1.3299598568801339, 1.873915337411411, -1.5855305527323287, 5.7232793235345545, 5.342900232940701, 6.308801792839544, 5.0054844989548135, 1.6267966215909357, 3.5310053259923357, -4.274252559979895, 3.4480992701524777, 3.9184007105093426, -3.944457280718671, -3.5039883676737507, 2.242023067424965, -6.25480061796006], Energy: -39.32098674004561
Eval count: 566, Parameters: [1.726354257568581, 1.6102651569061477, -5.739190046507534, -1.7281547455968616, -2.0406170209412817, -1.0900584085713485, 4.929625219183296, -1.2575780748079226, 1.6097130892442046, 1.3299598568801339, 1.873915337411411, -1.5855305527323287, 5.7232793235345545, 5.342900232940701, 6.308801792839544, 5.0054844989548135, 1.6267966215909357, 3.5310053259923357, -4.274252559979895, 3.4480992701524777, 3.9184007105093426, -3.944457280718671, -3.5039883676737507, 2.242023067424965, -6.25480061796006], Energy: -39.320986737300416
Eval count: 567, Parameters: [1.726354257568581, 1.6102651420049865, -5.739190031606372, -1.7281547455968616, -2.0406170209412817, -1.0900584085713485, 4.929625219183296, -1.2575780748079226, 1.6097130892442046, 1.3299598568801339, 1.873915337411411, -1.5855305527323287, 5.7232793235345545, 5.342900232940701, 6.308801792839544, 5.0054844989548135, 1.6267966215909357, 3.5310053259923357, -4.274252559979895, 3.4480992701524777, 3.9184007105093426, -3.944457280718671, -3.5039883676737507, 2.242023067424965, -6.25480061796006], Energy: -39.32098674989112
Eval count: 568, Parameters: [1.726354257568581, 1.6102651420049865, -5.739190046507534, -1.7281547306957004, -2.0406170209412817, -1.0900584085713485, 4.929625219183296, -1.2575780748079226, 1.6097130892442046, 1.3299598568801339, 1.873915337411411, -1.5855305527323287, 5.7232793235345545, 5.342900232940701, 6.308801792839544, 5.0054844989548135, 1.6267966215909357, 3.5310053259923357, -4.274252559979895, 3.4480992701524777, 3.9184007105093426, -3.944457280718671, -3.5039883676737507, 2.242023067424965, -6.25480061796006], Energy: -39.320986746461244
Eval count: 569, Parameters: [1.726354257568581, 1.6102651420049865, -5.739190046507534, -1.7281547455968616, -2.0406170060401205, -1.0900584085713485, 4.929625219183296, -1.2575780748079226, 1.6097130892442046, 1.3299598568801339, 1.873915337411411, -1.5855305527323287, 5.7232793235345545, 5.342900232940701, 6.308801792839544, 5.0054844989548135, 1.6267966215909357, 3.5310053259923357, -4.274252559979895, 3.4480992701524777, 3.9184007105093426, -3.944457280718671, -3.5039883676737507, 2.242023067424965, -6.25480061796006], Energy: -39.32098673875748
Eval count: 570, Parameters: [1.726354257568581, 1.6102651420049865, -5.739190046507534, -1.7281547455968616, -2.0406170209412817, -1.0900583936701873, 4.929625219183296, -1.2575780748079226, 1.6097130892442046, 1.3299598568801339, 1.873915337411411, -1.5855305527323287, 5.7232793235345545, 5.342900232940701, 6.308801792839544, 5.0054844989548135, 1.6267966215909357, 3.5310053259923357, -4.274252559979895, 3.4480992701524777, 3.9184007105093426, -3.944457280718671, -3.5039883676737507, 2.242023067424965, -6.25480061796006], Energy: -39.320986751659234
Eval count: 571, Parameters: [1.726354257568581, 1.6102651420049865, -5.739190046507534, -1.7281547455968616, -2.0406170209412817, -1.0900584085713485, 4.929625234084457, -1.2575780748079226, 1.6097130892442046, 1.3299598568801339, 1.873915337411411, -1.5855305527323287, 5.7232793235345545, 5.342900232940701, 6.308801792839544, 5.0054844989548135, 1.6267966215909357, 3.5310053259923357, -4.274252559979895, 3.4480992701524777, 3.9184007105093426, -3.944457280718671, -3.5039883676737507, 2.242023067424965, -6.25480061796006], Energy: -39.320986742406376
Eval count: 572, Parameters: [1.726354257568581, 1.6102651420049865, -5.739190046507534, -1.7281547455968616, -2.0406170209412817, -1.0900584085713485, 4.929625219183296, -1.2575780599067614, 1.6097130892442046, 1.3299598568801339, 1.873915337411411, -1.5855305527323287, 5.7232793235345545, 5.342900232940701, 6.308801792839544, 5.0054844989548135, 1.6267966215909357, 3.5310053259923357, -4.274252559979895, 3.4480992701524777, 3.9184007105093426, -3.944457280718671, -3.5039883676737507, 2.242023067424965, -6.25480061796006], Energy: -39.32098674331888
Eval count: 573, Parameters: [1.726354257568581, 1.6102651420049865, -5.739190046507534, -1.7281547455968616, -2.0406170209412817, -1.0900584085713485, 4.929625219183296, -1.2575780748079226, 1.6097131041453658, 1.3299598568801339, 1.873915337411411, -1.5855305527323287, 5.7232793235345545, 5.342900232940701, 6.308801792839544, 5.0054844989548135, 1.6267966215909357, 3.5310053259923357, -4.274252559979895, 3.4480992701524777, 3.9184007105093426, -3.944457280718671, -3.5039883676737507, 2.242023067424965, -6.25480061796006], Energy: -39.320986745468986
Eval count: 574, Parameters: [1.726354257568581, 1.6102651420049865, -5.739190046507534, -1.7281547455968616, -2.0406170209412817, -1.0900584085713485, 4.929625219183296, -1.2575780748079226, 1.6097130892442046, 1.329959871781295, 1.873915337411411, -1.5855305527323287, 5.7232793235345545, 5.342900232940701, 6.308801792839544, 5.0054844989548135, 1.6267966215909357, 3.5310053259923357, -4.274252559979895, 3.4480992701524777, 3.9184007105093426, -3.944457280718671, -3.5039883676737507, 2.242023067424965, -6.25480061796006], Energy: -39.32098674163154
Eval count: 575, Parameters: [1.726354257568581, 1.6102651420049865, -5.739190046507534, -1.7281547455968616, -2.0406170209412817, -1.0900584085713485, 4.929625219183296, -1.2575780748079226, 1.6097130892442046, 1.3299598568801339, 1.8739153523125722, -1.5855305527323287, 5.7232793235345545, 5.342900232940701, 6.308801792839544, 5.0054844989548135, 1.6267966215909357, 3.5310053259923357, -4.274252559979895, 3.4480992701524777, 3.9184007105093426, -3.944457280718671, -3.5039883676737507, 2.242023067424965, -6.25480061796006], Energy: -39.32098673986849
Eval count: 576, Parameters: [1.726354257568581, 1.6102651420049865, -5.739190046507534, -1.7281547455968616, -2.0406170209412817, -1.0900584085713485, 4.929625219183296, -1.2575780748079226, 1.6097130892442046, 1.3299598568801339, 1.873915337411411, -1.5855305378311675, 5.7232793235345545, 5.342900232940701, 6.308801792839544, 5.0054844989548135, 1.6267966215909357, 3.5310053259923357, -4.274252559979895, 3.4480992701524777, 3.9184007105093426, -3.944457280718671, -3.5039883676737507, 2.242023067424965, -6.25480061796006], Energy: -39.320986745208074
Eval count: 577, Parameters: [1.726354257568581, 1.6102651420049865, -5.739190046507534, -1.7281547455968616, -2.0406170209412817, -1.0900584085713485, 4.929625219183296, -1.2575780748079226, 1.6097130892442046, 1.3299598568801339, 1.873915337411411, -1.5855305527323287, 5.723279338435716, 5.342900232940701, 6.308801792839544, 5.0054844989548135, 1.6267966215909357, 3.5310053259923357, -4.274252559979895, 3.4480992701524777, 3.9184007105093426, -3.944457280718671, -3.5039883676737507, 2.242023067424965, -6.25480061796006], Energy: -39.32098674263625
Eval count: 578, Parameters: [1.726354257568581, 1.6102651420049865, -5.739190046507534, -1.7281547455968616, -2.0406170209412817, -1.0900584085713485, 4.929625219183296, -1.2575780748079226, 1.6097130892442046, 1.3299598568801339, 1.873915337411411, -1.5855305527323287, 5.7232793235345545, 5.342900247841862, 6.308801792839544, 5.0054844989548135, 1.6267966215909357, 3.5310053259923357, -4.274252559979895, 3.4480992701524777, 3.9184007105093426, -3.944457280718671, -3.5039883676737507, 2.242023067424965, -6.25480061796006], Energy: -39.32098674114184
Eval count: 579, Parameters: [1.726354257568581, 1.6102651420049865, -5.739190046507534, -1.7281547455968616, -2.0406170209412817, -1.0900584085713485, 4.929625219183296, -1.2575780748079226, 1.6097130892442046, 1.3299598568801339, 1.873915337411411, -1.5855305527323287, 5.7232793235345545, 5.342900232940701, 6.308801807740705, 5.0054844989548135, 1.6267966215909357, 3.5310053259923357, -4.274252559979895, 3.4480992701524777, 3.9184007105093426, -3.944457280718671, -3.5039883676737507, 2.242023067424965, -6.25480061796006], Energy: -39.320986744254924
Eval count: 580, Parameters: [1.726354257568581, 1.6102651420049865, -5.739190046507534, -1.7281547455968616, -2.0406170209412817, -1.0900584085713485, 4.929625219183296, -1.2575780748079226, 1.6097130892442046, 1.3299598568801339, 1.873915337411411, -1.5855305527323287, 5.7232793235345545, 5.342900232940701, 6.308801792839544, 5.005484513855975, 1.6267966215909357, 3.5310053259923357, -4.274252559979895, 3.4480992701524777, 3.9184007105093426, -3.944457280718671, -3.5039883676737507, 2.242023067424965, -6.25480061796006], Energy: -39.320986742782
Eval count: 581, Parameters: [1.726354257568581, 1.6102651420049865, -5.739190046507534, -1.7281547455968616, -2.0406170209412817, -1.0900584085713485, 4.929625219183296, -1.2575780748079226, 1.6097130892442046, 1.3299598568801339, 1.873915337411411, -1.5855305527323287, 5.7232793235345545, 5.342900232940701, 6.308801792839544, 5.0054844989548135, 1.626796636492097, 3.5310053259923357, -4.274252559979895, 3.4480992701524777, 3.9184007105093426, -3.944457280718671, -3.5039883676737507, 2.242023067424965, -6.25480061796006], Energy: -39.32098674244071
Eval count: 582, Parameters: [1.726354257568581, 1.6102651420049865, -5.739190046507534, -1.7281547455968616, -2.0406170209412817, -1.0900584085713485, 4.929625219183296, -1.2575780748079226, 1.6097130892442046, 1.3299598568801339, 1.873915337411411, -1.5855305527323287, 5.7232793235345545, 5.342900232940701, 6.308801792839544, 5.0054844989548135, 1.6267966215909357, 3.531005340893497, -4.274252559979895, 3.4480992701524777, 3.9184007105093426, -3.944457280718671, -3.5039883676737507, 2.242023067424965, -6.25480061796006], Energy: -39.32098674254297
Eval count: 583, Parameters: [1.726354257568581, 1.6102651420049865, -5.739190046507534, -1.7281547455968616, -2.0406170209412817, -1.0900584085713485, 4.929625219183296, -1.2575780748079226, 1.6097130892442046, 1.3299598568801339, 1.873915337411411, -1.5855305527323287, 5.7232793235345545, 5.342900232940701, 6.308801792839544, 5.0054844989548135, 1.6267966215909357, 3.5310053259923357, -4.274252545078734, 3.4480992701524777, 3.9184007105093426, -3.944457280718671, -3.5039883676737507, 2.242023067424965, -6.25480061796006], Energy: -39.32098674264364
Eval count: 584, Parameters: [1.726354257568581, 1.6102651420049865, -5.739190046507534, -1.7281547455968616, -2.0406170209412817, -1.0900584085713485, 4.929625219183296, -1.2575780748079226, 1.6097130892442046, 1.3299598568801339, 1.873915337411411, -1.5855305527323287, 5.7232793235345545, 5.342900232940701, 6.308801792839544, 5.0054844989548135, 1.6267966215909357, 3.5310053259923357, -4.274252559979895, 3.448099285053639, 3.9184007105093426, -3.944457280718671, -3.5039883676737507, 2.242023067424965, -6.25480061796006], Energy: -39.320986742688945
Eval count: 585, Parameters: [1.726354257568581, 1.6102651420049865, -5.739190046507534, -1.7281547455968616, -2.0406170209412817, -1.0900584085713485, 4.929625219183296, -1.2575780748079226, 1.6097130892442046, 1.3299598568801339, 1.873915337411411, -1.5855305527323287, 5.7232793235345545, 5.342900232940701, 6.308801792839544, 5.0054844989548135, 1.6267966215909357, 3.5310053259923357, -4.274252559979895, 3.4480992701524777, 3.9184007254105038, -3.944457280718671, -3.5039883676737507, 2.242023067424965, -6.25480061796006], Energy: -39.32098674261613
Eval count: 586, Parameters: [1.726354257568581, 1.6102651420049865, -5.739190046507534, -1.7281547455968616, -2.0406170209412817, -1.0900584085713485, 4.929625219183296, -1.2575780748079226, 1.6097130892442046, 1.3299598568801339, 1.873915337411411, -1.5855305527323287, 5.7232793235345545, 5.342900232940701, 6.308801792839544, 5.0054844989548135, 1.6267966215909357, 3.5310053259923357, -4.274252559979895, 3.4480992701524777, 3.9184007105093426, -3.9444572658175097, -3.5039883676737507, 2.242023067424965, -6.25480061796006], Energy: -39.320986742584864
Eval count: 587, Parameters: [1.726354257568581, 1.6102651420049865, -5.739190046507534, -1.7281547455968616, -2.0406170209412817, -1.0900584085713485, 4.929625219183296, -1.2575780748079226, 1.6097130892442046, 1.3299598568801339, 1.873915337411411, -1.5855305527323287, 5.7232793235345545, 5.342900232940701, 6.308801792839544, 5.0054844989548135, 1.6267966215909357, 3.5310053259923357, -4.274252559979895, 3.4480992701524777, 3.9184007105093426, -3.944457280718671, -3.5039883527725895, 2.242023067424965, -6.25480061796006], Energy: -39.3209867426105
Eval count: 588, Parameters: [1.726354257568581, 1.6102651420049865, -5.739190046507534, -1.7281547455968616, -2.0406170209412817, -1.0900584085713485, 4.929625219183296, -1.2575780748079226, 1.6097130892442046, 1.3299598568801339, 1.873915337411411, -1.5855305527323287, 5.7232793235345545, 5.342900232940701, 6.308801792839544, 5.0054844989548135, 1.6267966215909357, 3.5310053259923357, -4.274252559979895, 3.4480992701524777, 3.9184007105093426, -3.944457280718671, -3.5039883676737507, 2.242023082326126, -6.25480061796006], Energy: -39.320986742597086
Eval count: 589, Parameters: [1.726354257568581, 1.6102651420049865, -5.739190046507534, -1.7281547455968616, -2.0406170209412817, -1.0900584085713485, 4.929625219183296, -1.2575780748079226, 1.6097130892442046, 1.3299598568801339, 1.873915337411411, -1.5855305527323287, 5.7232793235345545, 5.342900232940701, 6.308801792839544, 5.0054844989548135, 1.6267966215909357, 3.5310053259923357, -4.274252559979895, 3.4480992701524777, 3.9184007105093426, -3.944457280718671, -3.5039883676737507, 2.242023067424965, -6.254800603058899], Energy: -39.320986742594016
Eval count: 590, Parameters: [1.7110067685176822, 1.5864206115677617, -5.726578816920687, -1.709960582110441, -2.119367998744409, -0.9137130541842011, 4.983799388984591, -1.219504837192305, 1.7317316419254989, 1.3456761645038304, 1.7797464097065934, -1.5006998058848722, 5.806031831171014, 5.181868939125355, 6.429504908563103, 5.0135093801625485, 1.6165332963341479, 3.5286517516637663, -4.272033043829702, 3.454022612543806, 3.919683995600888, -3.945239856832206, -3.503214970594145, 2.242022999667175, -6.254926626399976], Energy: -39.276144552691164
Eval count: 591, Parameters: [1.7199104282714823, 1.6002537268935386, -5.733895068911221, -1.7205157055349216, -2.0736815734723186, -1.016017674139901, 4.952370900991822, -1.2415925645287316, 1.6609440575120238, 1.3365585391252832, 1.8343773717410505, -1.5499133354782537, 5.758023966866616, 5.275289292454233, 6.359480458956918, 5.008853842595369, 1.622487440085348, 3.530017149284013, -4.273320669222614, 3.450586257249286, 3.918939513309071, -3.944785854785144, -3.503663647535927, 2.2420230389760354, -6.2548535241308425], Energy: -39.368073071796914
Eval count: 592, Parameters: [1.7199104431726435, 1.6002537268935386, -5.733895068911221, -1.7205157055349216, -2.0736815734723186, -1.016017674139901, 4.952370900991822, -1.2415925645287316, 1.6609440575120238, 1.3365585391252832, 1.8343773717410505, -1.5499133354782537, 5.758023966866616, 5.275289292454233, 6.359480458956918, 5.008853842595369, 1.622487440085348, 3.530017149284013, -4.273320669222614, 3.450586257249286, 3.918939513309071, -3.944785854785144, -3.503663647535927, 2.2420230389760354, -6.2548535241308425], Energy: -39.368073072176
Eval count: 593, Parameters: [1.7199104282714823, 1.6002537417946998, -5.733895068911221, -1.7205157055349216, -2.0736815734723186, -1.016017674139901, 4.952370900991822, -1.2415925645287316, 1.6609440575120238, 1.3365585391252832, 1.8343773717410505, -1.5499133354782537, 5.758023966866616, 5.275289292454233, 6.359480458956918, 5.008853842595369, 1.622487440085348, 3.530017149284013, -4.273320669222614, 3.450586257249286, 3.918939513309071, -3.944785854785144, -3.503663647535927, 2.2420230389760354, -6.2548535241308425], Energy: -39.368073069545005
Eval count: 594, Parameters: [1.7199104282714823, 1.6002537268935386, -5.73389505401006, -1.7205157055349216, -2.0736815734723186, -1.016017674139901, 4.952370900991822, -1.2415925645287316, 1.6609440575120238, 1.3365585391252832, 1.8343773717410505, -1.5499133354782537, 5.758023966866616, 5.275289292454233, 6.359480458956918, 5.008853842595369, 1.622487440085348, 3.530017149284013, -4.273320669222614, 3.450586257249286, 3.918939513309071, -3.944785854785144, -3.503663647535927, 2.2420230389760354, -6.2548535241308425], Energy: -39.368073078053726
Eval count: 595, Parameters: [1.7199104282714823, 1.6002537268935386, -5.733895068911221, -1.7205156906337604, -2.0736815734723186, -1.016017674139901, 4.952370900991822, -1.2415925645287316, 1.6609440575120238, 1.3365585391252832, 1.8343773717410505, -1.5499133354782537, 5.758023966866616, 5.275289292454233, 6.359480458956918, 5.008853842595369, 1.622487440085348, 3.530017149284013, -4.273320669222614, 3.450586257249286, 3.918939513309071, -3.944785854785144, -3.503663647535927, 2.2420230389760354, -6.2548535241308425], Energy: -39.36807307424675
Eval count: 596, Parameters: [1.7199104282714823, 1.6002537268935386, -5.733895068911221, -1.7205157055349216, -2.0736815585711574, -1.016017674139901, 4.952370900991822, -1.2415925645287316, 1.6609440575120238, 1.3365585391252832, 1.8343773717410505, -1.5499133354782537, 5.758023966866616, 5.275289292454233, 6.359480458956918, 5.008853842595369, 1.622487440085348, 3.530017149284013, -4.273320669222614, 3.450586257249286, 3.918939513309071, -3.944785854785144, -3.503663647535927, 2.2420230389760354, -6.2548535241308425], Energy: -39.368073071800495
Eval count: 597, Parameters: [1.7199104282714823, 1.6002537268935386, -5.733895068911221, -1.7205157055349216, -2.0736815734723186, -1.0160176592387398, 4.952370900991822, -1.2415925645287316, 1.6609440575120238, 1.3365585391252832, 1.8343773717410505, -1.5499133354782537, 5.758023966866616, 5.275289292454233, 6.359480458956918, 5.008853842595369, 1.622487440085348, 3.530017149284013, -4.273320669222614, 3.450586257249286, 3.918939513309071, -3.944785854785144, -3.503663647535927, 2.2420230389760354, -6.2548535241308425], Energy: -39.36807307133466
Eval count: 598, Parameters: [1.7199104282714823, 1.6002537268935386, -5.733895068911221, -1.7205157055349216, -2.0736815734723186, -1.016017674139901, 4.952370915892983, -1.2415925645287316, 1.6609440575120238, 1.3365585391252832, 1.8343773717410505, -1.5499133354782537, 5.758023966866616, 5.275289292454233, 6.359480458956918, 5.008853842595369, 1.622487440085348, 3.530017149284013, -4.273320669222614, 3.450586257249286, 3.918939513309071, -3.944785854785144, -3.503663647535927, 2.2420230389760354, -6.2548535241308425], Energy: -39.36807307010025
Eval count: 599, Parameters: [1.7199104282714823, 1.6002537268935386, -5.733895068911221, -1.7205157055349216, -2.0736815734723186, -1.016017674139901, 4.952370900991822, -1.2415925496275704, 1.6609440575120238, 1.3365585391252832, 1.8343773717410505, -1.5499133354782537, 5.758023966866616, 5.275289292454233, 6.359480458956918, 5.008853842595369, 1.622487440085348, 3.530017149284013, -4.273320669222614, 3.450586257249286, 3.918939513309071, -3.944785854785144, -3.503663647535927, 2.2420230389760354, -6.2548535241308425], Energy: -39.36807307274756
Eval count: 600, Parameters: [1.7199104282714823, 1.6002537268935386, -5.733895068911221, -1.7205157055349216, -2.0736815734723186, -1.016017674139901, 4.952370900991822, -1.2415925645287316, 1.660944072413185, 1.3365585391252832, 1.8343773717410505, -1.5499133354782537, 5.758023966866616, 5.275289292454233, 6.359480458956918, 5.008853842595369, 1.622487440085348, 3.530017149284013, -4.273320669222614, 3.450586257249286, 3.918939513309071, -3.944785854785144, -3.503663647535927, 2.2420230389760354, -6.2548535241308425], Energy: -39.36807307167078
Eval count: 601, Parameters: [1.7199104282714823, 1.6002537268935386, -5.733895068911221, -1.7205157055349216, -2.0736815734723186, -1.016017674139901, 4.952370900991822, -1.2415925645287316, 1.6609440575120238, 1.3365585540264444, 1.8343773717410505, -1.5499133354782537, 5.758023966866616, 5.275289292454233, 6.359480458956918, 5.008853842595369, 1.622487440085348, 3.530017149284013, -4.273320669222614, 3.450586257249286, 3.918939513309071, -3.944785854785144, -3.503663647535927, 2.2420230389760354, -6.2548535241308425], Energy: -39.36807307159654
Eval count: 602, Parameters: [1.7199104282714823, 1.6002537268935386, -5.733895068911221, -1.7205157055349216, -2.0736815734723186, -1.016017674139901, 4.952370900991822, -1.2415925645287316, 1.6609440575120238, 1.3365585391252832, 1.8343773866422117, -1.5499133354782537, 5.758023966866616, 5.275289292454233, 6.359480458956918, 5.008853842595369, 1.622487440085348, 3.530017149284013, -4.273320669222614, 3.450586257249286, 3.918939513309071, -3.944785854785144, -3.503663647535927, 2.2420230389760354, -6.2548535241308425], Energy: -39.36807307256703
Eval count: 603, Parameters: [1.7199104282714823, 1.6002537268935386, -5.733895068911221, -1.7205157055349216, -2.0736815734723186, -1.016017674139901, 4.952370900991822, -1.2415925645287316, 1.6609440575120238, 1.3365585391252832, 1.8343773717410505, -1.5499133205770925, 5.758023966866616, 5.275289292454233, 6.359480458956918, 5.008853842595369, 1.622487440085348, 3.530017149284013, -4.273320669222614, 3.450586257249286, 3.918939513309071, -3.944785854785144, -3.503663647535927, 2.2420230389760354, -6.2548535241308425], Energy: -39.36807307146046
Eval count: 604, Parameters: [1.7199104282714823, 1.6002537268935386, -5.733895068911221, -1.7205157055349216, -2.0736815734723186, -1.016017674139901, 4.952370900991822, -1.2415925645287316, 1.6609440575120238, 1.3365585391252832, 1.8343773717410505, -1.5499133354782537, 5.758023981767777, 5.275289292454233, 6.359480458956918, 5.008853842595369, 1.622487440085348, 3.530017149284013, -4.273320669222614, 3.450586257249286, 3.918939513309071, -3.944785854785144, -3.503663647535927, 2.2420230389760354, -6.2548535241308425], Energy: -39.36807306963618
Eval count: 605, Parameters: [1.7199104282714823, 1.6002537268935386, -5.733895068911221, -1.7205157055349216, -2.0736815734723186, -1.016017674139901, 4.952370900991822, -1.2415925645287316, 1.6609440575120238, 1.3365585391252832, 1.8343773717410505, -1.5499133354782537, 5.758023966866616, 5.275289307355394, 6.359480458956918, 5.008853842595369, 1.622487440085348, 3.530017149284013, -4.273320669222614, 3.450586257249286, 3.918939513309071, -3.944785854785144, -3.503663647535927, 2.2420230389760354, -6.2548535241308425], Energy: -39.36807307171517
Eval count: 606, Parameters: [1.7199104282714823, 1.6002537268935386, -5.733895068911221, -1.7205157055349216, -2.0736815734723186, -1.016017674139901, 4.952370900991822, -1.2415925645287316, 1.6609440575120238, 1.3365585391252832, 1.8343773717410505, -1.5499133354782537, 5.758023966866616, 5.275289292454233, 6.3594804738580795, 5.008853842595369, 1.622487440085348, 3.530017149284013, -4.273320669222614, 3.450586257249286, 3.918939513309071, -3.944785854785144, -3.503663647535927, 2.2420230389760354, -6.2548535241308425], Energy: -39.36807307286432
Eval count: 607, Parameters: [1.7199104282714823, 1.6002537268935386, -5.733895068911221, -1.7205157055349216, -2.0736815734723186, -1.016017674139901, 4.952370900991822, -1.2415925645287316, 1.6609440575120238, 1.3365585391252832, 1.8343773717410505, -1.5499133354782537, 5.758023966866616, 5.275289292454233, 6.359480458956918, 5.00885385749653, 1.622487440085348, 3.530017149284013, -4.273320669222614, 3.450586257249286, 3.918939513309071, -3.944785854785144, -3.503663647535927, 2.2420230389760354, -6.2548535241308425], Energy: -39.36807307231578
Eval count: 608, Parameters: [1.7199104282714823, 1.6002537268935386, -5.733895068911221, -1.7205157055349216, -2.0736815734723186, -1.016017674139901, 4.952370900991822, -1.2415925645287316, 1.6609440575120238, 1.3365585391252832, 1.8343773717410505, -1.5499133354782537, 5.758023966866616, 5.275289292454233, 6.359480458956918, 5.008853842595369, 1.6224874549865091, 3.530017149284013, -4.273320669222614, 3.450586257249286, 3.918939513309071, -3.944785854785144, -3.503663647535927, 2.2420230389760354, -6.2548535241308425], Energy: -39.36807307136843
Eval count: 609, Parameters: [1.7199104282714823, 1.6002537268935386, -5.733895068911221, -1.7205157055349216, -2.0736815734723186, -1.016017674139901, 4.952370900991822, -1.2415925645287316, 1.6609440575120238, 1.3365585391252832, 1.8343773717410505, -1.5499133354782537, 5.758023966866616, 5.275289292454233, 6.359480458956918, 5.008853842595369, 1.622487440085348, 3.5300171641851743, -4.273320669222614, 3.450586257249286, 3.918939513309071, -3.944785854785144, -3.503663647535927, 2.2420230389760354, -6.2548535241308425], Energy: -39.36807307159944
Eval count: 610, Parameters: [1.7199104282714823, 1.6002537268935386, -5.733895068911221, -1.7205157055349216, -2.0736815734723186, -1.016017674139901, 4.952370900991822, -1.2415925645287316, 1.6609440575120238, 1.3365585391252832, 1.8343773717410505, -1.5499133354782537, 5.758023966866616, 5.275289292454233, 6.359480458956918, 5.008853842595369, 1.622487440085348, 3.530017149284013, -4.273320654321453, 3.450586257249286, 3.918939513309071, -3.944785854785144, -3.503663647535927, 2.2420230389760354, -6.2548535241308425], Energy: -39.368073071937374
Eval count: 611, Parameters: [1.7199104282714823, 1.6002537268935386, -5.733895068911221, -1.7205157055349216, -2.0736815734723186, -1.016017674139901, 4.952370900991822, -1.2415925645287316, 1.6609440575120238, 1.3365585391252832, 1.8343773717410505, -1.5499133354782537, 5.758023966866616, 5.275289292454233, 6.359480458956918, 5.008853842595369, 1.622487440085348, 3.530017149284013, -4.273320669222614, 3.450586272150447, 3.918939513309071, -3.944785854785144, -3.503663647535927, 2.2420230389760354, -6.2548535241308425], Energy: -39.368073072055324
Eval count: 612, Parameters: [1.7199104282714823, 1.6002537268935386, -5.733895068911221, -1.7205157055349216, -2.0736815734723186, -1.016017674139901, 4.952370900991822, -1.2415925645287316, 1.6609440575120238, 1.3365585391252832, 1.8343773717410505, -1.5499133354782537, 5.758023966866616, 5.275289292454233, 6.359480458956918, 5.008853842595369, 1.622487440085348, 3.530017149284013, -4.273320669222614, 3.450586257249286, 3.9189395282102324, -3.944785854785144, -3.503663647535927, 2.2420230389760354, -6.2548535241308425], Energy: -39.368073071851256
Eval count: 613, Parameters: [1.7199104282714823, 1.6002537268935386, -5.733895068911221, -1.7205157055349216, -2.0736815734723186, -1.016017674139901, 4.952370900991822, -1.2415925645287316, 1.6609440575120238, 1.3365585391252832, 1.8343773717410505, -1.5499133354782537, 5.758023966866616, 5.275289292454233, 6.359480458956918, 5.008853842595369, 1.622487440085348, 3.530017149284013, -4.273320669222614, 3.450586257249286, 3.918939513309071, -3.944785839883983, -3.503663647535927, 2.2420230389760354, -6.2548535241308425], Energy: -39.36807307176633
Eval count: 614, Parameters: [1.7199104282714823, 1.6002537268935386, -5.733895068911221, -1.7205157055349216, -2.0736815734723186, -1.016017674139901, 4.952370900991822, -1.2415925645287316, 1.6609440575120238, 1.3365585391252832, 1.8343773717410505, -1.5499133354782537, 5.758023966866616, 5.275289292454233, 6.359480458956918, 5.008853842595369, 1.622487440085348, 3.530017149284013, -4.273320669222614, 3.450586257249286, 3.918939513309071, -3.944785854785144, -3.503663632634766, 2.2420230389760354, -6.2548535241308425], Energy: -39.36807307183773
Eval count: 615, Parameters: [1.7199104282714823, 1.6002537268935386, -5.733895068911221, -1.7205157055349216, -2.0736815734723186, -1.016017674139901, 4.952370900991822, -1.2415925645287316, 1.6609440575120238, 1.3365585391252832, 1.8343773717410505, -1.5499133354782537, 5.758023966866616, 5.275289292454233, 6.359480458956918, 5.008853842595369, 1.622487440085348, 3.530017149284013, -4.273320669222614, 3.450586257249286, 3.918939513309071, -3.944785854785144, -3.503663647535927, 2.2420230538771966, -6.2548535241308425], Energy: -39.368073071799074
Eval count: 616, Parameters: [1.7199104282714823, 1.6002537268935386, -5.733895068911221, -1.7205157055349216, -2.0736815734723186, -1.016017674139901, 4.952370900991822, -1.2415925645287316, 1.6609440575120238, 1.3365585391252832, 1.8343773717410505, -1.5499133354782537, 5.758023966866616, 5.275289292454233, 6.359480458956918, 5.008853842595369, 1.622487440085348, 3.530017149284013, -4.273320669222614, 3.450586257249286, 3.918939513309071, -3.944785854785144, -3.503663647535927, 2.2420230389760354, -6.254853509229681], Energy: -39.368073071790434
Eval count: 617, Parameters: [1.7237110659872197, 1.5862649933841193, -5.715888406056455, -1.6310490390131291, -2.094525060859066, -1.0090019947983357, 4.908519502723619, -1.2184036975642103, 1.6596737096177452, 1.3385199865044701, 1.8663964618824738, -1.5687751839497313, 5.651620246944539, 5.220047898121269, 6.4578360169929585, 5.044015966690864, 1.5922021419104901, 3.5165766963267036, -4.263845833688596, 3.4686299516811037, 3.9227373292719294, -3.9469213012250832, -3.5008494031189343, 2.2421448224632603, -6.2552864408959366], Energy: -39.365271344902965
Eval count: 618, Parameters: [1.721723574166942, 1.5935802113831654, -5.725304745579203, -1.6778344158890404, -2.083625242516558, -1.0126707489253908, 4.931450995247864, -1.2305300002693216, 1.6603380207775096, 1.3374942742652065, 1.8496525140220115, -1.5589116367357592, 5.707262625621302, 5.248935634230103, 6.406402315152332, 5.025628411956559, 1.6080394268345344, 3.523605198465402, -4.268800570112003, 3.4591942469986146, 3.9207513130489557, -3.9458045985426766, -3.5023210739745583, 2.2420811374443743, -6.255060052959532], Energy: -39.3821183539996
Eval count: 619, Parameters: [1.7217235890681033, 1.5935802113831654, -5.725304745579203, -1.6778344158890404, -2.083625242516558, -1.0126707489253908, 4.931450995247864, -1.2305300002693216, 1.6603380207775096, 1.3374942742652065, 1.8496525140220115, -1.5589116367357592, 5.707262625621302, 5.248935634230103, 6.406402315152332, 5.025628411956559, 1.6080394268345344, 3.523605198465402, -4.268800570112003, 3.4591942469986146, 3.9207513130489557, -3.9458045985426766, -3.5023210739745583, 2.2420811374443743, -6.255060052959532], Energy: -39.38211835469781
Eval count: 620, Parameters: [1.721723574166942, 1.5935802262843266, -5.725304745579203, -1.6778344158890404, -2.083625242516558, -1.0126707489253908, 4.931450995247864, -1.2305300002693216, 1.6603380207775096, 1.3374942742652065, 1.8496525140220115, -1.5589116367357592, 5.707262625621302, 5.248935634230103, 6.406402315152332, 5.025628411956559, 1.6080394268345344, 3.523605198465402, -4.268800570112003, 3.4591942469986146, 3.9207513130489557, -3.9458045985426766, -3.5023210739745583, 2.2420811374443743, -6.255060052959532], Energy: -39.382118353290366
Eval count: 621, Parameters: [1.721723574166942, 1.5935802113831654, -5.725304730678042, -1.6778344158890404, -2.083625242516558, -1.0126707489253908, 4.931450995247864, -1.2305300002693216, 1.6603380207775096, 1.3374942742652065, 1.8496525140220115, -1.5589116367357592, 5.707262625621302, 5.248935634230103, 6.406402315152332, 5.025628411956559, 1.6080394268345344, 3.523605198465402, -4.268800570112003, 3.4591942469986146, 3.9207513130489557, -3.9458045985426766, -3.5023210739745583, 2.2420811374443743, -6.255060052959532], Energy: -39.38211835588572
Eval count: 622, Parameters: [1.721723574166942, 1.5935802113831654, -5.725304745579203, -1.6778344009878792, -2.083625242516558, -1.0126707489253908, 4.931450995247864, -1.2305300002693216, 1.6603380207775096, 1.3374942742652065, 1.8496525140220115, -1.5589116367357592, 5.707262625621302, 5.248935634230103, 6.406402315152332, 5.025628411956559, 1.6080394268345344, 3.523605198465402, -4.268800570112003, 3.4591942469986146, 3.9207513130489557, -3.9458045985426766, -3.5023210739745583, 2.2420811374443743, -6.255060052959532], Energy: -39.38211835201969
Eval count: 623, Parameters: [1.721723574166942, 1.5935802113831654, -5.725304745579203, -1.6778344158890404, -2.083625227615397, -1.0126707489253908, 4.931450995247864, -1.2305300002693216, 1.6603380207775096, 1.3374942742652065, 1.8496525140220115, -1.5589116367357592, 5.707262625621302, 5.248935634230103, 6.406402315152332, 5.025628411956559, 1.6080394268345344, 3.523605198465402, -4.268800570112003, 3.4591942469986146, 3.9207513130489557, -3.9458045985426766, -3.5023210739745583, 2.2420811374443743, -6.255060052959532], Energy: -39.382118355025284
Eval count: 624, Parameters: [1.721723574166942, 1.5935802113831654, -5.725304745579203, -1.6778344158890404, -2.083625242516558, -1.0126707340242296, 4.931450995247864, -1.2305300002693216, 1.6603380207775096, 1.3374942742652065, 1.8496525140220115, -1.5589116367357592, 5.707262625621302, 5.248935634230103, 6.406402315152332, 5.025628411956559, 1.6080394268345344, 3.523605198465402, -4.268800570112003, 3.4591942469986146, 3.9207513130489557, -3.9458045985426766, -3.5023210739745583, 2.2420811374443743, -6.255060052959532], Energy: -39.38211835292117
Eval count: 625, Parameters: [1.721723574166942, 1.5935802113831654, -5.725304745579203, -1.6778344158890404, -2.083625242516558, -1.0126707489253908, 4.931451010149025, -1.2305300002693216, 1.6603380207775096, 1.3374942742652065, 1.8496525140220115, -1.5589116367357592, 5.707262625621302, 5.248935634230103, 6.406402315152332, 5.025628411956559, 1.6080394268345344, 3.523605198465402, -4.268800570112003, 3.4591942469986146, 3.9207513130489557, -3.9458045985426766, -3.5023210739745583, 2.2420811374443743, -6.255060052959532], Energy: -39.38211835338791
Eval count: 626, Parameters: [1.721723574166942, 1.5935802113831654, -5.725304745579203, -1.6778344158890404, -2.083625242516558, -1.0126707489253908, 4.931450995247864, -1.2305299853681604, 1.6603380207775096, 1.3374942742652065, 1.8496525140220115, -1.5589116367357592, 5.707262625621302, 5.248935634230103, 6.406402315152332, 5.025628411956559, 1.6080394268345344, 3.523605198465402, -4.268800570112003, 3.4591942469986146, 3.9207513130489557, -3.9458045985426766, -3.5023210739745583, 2.2420811374443743, -6.255060052959532], Energy: -39.3821183539381
Eval count: 627, Parameters: [1.721723574166942, 1.5935802113831654, -5.725304745579203, -1.6778344158890404, -2.083625242516558, -1.0126707489253908, 4.931450995247864, -1.2305300002693216, 1.6603380356786708, 1.3374942742652065, 1.8496525140220115, -1.5589116367357592, 5.707262625621302, 5.248935634230103, 6.406402315152332, 5.025628411956559, 1.6080394268345344, 3.523605198465402, -4.268800570112003, 3.4591942469986146, 3.9207513130489557, -3.9458045985426766, -3.5023210739745583, 2.2420811374443743, -6.255060052959532], Energy: -39.38211835392747
Eval count: 628, Parameters: [1.721723574166942, 1.5935802113831654, -5.725304745579203, -1.6778344158890404, -2.083625242516558, -1.0126707489253908, 4.931450995247864, -1.2305300002693216, 1.6603380207775096, 1.3374942891663677, 1.8496525140220115, -1.5589116367357592, 5.707262625621302, 5.248935634230103, 6.406402315152332, 5.025628411956559, 1.6080394268345344, 3.523605198465402, -4.268800570112003, 3.4591942469986146, 3.9207513130489557, -3.9458045985426766, -3.5023210739745583, 2.2420811374443743, -6.255060052959532], Energy: -39.382118353417866
Eval count: 629, Parameters: [1.721723574166942, 1.5935802113831654, -5.725304745579203, -1.6778344158890404, -2.083625242516558, -1.0126707489253908, 4.931450995247864, -1.2305300002693216, 1.6603380207775096, 1.3374942742652065, 1.8496525289231727, -1.5589116367357592, 5.707262625621302, 5.248935634230103, 6.406402315152332, 5.025628411956559, 1.6080394268345344, 3.523605198465402, -4.268800570112003, 3.4591942469986146, 3.9207513130489557, -3.9458045985426766, -3.5023210739745583, 2.2420811374443743, -6.255060052959532], Energy: -39.38211835379144
Eval count: 630, Parameters: [1.721723574166942, 1.5935802113831654, -5.725304745579203, -1.6778344158890404, -2.083625242516558, -1.0126707489253908, 4.931450995247864, -1.2305300002693216, 1.6603380207775096, 1.3374942742652065, 1.8496525140220115, -1.558911621834598, 5.707262625621302, 5.248935634230103, 6.406402315152332, 5.025628411956559, 1.6080394268345344, 3.523605198465402, -4.268800570112003, 3.4591942469986146, 3.9207513130489557, -3.9458045985426766, -3.5023210739745583, 2.2420811374443743, -6.255060052959532], Energy: -39.38211835441473
Eval count: 631, Parameters: [1.721723574166942, 1.5935802113831654, -5.725304745579203, -1.6778344158890404, -2.083625242516558, -1.0126707489253908, 4.931450995247864, -1.2305300002693216, 1.6603380207775096, 1.3374942742652065, 1.8496525140220115, -1.5589116367357592, 5.707262640522464, 5.248935634230103, 6.406402315152332, 5.025628411956559, 1.6080394268345344, 3.523605198465402, -4.268800570112003, 3.4591942469986146, 3.9207513130489557, -3.9458045985426766, -3.5023210739745583, 2.2420811374443743, -6.255060052959532], Energy: -39.382118354096235
Eval count: 632, Parameters: [1.721723574166942, 1.5935802113831654, -5.725304745579203, -1.6778344158890404, -2.083625242516558, -1.0126707489253908, 4.931450995247864, -1.2305300002693216, 1.6603380207775096, 1.3374942742652065, 1.8496525140220115, -1.5589116367357592, 5.707262625621302, 5.248935649131264, 6.406402315152332, 5.025628411956559, 1.6080394268345344, 3.523605198465402, -4.268800570112003, 3.4591942469986146, 3.9207513130489557, -3.9458045985426766, -3.5023210739745583, 2.2420811374443743, -6.255060052959532], Energy: -39.38211835395413
Eval count: 633, Parameters: [1.721723574166942, 1.5935802113831654, -5.725304745579203, -1.6778344158890404, -2.083625242516558, -1.0126707489253908, 4.931450995247864, -1.2305300002693216, 1.6603380207775096, 1.3374942742652065, 1.8496525140220115, -1.5589116367357592, 5.707262625621302, 5.248935634230103, 6.406402330053493, 5.025628411956559, 1.6080394268345344, 3.523605198465402, -4.268800570112003, 3.4591942469986146, 3.9207513130489557, -3.9458045985426766, -3.5023210739745583, 2.2420811374443743, -6.255060052959532], Energy: -39.38211835493104
Eval count: 634, Parameters: [1.721723574166942, 1.5935802113831654, -5.725304745579203, -1.6778344158890404, -2.083625242516558, -1.0126707489253908, 4.931450995247864, -1.2305300002693216, 1.6603380207775096, 1.3374942742652065, 1.8496525140220115, -1.5589116367357592, 5.707262625621302, 5.248935634230103, 6.406402315152332, 5.02562842685772, 1.6080394268345344, 3.523605198465402, -4.268800570112003, 3.4591942469986146, 3.9207513130489557, -3.9458045985426766, -3.5023210739745583, 2.2420811374443743, -6.255060052959532], Energy: -39.382118354887325
Eval count: 635, Parameters: [1.721723574166942, 1.5935802113831654, -5.725304745579203, -1.6778344158890404, -2.083625242516558, -1.0126707489253908, 4.931450995247864, -1.2305300002693216, 1.6603380207775096, 1.3374942742652065, 1.8496525140220115, -1.5589116367357592, 5.707262625621302, 5.248935634230103, 6.406402315152332, 5.025628411956559, 1.6080394417356956, 3.523605198465402, -4.268800570112003, 3.4591942469986146, 3.9207513130489557, -3.9458045985426766, -3.5023210739745583, 2.2420811374443743, -6.255060052959532], Energy: -39.382118353231306
Eval count: 636, Parameters: [1.721723574166942, 1.5935802113831654, -5.725304745579203, -1.6778344158890404, -2.083625242516558, -1.0126707489253908, 4.931450995247864, -1.2305300002693216, 1.6603380207775096, 1.3374942742652065, 1.8496525140220115, -1.5589116367357592, 5.707262625621302, 5.248935634230103, 6.406402315152332, 5.025628411956559, 1.6080394268345344, 3.5236052133665634, -4.268800570112003, 3.4591942469986146, 3.9207513130489557, -3.9458045985426766, -3.5023210739745583, 2.2420811374443743, -6.255060052959532], Energy: -39.3821183536615
Eval count: 637, Parameters: [1.721723574166942, 1.5935802113831654, -5.725304745579203, -1.6778344158890404, -2.083625242516558, -1.0126707489253908, 4.931450995247864, -1.2305300002693216, 1.6603380207775096, 1.3374942742652065, 1.8496525140220115, -1.5589116367357592, 5.707262625621302, 5.248935634230103, 6.406402315152332, 5.025628411956559, 1.6080394268345344, 3.523605198465402, -4.2688005552108415, 3.4591942469986146, 3.9207513130489557, -3.9458045985426766, -3.5023210739745583, 2.2420811374443743, -6.255060052959532], Energy: -39.38211835423971
Eval count: 638, Parameters: [1.721723574166942, 1.5935802113831654, -5.725304745579203, -1.6778344158890404, -2.083625242516558, -1.0126707489253908, 4.931450995247864, -1.2305300002693216, 1.6603380207775096, 1.3374942742652065, 1.8496525140220115, -1.5589116367357592, 5.707262625621302, 5.248935634230103, 6.406402315152332, 5.025628411956559, 1.6080394268345344, 3.523605198465402, -4.268800570112003, 3.4591942618997757, 3.9207513130489557, -3.9458045985426766, -3.5023210739745583, 2.2420811374443743, -6.255060052959532], Energy: -39.382118354467366
Eval count: 639, Parameters: [1.721723574166942, 1.5935802113831654, -5.725304745579203, -1.6778344158890404, -2.083625242516558, -1.0126707489253908, 4.931450995247864, -1.2305300002693216, 1.6603380207775096, 1.3374942742652065, 1.8496525140220115, -1.5589116367357592, 5.707262625621302, 5.248935634230103, 6.406402315152332, 5.025628411956559, 1.6080394268345344, 3.523605198465402, -4.268800570112003, 3.4591942469986146, 3.920751327950117, -3.9458045985426766, -3.5023210739745583, 2.2420811374443743, -6.255060052959532], Energy: -39.382118354097145
Eval count: 640, Parameters: [1.721723574166942, 1.5935802113831654, -5.725304745579203, -1.6778344158890404, -2.083625242516558, -1.0126707489253908, 4.931450995247864, -1.2305300002693216, 1.6603380207775096, 1.3374942742652065, 1.8496525140220115, -1.5589116367357592, 5.707262625621302, 5.248935634230103, 6.406402315152332, 5.025628411956559, 1.6080394268345344, 3.523605198465402, -4.268800570112003, 3.4591942469986146, 3.9207513130489557, -3.9458045836415154, -3.5023210739745583, 2.2420811374443743, -6.255060052959532], Energy: -39.38211835394321
Eval count: 641, Parameters: [1.721723574166942, 1.5935802113831654, -5.725304745579203, -1.6778344158890404, -2.083625242516558, -1.0126707489253908, 4.931450995247864, -1.2305300002693216, 1.6603380207775096, 1.3374942742652065, 1.8496525140220115, -1.5589116367357592, 5.707262625621302, 5.248935634230103, 6.406402315152332, 5.025628411956559, 1.6080394268345344, 3.523605198465402, -4.268800570112003, 3.4591942469986146, 3.9207513130489557, -3.9458045985426766, -3.502321059073397, 2.2420811374443743, -6.255060052959532], Energy: -39.38211835407242
Eval count: 642, Parameters: [1.721723574166942, 1.5935802113831654, -5.725304745579203, -1.6778344158890404, -2.083625242516558, -1.0126707489253908, 4.931450995247864, -1.2305300002693216, 1.6603380207775096, 1.3374942742652065, 1.8496525140220115, -1.5589116367357592, 5.707262625621302, 5.248935634230103, 6.406402315152332, 5.025628411956559, 1.6080394268345344, 3.523605198465402, -4.268800570112003, 3.4591942469986146, 3.9207513130489557, -3.9458045985426766, -3.5023210739745583, 2.2420811523455355, -6.255060052959532], Energy: -39.382118354004035
Eval count: 643, Parameters: [1.721723574166942, 1.5935802113831654, -5.725304745579203, -1.6778344158890404, -2.083625242516558, -1.0126707489253908, 4.931450995247864, -1.2305300002693216, 1.6603380207775096, 1.3374942742652065, 1.8496525140220115, -1.5589116367357592, 5.707262625621302, 5.248935634230103, 6.406402315152332, 5.025628411956559, 1.6080394268345344, 3.523605198465402, -4.268800570112003, 3.4591942469986146, 3.9207513130489557, -3.9458045985426766, -3.5023210739745583, 2.2420811374443743, -6.255060038058371], Energy: -39.38211835398721
Eval count: 644, Parameters: [1.7191410384368198, 1.5845654163477174, -5.70928900082824, -1.7165036163182557, -2.0900604792001736, -1.0197216170350532, 4.872202840953269, -1.217886145074226, 1.6610096392025675, 1.3117157996595123, 1.851345586621465, -1.5414164017491685, 5.672527814744116, 5.2073533139594606, 6.522116686389844, 5.100903738487586, 1.543046664492778, 3.4950485230166457, -4.2484752761214395, 3.4987111007943925, 3.9290059948328127, -3.950539083226725, -3.496177523625185, 2.2424371663393172, -6.256087408591234], Energy: -39.39682698435689
Eval count: 645, Parameters: [1.719141053337981, 1.5845654163477174, -5.70928900082824, -1.7165036163182557, -2.0900604792001736, -1.0197216170350532, 4.872202840953269, -1.217886145074226, 1.6610096392025675, 1.3117157996595123, 1.851345586621465, -1.5414164017491685, 5.672527814744116, 5.2073533139594606, 6.522116686389844, 5.100903738487586, 1.543046664492778, 3.4950485230166457, -4.2484752761214395, 3.4987111007943925, 3.9290059948328127, -3.950539083226725, -3.496177523625185, 2.2424371663393172, -6.256087408591234], Energy: -39.39682698637063
Eval count: 646, Parameters: [1.7191410384368198, 1.5845654312488786, -5.70928900082824, -1.7165036163182557, -2.0900604792001736, -1.0197216170350532, 4.872202840953269, -1.217886145074226, 1.6610096392025675, 1.3117157996595123, 1.851345586621465, -1.5414164017491685, 5.672527814744116, 5.2073533139594606, 6.522116686389844, 5.100903738487586, 1.543046664492778, 3.4950485230166457, -4.2484752761214395, 3.4987111007943925, 3.9290059948328127, -3.950539083226725, -3.496177523625185, 2.2424371663393172, -6.256087408591234], Energy: -39.39682698499968
Eval count: 647, Parameters: [1.7191410384368198, 1.5845654163477174, -5.709288985927079, -1.7165036163182557, -2.0900604792001736, -1.0197216170350532, 4.872202840953269, -1.217886145074226, 1.6610096392025675, 1.3117157996595123, 1.851345586621465, -1.5414164017491685, 5.672527814744116, 5.2073533139594606, 6.522116686389844, 5.100903738487586, 1.543046664492778, 3.4950485230166457, -4.2484752761214395, 3.4987111007943925, 3.9290059948328127, -3.950539083226725, -3.496177523625185, 2.2424371663393172, -6.256087408591234], Energy: -39.396826982490325
Eval count: 648, Parameters: [1.7191410384368198, 1.5845654163477174, -5.70928900082824, -1.7165036014170945, -2.0900604792001736, -1.0197216170350532, 4.872202840953269, -1.217886145074226, 1.6610096392025675, 1.3117157996595123, 1.851345586621465, -1.5414164017491685, 5.672527814744116, 5.2073533139594606, 6.522116686389844, 5.100903738487586, 1.543046664492778, 3.4950485230166457, -4.2484752761214395, 3.4987111007943925, 3.9290059948328127, -3.950539083226725, -3.496177523625185, 2.2424371663393172, -6.256087408591234], Energy: -39.396826985711016
Eval count: 649, Parameters: [1.7191410384368198, 1.5845654163477174, -5.70928900082824, -1.7165036163182557, -2.0900604642990124, -1.0197216170350532, 4.872202840953269, -1.217886145074226, 1.6610096392025675, 1.3117157996595123, 1.851345586621465, -1.5414164017491685, 5.672527814744116, 5.2073533139594606, 6.522116686389844, 5.100903738487586, 1.543046664492778, 3.4950485230166457, -4.2484752761214395, 3.4987111007943925, 3.9290059948328127, -3.950539083226725, -3.496177523625185, 2.2424371663393172, -6.256087408591234], Energy: -39.39682698631418
Eval count: 650, Parameters: [1.7191410384368198, 1.5845654163477174, -5.70928900082824, -1.7165036163182557, -2.0900604792001736, -1.019721602133892, 4.872202840953269, -1.217886145074226, 1.6610096392025675, 1.3117157996595123, 1.851345586621465, -1.5414164017491685, 5.672527814744116, 5.2073533139594606, 6.522116686389844, 5.100903738487586, 1.543046664492778, 3.4950485230166457, -4.2484752761214395, 3.4987111007943925, 3.9290059948328127, -3.950539083226725, -3.496177523625185, 2.2424371663393172, -6.256087408591234], Energy: -39.39682698406739
Eval count: 651, Parameters: [1.7191410384368198, 1.5845654163477174, -5.70928900082824, -1.7165036163182557, -2.0900604792001736, -1.0197216170350532, 4.872202855854431, -1.217886145074226, 1.6610096392025675, 1.3117157996595123, 1.851345586621465, -1.5414164017491685, 5.672527814744116, 5.2073533139594606, 6.522116686389844, 5.100903738487586, 1.543046664492778, 3.4950485230166457, -4.2484752761214395, 3.4987111007943925, 3.9290059948328127, -3.950539083226725, -3.496177523625185, 2.2424371663393172, -6.256087408591234], Energy: -39.39682698688523
Eval count: 652, Parameters: [1.7191410384368198, 1.5845654163477174, -5.70928900082824, -1.7165036163182557, -2.0900604792001736, -1.0197216170350532, 4.872202840953269, -1.2178861301730648, 1.6610096392025675, 1.3117157996595123, 1.851345586621465, -1.5414164017491685, 5.672527814744116, 5.2073533139594606, 6.522116686389844, 5.100903738487586, 1.543046664492778, 3.4950485230166457, -4.2484752761214395, 3.4987111007943925, 3.9290059948328127, -3.950539083226725, -3.496177523625185, 2.2424371663393172, -6.256087408591234], Energy: -39.396826982544496
Eval count: 653, Parameters: [1.7191410384368198, 1.5845654163477174, -5.70928900082824, -1.7165036163182557, -2.0900604792001736, -1.0197216170350532, 4.872202840953269, -1.217886145074226, 1.6610096541037287, 1.3117157996595123, 1.851345586621465, -1.5414164017491685, 5.672527814744116, 5.2073533139594606, 6.522116686389844, 5.100903738487586, 1.543046664492778, 3.4950485230166457, -4.2484752761214395, 3.4987111007943925, 3.9290059948328127, -3.950539083226725, -3.496177523625185, 2.2424371663393172, -6.256087408591234], Energy: -39.39682698483864
Eval count: 654, Parameters: [1.7191410384368198, 1.5845654163477174, -5.70928900082824, -1.7165036163182557, -2.0900604792001736, -1.0197216170350532, 4.872202840953269, -1.217886145074226, 1.6610096392025675, 1.3117158145606735, 1.851345586621465, -1.5414164017491685, 5.672527814744116, 5.2073533139594606, 6.522116686389844, 5.100903738487586, 1.543046664492778, 3.4950485230166457, -4.2484752761214395, 3.4987111007943925, 3.9290059948328127, -3.950539083226725, -3.496177523625185, 2.2424371663393172, -6.256087408591234], Energy: -39.39682698594919
Eval count: 655, Parameters: [1.7191410384368198, 1.5845654163477174, -5.70928900082824, -1.7165036163182557, -2.0900604792001736, -1.0197216170350532, 4.872202840953269, -1.217886145074226, 1.6610096392025675, 1.3117157996595123, 1.8513456015226262, -1.5414164017491685, 5.672527814744116, 5.2073533139594606, 6.522116686389844, 5.100903738487586, 1.543046664492778, 3.4950485230166457, -4.2484752761214395, 3.4987111007943925, 3.9290059948328127, -3.950539083226725, -3.496177523625185, 2.2424371663393172, -6.256087408591234], Energy: -39.39682698383524
Eval count: 656, Parameters: [1.7191410384368198, 1.5845654163477174, -5.70928900082824, -1.7165036163182557, -2.0900604792001736, -1.0197216170350532, 4.872202840953269, -1.217886145074226, 1.6610096392025675, 1.3117157996595123, 1.851345586621465, -1.5414163868480073, 5.672527814744116, 5.2073533139594606, 6.522116686389844, 5.100903738487586, 1.543046664492778, 3.4950485230166457, -4.2484752761214395, 3.4987111007943925, 3.9290059948328127, -3.950539083226725, -3.496177523625185, 2.2424371663393172, -6.256087408591234], Energy: -39.3968269826492
Eval count: 657, Parameters: [1.7191410384368198, 1.5845654163477174, -5.70928900082824, -1.7165036163182557, -2.0900604792001736, -1.0197216170350532, 4.872202840953269, -1.217886145074226, 1.6610096392025675, 1.3117157996595123, 1.851345586621465, -1.5414164017491685, 5.6725278296452775, 5.2073533139594606, 6.522116686389844, 5.100903738487586, 1.543046664492778, 3.4950485230166457, -4.2484752761214395, 3.4987111007943925, 3.9290059948328127, -3.950539083226725, -3.496177523625185, 2.2424371663393172, -6.256087408591234], Energy: -39.396826985708856
Eval count: 658, Parameters: [1.7191410384368198, 1.5845654163477174, -5.70928900082824, -1.7165036163182557, -2.0900604792001736, -1.0197216170350532, 4.872202840953269, -1.217886145074226, 1.6610096392025675, 1.3117157996595123, 1.851345586621465, -1.5414164017491685, 5.672527814744116, 5.207353328860622, 6.522116686389844, 5.100903738487586, 1.543046664492778, 3.4950485230166457, -4.2484752761214395, 3.4987111007943925, 3.9290059948328127, -3.950539083226725, -3.496177523625185, 2.2424371663393172, -6.256087408591234], Energy: -39.3968269850231
Eval count: 659, Parameters: [1.7191410384368198, 1.5845654163477174, -5.70928900082824, -1.7165036163182557, -2.0900604792001736, -1.0197216170350532, 4.872202840953269, -1.217886145074226, 1.6610096392025675, 1.3117157996595123, 1.851345586621465, -1.5414164017491685, 5.672527814744116, 5.2073533139594606, 6.522116701291005, 5.100903738487586, 1.543046664492778, 3.4950485230166457, -4.2484752761214395, 3.4987111007943925, 3.9290059948328127, -3.950539083226725, -3.496177523625185, 2.2424371663393172, -6.256087408591234], Energy: -39.39682698542805
Eval count: 660, Parameters: [1.7191410384368198, 1.5845654163477174, -5.70928900082824, -1.7165036163182557, -2.0900604792001736, -1.0197216170350532, 4.872202840953269, -1.217886145074226, 1.6610096392025675, 1.3117157996595123, 1.851345586621465, -1.5414164017491685, 5.672527814744116, 5.2073533139594606, 6.522116686389844, 5.100903753388748, 1.543046664492778, 3.4950485230166457, -4.2484752761214395, 3.4987111007943925, 3.9290059948328127, -3.950539083226725, -3.496177523625185, 2.2424371663393172, -6.256087408591234], Energy: -39.396826986052474
Eval count: 661, Parameters: [1.7191410384368198, 1.5845654163477174, -5.70928900082824, -1.7165036163182557, -2.0900604792001736, -1.0197216170350532, 4.872202840953269, -1.217886145074226, 1.6610096392025675, 1.3117157996595123, 1.851345586621465, -1.5414164017491685, 5.672527814744116, 5.2073533139594606, 6.522116686389844, 5.100903738487586, 1.5430466793939392, 3.4950485230166457, -4.2484752761214395, 3.4987111007943925, 3.9290059948328127, -3.950539083226725, -3.496177523625185, 2.2424371663393172, -6.256087408591234], Energy: -39.39682698277318
Eval count: 662, Parameters: [1.7191410384368198, 1.5845654163477174, -5.70928900082824, -1.7165036163182557, -2.0900604792001736, -1.0197216170350532, 4.872202840953269, -1.217886145074226, 1.6610096392025675, 1.3117157996595123, 1.851345586621465, -1.5414164017491685, 5.672527814744116, 5.2073533139594606, 6.522116686389844, 5.100903738487586, 1.543046664492778, 3.495048537917807, -4.2484752761214395, 3.4987111007943925, 3.9290059948328127, -3.950539083226725, -3.496177523625185, 2.2424371663393172, -6.256087408591234], Energy: -39.39682698371149
Eval count: 663, Parameters: [1.7191410384368198, 1.5845654163477174, -5.70928900082824, -1.7165036163182557, -2.0900604792001736, -1.0197216170350532, 4.872202840953269, -1.217886145074226, 1.6610096392025675, 1.3117157996595123, 1.851345586621465, -1.5414164017491685, 5.672527814744116, 5.2073533139594606, 6.522116686389844, 5.100903738487586, 1.543046664492778, 3.4950485230166457, -4.248475261220278, 3.4987111007943925, 3.9290059948328127, -3.950539083226725, -3.496177523625185, 2.2424371663393172, -6.256087408591234], Energy: -39.39682698474883
Eval count: 664, Parameters: [1.7191410384368198, 1.5845654163477174, -5.70928900082824, -1.7165036163182557, -2.0900604792001736, -1.0197216170350532, 4.872202840953269, -1.217886145074226, 1.6610096392025675, 1.3117157996595123, 1.851345586621465, -1.5414164017491685, 5.672527814744116, 5.2073533139594606, 6.522116686389844, 5.100903738487586, 1.543046664492778, 3.4950485230166457, -4.2484752761214395, 3.4987111156955537, 3.9290059948328127, -3.950539083226725, -3.496177523625185, 2.2424371663393172, -6.256087408591234], Energy: -39.396826985286225
Eval count: 665, Parameters: [1.7191410384368198, 1.5845654163477174, -5.70928900082824, -1.7165036163182557, -2.0900604792001736, -1.0197216170350532, 4.872202840953269, -1.217886145074226, 1.6610096392025675, 1.3117157996595123, 1.851345586621465, -1.5414164017491685, 5.672527814744116, 5.2073533139594606, 6.522116686389844, 5.100903738487586, 1.543046664492778, 3.4950485230166457, -4.2484752761214395, 3.4987111007943925, 3.929006009733974, -3.950539083226725, -3.496177523625185, 2.2424371663393172, -6.256087408591234], Energy: -39.39682698455459
Eval count: 666, Parameters: [1.7191410384368198, 1.5845654163477174, -5.70928900082824, -1.7165036163182557, -2.0900604792001736, -1.0197216170350532, 4.872202840953269, -1.217886145074226, 1.6610096392025675, 1.3117157996595123, 1.851345586621465, -1.5414164017491685, 5.672527814744116, 5.2073533139594606, 6.522116686389844, 5.100903738487586, 1.543046664492778, 3.4950485230166457, -4.2484752761214395, 3.4987111007943925, 3.9290059948328127, -3.950539068325564, -3.496177523625185, 2.2424371663393172, -6.256087408591234], Energy: -39.39682698423684
Eval count: 667, Parameters: [1.7191410384368198, 1.5845654163477174, -5.70928900082824, -1.7165036163182557, -2.0900604792001736, -1.0197216170350532, 4.872202840953269, -1.217886145074226, 1.6610096392025675, 1.3117157996595123, 1.851345586621465, -1.5414164017491685, 5.672527814744116, 5.2073533139594606, 6.522116686389844, 5.100903738487586, 1.543046664492778, 3.4950485230166457, -4.2484752761214395, 3.4987111007943925, 3.9290059948328127, -3.950539083226725, -3.4961775087240237, 2.2424371663393172, -6.256087408591234], Energy: -39.39682698451759
Eval count: 668, Parameters: [1.7191410384368198, 1.5845654163477174, -5.70928900082824, -1.7165036163182557, -2.0900604792001736, -1.0197216170350532, 4.872202840953269, -1.217886145074226, 1.6610096392025675, 1.3117157996595123, 1.851345586621465, -1.5414164017491685, 5.672527814744116, 5.2073533139594606, 6.522116686389844, 5.100903738487586, 1.543046664492778, 3.4950485230166457, -4.2484752761214395, 3.4987111007943925, 3.9290059948328127, -3.950539083226725, -3.496177523625185, 2.2424371812404784, -6.256087408591234], Energy: -39.39682698436485
Eval count: 669, Parameters: [1.7191410384368198, 1.5845654163477174, -5.70928900082824, -1.7165036163182557, -2.0900604792001736, -1.0197216170350532, 4.872202840953269, -1.217886145074226, 1.6610096392025675, 1.3117157996595123, 1.851345586621465, -1.5414164017491685, 5.672527814744116, 5.2073533139594606, 6.522116686389844, 5.100903738487586, 1.543046664492778, 3.4950485230166457, -4.2484752761214395, 3.4987111007943925, 3.9290059948328127, -3.950539083226725, -3.496177523625185, 2.2424371663393172, -6.2560873936900725], Energy: -39.39682698432932
Eval count: 670, Parameters: [1.723735384896704, 1.5561482374146285, -5.650958680568668, -1.7674757338582634, -2.0761808391810472, -1.0572856120681424, 4.731253275881158, -1.2204957655992839, 1.7152714373045508, 1.327136081932185, 1.8221437034838768, -1.5744580576058012, 5.634843437065575, 5.090724274107503, 7.062776486919771, 5.508053939869881, 1.1881196272496408, 3.3423736743714403, -4.143347856597859, 3.7134403179812576, 3.974087292574886, -3.9767898042718546, -3.4616125680683534, 2.244337449403682, -6.26192416199728], Energy: -39.47555259518799
Eval count: 671, Parameters: [1.7237353997978653, 1.5561482374146285, -5.650958680568668, -1.7674757338582634, -2.0761808391810472, -1.0572856120681424, 4.731253275881158, -1.2204957655992839, 1.7152714373045508, 1.327136081932185, 1.8221437034838768, -1.5744580576058012, 5.634843437065575, 5.090724274107503, 7.062776486919771, 5.508053939869881, 1.1881196272496408, 3.3423736743714403, -4.143347856597859, 3.7134403179812576, 3.974087292574886, -3.9767898042718546, -3.4616125680683534, 2.244337449403682, -6.26192416199728], Energy: -39.475552604284815
Eval count: 672, Parameters: [1.723735384896704, 1.5561482523157897, -5.650958680568668, -1.7674757338582634, -2.0761808391810472, -1.0572856120681424, 4.731253275881158, -1.2204957655992839, 1.7152714373045508, 1.327136081932185, 1.8221437034838768, -1.5744580576058012, 5.634843437065575, 5.090724274107503, 7.062776486919771, 5.508053939869881, 1.1881196272496408, 3.3423736743714403, -4.143347856597859, 3.7134403179812576, 3.974087292574886, -3.9767898042718546, -3.4616125680683534, 2.244337449403682, -6.26192416199728], Energy: -39.47555259654342
Eval count: 673, Parameters: [1.723735384896704, 1.5561482374146285, -5.650958665667507, -1.7674757338582634, -2.0761808391810472, -1.0572856120681424, 4.731253275881158, -1.2204957655992839, 1.7152714373045508, 1.327136081932185, 1.8221437034838768, -1.5744580576058012, 5.634843437065575, 5.090724274107503, 7.062776486919771, 5.508053939869881, 1.1881196272496408, 3.3423736743714403, -4.143347856597859, 3.7134403179812576, 3.974087292574886, -3.9767898042718546, -3.4616125680683534, 2.244337449403682, -6.26192416199728], Energy: -39.47555258184991
Eval count: 674, Parameters: [1.723735384896704, 1.5561482374146285, -5.650958680568668, -1.7674757189571022, -2.0761808391810472, -1.0572856120681424, 4.731253275881158, -1.2204957655992839, 1.7152714373045508, 1.327136081932185, 1.8221437034838768, -1.5744580576058012, 5.634843437065575, 5.090724274107503, 7.062776486919771, 5.508053939869881, 1.1881196272496408, 3.3423736743714403, -4.143347856597859, 3.7134403179812576, 3.974087292574886, -3.9767898042718546, -3.4616125680683534, 2.244337449403682, -6.26192416199728], Energy: -39.47555259798264
Eval count: 675, Parameters: [1.723735384896704, 1.5561482374146285, -5.650958680568668, -1.7674757338582634, -2.076180824279886, -1.0572856120681424, 4.731253275881158, -1.2204957655992839, 1.7152714373045508, 1.327136081932185, 1.8221437034838768, -1.5744580576058012, 5.634843437065575, 5.090724274107503, 7.062776486919771, 5.508053939869881, 1.1881196272496408, 3.3423736743714403, -4.143347856597859, 3.7134403179812576, 3.974087292574886, -3.9767898042718546, -3.4616125680683534, 2.244337449403682, -6.26192416199728], Energy: -39.47555259481845
Eval count: 676, Parameters: [1.723735384896704, 1.5561482374146285, -5.650958680568668, -1.7674757338582634, -2.0761808391810472, -1.0572855971669812, 4.731253275881158, -1.2204957655992839, 1.7152714373045508, 1.327136081932185, 1.8221437034838768, -1.5744580576058012, 5.634843437065575, 5.090724274107503, 7.062776486919771, 5.508053939869881, 1.1881196272496408, 3.3423736743714403, -4.143347856597859, 3.7134403179812576, 3.974087292574886, -3.9767898042718546, -3.4616125680683534, 2.244337449403682, -6.26192416199728], Energy: -39.47555259660021
Eval count: 677, Parameters: [1.723735384896704, 1.5561482374146285, -5.650958680568668, -1.7674757338582634, -2.0761808391810472, -1.0572856120681424, 4.731253290782319, -1.2204957655992839, 1.7152714373045508, 1.327136081932185, 1.8221437034838768, -1.5744580576058012, 5.634843437065575, 5.090724274107503, 7.062776486919771, 5.508053939869881, 1.1881196272496408, 3.3423736743714403, -4.143347856597859, 3.7134403179812576, 3.974087292574886, -3.9767898042718546, -3.4616125680683534, 2.244337449403682, -6.26192416199728], Energy: -39.47555260446944
Eval count: 678, Parameters: [1.723735384896704, 1.5561482374146285, -5.650958680568668, -1.7674757338582634, -2.0761808391810472, -1.0572856120681424, 4.731253275881158, -1.2204957506981227, 1.7152714373045508, 1.327136081932185, 1.8221437034838768, -1.5744580576058012, 5.634843437065575, 5.090724274107503, 7.062776486919771, 5.508053939869881, 1.1881196272496408, 3.3423736743714403, -4.143347856597859, 3.7134403179812576, 3.974087292574886, -3.9767898042718546, -3.4616125680683534, 2.244337449403682, -6.26192416199728], Energy: -39.475552590165364
Eval count: 679, Parameters: [1.723735384896704, 1.5561482374146285, -5.650958680568668, -1.7674757338582634, -2.0761808391810472, -1.0572856120681424, 4.731253275881158, -1.2204957655992839, 1.715271452205712, 1.327136081932185, 1.8221437034838768, -1.5744580576058012, 5.634843437065575, 5.090724274107503, 7.062776486919771, 5.508053939869881, 1.1881196272496408, 3.3423736743714403, -4.143347856597859, 3.7134403179812576, 3.974087292574886, -3.9767898042718546, -3.4616125680683534, 2.244337449403682, -6.26192416199728], Energy: -39.47555259513473
Eval count: 680, Parameters: [1.723735384896704, 1.5561482374146285, -5.650958680568668, -1.7674757338582634, -2.0761808391810472, -1.0572856120681424, 4.731253275881158, -1.2204957655992839, 1.7152714373045508, 1.327136096833346, 1.8221437034838768, -1.5744580576058012, 5.634843437065575, 5.090724274107503, 7.062776486919771, 5.508053939869881, 1.1881196272496408, 3.3423736743714403, -4.143347856597859, 3.7134403179812576, 3.974087292574886, -3.9767898042718546, -3.4616125680683534, 2.244337449403682, -6.26192416199728], Energy: -39.475552599134915
Eval count: 681, Parameters: [1.723735384896704, 1.5561482374146285, -5.650958680568668, -1.7674757338582634, -2.0761808391810472, -1.0572856120681424, 4.731253275881158, -1.2204957655992839, 1.7152714373045508, 1.327136081932185, 1.822143718385038, -1.5744580576058012, 5.634843437065575, 5.090724274107503, 7.062776486919771, 5.508053939869881, 1.1881196272496408, 3.3423736743714403, -4.143347856597859, 3.7134403179812576, 3.974087292574886, -3.9767898042718546, -3.4616125680683534, 2.244337449403682, -6.26192416199728], Energy: -39.475552594248256
Eval count: 682, Parameters: [1.723735384896704, 1.5561482374146285, -5.650958680568668, -1.7674757338582634, -2.0761808391810472, -1.0572856120681424, 4.731253275881158, -1.2204957655992839, 1.7152714373045508, 1.327136081932185, 1.8221437034838768, -1.57445804270464, 5.634843437065575, 5.090724274107503, 7.062776486919771, 5.508053939869881, 1.1881196272496408, 3.3423736743714403, -4.143347856597859, 3.7134403179812576, 3.974087292574886, -3.9767898042718546, -3.4616125680683534, 2.244337449403682, -6.26192416199728], Energy: -39.47555259175209
Eval count: 683, Parameters: [1.723735384896704, 1.5561482374146285, -5.650958680568668, -1.7674757338582634, -2.0761808391810472, -1.0572856120681424, 4.731253275881158, -1.2204957655992839, 1.7152714373045508, 1.327136081932185, 1.8221437034838768, -1.5744580576058012, 5.634843451966736, 5.090724274107503, 7.062776486919771, 5.508053939869881, 1.1881196272496408, 3.3423736743714403, -4.143347856597859, 3.7134403179812576, 3.974087292574886, -3.9767898042718546, -3.4616125680683534, 2.244337449403682, -6.26192416199728], Energy: -39.47555259920756
Eval count: 684, Parameters: [1.723735384896704, 1.5561482374146285, -5.650958680568668, -1.7674757338582634, -2.0761808391810472, -1.0572856120681424, 4.731253275881158, -1.2204957655992839, 1.7152714373045508, 1.327136081932185, 1.8221437034838768, -1.5744580576058012, 5.634843437065575, 5.090724289008664, 7.062776486919771, 5.508053939869881, 1.1881196272496408, 3.3423736743714403, -4.143347856597859, 3.7134403179812576, 3.974087292574886, -3.9767898042718546, -3.4616125680683534, 2.244337449403682, -6.26192416199728], Energy: -39.475552597823594
Eval count: 685, Parameters: [1.723735384896704, 1.5561482374146285, -5.650958680568668, -1.7674757338582634, -2.0761808391810472, -1.0572856120681424, 4.731253275881158, -1.2204957655992839, 1.7152714373045508, 1.327136081932185, 1.8221437034838768, -1.5744580576058012, 5.634843437065575, 5.090724274107503, 7.062776501820932, 5.508053939869881, 1.1881196272496408, 3.3423736743714403, -4.143347856597859, 3.7134403179812576, 3.974087292574886, -3.9767898042718546, -3.4616125680683534, 2.244337449403682, -6.26192416199728], Energy: -39.47555259342789
Eval count: 686, Parameters: [1.723735384896704, 1.5561482374146285, -5.650958680568668, -1.7674757338582634, -2.0761808391810472, -1.0572856120681424, 4.731253275881158, -1.2204957655992839, 1.7152714373045508, 1.327136081932185, 1.8221437034838768, -1.5744580576058012, 5.634843437065575, 5.090724274107503, 7.062776486919771, 5.508053954771042, 1.1881196272496408, 3.3423736743714403, -4.143347856597859, 3.7134403179812576, 3.974087292574886, -3.9767898042718546, -3.4616125680683534, 2.244337449403682, -6.26192416199728], Energy: -39.475552596250566
Eval count: 687, Parameters: [1.723735384896704, 1.5561482374146285, -5.650958680568668, -1.7674757338582634, -2.0761808391810472, -1.0572856120681424, 4.731253275881158, -1.2204957655992839, 1.7152714373045508, 1.327136081932185, 1.8221437034838768, -1.5744580576058012, 5.634843437065575, 5.090724274107503, 7.062776486919771, 5.508053939869881, 1.188119642150802, 3.3423736743714403, -4.143347856597859, 3.7134403179812576, 3.974087292574886, -3.9767898042718546, -3.4616125680683534, 2.244337449403682, -6.26192416199728], Energy: -39.47555259109828
Eval count: 688, Parameters: [1.723735384896704, 1.5561482374146285, -5.650958680568668, -1.7674757338582634, -2.0761808391810472, -1.0572856120681424, 4.731253275881158, -1.2204957655992839, 1.7152714373045508, 1.327136081932185, 1.8221437034838768, -1.5744580576058012, 5.634843437065575, 5.090724274107503, 7.062776486919771, 5.508053939869881, 1.1881196272496408, 3.3423736892726015, -4.143347856597859, 3.7134403179812576, 3.974087292574886, -3.9767898042718546, -3.4616125680683534, 2.244337449403682, -6.26192416199728], Energy: -39.47555259498654
Eval count: 689, Parameters: [1.723735384896704, 1.5561482374146285, -5.650958680568668, -1.7674757338582634, -2.0761808391810472, -1.0572856120681424, 4.731253275881158, -1.2204957655992839, 1.7152714373045508, 1.327136081932185, 1.8221437034838768, -1.5744580576058012, 5.634843437065575, 5.090724274107503, 7.062776486919771, 5.508053939869881, 1.1881196272496408, 3.3423736743714403, -4.143347841696698, 3.7134403179812576, 3.974087292574886, -3.9767898042718546, -3.4616125680683534, 2.244337449403682, -6.26192416199728], Energy: -39.475552595392685
Eval count: 690, Parameters: [1.723735384896704, 1.5561482374146285, -5.650958680568668, -1.7674757338582634, -2.0761808391810472, -1.0572856120681424, 4.731253275881158, -1.2204957655992839, 1.7152714373045508, 1.327136081932185, 1.8221437034838768, -1.5744580576058012, 5.634843437065575, 5.090724274107503, 7.062776486919771, 5.508053939869881, 1.1881196272496408, 3.3423736743714403, -4.143347856597859, 3.713440332882419, 3.974087292574886, -3.9767898042718546, -3.4616125680683534, 2.244337449403682, -6.26192416199728], Energy: -39.47555259675323
Eval count: 691, Parameters: [1.723735384896704, 1.5561482374146285, -5.650958680568668, -1.7674757338582634, -2.0761808391810472, -1.0572856120681424, 4.731253275881158, -1.2204957655992839, 1.7152714373045508, 1.327136081932185, 1.8221437034838768, -1.5744580576058012, 5.634843437065575, 5.090724274107503, 7.062776486919771, 5.508053939869881, 1.1881196272496408, 3.3423736743714403, -4.143347856597859, 3.7134403179812576, 3.974087307476047, -3.9767898042718546, -3.4616125680683534, 2.244337449403682, -6.26192416199728], Energy: -39.47555259555389
Eval count: 692, Parameters: [1.723735384896704, 1.5561482374146285, -5.650958680568668, -1.7674757338582634, -2.0761808391810472, -1.0572856120681424, 4.731253275881158, -1.2204957655992839, 1.7152714373045508, 1.327136081932185, 1.8221437034838768, -1.5744580576058012, 5.634843437065575, 5.090724274107503, 7.062776486919771, 5.508053939869881, 1.1881196272496408, 3.3423736743714403, -4.143347856597859, 3.7134403179812576, 3.974087292574886, -3.9767897893706934, -3.4616125680683534, 2.244337449403682, -6.26192416199728], Energy: -39.47555259497062
Eval count: 693, Parameters: [1.723735384896704, 1.5561482374146285, -5.650958680568668, -1.7674757338582634, -2.0761808391810472, -1.0572856120681424, 4.731253275881158, -1.2204957655992839, 1.7152714373045508, 1.327136081932185, 1.8221437034838768, -1.5744580576058012, 5.634843437065575, 5.090724274107503, 7.062776486919771, 5.508053939869881, 1.1881196272496408, 3.3423736743714403, -4.143347856597859, 3.7134403179812576, 3.974087292574886, -3.9767898042718546, -3.461612553167192, 2.244337449403682, -6.26192416199728], Energy: -39.47555259562591
Eval count: 694, Parameters: [1.723735384896704, 1.5561482374146285, -5.650958680568668, -1.7674757338582634, -2.0761808391810472, -1.0572856120681424, 4.731253275881158, -1.2204957655992839, 1.7152714373045508, 1.327136081932185, 1.8221437034838768, -1.5744580576058012, 5.634843437065575, 5.090724274107503, 7.062776486919771, 5.508053939869881, 1.1881196272496408, 3.3423736743714403, -4.143347856597859, 3.7134403179812576, 3.974087292574886, -3.9767898042718546, -3.4616125680683534, 2.2443374643048433, -6.26192416199728], Energy: -39.4755525952005
Eval count: 695, Parameters: [1.723735384896704, 1.5561482374146285, -5.650958680568668, -1.7674757338582634, -2.0761808391810472, -1.0572856120681424, 4.731253275881158, -1.2204957655992839, 1.7152714373045508, 1.327136081932185, 1.8221437034838768, -1.5744580576058012, 5.634843437065575, 5.090724274107503, 7.062776486919771, 5.508053939869881, 1.1881196272496408, 3.3423736743714403, -4.143347856597859, 3.7134403179812576, 3.974087292574886, -3.9767898042718546, -3.4616125680683534, 2.244337449403682, -6.261924147096119], Energy: -39.475552595133934
Eval count: 696, Parameters: [1.7446428332755621, 1.551524273896112, -5.646756378135674, -1.7737314321443034, -2.0832682980064887, -1.057484534877557, 4.78092902995159, -1.250101043040638, 1.7033808747515202, 1.3495186152896739, 1.816762316257149, -1.5943385792472216, 5.66063366700495, 5.154556480649972, 7.126059021249948, 5.620297457536568, 0.9702613023700813, 3.3071680602902798, -4.113656778411813, 3.81049027428485, 3.995749081419015, -3.989340888471415, -3.4394059379356396, 2.2451869284379478, -6.264865418590452], Energy: -39.58561558175677
Eval count: 697, Parameters: [1.7446428481767233, 1.551524273896112, -5.646756378135674, -1.7737314321443034, -2.0832682980064887, -1.057484534877557, 4.78092902995159, -1.250101043040638, 1.7033808747515202, 1.3495186152896739, 1.816762316257149, -1.5943385792472216, 5.66063366700495, 5.154556480649972, 7.126059021249948, 5.620297457536568, 0.9702613023700813, 3.3071680602902798, -4.113656778411813, 3.81049027428485, 3.995749081419015, -3.989340888471415, -3.4394059379356396, 2.2451869284379478, -6.264865418590452], Energy: -39.5856155830225
Eval count: 698, Parameters: [1.7446428332755621, 1.551524288797273, -5.646756378135674, -1.7737314321443034, -2.0832682980064887, -1.057484534877557, 4.78092902995159, -1.250101043040638, 1.7033808747515202, 1.3495186152896739, 1.816762316257149, -1.5943385792472216, 5.66063366700495, 5.154556480649972, 7.126059021249948, 5.620297457536568, 0.9702613023700813, 3.3071680602902798, -4.113656778411813, 3.81049027428485, 3.995749081419015, -3.989340888471415, -3.4394059379356396, 2.2451869284379478, -6.264865418590452], Energy: -39.585615587640575
Eval count: 699, Parameters: [1.7446428332755621, 1.551524273896112, -5.646756363234513, -1.7737314321443034, -2.0832682980064887, -1.057484534877557, 4.78092902995159, -1.250101043040638, 1.7033808747515202, 1.3495186152896739, 1.816762316257149, -1.5943385792472216, 5.66063366700495, 5.154556480649972, 7.126059021249948, 5.620297457536568, 0.9702613023700813, 3.3071680602902798, -4.113656778411813, 3.81049027428485, 3.995749081419015, -3.989340888471415, -3.4394059379356396, 2.2451869284379478, -6.264865418590452], Energy: -39.58561557040923
Eval count: 700, Parameters: [1.7446428332755621, 1.551524273896112, -5.646756378135674, -1.7737314172431422, -2.0832682980064887, -1.057484534877557, 4.78092902995159, -1.250101043040638, 1.7033808747515202, 1.3495186152896739, 1.816762316257149, -1.5943385792472216, 5.66063366700495, 5.154556480649972, 7.126059021249948, 5.620297457536568, 0.9702613023700813, 3.3071680602902798, -4.113656778411813, 3.81049027428485, 3.995749081419015, -3.989340888471415, -3.4394059379356396, 2.2451869284379478, -6.264865418590452], Energy: -39.58561558538389
Eval count: 701, Parameters: [1.7446428332755621, 1.551524273896112, -5.646756378135674, -1.7737314321443034, -2.0832682831053275, -1.057484534877557, 4.78092902995159, -1.250101043040638, 1.7033808747515202, 1.3495186152896739, 1.816762316257149, -1.5943385792472216, 5.66063366700495, 5.154556480649972, 7.126059021249948, 5.620297457536568, 0.9702613023700813, 3.3071680602902798, -4.113656778411813, 3.81049027428485, 3.995749081419015, -3.989340888471415, -3.4394059379356396, 2.2451869284379478, -6.264865418590452], Energy: -39.58561558274107
Eval count: 702, Parameters: [1.7446428332755621, 1.551524273896112, -5.646756378135674, -1.7737314321443034, -2.0832682980064887, -1.0574845199763958, 4.78092902995159, -1.250101043040638, 1.7033808747515202, 1.3495186152896739, 1.816762316257149, -1.5943385792472216, 5.66063366700495, 5.154556480649972, 7.126059021249948, 5.620297457536568, 0.9702613023700813, 3.3071680602902798, -4.113656778411813, 3.81049027428485, 3.995749081419015, -3.989340888471415, -3.4394059379356396, 2.2451869284379478, -6.264865418590452], Energy: -39.58561558181657
Eval count: 703, Parameters: [1.7446428332755621, 1.551524273896112, -5.646756378135674, -1.7737314321443034, -2.0832682980064887, -1.057484534877557, 4.780929044852751, -1.250101043040638, 1.7033808747515202, 1.3495186152896739, 1.816762316257149, -1.5943385792472216, 5.66063366700495, 5.154556480649972, 7.126059021249948, 5.620297457536568, 0.9702613023700813, 3.3071680602902798, -4.113656778411813, 3.81049027428485, 3.995749081419015, -3.989340888471415, -3.4394059379356396, 2.2451869284379478, -6.264865418590452], Energy: -39.585615586853635
Eval count: 704, Parameters: [1.7446428332755621, 1.551524273896112, -5.646756378135674, -1.7737314321443034, -2.0832682980064887, -1.057484534877557, 4.78092902995159, -1.2501010281394769, 1.7033808747515202, 1.3495186152896739, 1.816762316257149, -1.5943385792472216, 5.66063366700495, 5.154556480649972, 7.126059021249948, 5.620297457536568, 0.9702613023700813, 3.3071680602902798, -4.113656778411813, 3.81049027428485, 3.995749081419015, -3.989340888471415, -3.4394059379356396, 2.2451869284379478, -6.264865418590452], Energy: -39.58561557889908
Eval count: 705, Parameters: [1.7446428332755621, 1.551524273896112, -5.646756378135674, -1.7737314321443034, -2.0832682980064887, -1.057484534877557, 4.78092902995159, -1.250101043040638, 1.7033808896526814, 1.3495186152896739, 1.816762316257149, -1.5943385792472216, 5.66063366700495, 5.154556480649972, 7.126059021249948, 5.620297457536568, 0.9702613023700813, 3.3071680602902798, -4.113656778411813, 3.81049027428485, 3.995749081419015, -3.989340888471415, -3.4394059379356396, 2.2451869284379478, -6.264865418590452], Energy: -39.585615582382786
Eval count: 706, Parameters: [1.7446428332755621, 1.551524273896112, -5.646756378135674, -1.7737314321443034, -2.0832682980064887, -1.057484534877557, 4.78092902995159, -1.250101043040638, 1.7033808747515202, 1.349518630190835, 1.816762316257149, -1.5943385792472216, 5.66063366700495, 5.154556480649972, 7.126059021249948, 5.620297457536568, 0.9702613023700813, 3.3071680602902798, -4.113656778411813, 3.81049027428485, 3.995749081419015, -3.989340888471415, -3.4394059379356396, 2.2451869284379478, -6.264865418590452], Energy: -39.58561558454511
Eval count: 707, Parameters: [1.7446428332755621, 1.551524273896112, -5.646756378135674, -1.7737314321443034, -2.0832682980064887, -1.057484534877557, 4.78092902995159, -1.250101043040638, 1.7033808747515202, 1.3495186152896739, 1.81676233115831, -1.5943385792472216, 5.66063366700495, 5.154556480649972, 7.126059021249948, 5.620297457536568, 0.9702613023700813, 3.3071680602902798, -4.113656778411813, 3.81049027428485, 3.995749081419015, -3.989340888471415, -3.4394059379356396, 2.2451869284379478, -6.264865418590452], Energy: -39.585615580196475
Eval count: 708, Parameters: [1.7446428332755621, 1.551524273896112, -5.646756378135674, -1.7737314321443034, -2.0832682980064887, -1.057484534877557, 4.78092902995159, -1.250101043040638, 1.7033808747515202, 1.3495186152896739, 1.816762316257149, -1.5943385643460604, 5.66063366700495, 5.154556480649972, 7.126059021249948, 5.620297457536568, 0.9702613023700813, 3.3071680602902798, -4.113656778411813, 3.81049027428485, 3.995749081419015, -3.989340888471415, -3.4394059379356396, 2.2451869284379478, -6.264865418590452], Energy: -39.58561558019403
Eval count: 709, Parameters: [1.7446428332755621, 1.551524273896112, -5.646756378135674, -1.7737314321443034, -2.0832682980064887, -1.057484534877557, 4.78092902995159, -1.250101043040638, 1.7033808747515202, 1.3495186152896739, 1.816762316257149, -1.5943385792472216, 5.660633681906111, 5.154556480649972, 7.126059021249948, 5.620297457536568, 0.9702613023700813, 3.3071680602902798, -4.113656778411813, 3.81049027428485, 3.995749081419015, -3.989340888471415, -3.4394059379356396, 2.2451869284379478, -6.264865418590452], Energy: -39.585615583133176
Eval count: 710, Parameters: [1.7446428332755621, 1.551524273896112, -5.646756378135674, -1.7737314321443034, -2.0832682980064887, -1.057484534877557, 4.78092902995159, -1.250101043040638, 1.7033808747515202, 1.3495186152896739, 1.816762316257149, -1.5943385792472216, 5.66063366700495, 5.154556495551133, 7.126059021249948, 5.620297457536568, 0.9702613023700813, 3.3071680602902798, -4.113656778411813, 3.81049027428485, 3.995749081419015, -3.989340888471415, -3.4394059379356396, 2.2451869284379478, -6.264865418590452], Energy: -39.585615582280866
Eval count: 711, Parameters: [1.7446428332755621, 1.551524273896112, -5.646756378135674, -1.7737314321443034, -2.0832682980064887, -1.057484534877557, 4.78092902995159, -1.250101043040638, 1.7033808747515202, 1.3495186152896739, 1.816762316257149, -1.5943385792472216, 5.66063366700495, 5.154556480649972, 7.126059036151109, 5.620297457536568, 0.9702613023700813, 3.3071680602902798, -4.113656778411813, 3.81049027428485, 3.995749081419015, -3.989340888471415, -3.4394059379356396, 2.2451869284379478, -6.264865418590452], Energy: -39.58561558047535
Eval count: 712, Parameters: [1.7446428332755621, 1.551524273896112, -5.646756378135674, -1.7737314321443034, -2.0832682980064887, -1.057484534877557, 4.78092902995159, -1.250101043040638, 1.7033808747515202, 1.3495186152896739, 1.816762316257149, -1.5943385792472216, 5.66063366700495, 5.154556480649972, 7.126059021249948, 5.620297472437729, 0.9702613023700813, 3.3071680602902798, -4.113656778411813, 3.81049027428485, 3.995749081419015, -3.989340888471415, -3.4394059379356396, 2.2451869284379478, -6.264865418590452], Energy: -39.585615580805495
Eval count: 713, Parameters: [1.7446428332755621, 1.551524273896112, -5.646756378135674, -1.7737314321443034, -2.0832682980064887, -1.057484534877557, 4.78092902995159, -1.250101043040638, 1.7033808747515202, 1.3495186152896739, 1.816762316257149, -1.5943385792472216, 5.66063366700495, 5.154556480649972, 7.126059021249948, 5.620297457536568, 0.9702613172712425, 3.3071680602902798, -4.113656778411813, 3.81049027428485, 3.995749081419015, -3.989340888471415, -3.4394059379356396, 2.2451869284379478, -6.264865418590452], Energy: -39.585615578591046
Eval count: 714, Parameters: [1.7446428332755621, 1.551524273896112, -5.646756378135674, -1.7737314321443034, -2.0832682980064887, -1.057484534877557, 4.78092902995159, -1.250101043040638, 1.7033808747515202, 1.3495186152896739, 1.816762316257149, -1.5943385792472216, 5.66063366700495, 5.154556480649972, 7.126059021249948, 5.620297457536568, 0.9702613023700813, 3.307168075191441, -4.113656778411813, 3.81049027428485, 3.995749081419015, -3.989340888471415, -3.4394059379356396, 2.2451869284379478, -6.264865418590452], Energy: -39.58561558254377
Eval count: 715, Parameters: [1.7446428332755621, 1.551524273896112, -5.646756378135674, -1.7737314321443034, -2.0832682980064887, -1.057484534877557, 4.78092902995159, -1.250101043040638, 1.7033808747515202, 1.3495186152896739, 1.816762316257149, -1.5943385792472216, 5.66063366700495, 5.154556480649972, 7.126059021249948, 5.620297457536568, 0.9702613023700813, 3.3071680602902798, -4.113656763510652, 3.81049027428485, 3.995749081419015, -3.989340888471415, -3.4394059379356396, 2.2451869284379478, -6.264865418590452], Energy: -39.58561558181077
Eval count: 716, Parameters: [1.7446428332755621, 1.551524273896112, -5.646756378135674, -1.7737314321443034, -2.0832682980064887, -1.057484534877557, 4.78092902995159, -1.250101043040638, 1.7033808747515202, 1.3495186152896739, 1.816762316257149, -1.5943385792472216, 5.66063366700495, 5.154556480649972, 7.126059021249948, 5.620297457536568, 0.9702613023700813, 3.3071680602902798, -4.113656778411813, 3.8104902891860113, 3.995749081419015, -3.989340888471415, -3.4394059379356396, 2.2451869284379478, -6.264865418590452], Energy: -39.58561558278609
Eval count: 717, Parameters: [1.7446428332755621, 1.551524273896112, -5.646756378135674, -1.7737314321443034, -2.0832682980064887, -1.057484534877557, 4.78092902995159, -1.250101043040638, 1.7033808747515202, 1.3495186152896739, 1.816762316257149, -1.5943385792472216, 5.66063366700495, 5.154556480649972, 7.126059021249948, 5.620297457536568, 0.9702613023700813, 3.3071680602902798, -4.113656778411813, 3.81049027428485, 3.9957490963201763, -3.989340888471415, -3.4394059379356396, 2.2451869284379478, -6.264865418590452], Energy: -39.58561558202507
Eval count: 718, Parameters: [1.7446428332755621, 1.551524273896112, -5.646756378135674, -1.7737314321443034, -2.0832682980064887, -1.057484534877557, 4.78092902995159, -1.250101043040638, 1.7033808747515202, 1.3495186152896739, 1.816762316257149, -1.5943385792472216, 5.66063366700495, 5.154556480649972, 7.126059021249948, 5.620297457536568, 0.9702613023700813, 3.3071680602902798, -4.113656778411813, 3.81049027428485, 3.995749081419015, -3.989340873570254, -3.4394059379356396, 2.2451869284379478, -6.264865418590452], Energy: -39.58561558161432
Eval count: 719, Parameters: [1.7446428332755621, 1.551524273896112, -5.646756378135674, -1.7737314321443034, -2.0832682980064887, -1.057484534877557, 4.78092902995159, -1.250101043040638, 1.7033808747515202, 1.3495186152896739, 1.816762316257149, -1.5943385792472216, 5.66063366700495, 5.154556480649972, 7.126059021249948, 5.620297457536568, 0.9702613023700813, 3.3071680602902798, -4.113656778411813, 3.81049027428485, 3.995749081419015, -3.989340888471415, -3.4394059230344785, 2.2451869284379478, -6.264865418590452], Energy: -39.5856155820851
Eval count: 720, Parameters: [1.7446428332755621, 1.551524273896112, -5.646756378135674, -1.7737314321443034, -2.0832682980064887, -1.057484534877557, 4.78092902995159, -1.250101043040638, 1.7033808747515202, 1.3495186152896739, 1.816762316257149, -1.5943385792472216, 5.66063366700495, 5.154556480649972, 7.126059021249948, 5.620297457536568, 0.9702613023700813, 3.3071680602902798, -4.113656778411813, 3.81049027428485, 3.995749081419015, -3.989340888471415, -3.4394059379356396, 2.245186943339109, -6.264865418590452], Energy: -39.58561558176723
Eval count: 721, Parameters: [1.7446428332755621, 1.551524273896112, -5.646756378135674, -1.7737314321443034, -2.0832682980064887, -1.057484534877557, 4.78092902995159, -1.250101043040638, 1.7033808747515202, 1.3495186152896739, 1.816762316257149, -1.5943385792472216, 5.66063366700495, 5.154556480649972, 7.126059021249948, 5.620297457536568, 0.9702613023700813, 3.3071680602902798, -4.113656778411813, 3.81049027428485, 3.995749081419015, -3.989340888471415, -3.4394059379356396, 2.2451869284379478, -6.264865403689291], Energy: -39.58561558172062
Eval count: 722, Parameters: [1.7598328242859407, 1.5912587747804972, -5.70440074255099, -1.6893306284139396, -2.026134515659395, -1.0604790730713944, 4.976175832032929, -1.2856557970099889, 1.679413989595968, 1.4751695090789267, 1.7503806919958234, -1.5945334272538554, 5.721857322424108, 5.233081831882163, 6.8354444030457895, 5.3697268926387185, 0.7019349775616148, 3.453291443330766, -4.135559088990868, 3.8642938688754525, 4.01319898242747, -3.9973083831589724, -3.411609792655462, 2.24594007363312, -6.26710842198567], Energy: -39.5627454442797
Eval count: 723, Parameters: [1.7517113175068757, 1.5700142580408352, -5.673580507301738, -1.7344565076317975, -2.056681762219878, -1.0588780081185052, 4.871784840253477, -1.2666460309612282, 1.6922281657288505, 1.4079887856006992, 1.7858724056561772, -1.5944292494827375, 5.689123377276537, 5.19109733222545, 6.990824915794471, 5.503697382816206, 0.8453987929414023, 3.375164863457717, -4.123848761860098, 3.8355271462416414, 4.003869188273059, -3.9930484687144574, -3.4264713276076946, 2.2455373957247504, -6.265909173923753], Energy: -39.65454661159464
Eval count: 724, Parameters: [1.751711332408037, 1.5700142580408352, -5.673580507301738, -1.7344565076317975, -2.056681762219878, -1.0588780081185052, 4.871784840253477, -1.2666460309612282, 1.6922281657288505, 1.4079887856006992, 1.7858724056561772, -1.5944292494827375, 5.689123377276537, 5.19109733222545, 6.990824915794471, 5.503697382816206, 0.8453987929414023, 3.375164863457717, -4.123848761860098, 3.8355271462416414, 4.003869188273059, -3.9930484687144574, -3.4264713276076946, 2.2455373957247504, -6.265909173923753], Energy: -39.65454660985915
Eval count: 725, Parameters: [1.7517113175068757, 1.5700142729419964, -5.673580507301738, -1.7344565076317975, -2.056681762219878, -1.0588780081185052, 4.871784840253477, -1.2666460309612282, 1.6922281657288505, 1.4079887856006992, 1.7858724056561772, -1.5944292494827375, 5.689123377276537, 5.19109733222545, 6.990824915794471, 5.503697382816206, 0.8453987929414023, 3.375164863457717, -4.123848761860098, 3.8355271462416414, 4.003869188273059, -3.9930484687144574, -3.4264713276076946, 2.2455373957247504, -6.265909173923753], Energy: -39.65454661255518
Eval count: 726, Parameters: [1.7517113175068757, 1.5700142580408352, -5.673580492400577, -1.7344565076317975, -2.056681762219878, -1.0588780081185052, 4.871784840253477, -1.2666460309612282, 1.6922281657288505, 1.4079887856006992, 1.7858724056561772, -1.5944292494827375, 5.689123377276537, 5.19109733222545, 6.990824915794471, 5.503697382816206, 0.8453987929414023, 3.375164863457717, -4.123848761860098, 3.8355271462416414, 4.003869188273059, -3.9930484687144574, -3.4264713276076946, 2.2455373957247504, -6.265909173923753], Energy: -39.65454660882051
Eval count: 727, Parameters: [1.7517113175068757, 1.5700142580408352, -5.673580507301738, -1.7344564927306363, -2.056681762219878, -1.0588780081185052, 4.871784840253477, -1.2666460309612282, 1.6922281657288505, 1.4079887856006992, 1.7858724056561772, -1.5944292494827375, 5.689123377276537, 5.19109733222545, 6.990824915794471, 5.503697382816206, 0.8453987929414023, 3.375164863457717, -4.123848761860098, 3.8355271462416414, 4.003869188273059, -3.9930484687144574, -3.4264713276076946, 2.2455373957247504, -6.265909173923753], Energy: -39.65454661191757
Eval count: 728, Parameters: [1.7517113175068757, 1.5700142580408352, -5.673580507301738, -1.7344565076317975, -2.056681747318717, -1.0588780081185052, 4.871784840253477, -1.2666460309612282, 1.6922281657288505, 1.4079887856006992, 1.7858724056561772, -1.5944292494827375, 5.689123377276537, 5.19109733222545, 6.990824915794471, 5.503697382816206, 0.8453987929414023, 3.375164863457717, -4.123848761860098, 3.8355271462416414, 4.003869188273059, -3.9930484687144574, -3.4264713276076946, 2.2455373957247504, -6.265909173923753], Energy: -39.65454660944596
Eval count: 729, Parameters: [1.7517113175068757, 1.5700142580408352, -5.673580507301738, -1.7344565076317975, -2.056681762219878, -1.058877993217344, 4.871784840253477, -1.2666460309612282, 1.6922281657288505, 1.4079887856006992, 1.7858724056561772, -1.5944292494827375, 5.689123377276537, 5.19109733222545, 6.990824915794471, 5.503697382816206, 0.8453987929414023, 3.375164863457717, -4.123848761860098, 3.8355271462416414, 4.003869188273059, -3.9930484687144574, -3.4264713276076946, 2.2455373957247504, -6.265909173923753], Energy: -39.654546611431044
Eval count: 730, Parameters: [1.7517113175068757, 1.5700142580408352, -5.673580507301738, -1.7344565076317975, -2.056681762219878, -1.0588780081185052, 4.8717848551546385, -1.2666460309612282, 1.6922281657288505, 1.4079887856006992, 1.7858724056561772, -1.5944292494827375, 5.689123377276537, 5.19109733222545, 6.990824915794471, 5.503697382816206, 0.8453987929414023, 3.375164863457717, -4.123848761860098, 3.8355271462416414, 4.003869188273059, -3.9930484687144574, -3.4264713276076946, 2.2455373957247504, -6.265909173923753], Energy: -39.65454661064666
Eval count: 731, Parameters: [1.7517113175068757, 1.5700142580408352, -5.673580507301738, -1.7344565076317975, -2.056681762219878, -1.0588780081185052, 4.871784840253477, -1.266646016060067, 1.6922281657288505, 1.4079887856006992, 1.7858724056561772, -1.5944292494827375, 5.689123377276537, 5.19109733222545, 6.990824915794471, 5.503697382816206, 0.8453987929414023, 3.375164863457717, -4.123848761860098, 3.8355271462416414, 4.003869188273059, -3.9930484687144574, -3.4264713276076946, 2.2455373957247504, -6.265909173923753], Energy: -39.65454661139563
Eval count: 732, Parameters: [1.7517113175068757, 1.5700142580408352, -5.673580507301738, -1.7344565076317975, -2.056681762219878, -1.0588780081185052, 4.871784840253477, -1.2666460309612282, 1.6922281806300117, 1.4079887856006992, 1.7858724056561772, -1.5944292494827375, 5.689123377276537, 5.19109733222545, 6.990824915794471, 5.503697382816206, 0.8453987929414023, 3.375164863457717, -4.123848761860098, 3.8355271462416414, 4.003869188273059, -3.9930484687144574, -3.4264713276076946, 2.2455373957247504, -6.265909173923753], Energy: -39.654546611086005
Eval count: 733, Parameters: [1.7517113175068757, 1.5700142580408352, -5.673580507301738, -1.7344565076317975, -2.056681762219878, -1.0588780081185052, 4.871784840253477, -1.2666460309612282, 1.6922281657288505, 1.4079888005018604, 1.7858724056561772, -1.5944292494827375, 5.689123377276537, 5.19109733222545, 6.990824915794471, 5.503697382816206, 0.8453987929414023, 3.375164863457717, -4.123848761860098, 3.8355271462416414, 4.003869188273059, -3.9930484687144574, -3.4264713276076946, 2.2455373957247504, -6.265909173923753], Energy: -39.65454661011245
Eval count: 734, Parameters: [1.7517113175068757, 1.5700142580408352, -5.673580507301738, -1.7344565076317975, -2.056681762219878, -1.0588780081185052, 4.871784840253477, -1.2666460309612282, 1.6922281657288505, 1.4079887856006992, 1.7858724205573384, -1.5944292494827375, 5.689123377276537, 5.19109733222545, 6.990824915794471, 5.503697382816206, 0.8453987929414023, 3.375164863457717, -4.123848761860098, 3.8355271462416414, 4.003869188273059, -3.9930484687144574, -3.4264713276076946, 2.2455373957247504, -6.265909173923753], Energy: -39.654546613027264
Eval count: 735, Parameters: [1.7517113175068757, 1.5700142580408352, -5.673580507301738, -1.7344565076317975, -2.056681762219878, -1.0588780081185052, 4.871784840253477, -1.2666460309612282, 1.6922281657288505, 1.4079887856006992, 1.7858724056561772, -1.5944292345815763, 5.689123377276537, 5.19109733222545, 6.990824915794471, 5.503697382816206, 0.8453987929414023, 3.375164863457717, -4.123848761860098, 3.8355271462416414, 4.003869188273059, -3.9930484687144574, -3.4264713276076946, 2.2455373957247504, -6.265909173923753], Energy: -39.654546612182116
Eval count: 736, Parameters: [1.7517113175068757, 1.5700142580408352, -5.673580507301738, -1.7344565076317975, -2.056681762219878, -1.0588780081185052, 4.871784840253477, -1.2666460309612282, 1.6922281657288505, 1.4079887856006992, 1.7858724056561772, -1.5944292494827375, 5.689123392177698, 5.19109733222545, 6.990824915794471, 5.503697382816206, 0.8453987929414023, 3.375164863457717, -4.123848761860098, 3.8355271462416414, 4.003869188273059, -3.9930484687144574, -3.4264713276076946, 2.2455373957247504, -6.265909173923753], Energy: -39.65454660972415
Eval count: 737, Parameters: [1.7517113175068757, 1.5700142580408352, -5.673580507301738, -1.7344565076317975, -2.056681762219878, -1.0588780081185052, 4.871784840253477, -1.2666460309612282, 1.6922281657288505, 1.4079887856006992, 1.7858724056561772, -1.5944292494827375, 5.689123377276537, 5.191097347126611, 6.990824915794471, 5.503697382816206, 0.8453987929414023, 3.375164863457717, -4.123848761860098, 3.8355271462416414, 4.003869188273059, -3.9930484687144574, -3.4264713276076946, 2.2455373957247504, -6.265909173923753], Energy: -39.654546610660134
Eval count: 738, Parameters: [1.7517113175068757, 1.5700142580408352, -5.673580507301738, -1.7344565076317975, -2.056681762219878, -1.0588780081185052, 4.871784840253477, -1.2666460309612282, 1.6922281657288505, 1.4079887856006992, 1.7858724056561772, -1.5944292494827375, 5.689123377276537, 5.19109733222545, 6.9908249306956325, 5.503697382816206, 0.8453987929414023, 3.375164863457717, -4.123848761860098, 3.8355271462416414, 4.003869188273059, -3.9930484687144574, -3.4264713276076946, 2.2455373957247504, -6.265909173923753], Energy: -39.65454661309184
Eval count: 739, Parameters: [1.7517113175068757, 1.5700142580408352, -5.673580507301738, -1.7344565076317975, -2.056681762219878, -1.0588780081185052, 4.871784840253477, -1.2666460309612282, 1.6922281657288505, 1.4079887856006992, 1.7858724056561772, -1.5944292494827375, 5.689123377276537, 5.19109733222545, 6.990824915794471, 5.503697397717367, 0.8453987929414023, 3.375164863457717, -4.123848761860098, 3.8355271462416414, 4.003869188273059, -3.9930484687144574, -3.4264713276076946, 2.2455373957247504, -6.265909173923753], Energy: -39.65454661165006
Eval count: 740, Parameters: [1.7517113175068757, 1.5700142580408352, -5.673580507301738, -1.7344565076317975, -2.056681762219878, -1.0588780081185052, 4.871784840253477, -1.2666460309612282, 1.6922281657288505, 1.4079887856006992, 1.7858724056561772, -1.5944292494827375, 5.689123377276537, 5.19109733222545, 6.990824915794471, 5.503697382816206, 0.8453988078425635, 3.375164863457717, -4.123848761860098, 3.8355271462416414, 4.003869188273059, -3.9930484687144574, -3.4264713276076946, 2.2455373957247504, -6.265909173923753], Energy: -39.65454660910257
Eval count: 741, Parameters: [1.7517113175068757, 1.5700142580408352, -5.673580507301738, -1.7344565076317975, -2.056681762219878, -1.0588780081185052, 4.871784840253477, -1.2666460309612282, 1.6922281657288505, 1.4079887856006992, 1.7858724056561772, -1.5944292494827375, 5.689123377276537, 5.19109733222545, 6.990824915794471, 5.503697382816206, 0.8453987929414023, 3.3751648783588784, -4.123848761860098, 3.8355271462416414, 4.003869188273059, -3.9930484687144574, -3.4264713276076946, 2.2455373957247504, -6.265909173923753], Energy: -39.65454661257553
Eval count: 742, Parameters: [1.7517113175068757, 1.5700142580408352, -5.673580507301738, -1.7344565076317975, -2.056681762219878, -1.0588780081185052, 4.871784840253477, -1.2666460309612282, 1.6922281657288505, 1.4079887856006992, 1.7858724056561772, -1.5944292494827375, 5.689123377276537, 5.19109733222545, 6.990824915794471, 5.503697382816206, 0.8453987929414023, 3.375164863457717, -4.123848746958937, 3.8355271462416414, 4.003869188273059, -3.9930484687144574, -3.4264713276076946, 2.2455373957247504, -6.265909173923753], Energy: -39.654546611724925
Eval count: 743, Parameters: [1.7517113175068757, 1.5700142580408352, -5.673580507301738, -1.7344565076317975, -2.056681762219878, -1.0588780081185052, 4.871784840253477, -1.2666460309612282, 1.6922281657288505, 1.4079887856006992, 1.7858724056561772, -1.5944292494827375, 5.689123377276537, 5.19109733222545, 6.990824915794471, 5.503697382816206, 0.8453987929414023, 3.375164863457717, -4.123848761860098, 3.8355271611428026, 4.003869188273059, -3.9930484687144574, -3.4264713276076946, 2.2455373957247504, -6.265909173923753], Energy: -39.654546612847525
Eval count: 744, Parameters: [1.7517113175068757, 1.5700142580408352, -5.673580507301738, -1.7344565076317975, -2.056681762219878, -1.0588780081185052, 4.871784840253477, -1.2666460309612282, 1.6922281657288505, 1.4079887856006992, 1.7858724056561772, -1.5944292494827375, 5.689123377276537, 5.19109733222545, 6.990824915794471, 5.503697382816206, 0.8453987929414023, 3.375164863457717, -4.123848761860098, 3.8355271462416414, 4.0038692031742205, -3.9930484687144574, -3.4264713276076946, 2.2455373957247504, -6.265909173923753], Energy: -39.65454661194809
Eval count: 745, Parameters: [1.7517113175068757, 1.5700142580408352, -5.673580507301738, -1.7344565076317975, -2.056681762219878, -1.0588780081185052, 4.871784840253477, -1.2666460309612282, 1.6922281657288505, 1.4079887856006992, 1.7858724056561772, -1.5944292494827375, 5.689123377276537, 5.19109733222545, 6.990824915794471, 5.503697382816206, 0.8453987929414023, 3.375164863457717, -4.123848761860098, 3.8355271462416414, 4.003869188273059, -3.993048453813296, -3.4264713276076946, 2.2455373957247504, -6.265909173923753], Energy: -39.65454661141928
Eval count: 746, Parameters: [1.7517113175068757, 1.5700142580408352, -5.673580507301738, -1.7344565076317975, -2.056681762219878, -1.0588780081185052, 4.871784840253477, -1.2666460309612282, 1.6922281657288505, 1.4079887856006992, 1.7858724056561772, -1.5944292494827375, 5.689123377276537, 5.19109733222545, 6.990824915794471, 5.503697382816206, 0.8453987929414023, 3.375164863457717, -4.123848761860098, 3.8355271462416414, 4.003869188273059, -3.9930484687144574, -3.4264713127065334, 2.2455373957247504, -6.265909173923753], Energy: -39.6545466119685
Eval count: 747, Parameters: [1.7517113175068757, 1.5700142580408352, -5.673580507301738, -1.7344565076317975, -2.056681762219878, -1.0588780081185052, 4.871784840253477, -1.2666460309612282, 1.6922281657288505, 1.4079887856006992, 1.7858724056561772, -1.5944292494827375, 5.689123377276537, 5.19109733222545, 6.990824915794471, 5.503697382816206, 0.8453987929414023, 3.375164863457717, -4.123848761860098, 3.8355271462416414, 4.003869188273059, -3.9930484687144574, -3.4264713276076946, 2.2455374106259116, -6.265909173923753], Energy: -39.65454661160942
Eval count: 748, Parameters: [1.7517113175068757, 1.5700142580408352, -5.673580507301738, -1.7344565076317975, -2.056681762219878, -1.0588780081185052, 4.871784840253477, -1.2666460309612282, 1.6922281657288505, 1.4079887856006992, 1.7858724056561772, -1.5944292494827375, 5.689123377276537, 5.19109733222545, 6.990824915794471, 5.503697382816206, 0.8453987929414023, 3.375164863457717, -4.123848761860098, 3.8355271462416414, 4.003869188273059, -3.9930484687144574, -3.4264713276076946, 2.2455373957247504, -6.265909159022592], Energy: -39.65454661155172
Eval count: 749, Parameters: [1.77061270782226, 1.5752239018635583, -5.684094188184502, -1.7138981801093505, -2.03692867982619, -1.0642850881674646, 4.928574835399307, -1.3262952084543091, 1.684588456133254, 1.4468653789529626, 1.7951779381051873, -1.5932168635259019, 5.604271513042096, 5.108738131728078, 7.302144846767592, 5.6682156445044045, 0.020368583451574884, 3.429633437209762, -4.032276143517335, 4.1979487441637025, 4.092342050095871, -4.040526809812813, -3.335840352519353, 2.249245226420177, -6.2771826682343965], Energy: -39.63487205395643
Eval count: 750, Parameters: [1.7603789660324263, 1.5724032548736193, -5.678401787063757, -1.7250290340827914, -2.047623551547123, -1.0613575436781593, 4.897827142405776, -1.2939994741059577, 1.6887248087531463, 1.4258165031085435, 1.790139662364033, -1.5938732832191018, 5.650212687446316, 5.153329708212335, 7.133587521912254, 5.5791408525585995, 0.46706303247627046, 3.400142626738257, -4.081856122317946, 4.001723546423909, 4.044440366241147, -4.014820706965196, -3.3849104993042713, 2.247237703094947, -6.271078882855689], Energy: -39.715788511551295
Eval count: 751, Parameters: [1.7603789809335875, 1.5724032548736193, -5.678401787063757, -1.7250290340827914, -2.047623551547123, -1.0613575436781593, 4.897827142405776, -1.2939994741059577, 1.6887248087531463, 1.4258165031085435, 1.790139662364033, -1.5938732832191018, 5.650212687446316, 5.153329708212335, 7.133587521912254, 5.5791408525585995, 0.46706303247627046, 3.400142626738257, -4.081856122317946, 4.001723546423909, 4.044440366241147, -4.014820706965196, -3.3849104993042713, 2.247237703094947, -6.271078882855689], Energy: -39.715788509022445
Eval count: 752, Parameters: [1.7603789660324263, 1.5724032697747805, -5.678401787063757, -1.7250290340827914, -2.047623551547123, -1.0613575436781593, 4.897827142405776, -1.2939994741059577, 1.6887248087531463, 1.4258165031085435, 1.790139662364033, -1.5938732832191018, 5.650212687446316, 5.153329708212335, 7.133587521912254, 5.5791408525585995, 0.46706303247627046, 3.400142626738257, -4.081856122317946, 4.001723546423909, 4.044440366241147, -4.014820706965196, -3.3849104993042713, 2.247237703094947, -6.271078882855689], Energy: -39.71578851257385
Eval count: 753, Parameters: [1.7603789660324263, 1.5724032548736193, -5.678401772162596, -1.7250290340827914, -2.047623551547123, -1.0613575436781593, 4.897827142405776, -1.2939994741059577, 1.6887248087531463, 1.4258165031085435, 1.790139662364033, -1.5938732832191018, 5.650212687446316, 5.153329708212335, 7.133587521912254, 5.5791408525585995, 0.46706303247627046, 3.400142626738257, -4.081856122317946, 4.001723546423909, 4.044440366241147, -4.014820706965196, -3.3849104993042713, 2.247237703094947, -6.271078882855689], Energy: -39.71578851257061
Eval count: 754, Parameters: [1.7603789660324263, 1.5724032548736193, -5.678401787063757, -1.7250290191816302, -2.047623551547123, -1.0613575436781593, 4.897827142405776, -1.2939994741059577, 1.6887248087531463, 1.4258165031085435, 1.790139662364033, -1.5938732832191018, 5.650212687446316, 5.153329708212335, 7.133587521912254, 5.5791408525585995, 0.46706303247627046, 3.400142626738257, -4.081856122317946, 4.001723546423909, 4.044440366241147, -4.014820706965196, -3.3849104993042713, 2.247237703094947, -6.271078882855689], Energy: -39.71578851132716
Eval count: 755, Parameters: [1.7603789660324263, 1.5724032548736193, -5.678401787063757, -1.7250290340827914, -2.0476235366459616, -1.0613575436781593, 4.897827142405776, -1.2939994741059577, 1.6887248087531463, 1.4258165031085435, 1.790139662364033, -1.5938732832191018, 5.650212687446316, 5.153329708212335, 7.133587521912254, 5.5791408525585995, 0.46706303247627046, 3.400142626738257, -4.081856122317946, 4.001723546423909, 4.044440366241147, -4.014820706965196, -3.3849104993042713, 2.247237703094947, -6.271078882855689], Energy: -39.71578850819196
Eval count: 756, Parameters: [1.7603789660324263, 1.5724032548736193, -5.678401787063757, -1.7250290340827914, -2.047623551547123, -1.061357528776998, 4.897827142405776, -1.2939994741059577, 1.6887248087531463, 1.4258165031085435, 1.790139662364033, -1.5938732832191018, 5.650212687446316, 5.153329708212335, 7.133587521912254, 5.5791408525585995, 0.46706303247627046, 3.400142626738257, -4.081856122317946, 4.001723546423909, 4.044440366241147, -4.014820706965196, -3.3849104993042713, 2.247237703094947, -6.271078882855689], Energy: -39.715788511181586
Eval count: 757, Parameters: [1.7603789660324263, 1.5724032548736193, -5.678401787063757, -1.7250290340827914, -2.047623551547123, -1.0613575436781593, 4.897827157306938, -1.2939994741059577, 1.6887248087531463, 1.4258165031085435, 1.790139662364033, -1.5938732832191018, 5.650212687446316, 5.153329708212335, 7.133587521912254, 5.5791408525585995, 0.46706303247627046, 3.400142626738257, -4.081856122317946, 4.001723546423909, 4.044440366241147, -4.014820706965196, -3.3849104993042713, 2.247237703094947, -6.271078882855689], Energy: -39.715788508089645
Eval count: 758, Parameters: [1.7603789660324263, 1.5724032548736193, -5.678401787063757, -1.7250290340827914, -2.047623551547123, -1.0613575436781593, 4.897827142405776, -1.2939994592047965, 1.6887248087531463, 1.4258165031085435, 1.790139662364033, -1.5938732832191018, 5.650212687446316, 5.153329708212335, 7.133587521912254, 5.5791408525585995, 0.46706303247627046, 3.400142626738257, -4.081856122317946, 4.001723546423909, 4.044440366241147, -4.014820706965196, -3.3849104993042713, 2.247237703094947, -6.271078882855689], Energy: -39.71578851369043
Eval count: 759, Parameters: [1.7603789660324263, 1.5724032548736193, -5.678401787063757, -1.7250290340827914, -2.047623551547123, -1.0613575436781593, 4.897827142405776, -1.2939994741059577, 1.6887248236543075, 1.4258165031085435, 1.790139662364033, -1.5938732832191018, 5.650212687446316, 5.153329708212335, 7.133587521912254, 5.5791408525585995, 0.46706303247627046, 3.400142626738257, -4.081856122317946, 4.001723546423909, 4.044440366241147, -4.014820706965196, -3.3849104993042713, 2.247237703094947, -6.271078882855689], Energy: -39.71578851029449
Eval count: 760, Parameters: [1.7603789660324263, 1.5724032548736193, -5.678401787063757, -1.7250290340827914, -2.047623551547123, -1.0613575436781593, 4.897827142405776, -1.2939994741059577, 1.6887248087531463, 1.4258165180097047, 1.790139662364033, -1.5938732832191018, 5.650212687446316, 5.153329708212335, 7.133587521912254, 5.5791408525585995, 0.46706303247627046, 3.400142626738257, -4.081856122317946, 4.001723546423909, 4.044440366241147, -4.014820706965196, -3.3849104993042713, 2.247237703094947, -6.271078882855689], Energy: -39.71578850876466
Eval count: 761, Parameters: [1.7603789660324263, 1.5724032548736193, -5.678401787063757, -1.7250290340827914, -2.047623551547123, -1.0613575436781593, 4.897827142405776, -1.2939994741059577, 1.6887248087531463, 1.4258165031085435, 1.7901396772651943, -1.5938732832191018, 5.650212687446316, 5.153329708212335, 7.133587521912254, 5.5791408525585995, 0.46706303247627046, 3.400142626738257, -4.081856122317946, 4.001723546423909, 4.044440366241147, -4.014820706965196, -3.3849104993042713, 2.247237703094947, -6.271078882855689], Energy: -39.715788512377685
Eval count: 762, Parameters: [1.7603789660324263, 1.5724032548736193, -5.678401787063757, -1.7250290340827914, -2.047623551547123, -1.0613575436781593, 4.897827142405776, -1.2939994741059577, 1.6887248087531463, 1.4258165031085435, 1.790139662364033, -1.5938732683179406, 5.650212687446316, 5.153329708212335, 7.133587521912254, 5.5791408525585995, 0.46706303247627046, 3.400142626738257, -4.081856122317946, 4.001723546423909, 4.044440366241147, -4.014820706965196, -3.3849104993042713, 2.247237703094947, -6.271078882855689], Energy: -39.71578851236404
Eval count: 763, Parameters: [1.7603789660324263, 1.5724032548736193, -5.678401787063757, -1.7250290340827914, -2.047623551547123, -1.0613575436781593, 4.897827142405776, -1.2939994741059577, 1.6887248087531463, 1.4258165031085435, 1.790139662364033, -1.5938732832191018, 5.650212702347477, 5.153329708212335, 7.133587521912254, 5.5791408525585995, 0.46706303247627046, 3.400142626738257, -4.081856122317946, 4.001723546423909, 4.044440366241147, -4.014820706965196, -3.3849104993042713, 2.247237703094947, -6.271078882855689], Energy: -39.71578851200968
Eval count: 764, Parameters: [1.7603789660324263, 1.5724032548736193, -5.678401787063757, -1.7250290340827914, -2.047623551547123, -1.0613575436781593, 4.897827142405776, -1.2939994741059577, 1.6887248087531463, 1.4258165031085435, 1.790139662364033, -1.5938732832191018, 5.650212687446316, 5.1533297231134965, 7.133587521912254, 5.5791408525585995, 0.46706303247627046, 3.400142626738257, -4.081856122317946, 4.001723546423909, 4.044440366241147, -4.014820706965196, -3.3849104993042713, 2.247237703094947, -6.271078882855689], Energy: -39.71578851131068
Eval count: 765, Parameters: [1.7603789660324263, 1.5724032548736193, -5.678401787063757, -1.7250290340827914, -2.047623551547123, -1.0613575436781593, 4.897827142405776, -1.2939994741059577, 1.6887248087531463, 1.4258165031085435, 1.790139662364033, -1.5938732832191018, 5.650212687446316, 5.153329708212335, 7.133587536813415, 5.5791408525585995, 0.46706303247627046, 3.400142626738257, -4.081856122317946, 4.001723546423909, 4.044440366241147, -4.014820706965196, -3.3849104993042713, 2.247237703094947, -6.271078882855689], Energy: -39.71578851172973
Eval count: 766, Parameters: [1.7603789660324263, 1.5724032548736193, -5.678401787063757, -1.7250290340827914, -2.047623551547123, -1.0613575436781593, 4.897827142405776, -1.2939994741059577, 1.6887248087531463, 1.4258165031085435, 1.790139662364033, -1.5938732832191018, 5.650212687446316, 5.153329708212335, 7.133587521912254, 5.579140867459761, 0.46706303247627046, 3.400142626738257, -4.081856122317946, 4.001723546423909, 4.044440366241147, -4.014820706965196, -3.3849104993042713, 2.247237703094947, -6.271078882855689], Energy: -39.71578850896873
Eval count: 767, Parameters: [1.7603789660324263, 1.5724032548736193, -5.678401787063757, -1.7250290340827914, -2.047623551547123, -1.0613575436781593, 4.897827142405776, -1.2939994741059577, 1.6887248087531463, 1.4258165031085435, 1.790139662364033, -1.5938732832191018, 5.650212687446316, 5.153329708212335, 7.133587521912254, 5.5791408525585995, 0.46706304737743165, 3.400142626738257, -4.081856122317946, 4.001723546423909, 4.044440366241147, -4.014820706965196, -3.3849104993042713, 2.247237703094947, -6.271078882855689], Energy: -39.71578851053272
Eval count: 768, Parameters: [1.7603789660324263, 1.5724032548736193, -5.678401787063757, -1.7250290340827914, -2.047623551547123, -1.0613575436781593, 4.897827142405776, -1.2939994741059577, 1.6887248087531463, 1.4258165031085435, 1.790139662364033, -1.5938732832191018, 5.650212687446316, 5.153329708212335, 7.133587521912254, 5.5791408525585995, 0.46706303247627046, 3.4001426416394183, -4.081856122317946, 4.001723546423909, 4.044440366241147, -4.014820706965196, -3.3849104993042713, 2.247237703094947, -6.271078882855689], Energy: -39.715788513056566
Eval count: 769, Parameters: [1.7603789660324263, 1.5724032548736193, -5.678401787063757, -1.7250290340827914, -2.047623551547123, -1.0613575436781593, 4.897827142405776, -1.2939994741059577, 1.6887248087531463, 1.4258165031085435, 1.790139662364033, -1.5938732832191018, 5.650212687446316, 5.153329708212335, 7.133587521912254, 5.5791408525585995, 0.46706303247627046, 3.400142626738257, -4.081856107416785, 4.001723546423909, 4.044440366241147, -4.014820706965196, -3.3849104993042713, 2.247237703094947, -6.271078882855689], Energy: -39.715788511505195
Eval count: 770, Parameters: [1.7603789660324263, 1.5724032548736193, -5.678401787063757, -1.7250290340827914, -2.047623551547123, -1.0613575436781593, 4.897827142405776, -1.2939994741059577, 1.6887248087531463, 1.4258165031085435, 1.790139662364033, -1.5938732832191018, 5.650212687446316, 5.153329708212335, 7.133587521912254, 5.5791408525585995, 0.46706303247627046, 3.400142626738257, -4.081856122317946, 4.00172356132507, 4.044440366241147, -4.014820706965196, -3.3849104993042713, 2.247237703094947, -6.271078882855689], Energy: -39.71578851251172
Eval count: 771, Parameters: [1.7603789660324263, 1.5724032548736193, -5.678401787063757, -1.7250290340827914, -2.047623551547123, -1.0613575436781593, 4.897827142405776, -1.2939994741059577, 1.6887248087531463, 1.4258165031085435, 1.790139662364033, -1.5938732832191018, 5.650212687446316, 5.153329708212335, 7.133587521912254, 5.5791408525585995, 0.46706303247627046, 3.400142626738257, -4.081856122317946, 4.001723546423909, 4.044440381142308, -4.014820706965196, -3.3849104993042713, 2.247237703094947, -6.271078882855689], Energy: -39.71578851185001
Eval count: 772, Parameters: [1.7603789660324263, 1.5724032548736193, -5.678401787063757, -1.7250290340827914, -2.047623551547123, -1.0613575436781593, 4.897827142405776, -1.2939994741059577, 1.6887248087531463, 1.4258165031085435, 1.790139662364033, -1.5938732832191018, 5.650212687446316, 5.153329708212335, 7.133587521912254, 5.5791408525585995, 0.46706303247627046, 3.400142626738257, -4.081856122317946, 4.001723546423909, 4.044440366241147, -4.014820692064035, -3.3849104993042713, 2.247237703094947, -6.271078882855689], Energy: -39.7157885114068
Eval count: 773, Parameters: [1.7603789660324263, 1.5724032548736193, -5.678401787063757, -1.7250290340827914, -2.047623551547123, -1.0613575436781593, 4.897827142405776, -1.2939994741059577, 1.6887248087531463, 1.4258165031085435, 1.790139662364033, -1.5938732832191018, 5.650212687446316, 5.153329708212335, 7.133587521912254, 5.5791408525585995, 0.46706303247627046, 3.400142626738257, -4.081856122317946, 4.001723546423909, 4.044440366241147, -4.014820706965196, -3.38491048440311, 2.247237703094947, -6.271078882855689], Energy: -39.71578851188633
Eval count: 774, Parameters: [1.7603789660324263, 1.5724032548736193, -5.678401787063757, -1.7250290340827914, -2.047623551547123, -1.0613575436781593, 4.897827142405776, -1.2939994741059577, 1.6887248087531463, 1.4258165031085435, 1.790139662364033, -1.5938732832191018, 5.650212687446316, 5.153329708212335, 7.133587521912254, 5.5791408525585995, 0.46706303247627046, 3.400142626738257, -4.081856122317946, 4.001723546423909, 4.044440366241147, -4.014820706965196, -3.3849104993042713, 2.247237717996108, -6.271078882855689], Energy: -39.715788511564995
Eval count: 775, Parameters: [1.7603789660324263, 1.5724032548736193, -5.678401787063757, -1.7250290340827914, -2.047623551547123, -1.0613575436781593, 4.897827142405776, -1.2939994741059577, 1.6887248087531463, 1.4258165031085435, 1.790139662364033, -1.5938732832191018, 5.650212687446316, 5.153329708212335, 7.133587521912254, 5.5791408525585995, 0.46706303247627046, 3.400142626738257, -4.081856122317946, 4.001723546423909, 4.044440366241147, -4.014820706965196, -3.3849104993042713, 2.247237703094947, -6.271078867954528], Energy: -39.71578851152054
Eval count: 776, Parameters: [1.7695541549671743, 1.5809173842345072, -5.690347486131918, -1.657165864577193, -2.08668720985572, -1.0803317052129142, 4.894950658023364, -1.2971454832712612, 1.6062392834902075, 1.2934038703162996, 1.8063917174447377, -1.6002192623241083, 5.723562167984406, 5.164572225529857, 7.2433449134093255, 5.465101624924617, -0.002694131786120768, 3.537666600500735, -4.044706226016958, 4.246878172201536, 4.109128656889839, -4.0486201813917795, -3.31587641811608, 2.2499967449534846, -6.278895559098575], Energy: -39.698490291366795
Eval count: 777, Parameters: [1.7644165899991788, 1.576149973661432, -5.683658598798124, -1.6951652392765744, -2.0648138638270686, -1.069707293193575, 4.896561319721904, -1.2953839035815564, 1.6524263154926417, 1.3675471395602887, 1.7972915245839294, -1.5966658880917761, 5.682490782499796, 5.15827707852707, 7.181887243867678, 5.52895687030826, 0.26034219016245613, 3.4606612816036098, -4.065507978128874, 4.109606032511064, 4.072907027205724, -4.029694468037469, -3.35453143433782, 2.248451844145614, -6.274518681159907], Energy: -39.74585028229569
Eval count: 778, Parameters: [1.76441660490034, 1.576149973661432, -5.683658598798124, -1.6951652392765744, -2.0648138638270686, -1.069707293193575, 4.896561319721904, -1.2953839035815564, 1.6524263154926417, 1.3675471395602887, 1.7972915245839294, -1.5966658880917761, 5.682490782499796, 5.15827707852707, 7.181887243867678, 5.52895687030826, 0.26034219016245613, 3.4606612816036098, -4.065507978128874, 4.109606032511064, 4.072907027205724, -4.029694468037469, -3.35453143433782, 2.248451844145614, -6.274518681159907], Energy: -39.74585027915617
Eval count: 779, Parameters: [1.7644165899991788, 1.5761499885625931, -5.683658598798124, -1.6951652392765744, -2.0648138638270686, -1.069707293193575, 4.896561319721904, -1.2953839035815564, 1.6524263154926417, 1.3675471395602887, 1.7972915245839294, -1.5966658880917761, 5.682490782499796, 5.15827707852707, 7.181887243867678, 5.52895687030826, 0.26034219016245613, 3.4606612816036098, -4.065507978128874, 4.109606032511064, 4.072907027205724, -4.029694468037469, -3.35453143433782, 2.248451844145614, -6.274518681159907], Energy: -39.74585028426611
Eval count: 780, Parameters: [1.7644165899991788, 1.576149973661432, -5.683658583896963, -1.6951652392765744, -2.0648138638270686, -1.069707293193575, 4.896561319721904, -1.2953839035815564, 1.6524263154926417, 1.3675471395602887, 1.7972915245839294, -1.5966658880917761, 5.682490782499796, 5.15827707852707, 7.181887243867678, 5.52895687030826, 0.26034219016245613, 3.4606612816036098, -4.065507978128874, 4.109606032511064, 4.072907027205724, -4.029694468037469, -3.35453143433782, 2.248451844145614, -6.274518681159907], Energy: -39.74585028399741
Eval count: 781, Parameters: [1.7644165899991788, 1.576149973661432, -5.683658598798124, -1.6951652243754132, -2.0648138638270686, -1.069707293193575, 4.896561319721904, -1.2953839035815564, 1.6524263154926417, 1.3675471395602887, 1.7972915245839294, -1.5966658880917761, 5.682490782499796, 5.15827707852707, 7.181887243867678, 5.52895687030826, 0.26034219016245613, 3.4606612816036098, -4.065507978128874, 4.109606032511064, 4.072907027205724, -4.029694468037469, -3.35453143433782, 2.248451844145614, -6.274518681159907], Energy: -39.74585028072653
Eval count: 782, Parameters: [1.7644165899991788, 1.576149973661432, -5.683658598798124, -1.6951652392765744, -2.0648138489259074, -1.069707293193575, 4.896561319721904, -1.2953839035815564, 1.6524263154926417, 1.3675471395602887, 1.7972915245839294, -1.5966658880917761, 5.682490782499796, 5.15827707852707, 7.181887243867678, 5.52895687030826, 0.26034219016245613, 3.4606612816036098, -4.065507978128874, 4.109606032511064, 4.072907027205724, -4.029694468037469, -3.35453143433782, 2.248451844145614, -6.274518681159907], Energy: -39.74585028145549
Eval count: 783, Parameters: [1.7644165899991788, 1.576149973661432, -5.683658598798124, -1.6951652392765744, -2.0648138638270686, -1.0697072782924137, 4.896561319721904, -1.2953839035815564, 1.6524263154926417, 1.3675471395602887, 1.7972915245839294, -1.5966658880917761, 5.682490782499796, 5.15827707852707, 7.181887243867678, 5.52895687030826, 0.26034219016245613, 3.4606612816036098, -4.065507978128874, 4.109606032511064, 4.072907027205724, -4.029694468037469, -3.35453143433782, 2.248451844145614, -6.274518681159907], Energy: -39.74585028229171
Eval count: 784, Parameters: [1.7644165899991788, 1.576149973661432, -5.683658598798124, -1.6951652392765744, -2.0648138638270686, -1.069707293193575, 4.896561334623065, -1.2953839035815564, 1.6524263154926417, 1.3675471395602887, 1.7972915245839294, -1.5966658880917761, 5.682490782499796, 5.15827707852707, 7.181887243867678, 5.52895687030826, 0.26034219016245613, 3.4606612816036098, -4.065507978128874, 4.109606032511064, 4.072907027205724, -4.029694468037469, -3.35453143433782, 2.248451844145614, -6.274518681159907], Energy: -39.7458502788665
Eval count: 785, Parameters: [1.7644165899991788, 1.576149973661432, -5.683658598798124, -1.6951652392765744, -2.0648138638270686, -1.069707293193575, 4.896561319721904, -1.2953838886803952, 1.6524263154926417, 1.3675471395602887, 1.7972915245839294, -1.5966658880917761, 5.682490782499796, 5.15827707852707, 7.181887243867678, 5.52895687030826, 0.26034219016245613, 3.4606612816036098, -4.065507978128874, 4.109606032511064, 4.072907027205724, -4.029694468037469, -3.35453143433782, 2.248451844145614, -6.274518681159907], Energy: -39.74585028454965
Eval count: 786, Parameters: [1.7644165899991788, 1.576149973661432, -5.683658598798124, -1.6951652392765744, -2.0648138638270686, -1.069707293193575, 4.896561319721904, -1.2953839035815564, 1.652426330393803, 1.3675471395602887, 1.7972915245839294, -1.5966658880917761, 5.682490782499796, 5.15827707852707, 7.181887243867678, 5.52895687030826, 0.26034219016245613, 3.4606612816036098, -4.065507978128874, 4.109606032511064, 4.072907027205724, -4.029694468037469, -3.35453143433782, 2.248451844145614, -6.274518681159907], Energy: -39.74585028218968
Eval count: 787, Parameters: [1.7644165899991788, 1.576149973661432, -5.683658598798124, -1.6951652392765744, -2.0648138638270686, -1.069707293193575, 4.896561319721904, -1.2953839035815564, 1.6524263154926417, 1.36754715446145, 1.7972915245839294, -1.5966658880917761, 5.682490782499796, 5.15827707852707, 7.181887243867678, 5.52895687030826, 0.26034219016245613, 3.4606612816036098, -4.065507978128874, 4.109606032511064, 4.072907027205724, -4.029694468037469, -3.35453143433782, 2.248451844145614, -6.274518681159907], Energy: -39.74585028252068
Eval count: 788, Parameters: [1.7644165899991788, 1.576149973661432, -5.683658598798124, -1.6951652392765744, -2.0648138638270686, -1.069707293193575, 4.896561319721904, -1.2953839035815564, 1.6524263154926417, 1.3675471395602887, 1.7972915394850906, -1.5966658880917761, 5.682490782499796, 5.15827707852707, 7.181887243867678, 5.52895687030826, 0.26034219016245613, 3.4606612816036098, -4.065507978128874, 4.109606032511064, 4.072907027205724, -4.029694468037469, -3.35453143433782, 2.248451844145614, -6.274518681159907], Energy: -39.74585028197555
Eval count: 789, Parameters: [1.7644165899991788, 1.576149973661432, -5.683658598798124, -1.6951652392765744, -2.0648138638270686, -1.069707293193575, 4.896561319721904, -1.2953839035815564, 1.6524263154926417, 1.3675471395602887, 1.7972915245839294, -1.596665873190615, 5.682490782499796, 5.15827707852707, 7.181887243867678, 5.52895687030826, 0.26034219016245613, 3.4606612816036098, -4.065507978128874, 4.109606032511064, 4.072907027205724, -4.029694468037469, -3.35453143433782, 2.248451844145614, -6.274518681159907], Energy: -39.74585028375674
Eval count: 790, Parameters: [1.7644165899991788, 1.576149973661432, -5.683658598798124, -1.6951652392765744, -2.0648138638270686, -1.069707293193575, 4.896561319721904, -1.2953839035815564, 1.6524263154926417, 1.3675471395602887, 1.7972915245839294, -1.5966658880917761, 5.682490797400957, 5.15827707852707, 7.181887243867678, 5.52895687030826, 0.26034219016245613, 3.4606612816036098, -4.065507978128874, 4.109606032511064, 4.072907027205724, -4.029694468037469, -3.35453143433782, 2.248451844145614, -6.274518681159907], Energy: -39.74585027937718
Eval count: 791, Parameters: [1.7644165899991788, 1.576149973661432, -5.683658598798124, -1.6951652392765744, -2.0648138638270686, -1.069707293193575, 4.896561319721904, -1.2953839035815564, 1.6524263154926417, 1.3675471395602887, 1.7972915245839294, -1.5966658880917761, 5.682490782499796, 5.158277093428231, 7.181887243867678, 5.52895687030826, 0.26034219016245613, 3.4606612816036098, -4.065507978128874, 4.109606032511064, 4.072907027205724, -4.029694468037469, -3.35453143433782, 2.248451844145614, -6.274518681159907], Energy: -39.745850281356525
Eval count: 792, Parameters: [1.7644165899991788, 1.576149973661432, -5.683658598798124, -1.6951652392765744, -2.0648138638270686, -1.069707293193575, 4.896561319721904, -1.2953839035815564, 1.6524263154926417, 1.3675471395602887, 1.7972915245839294, -1.5966658880917761, 5.682490782499796, 5.15827707852707, 7.181887258768839, 5.52895687030826, 0.26034219016245613, 3.4606612816036098, -4.065507978128874, 4.109606032511064, 4.072907027205724, -4.029694468037469, -3.35453143433782, 2.248451844145614, -6.274518681159907], Energy: -39.745850282343326
Eval count: 793, Parameters: [1.7644165899991788, 1.576149973661432, -5.683658598798124, -1.6951652392765744, -2.0648138638270686, -1.069707293193575, 4.896561319721904, -1.2953839035815564, 1.6524263154926417, 1.3675471395602887, 1.7972915245839294, -1.5966658880917761, 5.682490782499796, 5.15827707852707, 7.181887243867678, 5.528956885209421, 0.26034219016245613, 3.4606612816036098, -4.065507978128874, 4.109606032511064, 4.072907027205724, -4.029694468037469, -3.35453143433782, 2.248451844145614, -6.274518681159907], Energy: -39.74585027995204
Eval count: 794, Parameters: [1.7644165899991788, 1.576149973661432, -5.683658598798124, -1.6951652392765744, -2.0648138638270686, -1.069707293193575, 4.896561319721904, -1.2953839035815564, 1.6524263154926417, 1.3675471395602887, 1.7972915245839294, -1.5966658880917761, 5.682490782499796, 5.15827707852707, 7.181887243867678, 5.52895687030826, 0.2603422050636173, 3.4606612816036098, -4.065507978128874, 4.109606032511064, 4.072907027205724, -4.029694468037469, -3.35453143433782, 2.248451844145614, -6.274518681159907], Energy: -39.74585028269638
Eval count: 795, Parameters: [1.7644165899991788, 1.576149973661432, -5.683658598798124, -1.6951652392765744, -2.0648138638270686, -1.069707293193575, 4.896561319721904, -1.2953839035815564, 1.6524263154926417, 1.3675471395602887, 1.7972915245839294, -1.5966658880917761, 5.682490782499796, 5.15827707852707, 7.181887243867678, 5.52895687030826, 0.26034219016245613, 3.460661296504771, -4.065507978128874, 4.109606032511064, 4.072907027205724, -4.029694468037469, -3.35453143433782, 2.248451844145614, -6.274518681159907], Energy: -39.74585028345865
Eval count: 796, Parameters: [1.7644165899991788, 1.576149973661432, -5.683658598798124, -1.6951652392765744, -2.0648138638270686, -1.069707293193575, 4.896561319721904, -1.2953839035815564, 1.6524263154926417, 1.3675471395602887, 1.7972915245839294, -1.5966658880917761, 5.682490782499796, 5.15827707852707, 7.181887243867678, 5.52895687030826, 0.26034219016245613, 3.4606612816036098, -4.065507963227713, 4.109606032511064, 4.072907027205724, -4.029694468037469, -3.35453143433782, 2.248451844145614, -6.274518681159907], Energy: -39.74585028219008
Eval count: 797, Parameters: [1.7644165899991788, 1.576149973661432, -5.683658598798124, -1.6951652392765744, -2.0648138638270686, -1.069707293193575, 4.896561319721904, -1.2953839035815564, 1.6524263154926417, 1.3675471395602887, 1.7972915245839294, -1.5966658880917761, 5.682490782499796, 5.15827707852707, 7.181887243867678, 5.52895687030826, 0.26034219016245613, 3.4606612816036098, -4.065507978128874, 4.109606047412226, 4.072907027205724, -4.029694468037469, -3.35453143433782, 2.248451844145614, -6.274518681159907], Energy: -39.745850282968206
Eval count: 798, Parameters: [1.7644165899991788, 1.576149973661432, -5.683658598798124, -1.6951652392765744, -2.0648138638270686, -1.069707293193575, 4.896561319721904, -1.2953839035815564, 1.6524263154926417, 1.3675471395602887, 1.7972915245839294, -1.5966658880917761, 5.682490782499796, 5.15827707852707, 7.181887243867678, 5.52895687030826, 0.26034219016245613, 3.4606612816036098, -4.065507978128874, 4.109606032511064, 4.072907042106885, -4.029694468037469, -3.35453143433782, 2.248451844145614, -6.274518681159907], Energy: -39.74585028251698
Eval count: 799, Parameters: [1.7644165899991788, 1.576149973661432, -5.683658598798124, -1.6951652392765744, -2.0648138638270686, -1.069707293193575, 4.896561319721904, -1.2953839035815564, 1.6524263154926417, 1.3675471395602887, 1.7972915245839294, -1.5966658880917761, 5.682490782499796, 5.15827707852707, 7.181887243867678, 5.52895687030826, 0.26034219016245613, 3.4606612816036098, -4.065507978128874, 4.109606032511064, 4.072907027205724, -4.029694453136308, -3.35453143433782, 2.248451844145614, -6.274518681159907], Energy: -39.74585028218041
Eval count: 800, Parameters: [1.7644165899991788, 1.576149973661432, -5.683658598798124, -1.6951652392765744, -2.0648138638270686, -1.069707293193575, 4.896561319721904, -1.2953839035815564, 1.6524263154926417, 1.3675471395602887, 1.7972915245839294, -1.5966658880917761, 5.682490782499796, 5.15827707852707, 7.181887243867678, 5.52895687030826, 0.26034219016245613, 3.4606612816036098, -4.065507978128874, 4.109606032511064, 4.072907027205724, -4.029694468037469, -3.354531419436659, 2.248451844145614, -6.274518681159907], Energy: -39.74585028255325
Eval count: 801, Parameters: [1.7644165899991788, 1.576149973661432, -5.683658598798124, -1.6951652392765744, -2.0648138638270686, -1.069707293193575, 4.896561319721904, -1.2953839035815564, 1.6524263154926417, 1.3675471395602887, 1.7972915245839294, -1.5966658880917761, 5.682490782499796, 5.15827707852707, 7.181887243867678, 5.52895687030826, 0.26034219016245613, 3.4606612816036098, -4.065507978128874, 4.109606032511064, 4.072907027205724, -4.029694468037469, -3.35453143433782, 2.2484518590467752, -6.274518681159907], Energy: -39.74585028230689
Eval count: 802, Parameters: [1.7644165899991788, 1.576149973661432, -5.683658598798124, -1.6951652392765744, -2.0648138638270686, -1.069707293193575, 4.896561319721904, -1.2953839035815564, 1.6524263154926417, 1.3675471395602887, 1.7972915245839294, -1.5966658880917761, 5.682490782499796, 5.15827707852707, 7.181887243867678, 5.52895687030826, 0.26034219016245613, 3.4606612816036098, -4.065507978128874, 4.109606032511064, 4.072907027205724, -4.029694468037469, -3.35453143433782, 2.248451844145614, -6.2745186662587455], Energy: -39.745850282273864
Eval count: 803, Parameters: [1.7617122854530074, 1.582047520835251, -5.692416850121033, -1.7209031615689694, -2.0947678020792133, -1.0478043508015984, 4.881451504505226, -1.2659983726414825, 1.62035117770962, 1.3833553613136451, 1.783404873527106, -1.5878047061511775, 5.591408612551888, 5.152047041289372, 7.19080258943001, 5.364579546475203, 0.10555572398472018, 3.5749637770055065, -4.058446111891567, 4.258180029381354, 4.114692472280247, -4.0520938324660305, -3.3085906279306143, 2.2503012708209447, -6.279368377339098], Energy: -39.76825365095601
Eval count: 804, Parameters: [1.7617123003541686, 1.582047520835251, -5.692416850121033, -1.7209031615689694, -2.0947678020792133, -1.0478043508015984, 4.881451504505226, -1.2659983726414825, 1.62035117770962, 1.3833553613136451, 1.783404873527106, -1.5878047061511775, 5.591408612551888, 5.152047041289372, 7.19080258943001, 5.364579546475203, 0.10555572398472018, 3.5749637770055065, -4.058446111891567, 4.258180029381354, 4.114692472280247, -4.0520938324660305, -3.3085906279306143, 2.2503012708209447, -6.279368377339098], Energy: -39.76825364991373
Eval count: 805, Parameters: [1.7617122854530074, 1.582047535736412, -5.692416850121033, -1.7209031615689694, -2.0947678020792133, -1.0478043508015984, 4.881451504505226, -1.2659983726414825, 1.62035117770962, 1.3833553613136451, 1.783404873527106, -1.5878047061511775, 5.591408612551888, 5.152047041289372, 7.19080258943001, 5.364579546475203, 0.10555572398472018, 3.5749637770055065, -4.058446111891567, 4.258180029381354, 4.114692472280247, -4.0520938324660305, -3.3085906279306143, 2.2503012708209447, -6.279368377339098], Energy: -39.76825364975201
Eval count: 806, Parameters: [1.7617122854530074, 1.582047520835251, -5.692416835219872, -1.7209031615689694, -2.0947678020792133, -1.0478043508015984, 4.881451504505226, -1.2659983726414825, 1.62035117770962, 1.3833553613136451, 1.783404873527106, -1.5878047061511775, 5.591408612551888, 5.152047041289372, 7.19080258943001, 5.364579546475203, 0.10555572398472018, 3.5749637770055065, -4.058446111891567, 4.258180029381354, 4.114692472280247, -4.0520938324660305, -3.3085906279306143, 2.2503012708209447, -6.279368377339098], Energy: -39.76825365539838
Eval count: 807, Parameters: [1.7617122854530074, 1.582047520835251, -5.692416850121033, -1.7209031466678082, -2.0947678020792133, -1.0478043508015984, 4.881451504505226, -1.2659983726414825, 1.62035117770962, 1.3833553613136451, 1.783404873527106, -1.5878047061511775, 5.591408612551888, 5.152047041289372, 7.19080258943001, 5.364579546475203, 0.10555572398472018, 3.5749637770055065, -4.058446111891567, 4.258180029381354, 4.114692472280247, -4.0520938324660305, -3.3085906279306143, 2.2503012708209447, -6.279368377339098], Energy: -39.768253652981514
Eval count: 808, Parameters: [1.7617122854530074, 1.582047520835251, -5.692416850121033, -1.7209031615689694, -2.094767787178052, -1.0478043508015984, 4.881451504505226, -1.2659983726414825, 1.62035117770962, 1.3833553613136451, 1.783404873527106, -1.5878047061511775, 5.591408612551888, 5.152047041289372, 7.19080258943001, 5.364579546475203, 0.10555572398472018, 3.5749637770055065, -4.058446111891567, 4.258180029381354, 4.114692472280247, -4.0520938324660305, -3.3085906279306143, 2.2503012708209447, -6.279368377339098], Energy: -39.76825365403465
Eval count: 809, Parameters: [1.7617122854530074, 1.582047520835251, -5.692416850121033, -1.7209031615689694, -2.0947678020792133, -1.0478043359004372, 4.881451504505226, -1.2659983726414825, 1.62035117770962, 1.3833553613136451, 1.783404873527106, -1.5878047061511775, 5.591408612551888, 5.152047041289372, 7.19080258943001, 5.364579546475203, 0.10555572398472018, 3.5749637770055065, -4.058446111891567, 4.258180029381354, 4.114692472280247, -4.0520938324660305, -3.3085906279306143, 2.2503012708209447, -6.279368377339098], Energy: -39.76825364906972
Eval count: 810, Parameters: [1.7617122854530074, 1.582047520835251, -5.692416850121033, -1.7209031615689694, -2.0947678020792133, -1.0478043508015984, 4.881451519406387, -1.2659983726414825, 1.62035117770962, 1.3833553613136451, 1.783404873527106, -1.5878047061511775, 5.591408612551888, 5.152047041289372, 7.19080258943001, 5.364579546475203, 0.10555572398472018, 3.5749637770055065, -4.058446111891567, 4.258180029381354, 4.114692472280247, -4.0520938324660305, -3.3085906279306143, 2.2503012708209447, -6.279368377339098], Energy: -39.768253649222004
Eval count: 811, Parameters: [1.7617122854530074, 1.582047520835251, -5.692416850121033, -1.7209031615689694, -2.0947678020792133, -1.0478043508015984, 4.881451504505226, -1.2659983577403213, 1.62035117770962, 1.3833553613136451, 1.783404873527106, -1.5878047061511775, 5.591408612551888, 5.152047041289372, 7.19080258943001, 5.364579546475203, 0.10555572398472018, 3.5749637770055065, -4.058446111891567, 4.258180029381354, 4.114692472280247, -4.0520938324660305, -3.3085906279306143, 2.2503012708209447, -6.279368377339098], Energy: -39.76825365094095
Eval count: 812, Parameters: [1.7617122854530074, 1.582047520835251, -5.692416850121033, -1.7209031615689694, -2.0947678020792133, -1.0478043508015984, 4.881451504505226, -1.2659983726414825, 1.6203511926107812, 1.3833553613136451, 1.783404873527106, -1.5878047061511775, 5.591408612551888, 5.152047041289372, 7.19080258943001, 5.364579546475203, 0.10555572398472018, 3.5749637770055065, -4.058446111891567, 4.258180029381354, 4.114692472280247, -4.0520938324660305, -3.3085906279306143, 2.2503012708209447, -6.279368377339098], Energy: -39.76825365188455
Eval count: 813, Parameters: [1.7617122854530074, 1.582047520835251, -5.692416850121033, -1.7209031615689694, -2.0947678020792133, -1.0478043508015984, 4.881451504505226, -1.2659983726414825, 1.62035117770962, 1.3833553762148063, 1.783404873527106, -1.5878047061511775, 5.591408612551888, 5.152047041289372, 7.19080258943001, 5.364579546475203, 0.10555572398472018, 3.5749637770055065, -4.058446111891567, 4.258180029381354, 4.114692472280247, -4.0520938324660305, -3.3085906279306143, 2.2503012708209447, -6.279368377339098], Energy: -39.76825364970796
Eval count: 814, Parameters: [1.7617122854530074, 1.582047520835251, -5.692416850121033, -1.7209031615689694, -2.0947678020792133, -1.0478043508015984, 4.881451504505226, -1.2659983726414825, 1.62035117770962, 1.3833553613136451, 1.7834048884282672, -1.5878047061511775, 5.591408612551888, 5.152047041289372, 7.19080258943001, 5.364579546475203, 0.10555572398472018, 3.5749637770055065, -4.058446111891567, 4.258180029381354, 4.114692472280247, -4.0520938324660305, -3.3085906279306143, 2.2503012708209447, -6.279368377339098], Energy: -39.76825365138586
Eval count: 815, Parameters: [1.7617122854530074, 1.582047520835251, -5.692416850121033, -1.7209031615689694, -2.0947678020792133, -1.0478043508015984, 4.881451504505226, -1.2659983726414825, 1.62035117770962, 1.3833553613136451, 1.783404873527106, -1.5878046912500163, 5.591408612551888, 5.152047041289372, 7.19080258943001, 5.364579546475203, 0.10555572398472018, 3.5749637770055065, -4.058446111891567, 4.258180029381354, 4.114692472280247, -4.0520938324660305, -3.3085906279306143, 2.2503012708209447, -6.279368377339098], Energy: -39.76825365178155
Eval count: 816, Parameters: [1.7617122854530074, 1.582047520835251, -5.692416850121033, -1.7209031615689694, -2.0947678020792133, -1.0478043508015984, 4.881451504505226, -1.2659983726414825, 1.62035117770962, 1.3833553613136451, 1.783404873527106, -1.5878047061511775, 5.591408627453049, 5.152047041289372, 7.19080258943001, 5.364579546475203, 0.10555572398472018, 3.5749637770055065, -4.058446111891567, 4.258180029381354, 4.114692472280247, -4.0520938324660305, -3.3085906279306143, 2.2503012708209447, -6.279368377339098], Energy: -39.76825365233776
Eval count: 817, Parameters: [1.7617122854530074, 1.582047520835251, -5.692416850121033, -1.7209031615689694, -2.0947678020792133, -1.0478043508015984, 4.881451504505226, -1.2659983726414825, 1.62035117770962, 1.3833553613136451, 1.783404873527106, -1.5878047061511775, 5.591408612551888, 5.152047056190534, 7.19080258943001, 5.364579546475203, 0.10555572398472018, 3.5749637770055065, -4.058446111891567, 4.258180029381354, 4.114692472280247, -4.0520938324660305, -3.3085906279306143, 2.2503012708209447, -6.279368377339098], Energy: -39.768253649891676
Eval count: 818, Parameters: [1.7617122854530074, 1.582047520835251, -5.692416850121033, -1.7209031615689694, -2.0947678020792133, -1.0478043508015984, 4.881451504505226, -1.2659983726414825, 1.62035117770962, 1.3833553613136451, 1.783404873527106, -1.5878047061511775, 5.591408612551888, 5.152047041289372, 7.1908026043311715, 5.364579546475203, 0.10555572398472018, 3.5749637770055065, -4.058446111891567, 4.258180029381354, 4.114692472280247, -4.0520938324660305, -3.3085906279306143, 2.2503012708209447, -6.279368377339098], Energy: -39.76825365148437
Eval count: 819, Parameters: [1.7617122854530074, 1.582047520835251, -5.692416850121033, -1.7209031615689694, -2.0947678020792133, -1.0478043508015984, 4.881451504505226, -1.2659983726414825, 1.62035117770962, 1.3833553613136451, 1.783404873527106, -1.5878047061511775, 5.591408612551888, 5.152047041289372, 7.19080258943001, 5.364579561376364, 0.10555572398472018, 3.5749637770055065, -4.058446111891567, 4.258180029381354, 4.114692472280247, -4.0520938324660305, -3.3085906279306143, 2.2503012708209447, -6.279368377339098], Energy: -39.76825364980891
Eval count: 820, Parameters: [1.7617122854530074, 1.582047520835251, -5.692416850121033, -1.7209031615689694, -2.0947678020792133, -1.0478043508015984, 4.881451504505226, -1.2659983726414825, 1.62035117770962, 1.3833553613136451, 1.783404873527106, -1.5878047061511775, 5.591408612551888, 5.152047041289372, 7.19080258943001, 5.364579546475203, 0.10555573888588138, 3.5749637770055065, -4.058446111891567, 4.258180029381354, 4.114692472280247, -4.0520938324660305, -3.3085906279306143, 2.2503012708209447, -6.279368377339098], Energy: -39.76825365406518
Eval count: 821, Parameters: [1.7617122854530074, 1.582047520835251, -5.692416850121033, -1.7209031615689694, -2.0947678020792133, -1.0478043508015984, 4.881451504505226, -1.2659983726414825, 1.62035117770962, 1.3833553613136451, 1.783404873527106, -1.5878047061511775, 5.591408612551888, 5.152047041289372, 7.19080258943001, 5.364579546475203, 0.10555572398472018, 3.5749637919066677, -4.058446111891567, 4.258180029381354, 4.114692472280247, -4.0520938324660305, -3.3085906279306143, 2.2503012708209447, -6.279368377339098], Energy: -39.76825365172374
Eval count: 822, Parameters: [1.7617122854530074, 1.582047520835251, -5.692416850121033, -1.7209031615689694, -2.0947678020792133, -1.0478043508015984, 4.881451504505226, -1.2659983726414825, 1.62035117770962, 1.3833553613136451, 1.783404873527106, -1.5878047061511775, 5.591408612551888, 5.152047041289372, 7.19080258943001, 5.364579546475203, 0.10555572398472018, 3.5749637770055065, -4.058446096990406, 4.258180029381354, 4.114692472280247, -4.0520938324660305, -3.3085906279306143, 2.2503012708209447, -6.279368377339098], Energy: -39.76825365080168
Eval count: 823, Parameters: [1.7617122854530074, 1.582047520835251, -5.692416850121033, -1.7209031615689694, -2.0947678020792133, -1.0478043508015984, 4.881451504505226, -1.2659983726414825, 1.62035117770962, 1.3833553613136451, 1.783404873527106, -1.5878047061511775, 5.591408612551888, 5.152047041289372, 7.19080258943001, 5.364579546475203, 0.10555572398472018, 3.5749637770055065, -4.058446111891567, 4.258180044282515, 4.114692472280247, -4.0520938324660305, -3.3085906279306143, 2.2503012708209447, -6.279368377339098], Energy: -39.76825365140769
Eval count: 824, Parameters: [1.7617122854530074, 1.582047520835251, -5.692416850121033, -1.7209031615689694, -2.0947678020792133, -1.0478043508015984, 4.881451504505226, -1.2659983726414825, 1.62035117770962, 1.3833553613136451, 1.783404873527106, -1.5878047061511775, 5.591408612551888, 5.152047041289372, 7.19080258943001, 5.364579546475203, 0.10555572398472018, 3.5749637770055065, -4.058446111891567, 4.258180029381354, 4.114692487181408, -4.0520938324660305, -3.3085906279306143, 2.2503012708209447, -6.279368377339098], Energy: -39.7682536511071
Eval count: 825, Parameters: [1.7617122854530074, 1.582047520835251, -5.692416850121033, -1.7209031615689694, -2.0947678020792133, -1.0478043508015984, 4.881451504505226, -1.2659983726414825, 1.62035117770962, 1.3833553613136451, 1.783404873527106, -1.5878047061511775, 5.591408612551888, 5.152047041289372, 7.19080258943001, 5.364579546475203, 0.10555572398472018, 3.5749637770055065, -4.058446111891567, 4.258180029381354, 4.114692472280247, -4.052093817564869, -3.3085906279306143, 2.2503012708209447, -6.279368377339098], Energy: -39.76825365086063
Eval count: 826, Parameters: [1.7617122854530074, 1.582047520835251, -5.692416850121033, -1.7209031615689694, -2.0947678020792133, -1.0478043508015984, 4.881451504505226, -1.2659983726414825, 1.62035117770962, 1.3833553613136451, 1.783404873527106, -1.5878047061511775, 5.591408612551888, 5.152047041289372, 7.19080258943001, 5.364579546475203, 0.10555572398472018, 3.5749637770055065, -4.058446111891567, 4.258180029381354, 4.114692472280247, -4.0520938324660305, -3.308590613029453, 2.2503012708209447, -6.279368377339098], Energy: -39.76825365114263
Eval count: 827, Parameters: [1.7617122854530074, 1.582047520835251, -5.692416850121033, -1.7209031615689694, -2.0947678020792133, -1.0478043508015984, 4.881451504505226, -1.2659983726414825, 1.62035117770962, 1.3833553613136451, 1.783404873527106, -1.5878047061511775, 5.591408612551888, 5.152047041289372, 7.19080258943001, 5.364579546475203, 0.10555572398472018, 3.5749637770055065, -4.058446111891567, 4.258180029381354, 4.114692472280247, -4.0520938324660305, -3.3085906279306143, 2.250301285722106, -6.279368377339098], Energy: -39.768253650963516
Eval count: 828, Parameters: [1.7617122854530074, 1.582047520835251, -5.692416850121033, -1.7209031615689694, -2.0947678020792133, -1.0478043508015984, 4.881451504505226, -1.2659983726414825, 1.62035117770962, 1.3833553613136451, 1.783404873527106, -1.5878047061511775, 5.591408612551888, 5.152047041289372, 7.19080258943001, 5.364579546475203, 0.10555572398472018, 3.5749637770055065, -4.058446111891567, 4.258180029381354, 4.114692472280247, -4.0520938324660305, -3.3085906279306143, 2.2503012708209447, -6.279368362437936], Energy: -39.76825365094248
Eval count: 829, Parameters: [1.7559246480408657, 1.5807775627731928, -5.690374045780508, -1.708697743055469, -2.0934804977901704, -1.0586932754892988, 4.836945115357725, -1.2675094050716778, 1.6443898278091185, 1.374167280086307, 1.8277658739555178, -1.5491177937612424, 5.599374554643732, 5.095823434273536, 7.17471875613628, 5.223166977807476, 0.33554963387818665, 3.6602453723641957, -4.083155671203099, 4.289339382766496, 4.127625957407685, -4.059748537045139, -3.2915661546725135, 2.250915856932882, -6.280583080378043], Energy: -39.82889936509679
Eval count: 830, Parameters: [1.7559246629420269, 1.5807775627731928, -5.690374045780508, -1.708697743055469, -2.0934804977901704, -1.0586932754892988, 4.836945115357725, -1.2675094050716778, 1.6443898278091185, 1.374167280086307, 1.8277658739555178, -1.5491177937612424, 5.599374554643732, 5.095823434273536, 7.17471875613628, 5.223166977807476, 0.33554963387818665, 3.6602453723641957, -4.083155671203099, 4.289339382766496, 4.127625957407685, -4.059748537045139, -3.2915661546725135, 2.250915856932882, -6.280583080378043], Energy: -39.828899368535644
Eval count: 831, Parameters: [1.7559246480408657, 1.580777577674354, -5.690374045780508, -1.708697743055469, -2.0934804977901704, -1.0586932754892988, 4.836945115357725, -1.2675094050716778, 1.6443898278091185, 1.374167280086307, 1.8277658739555178, -1.5491177937612424, 5.599374554643732, 5.095823434273536, 7.17471875613628, 5.223166977807476, 0.33554963387818665, 3.6602453723641957, -4.083155671203099, 4.289339382766496, 4.127625957407685, -4.059748537045139, -3.2915661546725135, 2.250915856932882, -6.280583080378043], Energy: -39.828899360787034
Eval count: 832, Parameters: [1.7559246480408657, 1.5807775627731928, -5.6903740308793465, -1.708697743055469, -2.0934804977901704, -1.0586932754892988, 4.836945115357725, -1.2675094050716778, 1.6443898278091185, 1.374167280086307, 1.8277658739555178, -1.5491177937612424, 5.599374554643732, 5.095823434273536, 7.17471875613628, 5.223166977807476, 0.33554963387818665, 3.6602453723641957, -4.083155671203099, 4.289339382766496, 4.127625957407685, -4.059748537045139, -3.2915661546725135, 2.250915856932882, -6.280583080378043], Energy: -39.828899368905525
Eval count: 833, Parameters: [1.7559246480408657, 1.5807775627731928, -5.690374045780508, -1.7086977281543079, -2.0934804977901704, -1.0586932754892988, 4.836945115357725, -1.2675094050716778, 1.6443898278091185, 1.374167280086307, 1.8277658739555178, -1.5491177937612424, 5.599374554643732, 5.095823434273536, 7.17471875613628, 5.223166977807476, 0.33554963387818665, 3.6602453723641957, -4.083155671203099, 4.289339382766496, 4.127625957407685, -4.059748537045139, -3.2915661546725135, 2.250915856932882, -6.280583080378043], Energy: -39.828899366434314
Eval count: 834, Parameters: [1.7559246480408657, 1.5807775627731928, -5.690374045780508, -1.708697743055469, -2.0934804828890092, -1.0586932754892988, 4.836945115357725, -1.2675094050716778, 1.6443898278091185, 1.374167280086307, 1.8277658739555178, -1.5491177937612424, 5.599374554643732, 5.095823434273536, 7.17471875613628, 5.223166977807476, 0.33554963387818665, 3.6602453723641957, -4.083155671203099, 4.289339382766496, 4.127625957407685, -4.059748537045139, -3.2915661546725135, 2.250915856932882, -6.280583080378043], Energy: -39.82889936901853
Eval count: 835, Parameters: [1.7559246480408657, 1.5807775627731928, -5.690374045780508, -1.708697743055469, -2.0934804977901704, -1.0586932605881376, 4.836945115357725, -1.2675094050716778, 1.6443898278091185, 1.374167280086307, 1.8277658739555178, -1.5491177937612424, 5.599374554643732, 5.095823434273536, 7.17471875613628, 5.223166977807476, 0.33554963387818665, 3.6602453723641957, -4.083155671203099, 4.289339382766496, 4.127625957407685, -4.059748537045139, -3.2915661546725135, 2.250915856932882, -6.280583080378043], Energy: -39.82889936384038
Eval count: 836, Parameters: [1.7559246480408657, 1.5807775627731928, -5.690374045780508, -1.708697743055469, -2.0934804977901704, -1.0586932754892988, 4.836945130258886, -1.2675094050716778, 1.6443898278091185, 1.374167280086307, 1.8277658739555178, -1.5491177937612424, 5.599374554643732, 5.095823434273536, 7.17471875613628, 5.223166977807476, 0.33554963387818665, 3.6602453723641957, -4.083155671203099, 4.289339382766496, 4.127625957407685, -4.059748537045139, -3.2915661546725135, 2.250915856932882, -6.280583080378043], Energy: -39.82889936613691
Eval count: 837, Parameters: [1.7559246480408657, 1.5807775627731928, -5.690374045780508, -1.708697743055469, -2.0934804977901704, -1.0586932754892988, 4.836945115357725, -1.2675093901705166, 1.6443898278091185, 1.374167280086307, 1.8277658739555178, -1.5491177937612424, 5.599374554643732, 5.095823434273536, 7.17471875613628, 5.223166977807476, 0.33554963387818665, 3.6602453723641957, -4.083155671203099, 4.289339382766496, 4.127625957407685, -4.059748537045139, -3.2915661546725135, 2.250915856932882, -6.280583080378043], Energy: -39.82889936440864
Eval count: 838, Parameters: [1.7559246480408657, 1.5807775627731928, -5.690374045780508, -1.708697743055469, -2.0934804977901704, -1.0586932754892988, 4.836945115357725, -1.2675094050716778, 1.6443898427102797, 1.374167280086307, 1.8277658739555178, -1.5491177937612424, 5.599374554643732, 5.095823434273536, 7.17471875613628, 5.223166977807476, 0.33554963387818665, 3.6602453723641957, -4.083155671203099, 4.289339382766496, 4.127625957407685, -4.059748537045139, -3.2915661546725135, 2.250915856932882, -6.280583080378043], Energy: -39.82889936476113
Eval count: 839, Parameters: [1.7559246480408657, 1.5807775627731928, -5.690374045780508, -1.708697743055469, -2.0934804977901704, -1.0586932754892988, 4.836945115357725, -1.2675094050716778, 1.6443898278091185, 1.3741672949874681, 1.8277658739555178, -1.5491177937612424, 5.599374554643732, 5.095823434273536, 7.17471875613628, 5.223166977807476, 0.33554963387818665, 3.6602453723641957, -4.083155671203099, 4.289339382766496, 4.127625957407685, -4.059748537045139, -3.2915661546725135, 2.250915856932882, -6.280583080378043], Energy: -39.82889936514084
Eval count: 840, Parameters: [1.7559246480408657, 1.5807775627731928, -5.690374045780508, -1.708697743055469, -2.0934804977901704, -1.0586932754892988, 4.836945115357725, -1.2675094050716778, 1.6443898278091185, 1.374167280086307, 1.827765888856679, -1.5491177937612424, 5.599374554643732, 5.095823434273536, 7.17471875613628, 5.223166977807476, 0.33554963387818665, 3.6602453723641957, -4.083155671203099, 4.289339382766496, 4.127625957407685, -4.059748537045139, -3.2915661546725135, 2.250915856932882, -6.280583080378043], Energy: -39.82889936270368
Eval count: 841, Parameters: [1.7559246480408657, 1.5807775627731928, -5.690374045780508, -1.708697743055469, -2.0934804977901704, -1.0586932754892988, 4.836945115357725, -1.2675094050716778, 1.6443898278091185, 1.374167280086307, 1.8277658739555178, -1.5491177788600812, 5.599374554643732, 5.095823434273536, 7.17471875613628, 5.223166977807476, 0.33554963387818665, 3.6602453723641957, -4.083155671203099, 4.289339382766496, 4.127625957407685, -4.059748537045139, -3.2915661546725135, 2.250915856932882, -6.280583080378043], Energy: -39.828899362993184
Eval count: 842, Parameters: [1.7559246480408657, 1.5807775627731928, -5.690374045780508, -1.708697743055469, -2.0934804977901704, -1.0586932754892988, 4.836945115357725, -1.2675094050716778, 1.6443898278091185, 1.374167280086307, 1.8277658739555178, -1.5491177937612424, 5.599374569544893, 5.095823434273536, 7.17471875613628, 5.223166977807476, 0.33554963387818665, 3.6602453723641957, -4.083155671203099, 4.289339382766496, 4.127625957407685, -4.059748537045139, -3.2915661546725135, 2.250915856932882, -6.280583080378043], Energy: -39.82889936401324
Eval count: 843, Parameters: [1.7559246480408657, 1.5807775627731928, -5.690374045780508, -1.708697743055469, -2.0934804977901704, -1.0586932754892988, 4.836945115357725, -1.2675094050716778, 1.6443898278091185, 1.374167280086307, 1.8277658739555178, -1.5491177937612424, 5.599374554643732, 5.095823449174697, 7.17471875613628, 5.223166977807476, 0.33554963387818665, 3.6602453723641957, -4.083155671203099, 4.289339382766496, 4.127625957407685, -4.059748537045139, -3.2915661546725135, 2.250915856932882, -6.280583080378043], Energy: -39.828899365186544
Eval count: 844, Parameters: [1.7559246480408657, 1.5807775627731928, -5.690374045780508, -1.708697743055469, -2.0934804977901704, -1.0586932754892988, 4.836945115357725, -1.2675094050716778, 1.6443898278091185, 1.374167280086307, 1.8277658739555178, -1.5491177937612424, 5.599374554643732, 5.095823434273536, 7.174718771037441, 5.223166977807476, 0.33554963387818665, 3.6602453723641957, -4.083155671203099, 4.289339382766496, 4.127625957407685, -4.059748537045139, -3.2915661546725135, 2.250915856932882, -6.280583080378043], Energy: -39.828899366487974
Eval count: 845, Parameters: [1.7559246480408657, 1.5807775627731928, -5.690374045780508, -1.708697743055469, -2.0934804977901704, -1.0586932754892988, 4.836945115357725, -1.2675094050716778, 1.6443898278091185, 1.374167280086307, 1.8277658739555178, -1.5491177937612424, 5.599374554643732, 5.095823434273536, 7.17471875613628, 5.223166992708637, 0.33554963387818665, 3.6602453723641957, -4.083155671203099, 4.289339382766496, 4.127625957407685, -4.059748537045139, -3.2915661546725135, 2.250915856932882, -6.280583080378043], Energy: -39.82889936540295
Eval count: 846, Parameters: [1.7559246480408657, 1.5807775627731928, -5.690374045780508, -1.708697743055469, -2.0934804977901704, -1.0586932754892988, 4.836945115357725, -1.2675094050716778, 1.6443898278091185, 1.374167280086307, 1.8277658739555178, -1.5491177937612424, 5.599374554643732, 5.095823434273536, 7.17471875613628, 5.223166977807476, 0.33554964877934784, 3.6602453723641957, -4.083155671203099, 4.289339382766496, 4.127625957407685, -4.059748537045139, -3.2915661546725135, 2.250915856932882, -6.280583080378043], Energy: -39.828899367216366
Eval count: 847, Parameters: [1.7559246480408657, 1.5807775627731928, -5.690374045780508, -1.708697743055469, -2.0934804977901704, -1.0586932754892988, 4.836945115357725, -1.2675094050716778, 1.6443898278091185, 1.374167280086307, 1.8277658739555178, -1.5491177937612424, 5.599374554643732, 5.095823434273536, 7.17471875613628, 5.223166977807476, 0.33554963387818665, 3.660245387265357, -4.083155671203099, 4.289339382766496, 4.127625957407685, -4.059748537045139, -3.2915661546725135, 2.250915856932882, -6.280583080378043], Energy: -39.828899367749955
Eval count: 848, Parameters: [1.7559246480408657, 1.5807775627731928, -5.690374045780508, -1.708697743055469, -2.0934804977901704, -1.0586932754892988, 4.836945115357725, -1.2675094050716778, 1.6443898278091185, 1.374167280086307, 1.8277658739555178, -1.5491177937612424, 5.599374554643732, 5.095823434273536, 7.17471875613628, 5.223166977807476, 0.33554963387818665, 3.6602453723641957, -4.083155656301938, 4.289339382766496, 4.127625957407685, -4.059748537045139, -3.2915661546725135, 2.250915856932882, -6.280583080378043], Energy: -39.828899364387155
Eval count: 849, Parameters: [1.7559246480408657, 1.5807775627731928, -5.690374045780508, -1.708697743055469, -2.0934804977901704, -1.0586932754892988, 4.836945115357725, -1.2675094050716778, 1.6443898278091185, 1.374167280086307, 1.8277658739555178, -1.5491177937612424, 5.599374554643732, 5.095823434273536, 7.17471875613628, 5.223166977807476, 0.33554963387818665, 3.6602453723641957, -4.083155671203099, 4.289339397667657, 4.127625957407685, -4.059748537045139, -3.2915661546725135, 2.250915856932882, -6.280583080378043], Energy: -39.82889936697393
Eval count: 850, Parameters: [1.7559246480408657, 1.5807775627731928, -5.690374045780508, -1.708697743055469, -2.0934804977901704, -1.0586932754892988, 4.836945115357725, -1.2675094050716778, 1.6443898278091185, 1.374167280086307, 1.8277658739555178, -1.5491177937612424, 5.599374554643732, 5.095823434273536, 7.17471875613628, 5.223166977807476, 0.33554963387818665, 3.6602453723641957, -4.083155671203099, 4.289339382766496, 4.127625972308846, -4.059748537045139, -3.2915661546725135, 2.250915856932882, -6.280583080378043], Energy: -39.82889936567568
Eval count: 851, Parameters: [1.7559246480408657, 1.5807775627731928, -5.690374045780508, -1.708697743055469, -2.0934804977901704, -1.0586932754892988, 4.836945115357725, -1.2675094050716778, 1.6443898278091185, 1.374167280086307, 1.8277658739555178, -1.5491177937612424, 5.599374554643732, 5.095823434273536, 7.17471875613628, 5.223166977807476, 0.33554963387818665, 3.6602453723641957, -4.083155671203099, 4.289339382766496, 4.127625957407685, -4.059748522143978, -3.2915661546725135, 2.250915856932882, -6.280583080378043], Energy: -39.82889936467791
Eval count: 852, Parameters: [1.7559246480408657, 1.5807775627731928, -5.690374045780508, -1.708697743055469, -2.0934804977901704, -1.0586932754892988, 4.836945115357725, -1.2675094050716778, 1.6443898278091185, 1.374167280086307, 1.8277658739555178, -1.5491177937612424, 5.599374554643732, 5.095823434273536, 7.17471875613628, 5.223166977807476, 0.33554963387818665, 3.6602453723641957, -4.083155671203099, 4.289339382766496, 4.127625957407685, -4.059748537045139, -3.2915661397713523, 2.250915856932882, -6.280583080378043], Energy: -39.82889936587168
Eval count: 853, Parameters: [1.7559246480408657, 1.5807775627731928, -5.690374045780508, -1.708697743055469, -2.0934804977901704, -1.0586932754892988, 4.836945115357725, -1.2675094050716778, 1.6443898278091185, 1.374167280086307, 1.8277658739555178, -1.5491177937612424, 5.599374554643732, 5.095823434273536, 7.17471875613628, 5.223166977807476, 0.33554963387818665, 3.6602453723641957, -4.083155671203099, 4.289339382766496, 4.127625957407685, -4.059748537045139, -3.2915661546725135, 2.250915871834043, -6.280583080378043], Energy: -39.828899365125665
Eval count: 854, Parameters: [1.7559246480408657, 1.5807775627731928, -5.690374045780508, -1.708697743055469, -2.0934804977901704, -1.0586932754892988, 4.836945115357725, -1.2675094050716778, 1.6443898278091185, 1.374167280086307, 1.8277658739555178, -1.5491177937612424, 5.599374554643732, 5.095823434273536, 7.17471875613628, 5.223166977807476, 0.33554963387818665, 3.6602453723641957, -4.083155671203099, 4.289339382766496, 4.127625957407685, -4.059748537045139, -3.2915661546725135, 2.250915856932882, -6.280583065476882], Energy: -39.828899365039945
Eval count: 855, Parameters: [1.7465589106098207, 1.5591879590553552, -5.657989431377627, -1.6537844096798944, -2.050018730800773, -1.1376788717256754, 4.597980999494916, -1.2330271363747323, 1.6591223339763443, 1.3403558764327594, 1.8007646597390456, -1.5541159614558075, 5.5893756678983095, 4.7781474184003345, 7.356263088949463, 4.484612742165122, 1.4936869645032156, 4.459240738331736, -4.2661666819164665, 4.810658947858218, 4.298042238036857, -4.167146164331137, -3.07515857396327, 2.259003716498576, -6.297906115575505], Energy: -39.56787423080982
Eval count: 856, Parameters: [1.7530244067042047, 1.5740920175499142, -5.680345663279442, -1.691693004180153, -2.080021908531714, -1.083152352299015, 4.762946285910862, -1.256831452396511, 1.6489519697326334, 1.3636970708530751, 1.819404542219794, -1.5506655514965053, 5.596278249107391, 4.9974502821662306, 7.230936686901248, 4.994462560312706, 0.6941842619081435, 3.9076662941272327, -4.139827780819973, 4.450773820088801, 4.180397919590018, -4.09300582622364, -3.2245522952983086, 2.253420384185566, -6.285947418544259], Energy: -39.96880809105437
Eval count: 857, Parameters: [1.7530244216053659, 1.5740920175499142, -5.680345663279442, -1.691693004180153, -2.080021908531714, -1.083152352299015, 4.762946285910862, -1.256831452396511, 1.6489519697326334, 1.3636970708530751, 1.819404542219794, -1.5506655514965053, 5.596278249107391, 4.9974502821662306, 7.230936686901248, 4.994462560312706, 0.6941842619081435, 3.9076662941272327, -4.139827780819973, 4.450773820088801, 4.180397919590018, -4.09300582622364, -3.2245522952983086, 2.253420384185566, -6.285947418544259], Energy: -39.9688081002987
Eval count: 858, Parameters: [1.7530244067042047, 1.5740920324510754, -5.680345663279442, -1.691693004180153, -2.080021908531714, -1.083152352299015, 4.762946285910862, -1.256831452396511, 1.6489519697326334, 1.3636970708530751, 1.819404542219794, -1.5506655514965053, 5.596278249107391, 4.9974502821662306, 7.230936686901248, 4.994462560312706, 0.6941842619081435, 3.9076662941272327, -4.139827780819973, 4.450773820088801, 4.180397919590018, -4.09300582622364, -3.2245522952983086, 2.253420384185566, -6.285947418544259], Energy: -39.96880808313921
Eval count: 859, Parameters: [1.7530244067042047, 1.5740920175499142, -5.680345648378281, -1.691693004180153, -2.080021908531714, -1.083152352299015, 4.762946285910862, -1.256831452396511, 1.6489519697326334, 1.3636970708530751, 1.819404542219794, -1.5506655514965053, 5.596278249107391, 4.9974502821662306, 7.230936686901248, 4.994462560312706, 0.6941842619081435, 3.9076662941272327, -4.139827780819973, 4.450773820088801, 4.180397919590018, -4.09300582622364, -3.2245522952983086, 2.253420384185566, -6.285947418544259], Energy: -39.968808092090626
Eval count: 860, Parameters: [1.7530244067042047, 1.5740920175499142, -5.680345663279442, -1.6916929892789918, -2.080021908531714, -1.083152352299015, 4.762946285910862, -1.256831452396511, 1.6489519697326334, 1.3636970708530751, 1.819404542219794, -1.5506655514965053, 5.596278249107391, 4.9974502821662306, 7.230936686901248, 4.994462560312706, 0.6941842619081435, 3.9076662941272327, -4.139827780819973, 4.450773820088801, 4.180397919590018, -4.09300582622364, -3.2245522952983086, 2.253420384185566, -6.285947418544259], Energy: -39.96880809183523
Eval count: 861, Parameters: [1.7530244067042047, 1.5740920175499142, -5.680345663279442, -1.691693004180153, -2.080021893630553, -1.083152352299015, 4.762946285910862, -1.256831452396511, 1.6489519697326334, 1.3636970708530751, 1.819404542219794, -1.5506655514965053, 5.596278249107391, 4.9974502821662306, 7.230936686901248, 4.994462560312706, 0.6941842619081435, 3.9076662941272327, -4.139827780819973, 4.450773820088801, 4.180397919590018, -4.09300582622364, -3.2245522952983086, 2.253420384185566, -6.285947418544259], Energy: -39.96880809514289
Eval count: 862, Parameters: [1.7530244067042047, 1.5740920175499142, -5.680345663279442, -1.691693004180153, -2.080021908531714, -1.0831523373978538, 4.762946285910862, -1.256831452396511, 1.6489519697326334, 1.3636970708530751, 1.819404542219794, -1.5506655514965053, 5.596278249107391, 4.9974502821662306, 7.230936686901248, 4.994462560312706, 0.6941842619081435, 3.9076662941272327, -4.139827780819973, 4.450773820088801, 4.180397919590018, -4.09300582622364, -3.2245522952983086, 2.253420384185566, -6.285947418544259], Energy: -39.968808089451045
Eval count: 863, Parameters: [1.7530244067042047, 1.5740920175499142, -5.680345663279442, -1.691693004180153, -2.080021908531714, -1.083152352299015, 4.762946300812024, -1.256831452396511, 1.6489519697326334, 1.3636970708530751, 1.819404542219794, -1.5506655514965053, 5.596278249107391, 4.9974502821662306, 7.230936686901248, 4.994462560312706, 0.6941842619081435, 3.9076662941272327, -4.139827780819973, 4.450773820088801, 4.180397919590018, -4.09300582622364, -3.2245522952983086, 2.253420384185566, -6.285947418544259], Energy: -39.96880809738684
Eval count: 864, Parameters: [1.7530244067042047, 1.5740920175499142, -5.680345663279442, -1.691693004180153, -2.080021908531714, -1.083152352299015, 4.762946285910862, -1.2568314374953498, 1.6489519697326334, 1.3636970708530751, 1.819404542219794, -1.5506655514965053, 5.596278249107391, 4.9974502821662306, 7.230936686901248, 4.994462560312706, 0.6941842619081435, 3.9076662941272327, -4.139827780819973, 4.450773820088801, 4.180397919590018, -4.09300582622364, -3.2245522952983086, 2.253420384185566, -6.285947418544259], Energy: -39.9688080888759
Eval count: 865, Parameters: [1.7530244067042047, 1.5740920175499142, -5.680345663279442, -1.691693004180153, -2.080021908531714, -1.083152352299015, 4.762946285910862, -1.256831452396511, 1.6489519846337946, 1.3636970708530751, 1.819404542219794, -1.5506655514965053, 5.596278249107391, 4.9974502821662306, 7.230936686901248, 4.994462560312706, 0.6941842619081435, 3.9076662941272327, -4.139827780819973, 4.450773820088801, 4.180397919590018, -4.09300582622364, -3.2245522952983086, 2.253420384185566, -6.285947418544259], Energy: -39.968808091327844
Eval count: 866, Parameters: [1.7530244067042047, 1.5740920175499142, -5.680345663279442, -1.691693004180153, -2.080021908531714, -1.083152352299015, 4.762946285910862, -1.256831452396511, 1.6489519697326334, 1.3636970857542363, 1.819404542219794, -1.5506655514965053, 5.596278249107391, 4.9974502821662306, 7.230936686901248, 4.994462560312706, 0.6941842619081435, 3.9076662941272327, -4.139827780819973, 4.450773820088801, 4.180397919590018, -4.09300582622364, -3.2245522952983086, 2.253420384185566, -6.285947418544259], Energy: -39.96880809300268
Eval count: 867, Parameters: [1.7530244067042047, 1.5740920175499142, -5.680345663279442, -1.691693004180153, -2.080021908531714, -1.083152352299015, 4.762946285910862, -1.256831452396511, 1.6489519697326334, 1.3636970708530751, 1.8194045571209552, -1.5506655514965053, 5.596278249107391, 4.9974502821662306, 7.230936686901248, 4.994462560312706, 0.6941842619081435, 3.9076662941272327, -4.139827780819973, 4.450773820088801, 4.180397919590018, -4.09300582622364, -3.2245522952983086, 2.253420384185566, -6.285947418544259], Energy: -39.968808089160575
Eval count: 868, Parameters: [1.7530244067042047, 1.5740920175499142, -5.680345663279442, -1.691693004180153, -2.080021908531714, -1.083152352299015, 4.762946285910862, -1.256831452396511, 1.6489519697326334, 1.3636970708530751, 1.819404542219794, -1.5506655365953441, 5.596278249107391, 4.9974502821662306, 7.230936686901248, 4.994462560312706, 0.6941842619081435, 3.9076662941272327, -4.139827780819973, 4.450773820088801, 4.180397919590018, -4.09300582622364, -3.2245522952983086, 2.253420384185566, -6.285947418544259], Energy: -39.9688080889909
Eval count: 869, Parameters: [1.7530244067042047, 1.5740920175499142, -5.680345663279442, -1.691693004180153, -2.080021908531714, -1.083152352299015, 4.762946285910862, -1.256831452396511, 1.6489519697326334, 1.3636970708530751, 1.819404542219794, -1.5506655514965053, 5.596278264008552, 4.9974502821662306, 7.230936686901248, 4.994462560312706, 0.6941842619081435, 3.9076662941272327, -4.139827780819973, 4.450773820088801, 4.180397919590018, -4.09300582622364, -3.2245522952983086, 2.253420384185566, -6.285947418544259], Energy: -39.96880808524077
Eval count: 870, Parameters: [1.7530244067042047, 1.5740920175499142, -5.680345663279442, -1.691693004180153, -2.080021908531714, -1.083152352299015, 4.762946285910862, -1.256831452396511, 1.6489519697326334, 1.3636970708530751, 1.819404542219794, -1.5506655514965053, 5.596278249107391, 4.997450297067392, 7.230936686901248, 4.994462560312706, 0.6941842619081435, 3.9076662941272327, -4.139827780819973, 4.450773820088801, 4.180397919590018, -4.09300582622364, -3.2245522952983086, 2.253420384185566, -6.285947418544259], Energy: -39.96880809331054
Eval count: 871, Parameters: [1.7530244067042047, 1.5740920175499142, -5.680345663279442, -1.691693004180153, -2.080021908531714, -1.083152352299015, 4.762946285910862, -1.256831452396511, 1.6489519697326334, 1.3636970708530751, 1.819404542219794, -1.5506655514965053, 5.596278249107391, 4.9974502821662306, 7.230936701802409, 4.994462560312706, 0.6941842619081435, 3.9076662941272327, -4.139827780819973, 4.450773820088801, 4.180397919590018, -4.09300582622364, -3.2245522952983086, 2.253420384185566, -6.285947418544259], Energy: -39.968808092825725
Eval count: 872, Parameters: [1.7530244067042047, 1.5740920175499142, -5.680345663279442, -1.691693004180153, -2.080021908531714, -1.083152352299015, 4.762946285910862, -1.256831452396511, 1.6489519697326334, 1.3636970708530751, 1.819404542219794, -1.5506655514965053, 5.596278249107391, 4.9974502821662306, 7.230936686901248, 4.994462575213867, 0.6941842619081435, 3.9076662941272327, -4.139827780819973, 4.450773820088801, 4.180397919590018, -4.09300582622364, -3.2245522952983086, 2.253420384185566, -6.285947418544259], Energy: -39.96880809465267
Eval count: 873, Parameters: [1.7530244067042047, 1.5740920175499142, -5.680345663279442, -1.691693004180153, -2.080021908531714, -1.083152352299015, 4.762946285910862, -1.256831452396511, 1.6489519697326334, 1.3636970708530751, 1.819404542219794, -1.5506655514965053, 5.596278249107391, 4.9974502821662306, 7.230936686901248, 4.994462560312706, 0.6941842768093047, 3.9076662941272327, -4.139827780819973, 4.450773820088801, 4.180397919590018, -4.09300582622364, -3.2245522952983086, 2.253420384185566, -6.285947418544259], Energy: -39.96880809175116
Eval count: 874, Parameters: [1.7530244067042047, 1.5740920175499142, -5.680345663279442, -1.691693004180153, -2.080021908531714, -1.083152352299015, 4.762946285910862, -1.256831452396511, 1.6489519697326334, 1.3636970708530751, 1.819404542219794, -1.5506655514965053, 5.596278249107391, 4.9974502821662306, 7.230936686901248, 4.994462560312706, 0.6941842619081435, 3.907666309028394, -4.139827780819973, 4.450773820088801, 4.180397919590018, -4.09300582622364, -3.2245522952983086, 2.253420384185566, -6.285947418544259], Energy: -39.968808097142016
Eval count: 875, Parameters: [1.7530244067042047, 1.5740920175499142, -5.680345663279442, -1.691693004180153, -2.080021908531714, -1.083152352299015, 4.762946285910862, -1.256831452396511, 1.6489519697326334, 1.3636970708530751, 1.819404542219794, -1.5506655514965053, 5.596278249107391, 4.9974502821662306, 7.230936686901248, 4.994462560312706, 0.6941842619081435, 3.9076662941272327, -4.139827765918811, 4.450773820088801, 4.180397919590018, -4.09300582622364, -3.2245522952983086, 2.253420384185566, -6.285947418544259], Energy: -39.968808088061564
Eval count: 876, Parameters: [1.7530244067042047, 1.5740920175499142, -5.680345663279442, -1.691693004180153, -2.080021908531714, -1.083152352299015, 4.762946285910862, -1.256831452396511, 1.6489519697326334, 1.3636970708530751, 1.819404542219794, -1.5506655514965053, 5.596278249107391, 4.9974502821662306, 7.230936686901248, 4.994462560312706, 0.6941842619081435, 3.9076662941272327, -4.139827780819973, 4.450773834989962, 4.180397919590018, -4.09300582622364, -3.2245522952983086, 2.253420384185566, -6.285947418544259], Energy: -39.96880809709796
Eval count: 877, Parameters: [1.7530244067042047, 1.5740920175499142, -5.680345663279442, -1.691693004180153, -2.080021908531714, -1.083152352299015, 4.762946285910862, -1.256831452396511, 1.6489519697326334, 1.3636970708530751, 1.819404542219794, -1.5506655514965053, 5.596278249107391, 4.9974502821662306, 7.230936686901248, 4.994462560312706, 0.6941842619081435, 3.9076662941272327, -4.139827780819973, 4.450773820088801, 4.180397934491179, -4.09300582622364, -3.2245522952983086, 2.253420384185566, -6.285947418544259], Energy: -39.96880809259534
Eval count: 878, Parameters: [1.7530244067042047, 1.5740920175499142, -5.680345663279442, -1.691693004180153, -2.080021908531714, -1.083152352299015, 4.762946285910862, -1.256831452396511, 1.6489519697326334, 1.3636970708530751, 1.819404542219794, -1.5506655514965053, 5.596278249107391, 4.9974502821662306, 7.230936686901248, 4.994462560312706, 0.6941842619081435, 3.9076662941272327, -4.139827780819973, 4.450773820088801, 4.180397919590018, -4.093005811322479, -3.2245522952983086, 2.253420384185566, -6.285947418544259], Energy: -39.968808089459685
Eval count: 879, Parameters: [1.7530244067042047, 1.5740920175499142, -5.680345663279442, -1.691693004180153, -2.080021908531714, -1.083152352299015, 4.762946285910862, -1.256831452396511, 1.6489519697326334, 1.3636970708530751, 1.819404542219794, -1.5506655514965053, 5.596278249107391, 4.9974502821662306, 7.230936686901248, 4.994462560312706, 0.6941842619081435, 3.9076662941272327, -4.139827780819973, 4.450773820088801, 4.180397919590018, -4.09300582622364, -3.2245522803971474, 2.253420384185566, -6.285947418544259], Energy: -39.96880809373749
Eval count: 880, Parameters: [1.7530244067042047, 1.5740920175499142, -5.680345663279442, -1.691693004180153, -2.080021908531714, -1.083152352299015, 4.762946285910862, -1.256831452396511, 1.6489519697326334, 1.3636970708530751, 1.819404542219794, -1.5506655514965053, 5.596278249107391, 4.9974502821662306, 7.230936686901248, 4.994462560312706, 0.6941842619081435, 3.9076662941272327, -4.139827780819973, 4.450773820088801, 4.180397919590018, -4.09300582622364, -3.2245522952983086, 2.253420399086727, -6.285947418544259], Energy: -39.968808091124686
Eval count: 881, Parameters: [1.7530244067042047, 1.5740920175499142, -5.680345663279442, -1.691693004180153, -2.080021908531714, -1.083152352299015, 4.762946285910862, -1.256831452396511, 1.6489519697326334, 1.3636970708530751, 1.819404542219794, -1.5506655514965053, 5.596278249107391, 4.9974502821662306, 7.230936686901248, 4.994462560312706, 0.6941842619081435, 3.9076662941272327, -4.139827780819973, 4.450773820088801, 4.180397919590018, -4.09300582622364, -3.2245522952983086, 2.253420384185566, -6.285947403643098], Energy: -39.9688080909159
Eval count: 882, Parameters: [0.6538241027073308, -1.1706257021453301, -1.7662473420805394, 5.803247350030437, 3.5701285878936533, -11.37876972375776, -25.279969791943188, 2.792448836634684, 4.505528128070665, -2.6467803375883876, 0.9166773694849373, 0.2927642230830947, 3.285688319578484, -35.23778420386509, 30.342520023259695, -91.39068974533319, 149.06907132474424, 111.1832068655433, -29.612861749456265, 76.91346253453564, 27.429175826152797, -19.20235649035554, 26.84542356257495, 3.351006752517737, -8.639820304235132], Energy: -27.35094190800936
Eval count: 883, Parameters: [1.3000639071936466, 0.44304365010680136, -4.067416769194335, 1.3968359147990421, 0.24830258507026404, -5.325789449821865, -7.617194279822867, 0.411803477659916, 2.826095169989996, -0.28894789621802164, 1.4474070549584572, -0.7910215917286542, 4.644126066436183, -11.582759752754768, 16.754800803797075, -34.724109728119586, 61.836782853289186, 48.11396997308977, -14.63680285308644, 34.31133295260089, 13.76079742937459, -10.319295065063617, 9.1667391147625, 2.7057158100947034, -7.255935722049976], Energy: -27.20851048394843
Eval count: 884, Parameters: [1.604374749370918, 1.2029118540931376, -5.151025054379152, -0.678119489566209, -1.3159273826103317, -2.475473650552886, 0.7001115468491488, -0.7092295956446306, 2.0352592383345103, 0.8213426970960909, 1.697324804428105, -1.3013704927953436, 5.283807082557211, -0.44373618523671876, 10.356417030099145, -8.040122501348325, 20.759568194715385, 18.415006119453054, -7.584657405510221, 14.250219660563918, 7.32443168364734, -6.136309299289331, 0.8419418559858576, 2.401851781950834, -6.604271928273523], Energy: -27.311708550900107
Eval count: 885, Parameters: [1.7242447295903027, 1.5022287825649838, -5.577865264150576, -1.4954576478053354, -1.932087536296918, -1.3527160911020792, 3.976351321247215, -1.1508116679784595, 1.7237439245649828, 1.2586932380958822, 1.795768998762622, -1.5024001775681655, 5.53578151173143, 3.9439961911333317, 7.836052882368861, 2.470870134215054, 4.578991540393239, 6.716394975004143, -4.806772367773883, 6.348019277922022, 4.789106195061525, -4.488604546432575, -2.4372488412638935, 2.2821578046269178, -6.34757740661015], Energy: -34.08619441135875
Eval count: 886, Parameters: [1.7500259048252107, 1.5666047186382523, -5.669668418078539, -1.67124760159672, -2.064608897073724, -1.1112377048243631, 4.6809923963583, -1.2457854451209636, 1.6567444066043486, 1.352756913721433, 1.816941998210461, -1.545636870533835, 5.589975204775903, 4.887692828707165, 7.293982635677471, 4.731534084724856, 1.098935221342646, 4.200302594175417, -4.209315516531926, 4.648444351544406, 4.243818120606756, -4.134222532762058, -3.1425245895350535, 2.2564144834191953, -6.292368534190782], Energy: -40.02605686117835
Eval count: 887, Parameters: [1.750025919726372, 1.5666047186382523, -5.669668418078539, -1.67124760159672, -2.064608897073724, -1.1112377048243631, 4.6809923963583, -1.2457854451209636, 1.6567444066043486, 1.352756913721433, 1.816941998210461, -1.545636870533835, 5.589975204775903, 4.887692828707165, 7.293982635677471, 4.731534084724856, 1.098935221342646, 4.200302594175417, -4.209315516531926, 4.648444351544406, 4.243818120606756, -4.134222532762058, -3.1425245895350535, 2.2564144834191953, -6.292368534190782], Energy: -40.02605687237866
Eval count: 888, Parameters: [1.7500259048252107, 1.5666047335394135, -5.669668418078539, -1.67124760159672, -2.064608897073724, -1.1112377048243631, 4.6809923963583, -1.2457854451209636, 1.6567444066043486, 1.352756913721433, 1.816941998210461, -1.545636870533835, 5.589975204775903, 4.887692828707165, 7.293982635677471, 4.731534084724856, 1.098935221342646, 4.200302594175417, -4.209315516531926, 4.648444351544406, 4.243818120606756, -4.134222532762058, -3.1425245895350535, 2.2564144834191953, -6.292368534190782], Energy: -40.026056853145974
Eval count: 889, Parameters: [1.7500259048252107, 1.5666047186382523, -5.669668403177377, -1.67124760159672, -2.064608897073724, -1.1112377048243631, 4.6809923963583, -1.2457854451209636, 1.6567444066043486, 1.352756913721433, 1.816941998210461, -1.545636870533835, 5.589975204775903, 4.887692828707165, 7.293982635677471, 4.731534084724856, 1.098935221342646, 4.200302594175417, -4.209315516531926, 4.648444351544406, 4.243818120606756, -4.134222532762058, -3.1425245895350535, 2.2564144834191953, -6.292368534190782], Energy: -40.02605685413914
Eval count: 890, Parameters: [1.7500259048252107, 1.5666047186382523, -5.669668418078539, -1.6712475866955587, -2.064608897073724, -1.1112377048243631, 4.6809923963583, -1.2457854451209636, 1.6567444066043486, 1.352756913721433, 1.816941998210461, -1.545636870533835, 5.589975204775903, 4.887692828707165, 7.293982635677471, 4.731534084724856, 1.098935221342646, 4.200302594175417, -4.209315516531926, 4.648444351544406, 4.243818120606756, -4.134222532762058, -3.1425245895350535, 2.2564144834191953, -6.292368534190782], Energy: -40.02605686214065
Eval count: 891, Parameters: [1.7500259048252107, 1.5666047186382523, -5.669668418078539, -1.67124760159672, -2.0646088821725628, -1.1112377048243631, 4.6809923963583, -1.2457854451209636, 1.6567444066043486, 1.352756913721433, 1.816941998210461, -1.545636870533835, 5.589975204775903, 4.887692828707165, 7.293982635677471, 4.731534084724856, 1.098935221342646, 4.200302594175417, -4.209315516531926, 4.648444351544406, 4.243818120606756, -4.134222532762058, -3.1425245895350535, 2.2564144834191953, -6.292368534190782], Energy: -40.02605686497742
Eval count: 892, Parameters: [1.7500259048252107, 1.5666047186382523, -5.669668418078539, -1.67124760159672, -2.064608897073724, -1.111237689923202, 4.6809923963583, -1.2457854451209636, 1.6567444066043486, 1.352756913721433, 1.816941998210461, -1.545636870533835, 5.589975204775903, 4.887692828707165, 7.293982635677471, 4.731534084724856, 1.098935221342646, 4.200302594175417, -4.209315516531926, 4.648444351544406, 4.243818120606756, -4.134222532762058, -3.1425245895350535, 2.2564144834191953, -6.292368534190782], Energy: -40.02605686036645
Eval count: 893, Parameters: [1.7500259048252107, 1.5666047186382523, -5.669668418078539, -1.67124760159672, -2.064608897073724, -1.1112377048243631, 4.680992411259461, -1.2457854451209636, 1.6567444066043486, 1.352756913721433, 1.816941998210461, -1.545636870533835, 5.589975204775903, 4.887692828707165, 7.293982635677471, 4.731534084724856, 1.098935221342646, 4.200302594175417, -4.209315516531926, 4.648444351544406, 4.243818120606756, -4.134222532762058, -3.1425245895350535, 2.2564144834191953, -6.292368534190782], Energy: -40.02605687609048
Eval count: 894, Parameters: [1.7500259048252107, 1.5666047186382523, -5.669668418078539, -1.67124760159672, -2.064608897073724, -1.1112377048243631, 4.6809923963583, -1.2457854302198024, 1.6567444066043486, 1.352756913721433, 1.816941998210461, -1.545636870533835, 5.589975204775903, 4.887692828707165, 7.293982635677471, 4.731534084724856, 1.098935221342646, 4.200302594175417, -4.209315516531926, 4.648444351544406, 4.243818120606756, -4.134222532762058, -3.1425245895350535, 2.2564144834191953, -6.292368534190782], Energy: -40.026056858479535
Eval count: 895, Parameters: [1.7500259048252107, 1.5666047186382523, -5.669668418078539, -1.67124760159672, -2.064608897073724, -1.1112377048243631, 4.6809923963583, -1.2457854451209636, 1.6567444215055098, 1.352756913721433, 1.816941998210461, -1.545636870533835, 5.589975204775903, 4.887692828707165, 7.293982635677471, 4.731534084724856, 1.098935221342646, 4.200302594175417, -4.209315516531926, 4.648444351544406, 4.243818120606756, -4.134222532762058, -3.1425245895350535, 2.2564144834191953, -6.292368534190782], Energy: -40.02605686346976
Eval count: 896, Parameters: [1.7500259048252107, 1.5666047186382523, -5.669668418078539, -1.67124760159672, -2.064608897073724, -1.1112377048243631, 4.6809923963583, -1.2457854451209636, 1.6567444066043486, 1.3527569286225942, 1.816941998210461, -1.545636870533835, 5.589975204775903, 4.887692828707165, 7.293982635677471, 4.731534084724856, 1.098935221342646, 4.200302594175417, -4.209315516531926, 4.648444351544406, 4.243818120606756, -4.134222532762058, -3.1425245895350535, 2.2564144834191953, -6.292368534190782], Energy: -40.026056863926556
Eval count: 897, Parameters: [1.7500259048252107, 1.5666047186382523, -5.669668418078539, -1.67124760159672, -2.064608897073724, -1.1112377048243631, 4.6809923963583, -1.2457854451209636, 1.6567444066043486, 1.352756913721433, 1.8169420131116223, -1.545636870533835, 5.589975204775903, 4.887692828707165, 7.293982635677471, 4.731534084724856, 1.098935221342646, 4.200302594175417, -4.209315516531926, 4.648444351544406, 4.243818120606756, -4.134222532762058, -3.1425245895350535, 2.2564144834191953, -6.292368534190782], Energy: -40.02605686009389
Eval count: 898, Parameters: [1.7500259048252107, 1.5666047186382523, -5.669668418078539, -1.67124760159672, -2.064608897073724, -1.1112377048243631, 4.6809923963583, -1.2457854451209636, 1.6567444066043486, 1.352756913721433, 1.816941998210461, -1.5456368556326738, 5.589975204775903, 4.887692828707165, 7.293982635677471, 4.731534084724856, 1.098935221342646, 4.200302594175417, -4.209315516531926, 4.648444351544406, 4.243818120606756, -4.134222532762058, -3.1425245895350535, 2.2564144834191953, -6.292368534190782], Energy: -40.02605685864552
Eval count: 899, Parameters: [1.7500259048252107, 1.5666047186382523, -5.669668418078539, -1.67124760159672, -2.064608897073724, -1.1112377048243631, 4.6809923963583, -1.2457854451209636, 1.6567444066043486, 1.352756913721433, 1.816941998210461, -1.545636870533835, 5.589975219677064, 4.887692828707165, 7.293982635677471, 4.731534084724856, 1.098935221342646, 4.200302594175417, -4.209315516531926, 4.648444351544406, 4.243818120606756, -4.134222532762058, -3.1425245895350535, 2.2564144834191953, -6.292368534190782], Energy: -40.02605685127946
Eval count: 900, Parameters: [1.7500259048252107, 1.5666047186382523, -5.669668418078539, -1.67124760159672, -2.064608897073724, -1.1112377048243631, 4.6809923963583, -1.2457854451209636, 1.6567444066043486, 1.352756913721433, 1.816941998210461, -1.545636870533835, 5.589975204775903, 4.887692843608326, 7.293982635677471, 4.731534084724856, 1.098935221342646, 4.200302594175417, -4.209315516531926, 4.648444351544406, 4.243818120606756, -4.134222532762058, -3.1425245895350535, 2.2564144834191953, -6.292368534190782], Energy: -40.0260568670663
Eval count: 901, Parameters: [1.7500259048252107, 1.5666047186382523, -5.669668418078539, -1.67124760159672, -2.064608897073724, -1.1112377048243631, 4.6809923963583, -1.2457854451209636, 1.6567444066043486, 1.352756913721433, 1.816941998210461, -1.545636870533835, 5.589975204775903, 4.887692828707165, 7.2939826505786325, 4.731534084724856, 1.098935221342646, 4.200302594175417, -4.209315516531926, 4.648444351544406, 4.243818120606756, -4.134222532762058, -3.1425245895350535, 2.2564144834191953, -6.292368534190782], Energy: -40.02605686125497
Eval count: 902, Parameters: [1.7500259048252107, 1.5666047186382523, -5.669668418078539, -1.67124760159672, -2.064608897073724, -1.1112377048243631, 4.6809923963583, -1.2457854451209636, 1.6567444066043486, 1.352756913721433, 1.816941998210461, -1.545636870533835, 5.589975204775903, 4.887692828707165, 7.293982635677471, 4.731534099626018, 1.098935221342646, 4.200302594175417, -4.209315516531926, 4.648444351544406, 4.243818120606756, -4.134222532762058, -3.1425245895350535, 2.2564144834191953, -6.292368534190782], Energy: -40.026056872051925
Eval count: 903, Parameters: [1.7500259048252107, 1.5666047186382523, -5.669668418078539, -1.67124760159672, -2.064608897073724, -1.1112377048243631, 4.6809923963583, -1.2457854451209636, 1.6567444066043486, 1.352756913721433, 1.816941998210461, -1.545636870533835, 5.589975204775903, 4.887692828707165, 7.293982635677471, 4.731534084724856, 1.0989352362438072, 4.200302594175417, -4.209315516531926, 4.648444351544406, 4.243818120606756, -4.134222532762058, -3.1425245895350535, 2.2564144834191953, -6.292368534190782], Energy: -40.026056855824095
Eval count: 904, Parameters: [1.7500259048252107, 1.5666047186382523, -5.669668418078539, -1.67124760159672, -2.064608897073724, -1.1112377048243631, 4.6809923963583, -1.2457854451209636, 1.6567444066043486, 1.352756913721433, 1.816941998210461, -1.545636870533835, 5.589975204775903, 4.887692828707165, 7.293982635677471, 4.731534084724856, 1.098935221342646, 4.200302609076578, -4.209315516531926, 4.648444351544406, 4.243818120606756, -4.134222532762058, -3.1425245895350535, 2.2564144834191953, -6.292368534190782], Energy: -40.026056867423904
Eval count: 905, Parameters: [1.7500259048252107, 1.5666047186382523, -5.669668418078539, -1.67124760159672, -2.064608897073724, -1.1112377048243631, 4.6809923963583, -1.2457854451209636, 1.6567444066043486, 1.352756913721433, 1.816941998210461, -1.545636870533835, 5.589975204775903, 4.887692828707165, 7.293982635677471, 4.731534084724856, 1.098935221342646, 4.200302594175417, -4.209315501630765, 4.648444351544406, 4.243818120606756, -4.134222532762058, -3.1425245895350535, 2.2564144834191953, -6.292368534190782], Energy: -40.02605685536679
Eval count: 906, Parameters: [1.7500259048252107, 1.5666047186382523, -5.669668418078539, -1.67124760159672, -2.064608897073724, -1.1112377048243631, 4.6809923963583, -1.2457854451209636, 1.6567444066043486, 1.352756913721433, 1.816941998210461, -1.545636870533835, 5.589975204775903, 4.887692828707165, 7.293982635677471, 4.731534084724856, 1.098935221342646, 4.200302594175417, -4.209315516531926, 4.648444366445567, 4.243818120606756, -4.134222532762058, -3.1425245895350535, 2.2564144834191953, -6.292368534190782], Energy: -40.02605687151612
Eval count: 907, Parameters: [1.7500259048252107, 1.5666047186382523, -5.669668418078539, -1.67124760159672, -2.064608897073724, -1.1112377048243631, 4.6809923963583, -1.2457854451209636, 1.6567444066043486, 1.352756913721433, 1.816941998210461, -1.545636870533835, 5.589975204775903, 4.887692828707165, 7.293982635677471, 4.731534084724856, 1.098935221342646, 4.200302594175417, -4.209315516531926, 4.648444351544406, 4.243818135507917, -4.134222532762058, -3.1425245895350535, 2.2564144834191953, -6.292368534190782], Energy: -40.02605686328798
Eval count: 908, Parameters: [1.7500259048252107, 1.5666047186382523, -5.669668418078539, -1.67124760159672, -2.064608897073724, -1.1112377048243631, 4.6809923963583, -1.2457854451209636, 1.6567444066043486, 1.352756913721433, 1.816941998210461, -1.545636870533835, 5.589975204775903, 4.887692828707165, 7.293982635677471, 4.731534084724856, 1.098935221342646, 4.200302594175417, -4.209315516531926, 4.648444351544406, 4.243818120606756, -4.134222517860897, -3.1425245895350535, 2.2564144834191953, -6.292368534190782], Energy: -40.02605685700422
Eval count: 909, Parameters: [1.7500259048252107, 1.5666047186382523, -5.669668418078539, -1.67124760159672, -2.064608897073724, -1.1112377048243631, 4.6809923963583, -1.2457854451209636, 1.6567444066043486, 1.352756913721433, 1.816941998210461, -1.545636870533835, 5.589975204775903, 4.887692828707165, 7.293982635677471, 4.731534084724856, 1.098935221342646, 4.200302594175417, -4.209315516531926, 4.648444351544406, 4.243818120606756, -4.134222532762058, -3.1425245746338923, 2.2564144834191953, -6.292368534190782], Energy: -40.026056865992246
Eval count: 910, Parameters: [1.7500259048252107, 1.5666047186382523, -5.669668418078539, -1.67124760159672, -2.064608897073724, -1.1112377048243631, 4.6809923963583, -1.2457854451209636, 1.6567444066043486, 1.352756913721433, 1.816941998210461, -1.545636870533835, 5.589975204775903, 4.887692828707165, 7.293982635677471, 4.731534084724856, 1.098935221342646, 4.200302594175417, -4.209315516531926, 4.648444351544406, 4.243818120606756, -4.134222532762058, -3.1425245895350535, 2.2564144983203565, -6.292368534190782], Energy: -40.02605686118062
Eval count: 911, Parameters: [1.7500259048252107, 1.5666047186382523, -5.669668418078539, -1.67124760159672, -2.064608897073724, -1.1112377048243631, 4.6809923963583, -1.2457854451209636, 1.6567444066043486, 1.352756913721433, 1.816941998210461, -1.545636870533835, 5.589975204775903, 4.887692828707165, 7.293982635677471, 4.731534084724856, 1.098935221342646, 4.200302594175417, -4.209315516531926, 4.648444351544406, 4.243818120606756, -4.134222532762058, -3.1425245895350535, 2.2564144834191953, -6.292368519289621], Energy: -40.02605686117403
Eval count: 912, Parameters: [1.7476128677041718, 1.5621748762671146, -5.665233391092082, -1.6503875897949034, -2.0116411413350495, -1.124605270403199, 4.6788605278603415, -1.1997435487150643, 1.682315530505529, 1.3103474506330413, 1.7458294321695276, -1.6114891085608272, 5.629713692169233, 4.895627473546807, 7.305256546148549, 4.908222926848398, 1.0247265528299532, 4.112217384678789, -4.228475621408806, 4.6848794865194225, 4.2394256977661495, -4.192267719725236, -3.1248377173562485, 2.2528811167549723, -6.285254692418041], Energy: -40.09063609851347
Eval count: 913, Parameters: [1.747612882605333, 1.5621748762671146, -5.665233391092082, -1.6503875897949034, -2.0116411413350495, -1.124605270403199, 4.6788605278603415, -1.1997435487150643, 1.682315530505529, 1.3103474506330413, 1.7458294321695276, -1.6114891085608272, 5.629713692169233, 4.895627473546807, 7.305256546148549, 4.908222926848398, 1.0247265528299532, 4.112217384678789, -4.228475621408806, 4.6848794865194225, 4.2394256977661495, -4.192267719725236, -3.1248377173562485, 2.2528811167549723, -6.285254692418041], Energy: -40.09063611302582
Eval count: 914, Parameters: [1.7476128677041718, 1.5621748911682758, -5.665233391092082, -1.6503875897949034, -2.0116411413350495, -1.124605270403199, 4.6788605278603415, -1.1997435487150643, 1.682315530505529, 1.3103474506330413, 1.7458294321695276, -1.6114891085608272, 5.629713692169233, 4.895627473546807, 7.305256546148549, 4.908222926848398, 1.0247265528299532, 4.112217384678789, -4.228475621408806, 4.6848794865194225, 4.2394256977661495, -4.192267719725236, -3.1248377173562485, 2.2528811167549723, -6.285254692418041], Energy: -40.0906360903943
Eval count: 915, Parameters: [1.7476128677041718, 1.5621748762671146, -5.665233376190921, -1.6503875897949034, -2.0116411413350495, -1.124605270403199, 4.6788605278603415, -1.1997435487150643, 1.682315530505529, 1.3103474506330413, 1.7458294321695276, -1.6114891085608272, 5.629713692169233, 4.895627473546807, 7.305256546148549, 4.908222926848398, 1.0247265528299532, 4.112217384678789, -4.228475621408806, 4.6848794865194225, 4.2394256977661495, -4.192267719725236, -3.1248377173562485, 2.2528811167549723, -6.285254692418041], Energy: -40.090636093071396
Eval count: 916, Parameters: [1.7476128677041718, 1.5621748762671146, -5.665233391092082, -1.6503875748937422, -2.0116411413350495, -1.124605270403199, 4.6788605278603415, -1.1997435487150643, 1.682315530505529, 1.3103474506330413, 1.7458294321695276, -1.6114891085608272, 5.629713692169233, 4.895627473546807, 7.305256546148549, 4.908222926848398, 1.0247265528299532, 4.112217384678789, -4.228475621408806, 4.6848794865194225, 4.2394256977661495, -4.192267719725236, -3.1248377173562485, 2.2528811167549723, -6.285254692418041], Energy: -40.09063609555761
Eval count: 917, Parameters: [1.7476128677041718, 1.5621748762671146, -5.665233391092082, -1.6503875897949034, -2.0116411264338883, -1.124605270403199, 4.6788605278603415, -1.1997435487150643, 1.682315530505529, 1.3103474506330413, 1.7458294321695276, -1.6114891085608272, 5.629713692169233, 4.895627473546807, 7.305256546148549, 4.908222926848398, 1.0247265528299532, 4.112217384678789, -4.228475621408806, 4.6848794865194225, 4.2394256977661495, -4.192267719725236, -3.1248377173562485, 2.2528811167549723, -6.285254692418041], Energy: -40.0906360952506
Eval count: 918, Parameters: [1.7476128677041718, 1.5621748762671146, -5.665233391092082, -1.6503875897949034, -2.0116411413350495, -1.1246052555020378, 4.6788605278603415, -1.1997435487150643, 1.682315530505529, 1.3103474506330413, 1.7458294321695276, -1.6114891085608272, 5.629713692169233, 4.895627473546807, 7.305256546148549, 4.908222926848398, 1.0247265528299532, 4.112217384678789, -4.228475621408806, 4.6848794865194225, 4.2394256977661495, -4.192267719725236, -3.1248377173562485, 2.2528811167549723, -6.285254692418041], Energy: -40.09063609903268
Eval count: 919, Parameters: [1.7476128677041718, 1.5621748762671146, -5.665233391092082, -1.6503875897949034, -2.0116411413350495, -1.124605270403199, 4.678860542761503, -1.1997435487150643, 1.682315530505529, 1.3103474506330413, 1.7458294321695276, -1.6114891085608272, 5.629713692169233, 4.895627473546807, 7.305256546148549, 4.908222926848398, 1.0247265528299532, 4.112217384678789, -4.228475621408806, 4.6848794865194225, 4.2394256977661495, -4.192267719725236, -3.1248377173562485, 2.2528811167549723, -6.285254692418041], Energy: -40.09063611224644
Eval count: 920, Parameters: [1.7476128677041718, 1.5621748762671146, -5.665233391092082, -1.6503875897949034, -2.0116411413350495, -1.124605270403199, 4.6788605278603415, -1.199743533813903, 1.682315530505529, 1.3103474506330413, 1.7458294321695276, -1.6114891085608272, 5.629713692169233, 4.895627473546807, 7.305256546148549, 4.908222926848398, 1.0247265528299532, 4.112217384678789, -4.228475621408806, 4.6848794865194225, 4.2394256977661495, -4.192267719725236, -3.1248377173562485, 2.2528811167549723, -6.285254692418041], Energy: -40.09063609127446
Eval count: 921, Parameters: [1.7476128677041718, 1.5621748762671146, -5.665233391092082, -1.6503875897949034, -2.0116411413350495, -1.124605270403199, 4.6788605278603415, -1.1997435487150643, 1.6823155454066903, 1.3103474506330413, 1.7458294321695276, -1.6114891085608272, 5.629713692169233, 4.895627473546807, 7.305256546148549, 4.908222926848398, 1.0247265528299532, 4.112217384678789, -4.228475621408806, 4.6848794865194225, 4.2394256977661495, -4.192267719725236, -3.1248377173562485, 2.2528811167549723, -6.285254692418041], Energy: -40.09063609837597
Eval count: 922, Parameters: [1.7476128677041718, 1.5621748762671146, -5.665233391092082, -1.6503875897949034, -2.0116411413350495, -1.124605270403199, 4.6788605278603415, -1.1997435487150643, 1.682315530505529, 1.3103474655342024, 1.7458294321695276, -1.6114891085608272, 5.629713692169233, 4.895627473546807, 7.305256546148549, 4.908222926848398, 1.0247265528299532, 4.112217384678789, -4.228475621408806, 4.6848794865194225, 4.2394256977661495, -4.192267719725236, -3.1248377173562485, 2.2528811167549723, -6.285254692418041], Energy: -40.09063610479302
Eval count: 923, Parameters: [1.7476128677041718, 1.5621748762671146, -5.665233391092082, -1.6503875897949034, -2.0116411413350495, -1.124605270403199, 4.6788605278603415, -1.1997435487150643, 1.682315530505529, 1.3103474506330413, 1.7458294470706888, -1.6114891085608272, 5.629713692169233, 4.895627473546807, 7.305256546148549, 4.908222926848398, 1.0247265528299532, 4.112217384678789, -4.228475621408806, 4.6848794865194225, 4.2394256977661495, -4.192267719725236, -3.1248377173562485, 2.2528811167549723, -6.285254692418041], Energy: -40.09063610234523
Eval count: 924, Parameters: [1.7476128677041718, 1.5621748762671146, -5.665233391092082, -1.6503875897949034, -2.0116411413350495, -1.124605270403199, 4.6788605278603415, -1.1997435487150643, 1.682315530505529, 1.3103474506330413, 1.7458294321695276, -1.611489093659666, 5.629713692169233, 4.895627473546807, 7.305256546148549, 4.908222926848398, 1.0247265528299532, 4.112217384678789, -4.228475621408806, 4.6848794865194225, 4.2394256977661495, -4.192267719725236, -3.1248377173562485, 2.2528811167549723, -6.285254692418041], Energy: -40.09063610040147
Eval count: 925, Parameters: [1.7476128677041718, 1.5621748762671146, -5.665233391092082, -1.6503875897949034, -2.0116411413350495, -1.124605270403199, 4.6788605278603415, -1.1997435487150643, 1.682315530505529, 1.3103474506330413, 1.7458294321695276, -1.6114891085608272, 5.629713707070394, 4.895627473546807, 7.305256546148549, 4.908222926848398, 1.0247265528299532, 4.112217384678789, -4.228475621408806, 4.6848794865194225, 4.2394256977661495, -4.192267719725236, -3.1248377173562485, 2.2528811167549723, -6.285254692418041], Energy: -40.09063608476919
Eval count: 926, Parameters: [1.7476128677041718, 1.5621748762671146, -5.665233391092082, -1.6503875897949034, -2.0116411413350495, -1.124605270403199, 4.6788605278603415, -1.1997435487150643, 1.682315530505529, 1.3103474506330413, 1.7458294321695276, -1.6114891085608272, 5.629713692169233, 4.8956274884479685, 7.305256546148549, 4.908222926848398, 1.0247265528299532, 4.112217384678789, -4.228475621408806, 4.6848794865194225, 4.2394256977661495, -4.192267719725236, -3.1248377173562485, 2.2528811167549723, -6.285254692418041], Energy: -40.090636102982046
Eval count: 927, Parameters: [1.7476128677041718, 1.5621748762671146, -5.665233391092082, -1.6503875897949034, -2.0116411413350495, -1.124605270403199, 4.6788605278603415, -1.1997435487150643, 1.682315530505529, 1.3103474506330413, 1.7458294321695276, -1.6114891085608272, 5.629713692169233, 4.895627473546807, 7.30525656104971, 4.908222926848398, 1.0247265528299532, 4.112217384678789, -4.228475621408806, 4.6848794865194225, 4.2394256977661495, -4.192267719725236, -3.1248377173562485, 2.2528811167549723, -6.285254692418041], Energy: -40.090636100028576
Eval count: 928, Parameters: [1.7476128677041718, 1.5621748762671146, -5.665233391092082, -1.6503875897949034, -2.0116411413350495, -1.124605270403199, 4.6788605278603415, -1.1997435487150643, 1.682315530505529, 1.3103474506330413, 1.7458294321695276, -1.6114891085608272, 5.629713692169233, 4.895627473546807, 7.305256546148549, 4.9082229417495595, 1.0247265528299532, 4.112217384678789, -4.228475621408806, 4.6848794865194225, 4.2394256977661495, -4.192267719725236, -3.1248377173562485, 2.2528811167549723, -6.285254692418041], Energy: -40.09063610426688
Eval count: 929, Parameters: [1.7476128677041718, 1.5621748762671146, -5.665233391092082, -1.6503875897949034, -2.0116411413350495, -1.124605270403199, 4.6788605278603415, -1.1997435487150643, 1.682315530505529, 1.3103474506330413, 1.7458294321695276, -1.6114891085608272, 5.629713692169233, 4.895627473546807, 7.305256546148549, 4.908222926848398, 1.0247265677311144, 4.112217384678789, -4.228475621408806, 4.6848794865194225, 4.2394256977661495, -4.192267719725236, -3.1248377173562485, 2.2528811167549723, -6.285254692418041], Energy: -40.09063609540226
Eval count: 930, Parameters: [1.7476128677041718, 1.5621748762671146, -5.665233391092082, -1.6503875897949034, -2.0116411413350495, -1.124605270403199, 4.6788605278603415, -1.1997435487150643, 1.682315530505529, 1.3103474506330413, 1.7458294321695276, -1.6114891085608272, 5.629713692169233, 4.895627473546807, 7.305256546148549, 4.908222926848398, 1.0247265528299532, 4.11221739957995, -4.228475621408806, 4.6848794865194225, 4.2394256977661495, -4.192267719725236, -3.1248377173562485, 2.2528811167549723, -6.285254692418041], Energy: -40.090636106503325
Eval count: 931, Parameters: [1.7476128677041718, 1.5621748762671146, -5.665233391092082, -1.6503875897949034, -2.0116411413350495, -1.124605270403199, 4.6788605278603415, -1.1997435487150643, 1.682315530505529, 1.3103474506330413, 1.7458294321695276, -1.6114891085608272, 5.629713692169233, 4.895627473546807, 7.305256546148549, 4.908222926848398, 1.0247265528299532, 4.112217384678789, -4.2284756065076445, 4.6848794865194225, 4.2394256977661495, -4.192267719725236, -3.1248377173562485, 2.2528811167549723, -6.285254692418041], Energy: -40.090636093092826
Eval count: 932, Parameters: [1.7476128677041718, 1.5621748762671146, -5.665233391092082, -1.6503875897949034, -2.0116411413350495, -1.124605270403199, 4.6788605278603415, -1.1997435487150643, 1.682315530505529, 1.3103474506330413, 1.7458294321695276, -1.6114891085608272, 5.629713692169233, 4.895627473546807, 7.305256546148549, 4.908222926848398, 1.0247265528299532, 4.112217384678789, -4.228475621408806, 4.684879501420584, 4.2394256977661495, -4.192267719725236, -3.1248377173562485, 2.2528811167549723, -6.285254692418041], Energy: -40.09063610751133
Eval count: 933, Parameters: [1.7476128677041718, 1.5621748762671146, -5.665233391092082, -1.6503875897949034, -2.0116411413350495, -1.124605270403199, 4.6788605278603415, -1.1997435487150643, 1.682315530505529, 1.3103474506330413, 1.7458294321695276, -1.6114891085608272, 5.629713692169233, 4.895627473546807, 7.305256546148549, 4.908222926848398, 1.0247265528299532, 4.112217384678789, -4.228475621408806, 4.6848794865194225, 4.239425712667311, -4.192267719725236, -3.1248377173562485, 2.2528811167549723, -6.285254692418041], Energy: -40.09063610100213
Eval count: 934, Parameters: [1.7476128677041718, 1.5621748762671146, -5.665233391092082, -1.6503875897949034, -2.0116411413350495, -1.124605270403199, 4.6788605278603415, -1.1997435487150643, 1.682315530505529, 1.3103474506330413, 1.7458294321695276, -1.6114891085608272, 5.629713692169233, 4.895627473546807, 7.305256546148549, 4.908222926848398, 1.0247265528299532, 4.112217384678789, -4.228475621408806, 4.6848794865194225, 4.2394256977661495, -4.192267704824075, -3.1248377173562485, 2.2528811167549723, -6.285254692418041], Energy: -40.09063609556978
Eval count: 935, Parameters: [1.7476128677041718, 1.5621748762671146, -5.665233391092082, -1.6503875897949034, -2.0116411413350495, -1.124605270403199, 4.6788605278603415, -1.1997435487150643, 1.682315530505529, 1.3103474506330413, 1.7458294321695276, -1.6114891085608272, 5.629713692169233, 4.895627473546807, 7.305256546148549, 4.908222926848398, 1.0247265528299532, 4.112217384678789, -4.228475621408806, 4.6848794865194225, 4.2394256977661495, -4.192267719725236, -3.1248377024550873, 2.2528811167549723, -6.285254692418041], Energy: -40.0906361032026
Eval count: 936, Parameters: [1.7476128677041718, 1.5621748762671146, -5.665233391092082, -1.6503875897949034, -2.0116411413350495, -1.124605270403199, 4.6788605278603415, -1.1997435487150643, 1.682315530505529, 1.3103474506330413, 1.7458294321695276, -1.6114891085608272, 5.629713692169233, 4.895627473546807, 7.305256546148549, 4.908222926848398, 1.0247265528299532, 4.112217384678789, -4.228475621408806, 4.6848794865194225, 4.2394256977661495, -4.192267719725236, -3.1248377173562485, 2.2528811316561335, -6.285254692418041], Energy: -40.09063609848158
Eval count: 937, Parameters: [1.7476128677041718, 1.5621748762671146, -5.665233391092082, -1.6503875897949034, -2.0116411413350495, -1.124605270403199, 4.6788605278603415, -1.1997435487150643, 1.682315530505529, 1.3103474506330413, 1.7458294321695276, -1.6114891085608272, 5.629713692169233, 4.895627473546807, 7.305256546148549, 4.908222926848398, 1.0247265528299532, 4.112217384678789, -4.228475621408806, 4.6848794865194225, 4.2394256977661495, -4.192267719725236, -3.1248377173562485, 2.2528811167549723, -6.28525467751688], Energy: -40.090636098581854
Eval count: 938, Parameters: [1.7426010593875452, 1.5642399698153984, -5.662126167775641, -1.6493715028821827, -2.0149549222058725, -1.1069324911961642, 4.737993758640972, -1.2783500536308743, 1.6380606143143488, 1.3004095644369935, 1.7834310095709345, -1.612094717974203, 5.588437655761858, 4.889009252537789, 7.309907948820381, 4.897907950453997, 0.99081440532625, 4.075641389254263, -4.25962184300685, 4.680820305022011, 4.2512291047395, -4.263404303777159, -3.092008552643621, 2.2422997290959676, -6.26392827504723], Energy: -40.1852781594182
Eval count: 939, Parameters: [1.7426010742887064, 1.5642399698153984, -5.662126167775641, -1.6493715028821827, -2.0149549222058725, -1.1069324911961642, 4.737993758640972, -1.2783500536308743, 1.6380606143143488, 1.3004095644369935, 1.7834310095709345, -1.612094717974203, 5.588437655761858, 4.889009252537789, 7.309907948820381, 4.897907950453997, 0.99081440532625, 4.075641389254263, -4.25962184300685, 4.680820305022011, 4.2512291047395, -4.263404303777159, -3.092008552643621, 2.2422997290959676, -6.26392827504723], Energy: -40.18527817449308
Eval count: 940, Parameters: [1.7426010593875452, 1.5642399847165596, -5.662126167775641, -1.6493715028821827, -2.0149549222058725, -1.1069324911961642, 4.737993758640972, -1.2783500536308743, 1.6380606143143488, 1.3004095644369935, 1.7834310095709345, -1.612094717974203, 5.588437655761858, 4.889009252537789, 7.309907948820381, 4.897907950453997, 0.99081440532625, 4.075641389254263, -4.25962184300685, 4.680820305022011, 4.2512291047395, -4.263404303777159, -3.092008552643621, 2.2422997290959676, -6.26392827504723], Energy: -40.18527815168869
Eval count: 941, Parameters: [1.7426010593875452, 1.5642399698153984, -5.66212615287448, -1.6493715028821827, -2.0149549222058725, -1.1069324911961642, 4.737993758640972, -1.2783500536308743, 1.6380606143143488, 1.3004095644369935, 1.7834310095709345, -1.612094717974203, 5.588437655761858, 4.889009252537789, 7.309907948820381, 4.897907950453997, 0.99081440532625, 4.075641389254263, -4.25962184300685, 4.680820305022011, 4.2512291047395, -4.263404303777159, -3.092008552643621, 2.2422997290959676, -6.26392827504723], Energy: -40.185278154081686
Eval count: 942, Parameters: [1.7426010593875452, 1.5642399698153984, -5.662126167775641, -1.6493714879810215, -2.0149549222058725, -1.1069324911961642, 4.737993758640972, -1.2783500536308743, 1.6380606143143488, 1.3004095644369935, 1.7834310095709345, -1.612094717974203, 5.588437655761858, 4.889009252537789, 7.309907948820381, 4.897907950453997, 0.99081440532625, 4.075641389254263, -4.25962184300685, 4.680820305022011, 4.2512291047395, -4.263404303777159, -3.092008552643621, 2.2422997290959676, -6.26392827504723], Energy: -40.185278156304435
Eval count: 943, Parameters: [1.7426010593875452, 1.5642399698153984, -5.662126167775641, -1.6493715028821827, -2.0149549073047113, -1.1069324911961642, 4.737993758640972, -1.2783500536308743, 1.6380606143143488, 1.3004095644369935, 1.7834310095709345, -1.612094717974203, 5.588437655761858, 4.889009252537789, 7.309907948820381, 4.897907950453997, 0.99081440532625, 4.075641389254263, -4.25962184300685, 4.680820305022011, 4.2512291047395, -4.263404303777159, -3.092008552643621, 2.2422997290959676, -6.26392827504723], Energy: -40.185278156889694
Eval count: 944, Parameters: [1.7426010593875452, 1.5642399698153984, -5.662126167775641, -1.6493715028821827, -2.0149549222058725, -1.106932476295003, 4.737993758640972, -1.2783500536308743, 1.6380606143143488, 1.3004095644369935, 1.7834310095709345, -1.612094717974203, 5.588437655761858, 4.889009252537789, 7.309907948820381, 4.897907950453997, 0.99081440532625, 4.075641389254263, -4.25962184300685, 4.680820305022011, 4.2512291047395, -4.263404303777159, -3.092008552643621, 2.2422997290959676, -6.26392827504723], Energy: -40.185278156443985
Eval count: 945, Parameters: [1.7426010593875452, 1.5642399698153984, -5.662126167775641, -1.6493715028821827, -2.0149549222058725, -1.1069324911961642, 4.737993773542133, -1.2783500536308743, 1.6380606143143488, 1.3004095644369935, 1.7834310095709345, -1.612094717974203, 5.588437655761858, 4.889009252537789, 7.309907948820381, 4.897907950453997, 0.99081440532625, 4.075641389254263, -4.25962184300685, 4.680820305022011, 4.2512291047395, -4.263404303777159, -3.092008552643621, 2.2422997290959676, -6.26392827504723], Energy: -40.18527816727328
Eval count: 946, Parameters: [1.7426010593875452, 1.5642399698153984, -5.662126167775641, -1.6493715028821827, -2.0149549222058725, -1.1069324911961642, 4.737993758640972, -1.278350038729713, 1.6380606143143488, 1.3004095644369935, 1.7834310095709345, -1.612094717974203, 5.588437655761858, 4.889009252537789, 7.309907948820381, 4.897907950453997, 0.99081440532625, 4.075641389254263, -4.25962184300685, 4.680820305022011, 4.2512291047395, -4.263404303777159, -3.092008552643621, 2.2422997290959676, -6.26392827504723], Energy: -40.185278160612256
Eval count: 947, Parameters: [1.7426010593875452, 1.5642399698153984, -5.662126167775641, -1.6493715028821827, -2.0149549222058725, -1.1069324911961642, 4.737993758640972, -1.2783500536308743, 1.63806062921551, 1.3004095644369935, 1.7834310095709345, -1.612094717974203, 5.588437655761858, 4.889009252537789, 7.309907948820381, 4.897907950453997, 0.99081440532625, 4.075641389254263, -4.25962184300685, 4.680820305022011, 4.2512291047395, -4.263404303777159, -3.092008552643621, 2.2422997290959676, -6.26392827504723], Energy: -40.18527816227373
Eval count: 948, Parameters: [1.7426010593875452, 1.5642399698153984, -5.662126167775641, -1.6493715028821827, -2.0149549222058725, -1.1069324911961642, 4.737993758640972, -1.2783500536308743, 1.6380606143143488, 1.3004095793381547, 1.7834310095709345, -1.612094717974203, 5.588437655761858, 4.889009252537789, 7.309907948820381, 4.897907950453997, 0.99081440532625, 4.075641389254263, -4.25962184300685, 4.680820305022011, 4.2512291047395, -4.263404303777159, -3.092008552643621, 2.2422997290959676, -6.26392827504723], Energy: -40.18527816659724
Eval count: 949, Parameters: [1.7426010593875452, 1.5642399698153984, -5.662126167775641, -1.6493715028821827, -2.0149549222058725, -1.1069324911961642, 4.737993758640972, -1.2783500536308743, 1.6380606143143488, 1.3004095644369935, 1.7834310244720957, -1.612094717974203, 5.588437655761858, 4.889009252537789, 7.309907948820381, 4.897907950453997, 0.99081440532625, 4.075641389254263, -4.25962184300685, 4.680820305022011, 4.2512291047395, -4.263404303777159, -3.092008552643621, 2.2422997290959676, -6.26392827504723], Energy: -40.18527816069525
Eval count: 950, Parameters: [1.7426010593875452, 1.5642399698153984, -5.662126167775641, -1.6493715028821827, -2.0149549222058725, -1.1069324911961642, 4.737993758640972, -1.2783500536308743, 1.6380606143143488, 1.3004095644369935, 1.7834310095709345, -1.6120947030730417, 5.588437655761858, 4.889009252537789, 7.309907948820381, 4.897907950453997, 0.99081440532625, 4.075641389254263, -4.25962184300685, 4.680820305022011, 4.2512291047395, -4.263404303777159, -3.092008552643621, 2.2422997290959676, -6.26392827504723], Energy: -40.185278163336875
Eval count: 951, Parameters: [1.7426010593875452, 1.5642399698153984, -5.662126167775641, -1.6493715028821827, -2.0149549222058725, -1.1069324911961642, 4.737993758640972, -1.2783500536308743, 1.6380606143143488, 1.3004095644369935, 1.7834310095709345, -1.612094717974203, 5.588437670663019, 4.889009252537789, 7.309907948820381, 4.897907950453997, 0.99081440532625, 4.075641389254263, -4.25962184300685, 4.680820305022011, 4.2512291047395, -4.263404303777159, -3.092008552643621, 2.2422997290959676, -6.26392827504723], Energy: -40.18527814808175
Eval count: 952, Parameters: [1.7426010593875452, 1.5642399698153984, -5.662126167775641, -1.6493715028821827, -2.0149549222058725, -1.1069324911961642, 4.737993758640972, -1.2783500536308743, 1.6380606143143488, 1.3004095644369935, 1.7834310095709345, -1.612094717974203, 5.588437655761858, 4.88900926743895, 7.309907948820381, 4.897907950453997, 0.99081440532625, 4.075641389254263, -4.25962184300685, 4.680820305022011, 4.2512291047395, -4.263404303777159, -3.092008552643621, 2.2422997290959676, -6.26392827504723], Energy: -40.18527816549266
Eval count: 953, Parameters: [1.7426010593875452, 1.5642399698153984, -5.662126167775641, -1.6493715028821827, -2.0149549222058725, -1.1069324911961642, 4.737993758640972, -1.2783500536308743, 1.6380606143143488, 1.3004095644369935, 1.7834310095709345, -1.612094717974203, 5.588437655761858, 4.889009252537789, 7.3099079637215425, 4.897907950453997, 0.99081440532625, 4.075641389254263, -4.25962184300685, 4.680820305022011, 4.2512291047395, -4.263404303777159, -3.092008552643621, 2.2422997290959676, -6.26392827504723], Energy: -40.18527816076278
Eval count: 954, Parameters: [1.7426010593875452, 1.5642399698153984, -5.662126167775641, -1.6493715028821827, -2.0149549222058725, -1.1069324911961642, 4.737993758640972, -1.2783500536308743, 1.6380606143143488, 1.3004095644369935, 1.7834310095709345, -1.612094717974203, 5.588437655761858, 4.889009252537789, 7.309907948820381, 4.8979079653551585, 0.99081440532625, 4.075641389254263, -4.25962184300685, 4.680820305022011, 4.2512291047395, -4.263404303777159, -3.092008552643621, 2.2422997290959676, -6.26392827504723], Energy: -40.185278165644206
Eval count: 955, Parameters: [1.7426010593875452, 1.5642399698153984, -5.662126167775641, -1.6493715028821827, -2.0149549222058725, -1.1069324911961642, 4.737993758640972, -1.2783500536308743, 1.6380606143143488, 1.3004095644369935, 1.7834310095709345, -1.612094717974203, 5.588437655761858, 4.889009252537789, 7.309907948820381, 4.897907950453997, 0.9908144202274112, 4.075641389254263, -4.25962184300685, 4.680820305022011, 4.2512291047395, -4.263404303777159, -3.092008552643621, 2.2422997290959676, -6.26392827504723], Energy: -40.185278156905895
Eval count: 956, Parameters: [1.7426010593875452, 1.5642399698153984, -5.662126167775641, -1.6493715028821827, -2.0149549222058725, -1.1069324911961642, 4.737993758640972, -1.2783500536308743, 1.6380606143143488, 1.3004095644369935, 1.7834310095709345, -1.612094717974203, 5.588437655761858, 4.889009252537789, 7.309907948820381, 4.897907950453997, 0.99081440532625, 4.075641404155424, -4.25962184300685, 4.680820305022011, 4.2512291047395, -4.263404303777159, -3.092008552643621, 2.2422997290959676, -6.26392827504723], Energy: -40.18527816910819
Eval count: 957, Parameters: [1.7426010593875452, 1.5642399698153984, -5.662126167775641, -1.6493715028821827, -2.0149549222058725, -1.1069324911961642, 4.737993758640972, -1.2783500536308743, 1.6380606143143488, 1.3004095644369935, 1.7834310095709345, -1.612094717974203, 5.588437655761858, 4.889009252537789, 7.309907948820381, 4.897907950453997, 0.99081440532625, 4.075641389254263, -4.259621828105689, 4.680820305022011, 4.2512291047395, -4.263404303777159, -3.092008552643621, 2.2422997290959676, -6.26392827504723], Energy: -40.18527815432196
Eval count: 958, Parameters: [1.7426010593875452, 1.5642399698153984, -5.662126167775641, -1.6493715028821827, -2.0149549222058725, -1.1069324911961642, 4.737993758640972, -1.2783500536308743, 1.6380606143143488, 1.3004095644369935, 1.7834310095709345, -1.612094717974203, 5.588437655761858, 4.889009252537789, 7.309907948820381, 4.897907950453997, 0.99081440532625, 4.075641389254263, -4.25962184300685, 4.680820319923172, 4.2512291047395, -4.263404303777159, -3.092008552643621, 2.2422997290959676, -6.26392827504723], Energy: -40.185278168990294
Eval count: 959, Parameters: [1.7426010593875452, 1.5642399698153984, -5.662126167775641, -1.6493715028821827, -2.0149549222058725, -1.1069324911961642, 4.737993758640972, -1.2783500536308743, 1.6380606143143488, 1.3004095644369935, 1.7834310095709345, -1.612094717974203, 5.588437655761858, 4.889009252537789, 7.309907948820381, 4.897907950453997, 0.99081440532625, 4.075641389254263, -4.25962184300685, 4.680820305022011, 4.251229119640661, -4.263404303777159, -3.092008552643621, 2.2422997290959676, -6.26392827504723], Energy: -40.18527816208365
Eval count: 960, Parameters: [1.7426010593875452, 1.5642399698153984, -5.662126167775641, -1.6493715028821827, -2.0149549222058725, -1.1069324911961642, 4.737993758640972, -1.2783500536308743, 1.6380606143143488, 1.3004095644369935, 1.7834310095709345, -1.612094717974203, 5.588437655761858, 4.889009252537789, 7.309907948820381, 4.897907950453997, 0.99081440532625, 4.075641389254263, -4.25962184300685, 4.680820305022011, 4.2512291047395, -4.263404288875998, -3.092008552643621, 2.2422997290959676, -6.26392827504723], Energy: -40.18527815767851
Eval count: 961, Parameters: [1.7426010593875452, 1.5642399698153984, -5.662126167775641, -1.6493715028821827, -2.0149549222058725, -1.1069324911961642, 4.737993758640972, -1.2783500536308743, 1.6380606143143488, 1.3004095644369935, 1.7834310095709345, -1.612094717974203, 5.588437655761858, 4.889009252537789, 7.309907948820381, 4.897907950453997, 0.99081440532625, 4.075641389254263, -4.25962184300685, 4.680820305022011, 4.2512291047395, -4.263404303777159, -3.0920085377424598, 2.2422997290959676, -6.26392827504723], Energy: -40.18527816419737
Eval count: 962, Parameters: [1.7426010593875452, 1.5642399698153984, -5.662126167775641, -1.6493715028821827, -2.0149549222058725, -1.1069324911961642, 4.737993758640972, -1.2783500536308743, 1.6380606143143488, 1.3004095644369935, 1.7834310095709345, -1.612094717974203, 5.588437655761858, 4.889009252537789, 7.309907948820381, 4.897907950453997, 0.99081440532625, 4.075641389254263, -4.25962184300685, 4.680820305022011, 4.2512291047395, -4.263404303777159, -3.092008552643621, 2.242299743997129, -6.26392827504723], Energy: -40.18527815931236
Eval count: 963, Parameters: [1.7426010593875452, 1.5642399698153984, -5.662126167775641, -1.6493715028821827, -2.0149549222058725, -1.1069324911961642, 4.737993758640972, -1.2783500536308743, 1.6380606143143488, 1.3004095644369935, 1.7834310095709345, -1.612094717974203, 5.588437655761858, 4.889009252537789, 7.309907948820381, 4.897907950453997, 0.99081440532625, 4.075641389254263, -4.25962184300685, 4.680820305022011, 4.2512291047395, -4.263404303777159, -3.092008552643621, 2.2422997290959676, -6.263928260146069], Energy: -40.18527815964018
Eval count: 964, Parameters: [1.7384094407170831, 1.5587166206535616, -5.6234533428662745, -1.6084181751743907, -2.0226859741192698, -1.1667810251460533, 4.784301422903021, -1.3591187084221412, 1.604670316738619, 1.439856846485884, 1.828169993821883, -1.4380770738266553, 5.5445183670940255, 4.922706589946482, 7.503275721690398, 4.785321836452481, 1.001157317973982, 4.198436323279828, -4.409582601445919, 4.933486182600943, 4.397081959959973, -4.55806631189919, -2.8334385008976914, 2.1822080462135722, -6.143943467168025], Energy: -40.451737112695014
Eval count: 965, Parameters: [1.7384094556182443, 1.5587166206535616, -5.6234533428662745, -1.6084181751743907, -2.0226859741192698, -1.1667810251460533, 4.784301422903021, -1.3591187084221412, 1.604670316738619, 1.439856846485884, 1.828169993821883, -1.4380770738266553, 5.5445183670940255, 4.922706589946482, 7.503275721690398, 4.785321836452481, 1.001157317973982, 4.198436323279828, -4.409582601445919, 4.933486182600943, 4.397081959959973, -4.55806631189919, -2.8334385008976914, 2.1822080462135722, -6.143943467168025], Energy: -40.4517371270253
Eval count: 966, Parameters: [1.7384094407170831, 1.5587166355547228, -5.6234533428662745, -1.6084181751743907, -2.0226859741192698, -1.1667810251460533, 4.784301422903021, -1.3591187084221412, 1.604670316738619, 1.439856846485884, 1.828169993821883, -1.4380770738266553, 5.5445183670940255, 4.922706589946482, 7.503275721690398, 4.785321836452481, 1.001157317973982, 4.198436323279828, -4.409582601445919, 4.933486182600943, 4.397081959959973, -4.55806631189919, -2.8334385008976914, 2.1822080462135722, -6.143943467168025], Energy: -40.451737107713654
Eval count: 967, Parameters: [1.7384094407170831, 1.5587166206535616, -5.623453327965113, -1.6084181751743907, -2.0226859741192698, -1.1667810251460533, 4.784301422903021, -1.3591187084221412, 1.604670316738619, 1.439856846485884, 1.828169993821883, -1.4380770738266553, 5.5445183670940255, 4.922706589946482, 7.503275721690398, 4.785321836452481, 1.001157317973982, 4.198436323279828, -4.409582601445919, 4.933486182600943, 4.397081959959973, -4.55806631189919, -2.8334385008976914, 2.1822080462135722, -6.143943467168025], Energy: -40.45173709480002
Eval count: 968, Parameters: [1.7384094407170831, 1.5587166206535616, -5.6234533428662745, -1.6084181602732295, -2.0226859741192698, -1.1667810251460533, 4.784301422903021, -1.3591187084221412, 1.604670316738619, 1.439856846485884, 1.828169993821883, -1.4380770738266553, 5.5445183670940255, 4.922706589946482, 7.503275721690398, 4.785321836452481, 1.001157317973982, 4.198436323279828, -4.409582601445919, 4.933486182600943, 4.397081959959973, -4.55806631189919, -2.8334385008976914, 2.1822080462135722, -6.143943467168025], Energy: -40.45173710343397
Eval count: 969, Parameters: [1.7384094407170831, 1.5587166206535616, -5.6234533428662745, -1.6084181751743907, -2.0226859592181086, -1.1667810251460533, 4.784301422903021, -1.3591187084221412, 1.604670316738619, 1.439856846485884, 1.828169993821883, -1.4380770738266553, 5.5445183670940255, 4.922706589946482, 7.503275721690398, 4.785321836452481, 1.001157317973982, 4.198436323279828, -4.409582601445919, 4.933486182600943, 4.397081959959973, -4.55806631189919, -2.8334385008976914, 2.1822080462135722, -6.143943467168025], Energy: -40.45173711285548
Eval count: 970, Parameters: [1.7384094407170831, 1.5587166206535616, -5.6234533428662745, -1.6084181751743907, -2.0226859741192698, -1.1667810102448921, 4.784301422903021, -1.3591187084221412, 1.604670316738619, 1.439856846485884, 1.828169993821883, -1.4380770738266553, 5.5445183670940255, 4.922706589946482, 7.503275721690398, 4.785321836452481, 1.001157317973982, 4.198436323279828, -4.409582601445919, 4.933486182600943, 4.397081959959973, -4.55806631189919, -2.8334385008976914, 2.1822080462135722, -6.143943467168025], Energy: -40.451737116953495
Eval count: 971, Parameters: [1.7384094407170831, 1.5587166206535616, -5.6234533428662745, -1.6084181751743907, -2.0226859741192698, -1.1667810251460533, 4.784301437804182, -1.3591187084221412, 1.604670316738619, 1.439856846485884, 1.828169993821883, -1.4380770738266553, 5.5445183670940255, 4.922706589946482, 7.503275721690398, 4.785321836452481, 1.001157317973982, 4.198436323279828, -4.409582601445919, 4.933486182600943, 4.397081959959973, -4.55806631189919, -2.8334385008976914, 2.1822080462135722, -6.143943467168025], Energy: -40.45173711695594
Eval count: 972, Parameters: [1.7384094407170831, 1.5587166206535616, -5.6234533428662745, -1.6084181751743907, -2.0226859741192698, -1.1667810251460533, 4.784301422903021, -1.35911869352098, 1.604670316738619, 1.439856846485884, 1.828169993821883, -1.4380770738266553, 5.5445183670940255, 4.922706589946482, 7.503275721690398, 4.785321836452481, 1.001157317973982, 4.198436323279828, -4.409582601445919, 4.933486182600943, 4.397081959959973, -4.55806631189919, -2.8334385008976914, 2.1822080462135722, -6.143943467168025], Energy: -40.45173712186994
Eval count: 973, Parameters: [1.7384094407170831, 1.5587166206535616, -5.6234533428662745, -1.6084181751743907, -2.0226859741192698, -1.1667810251460533, 4.784301422903021, -1.3591187084221412, 1.6046703316397801, 1.439856846485884, 1.828169993821883, -1.4380770738266553, 5.5445183670940255, 4.922706589946482, 7.503275721690398, 4.785321836452481, 1.001157317973982, 4.198436323279828, -4.409582601445919, 4.933486182600943, 4.397081959959973, -4.55806631189919, -2.8334385008976914, 2.1822080462135722, -6.143943467168025], Energy: -40.45173711838834
Eval count: 974, Parameters: [1.7384094407170831, 1.5587166206535616, -5.6234533428662745, -1.6084181751743907, -2.0226859741192698, -1.1667810251460533, 4.784301422903021, -1.3591187084221412, 1.604670316738619, 1.4398568613870453, 1.828169993821883, -1.4380770738266553, 5.5445183670940255, 4.922706589946482, 7.503275721690398, 4.785321836452481, 1.001157317973982, 4.198436323279828, -4.409582601445919, 4.933486182600943, 4.397081959959973, -4.55806631189919, -2.8334385008976914, 2.1822080462135722, -6.143943467168025], Energy: -40.45173710855073
Eval count: 975, Parameters: [1.7384094407170831, 1.5587166206535616, -5.6234533428662745, -1.6084181751743907, -2.0226859741192698, -1.1667810251460533, 4.784301422903021, -1.3591187084221412, 1.604670316738619, 1.439856846485884, 1.8281700087230441, -1.4380770738266553, 5.5445183670940255, 4.922706589946482, 7.503275721690398, 4.785321836452481, 1.001157317973982, 4.198436323279828, -4.409582601445919, 4.933486182600943, 4.397081959959973, -4.55806631189919, -2.8334385008976914, 2.1822080462135722, -6.143943467168025], Energy: -40.451737108844156
Eval count: 976, Parameters: [1.7384094407170831, 1.5587166206535616, -5.6234533428662745, -1.6084181751743907, -2.0226859741192698, -1.1667810251460533, 4.784301422903021, -1.3591187084221412, 1.604670316738619, 1.439856846485884, 1.828169993821883, -1.438077058925494, 5.5445183670940255, 4.922706589946482, 7.503275721690398, 4.785321836452481, 1.001157317973982, 4.198436323279828, -4.409582601445919, 4.933486182600943, 4.397081959959973, -4.55806631189919, -2.8334385008976914, 2.1822080462135722, -6.143943467168025], Energy: -40.45173709841657
Eval count: 977, Parameters: [1.7384094407170831, 1.5587166206535616, -5.6234533428662745, -1.6084181751743907, -2.0226859741192698, -1.1667810251460533, 4.784301422903021, -1.3591187084221412, 1.604670316738619, 1.439856846485884, 1.828169993821883, -1.4380770738266553, 5.544518381995187, 4.922706589946482, 7.503275721690398, 4.785321836452481, 1.001157317973982, 4.198436323279828, -4.409582601445919, 4.933486182600943, 4.397081959959973, -4.55806631189919, -2.8334385008976914, 2.1822080462135722, -6.143943467168025], Energy: -40.45173709576312
Eval count: 978, Parameters: [1.7384094407170831, 1.5587166206535616, -5.6234533428662745, -1.6084181751743907, -2.0226859741192698, -1.1667810251460533, 4.784301422903021, -1.3591187084221412, 1.604670316738619, 1.439856846485884, 1.828169993821883, -1.4380770738266553, 5.5445183670940255, 4.922706604847643, 7.503275721690398, 4.785321836452481, 1.001157317973982, 4.198436323279828, -4.409582601445919, 4.933486182600943, 4.397081959959973, -4.55806631189919, -2.8334385008976914, 2.1822080462135722, -6.143943467168025], Energy: -40.451737114844036
Eval count: 979, Parameters: [1.7384094407170831, 1.5587166206535616, -5.6234533428662745, -1.6084181751743907, -2.0226859741192698, -1.1667810251460533, 4.784301422903021, -1.3591187084221412, 1.604670316738619, 1.439856846485884, 1.828169993821883, -1.4380770738266553, 5.5445183670940255, 4.922706589946482, 7.503275736591559, 4.785321836452481, 1.001157317973982, 4.198436323279828, -4.409582601445919, 4.933486182600943, 4.397081959959973, -4.55806631189919, -2.8334385008976914, 2.1822080462135722, -6.143943467168025], Energy: -40.451737108435566
Eval count: 980, Parameters: [1.7384094407170831, 1.5587166206535616, -5.6234533428662745, -1.6084181751743907, -2.0226859741192698, -1.1667810251460533, 4.784301422903021, -1.3591187084221412, 1.604670316738619, 1.439856846485884, 1.828169993821883, -1.4380770738266553, 5.5445183670940255, 4.922706589946482, 7.503275721690398, 4.785321851353642, 1.001157317973982, 4.198436323279828, -4.409582601445919, 4.933486182600943, 4.397081959959973, -4.55806631189919, -2.8334385008976914, 2.1822080462135722, -6.143943467168025], Energy: -40.451737125674015
Eval count: 981, Parameters: [1.7384094407170831, 1.5587166206535616, -5.6234533428662745, -1.6084181751743907, -2.0226859741192698, -1.1667810251460533, 4.784301422903021, -1.3591187084221412, 1.604670316738619, 1.439856846485884, 1.828169993821883, -1.4380770738266553, 5.5445183670940255, 4.922706589946482, 7.503275721690398, 4.785321836452481, 1.0011573328751433, 4.198436323279828, -4.409582601445919, 4.933486182600943, 4.397081959959973, -4.55806631189919, -2.8334385008976914, 2.1822080462135722, -6.143943467168025], Energy: -40.451737111640796
Eval count: 982, Parameters: [1.7384094407170831, 1.5587166206535616, -5.6234533428662745, -1.6084181751743907, -2.0226859741192698, -1.1667810251460533, 4.784301422903021, -1.3591187084221412, 1.604670316738619, 1.439856846485884, 1.828169993821883, -1.4380770738266553, 5.5445183670940255, 4.922706589946482, 7.503275721690398, 4.785321836452481, 1.001157317973982, 4.198436338180989, -4.409582601445919, 4.933486182600943, 4.397081959959973, -4.55806631189919, -2.8334385008976914, 2.1822080462135722, -6.143943467168025], Energy: -40.45173712536052
Eval count: 983, Parameters: [1.7384094407170831, 1.5587166206535616, -5.6234533428662745, -1.6084181751743907, -2.0226859741192698, -1.1667810251460533, 4.784301422903021, -1.3591187084221412, 1.604670316738619, 1.439856846485884, 1.828169993821883, -1.4380770738266553, 5.5445183670940255, 4.922706589946482, 7.503275721690398, 4.785321836452481, 1.001157317973982, 4.198436323279828, -4.409582586544758, 4.933486182600943, 4.397081959959973, -4.55806631189919, -2.8334385008976914, 2.1822080462135722, -6.143943467168025], Energy: -40.45173710877873
Eval count: 984, Parameters: [1.7384094407170831, 1.5587166206535616, -5.6234533428662745, -1.6084181751743907, -2.0226859741192698, -1.1667810251460533, 4.784301422903021, -1.3591187084221412, 1.604670316738619, 1.439856846485884, 1.828169993821883, -1.4380770738266553, 5.5445183670940255, 4.922706589946482, 7.503275721690398, 4.785321836452481, 1.001157317973982, 4.198436323279828, -4.409582601445919, 4.933486197502104, 4.397081959959973, -4.55806631189919, -2.8334385008976914, 2.1822080462135722, -6.143943467168025], Energy: -40.45173712064832
Eval count: 985, Parameters: [1.7384094407170831, 1.5587166206535616, -5.6234533428662745, -1.6084181751743907, -2.0226859741192698, -1.1667810251460533, 4.784301422903021, -1.3591187084221412, 1.604670316738619, 1.439856846485884, 1.828169993821883, -1.4380770738266553, 5.5445183670940255, 4.922706589946482, 7.503275721690398, 4.785321836452481, 1.001157317973982, 4.198436323279828, -4.409582601445919, 4.933486182600943, 4.397081974861134, -4.55806631189919, -2.8334385008976914, 2.1822080462135722, -6.143943467168025], Energy: -40.45173711319262
Eval count: 986, Parameters: [1.7384094407170831, 1.5587166206535616, -5.6234533428662745, -1.6084181751743907, -2.0226859741192698, -1.1667810251460533, 4.784301422903021, -1.3591187084221412, 1.604670316738619, 1.439856846485884, 1.828169993821883, -1.4380770738266553, 5.5445183670940255, 4.922706589946482, 7.503275721690398, 4.785321836452481, 1.001157317973982, 4.198436323279828, -4.409582601445919, 4.933486182600943, 4.397081959959973, -4.558066296998029, -2.8334385008976914, 2.1822080462135722, -6.143943467168025], Energy: -40.45173711635215
Eval count: 987, Parameters: [1.7384094407170831, 1.5587166206535616, -5.6234533428662745, -1.6084181751743907, -2.0226859741192698, -1.1667810251460533, 4.784301422903021, -1.3591187084221412, 1.604670316738619, 1.439856846485884, 1.828169993821883, -1.4380770738266553, 5.5445183670940255, 4.922706589946482, 7.503275721690398, 4.785321836452481, 1.001157317973982, 4.198436323279828, -4.409582601445919, 4.933486182600943, 4.397081959959973, -4.55806631189919, -2.8334384859965303, 2.1822080462135722, -6.143943467168025], Energy: -40.4517371155153
Eval count: 988, Parameters: [1.7384094407170831, 1.5587166206535616, -5.6234533428662745, -1.6084181751743907, -2.0226859741192698, -1.1667810251460533, 4.784301422903021, -1.3591187084221412, 1.604670316738619, 1.439856846485884, 1.828169993821883, -1.4380770738266553, 5.5445183670940255, 4.922706589946482, 7.503275721690398, 4.785321836452481, 1.001157317973982, 4.198436323279828, -4.409582601445919, 4.933486182600943, 4.397081959959973, -4.55806631189919, -2.8334385008976914, 2.1822080611147334, -6.143943467168025], Energy: -40.45173711090831
Eval count: 989, Parameters: [1.7384094407170831, 1.5587166206535616, -5.6234533428662745, -1.6084181751743907, -2.0226859741192698, -1.1667810251460533, 4.784301422903021, -1.3591187084221412, 1.604670316738619, 1.439856846485884, 1.828169993821883, -1.4380770738266553, 5.5445183670940255, 4.922706589946482, 7.503275721690398, 4.785321836452481, 1.001157317973982, 4.198436323279828, -4.409582601445919, 4.933486182600943, 4.397081959959973, -4.55806631189919, -2.8334385008976914, 2.1822080462135722, -6.143943452266864], Energy: -40.451737115031335
Eval count: 990, Parameters: [1.7159935685116514, 1.5473820884514708, -5.6028062238068435, -1.6699894095704488, -2.0515125178991607, -1.128243958325575, 4.868765981026758, -1.4224918051473012, 1.842349472612158, 1.3362925259231235, 2.0234920848483267, -1.5548015300143927, 5.07414886132916, 4.903643685394963, 7.406086346896662, 4.58482904088464, 1.706576736514596, 4.931124963180938, -4.938932178499913, 5.529890916660811, 4.711946281707705, -5.085678506650606, -2.1520946079640866, 1.9184039371486128, -5.678837999174063], Energy: -38.7859543750547
Eval count: 991, Parameters: [1.7327448288570906, 1.555852323206154, -5.6182357044702815, -1.6239775583381553, -2.029970597277435, -1.1570425004185743, 4.805646072502729, -1.3751334319191286, 1.6647331219194954, 1.413685583857534, 1.8775289401616482, -1.4675739737381395, 5.425653454923048, 4.917889291104893, 7.478715442256415, 4.734656225174529, 1.179420611407906, 4.383590696093389, -4.543352095881898, 5.084200877034854, 4.476649873040264, -4.691396760452576, -2.661259222693653, 2.1155433243937343, -6.026408805745947], Energy: -40.73663640699334
Eval count: 992, Parameters: [1.7327448437582518, 1.555852323206154, -5.6182357044702815, -1.6239775583381553, -2.029970597277435, -1.1570425004185743, 4.805646072502729, -1.3751334319191286, 1.6647331219194954, 1.413685583857534, 1.8775289401616482, -1.4675739737381395, 5.425653454923048, 4.917889291104893, 7.478715442256415, 4.734656225174529, 1.179420611407906, 4.383590696093389, -4.543352095881898, 5.084200877034854, 4.476649873040264, -4.691396760452576, -2.661259222693653, 2.1155433243937343, -6.026408805745947], Energy: -40.73663641254575
Eval count: 993, Parameters: [1.7327448288570906, 1.5558523381073153, -5.6182357044702815, -1.6239775583381553, -2.029970597277435, -1.1570425004185743, 4.805646072502729, -1.3751334319191286, 1.6647331219194954, 1.413685583857534, 1.8775289401616482, -1.4675739737381395, 5.425653454923048, 4.917889291104893, 7.478715442256415, 4.734656225174529, 1.179420611407906, 4.383590696093389, -4.543352095881898, 5.084200877034854, 4.476649873040264, -4.691396760452576, -2.661259222693653, 2.1155433243937343, -6.026408805745947], Energy: -40.736636405392005
Eval count: 994, Parameters: [1.7327448288570906, 1.555852323206154, -5.61823568956912, -1.6239775583381553, -2.029970597277435, -1.1570425004185743, 4.805646072502729, -1.3751334319191286, 1.6647331219194954, 1.413685583857534, 1.8775289401616482, -1.4675739737381395, 5.425653454923048, 4.917889291104893, 7.478715442256415, 4.734656225174529, 1.179420611407906, 4.383590696093389, -4.543352095881898, 5.084200877034854, 4.476649873040264, -4.691396760452576, -2.661259222693653, 2.1155433243937343, -6.026408805745947], Energy: -40.73663639270461
Eval count: 995, Parameters: [1.7327448288570906, 1.555852323206154, -5.6182357044702815, -1.623977543436994, -2.029970597277435, -1.1570425004185743, 4.805646072502729, -1.3751334319191286, 1.6647331219194954, 1.413685583857534, 1.8775289401616482, -1.4675739737381395, 5.425653454923048, 4.917889291104893, 7.478715442256415, 4.734656225174529, 1.179420611407906, 4.383590696093389, -4.543352095881898, 5.084200877034854, 4.476649873040264, -4.691396760452576, -2.661259222693653, 2.1155433243937343, -6.026408805745947], Energy: -40.7366363980949
Eval count: 996, Parameters: [1.7327448288570906, 1.555852323206154, -5.6182357044702815, -1.6239775583381553, -2.029970582376274, -1.1570425004185743, 4.805646072502729, -1.3751334319191286, 1.6647331219194954, 1.413685583857534, 1.8775289401616482, -1.4675739737381395, 5.425653454923048, 4.917889291104893, 7.478715442256415, 4.734656225174529, 1.179420611407906, 4.383590696093389, -4.543352095881898, 5.084200877034854, 4.476649873040264, -4.691396760452576, -2.661259222693653, 2.1155433243937343, -6.026408805745947], Energy: -40.736636409264634
Eval count: 997, Parameters: [1.7327448288570906, 1.555852323206154, -5.6182357044702815, -1.6239775583381553, -2.029970597277435, -1.157042485517413, 4.805646072502729, -1.3751334319191286, 1.6647331219194954, 1.413685583857534, 1.8775289401616482, -1.4675739737381395, 5.425653454923048, 4.917889291104893, 7.478715442256415, 4.734656225174529, 1.179420611407906, 4.383590696093389, -4.543352095881898, 5.084200877034854, 4.476649873040264, -4.691396760452576, -2.661259222693653, 2.1155433243937343, -6.026408805745947], Energy: -40.73663641106714
Eval count: 998, Parameters: [1.7327448288570906, 1.555852323206154, -5.6182357044702815, -1.6239775583381553, -2.029970597277435, -1.1570425004185743, 4.80564608740389, -1.3751334319191286, 1.6647331219194954, 1.413685583857534, 1.8775289401616482, -1.4675739737381395, 5.425653454923048, 4.917889291104893, 7.478715442256415, 4.734656225174529, 1.179420611407906, 4.383590696093389, -4.543352095881898, 5.084200877034854, 4.476649873040264, -4.691396760452576, -2.661259222693653, 2.1155433243937343, -6.026408805745947], Energy: -40.73663640789823
Eval count: 999, Parameters: [1.7327448288570906, 1.555852323206154, -5.6182357044702815, -1.6239775583381553, -2.029970597277435, -1.1570425004185743, 4.805646072502729, -1.3751334170179674, 1.6647331219194954, 1.413685583857534, 1.8775289401616482, -1.4675739737381395, 5.425653454923048, 4.917889291104893, 7.478715442256415, 4.734656225174529, 1.179420611407906, 4.383590696093389, -4.543352095881898, 5.084200877034854, 4.476649873040264, -4.691396760452576, -2.661259222693653, 2.1155433243937343, -6.026408805745947], Energy: -40.73663641942841
Eval count: 1000, Parameters: [1.7327448288570906, 1.555852323206154, -5.6182357044702815, -1.6239775583381553, -2.029970597277435, -1.1570425004185743, 4.805646072502729, -1.3751334319191286, 1.6647331368206566, 1.413685583857534, 1.8775289401616482, -1.4675739737381395, 5.425653454923048, 4.917889291104893, 7.478715442256415, 4.734656225174529, 1.179420611407906, 4.383590696093389, -4.543352095881898, 5.084200877034854, 4.476649873040264, -4.691396760452576, -2.661259222693653, 2.1155433243937343, -6.026408805745947], Energy: -40.736636411732206
Eval count: 1001, Parameters: [1.7327448288570906, 1.555852323206154, -5.6182357044702815, -1.6239775583381553, -2.029970597277435, -1.1570425004185743, 4.805646072502729, -1.3751334319191286, 1.6647331219194954, 1.4136855987586951, 1.8775289401616482, -1.4675739737381395, 5.425653454923048, 4.917889291104893, 7.478715442256415, 4.734656225174529, 1.179420611407906, 4.383590696093389, -4.543352095881898, 5.084200877034854, 4.476649873040264, -4.691396760452576, -2.661259222693653, 2.1155433243937343, -6.026408805745947], Energy: -40.736636403676755
Eval count: 1002, Parameters: [1.7327448288570906, 1.555852323206154, -5.6182357044702815, -1.6239775583381553, -2.029970597277435, -1.1570425004185743, 4.805646072502729, -1.3751334319191286, 1.6647331219194954, 1.413685583857534, 1.8775289550628094, -1.4675739737381395, 5.425653454923048, 4.917889291104893, 7.478715442256415, 4.734656225174529, 1.179420611407906, 4.383590696093389, -4.543352095881898, 5.084200877034854, 4.476649873040264, -4.691396760452576, -2.661259222693653, 2.1155433243937343, -6.026408805745947], Energy: -40.7366363978104
Eval count: 1003, Parameters: [1.7327448288570906, 1.555852323206154, -5.6182357044702815, -1.6239775583381553, -2.029970597277435, -1.1570425004185743, 4.805646072502729, -1.3751334319191286, 1.6647331219194954, 1.413685583857534, 1.8775289401616482, -1.4675739588369783, 5.425653454923048, 4.917889291104893, 7.478715442256415, 4.734656225174529, 1.179420611407906, 4.383590696093389, -4.543352095881898, 5.084200877034854, 4.476649873040264, -4.691396760452576, -2.661259222693653, 2.1155433243937343, -6.026408805745947], Energy: -40.736636393789865
Eval count: 1004, Parameters: [1.7327448288570906, 1.555852323206154, -5.6182357044702815, -1.6239775583381553, -2.029970597277435, -1.1570425004185743, 4.805646072502729, -1.3751334319191286, 1.6647331219194954, 1.413685583857534, 1.8775289401616482, -1.4675739737381395, 5.425653469824209, 4.917889291104893, 7.478715442256415, 4.734656225174529, 1.179420611407906, 4.383590696093389, -4.543352095881898, 5.084200877034854, 4.476649873040264, -4.691396760452576, -2.661259222693653, 2.1155433243937343, -6.026408805745947], Energy: -40.73663639722918
Eval count: 1005, Parameters: [1.7327448288570906, 1.555852323206154, -5.6182357044702815, -1.6239775583381553, -2.029970597277435, -1.1570425004185743, 4.805646072502729, -1.3751334319191286, 1.6647331219194954, 1.413685583857534, 1.8775289401616482, -1.4675739737381395, 5.425653454923048, 4.917889306006054, 7.478715442256415, 4.734656225174529, 1.179420611407906, 4.383590696093389, -4.543352095881898, 5.084200877034854, 4.476649873040264, -4.691396760452576, -2.661259222693653, 2.1155433243937343, -6.026408805745947], Energy: -40.73663640908842
Eval count: 1006, Parameters: [1.7327448288570906, 1.555852323206154, -5.6182357044702815, -1.6239775583381553, -2.029970597277435, -1.1570425004185743, 4.805646072502729, -1.3751334319191286, 1.6647331219194954, 1.413685583857534, 1.8775289401616482, -1.4675739737381395, 5.425653454923048, 4.917889291104893, 7.478715457157576, 4.734656225174529, 1.179420611407906, 4.383590696093389, -4.543352095881898, 5.084200877034854, 4.476649873040264, -4.691396760452576, -2.661259222693653, 2.1155433243937343, -6.026408805745947], Energy: -40.736636404384285
Eval count: 1007, Parameters: [1.7327448288570906, 1.555852323206154, -5.6182357044702815, -1.6239775583381553, -2.029970597277435, -1.1570425004185743, 4.805646072502729, -1.3751334319191286, 1.6647331219194954, 1.413685583857534, 1.8775289401616482, -1.4675739737381395, 5.425653454923048, 4.917889291104893, 7.478715442256415, 4.73465624007569, 1.179420611407906, 4.383590696093389, -4.543352095881898, 5.084200877034854, 4.476649873040264, -4.691396760452576, -2.661259222693653, 2.1155433243937343, -6.026408805745947], Energy: -40.73663642339716
Eval count: 1008, Parameters: [1.7327448288570906, 1.555852323206154, -5.6182357044702815, -1.6239775583381553, -2.029970597277435, -1.1570425004185743, 4.805646072502729, -1.3751334319191286, 1.6647331219194954, 1.413685583857534, 1.8775289401616482, -1.4675739737381395, 5.425653454923048, 4.917889291104893, 7.478715442256415, 4.734656225174529, 1.1794206263090672, 4.383590696093389, -4.543352095881898, 5.084200877034854, 4.476649873040264, -4.691396760452576, -2.661259222693653, 2.1155433243937343, -6.026408805745947], Energy: -40.73663640041707
Eval count: 1009, Parameters: [1.7327448288570906, 1.555852323206154, -5.6182357044702815, -1.6239775583381553, -2.029970597277435, -1.1570425004185743, 4.805646072502729, -1.3751334319191286, 1.6647331219194954, 1.413685583857534, 1.8775289401616482, -1.4675739737381395, 5.425653454923048, 4.917889291104893, 7.478715442256415, 4.734656225174529, 1.179420611407906, 4.38359071099455, -4.543352095881898, 5.084200877034854, 4.476649873040264, -4.691396760452576, -2.661259222693653, 2.1155433243937343, -6.026408805745947], Energy: -40.736636415663725
Eval count: 1010, Parameters: [1.7327448288570906, 1.555852323206154, -5.6182357044702815, -1.6239775583381553, -2.029970597277435, -1.1570425004185743, 4.805646072502729, -1.3751334319191286, 1.6647331219194954, 1.413685583857534, 1.8775289401616482, -1.4675739737381395, 5.425653454923048, 4.917889291104893, 7.478715442256415, 4.734656225174529, 1.179420611407906, 4.383590696093389, -4.543352080980736, 5.084200877034854, 4.476649873040264, -4.691396760452576, -2.661259222693653, 2.1155433243937343, -6.026408805745947], Energy: -40.73663640714943
Eval count: 1011, Parameters: [1.7327448288570906, 1.555852323206154, -5.6182357044702815, -1.6239775583381553, -2.029970597277435, -1.1570425004185743, 4.805646072502729, -1.3751334319191286, 1.6647331219194954, 1.413685583857534, 1.8775289401616482, -1.4675739737381395, 5.425653454923048, 4.917889291104893, 7.478715442256415, 4.734656225174529, 1.179420611407906, 4.383590696093389, -4.543352095881898, 5.084200891936015, 4.476649873040264, -4.691396760452576, -2.661259222693653, 2.1155433243937343, -6.026408805745947], Energy: -40.73663641193599
Eval count: 1012, Parameters: [1.7327448288570906, 1.555852323206154, -5.6182357044702815, -1.6239775583381553, -2.029970597277435, -1.1570425004185743, 4.805646072502729, -1.3751334319191286, 1.6647331219194954, 1.413685583857534, 1.8775289401616482, -1.4675739737381395, 5.425653454923048, 4.917889291104893, 7.478715442256415, 4.734656225174529, 1.179420611407906, 4.383590696093389, -4.543352095881898, 5.084200877034854, 4.476649887941425, -4.691396760452576, -2.661259222693653, 2.1155433243937343, -6.026408805745947], Energy: -40.73663640796906
Eval count: 1013, Parameters: [1.7327448288570906, 1.555852323206154, -5.6182357044702815, -1.6239775583381553, -2.029970597277435, -1.1570425004185743, 4.805646072502729, -1.3751334319191286, 1.6647331219194954, 1.413685583857534, 1.8775289401616482, -1.4675739737381395, 5.425653454923048, 4.917889291104893, 7.478715442256415, 4.734656225174529, 1.179420611407906, 4.383590696093389, -4.543352095881898, 5.084200877034854, 4.476649873040264, -4.6913967455514145, -2.661259222693653, 2.1155433243937343, -6.026408805745947], Energy: -40.73663641413151
Eval count: 1014, Parameters: [1.7327448288570906, 1.555852323206154, -5.6182357044702815, -1.6239775583381553, -2.029970597277435, -1.1570425004185743, 4.805646072502729, -1.3751334319191286, 1.6647331219194954, 1.413685583857534, 1.8775289401616482, -1.4675739737381395, 5.425653454923048, 4.917889291104893, 7.478715442256415, 4.734656225174529, 1.179420611407906, 4.383590696093389, -4.543352095881898, 5.084200877034854, 4.476649873040264, -4.691396760452576, -2.661259207792492, 2.1155433243937343, -6.026408805745947], Energy: -40.73663640575302
Eval count: 1015, Parameters: [1.7327448288570906, 1.555852323206154, -5.6182357044702815, -1.6239775583381553, -2.029970597277435, -1.1570425004185743, 4.805646072502729, -1.3751334319191286, 1.6647331219194954, 1.413685583857534, 1.8775289401616482, -1.4675739737381395, 5.425653454923048, 4.917889291104893, 7.478715442256415, 4.734656225174529, 1.179420611407906, 4.383590696093389, -4.543352095881898, 5.084200877034854, 4.476649873040264, -4.691396760452576, -2.661259222693653, 2.1155433392948955, -6.026408805745947], Energy: -40.73663640360189
Eval count: 1016, Parameters: [1.7327448288570906, 1.555852323206154, -5.6182357044702815, -1.6239775583381553, -2.029970597277435, -1.1570425004185743, 4.805646072502729, -1.3751334319191286, 1.6647331219194954, 1.413685583857534, 1.8775289401616482, -1.4675739737381395, 5.425653454923048, 4.917889291104893, 7.478715442256415, 4.734656225174529, 1.179420611407906, 4.383590696093389, -4.543352095881898, 5.084200877034854, 4.476649873040264, -4.691396760452576, -2.661259222693653, 2.1155433243937343, -6.026408790844786], Energy: -40.73663641198425
Eval count: 1017, Parameters: [1.7307483819599239, 1.5485075231927228, -5.580096004725266, -1.805812506065946, -2.124733227544218, -1.1065074412070905, 4.872884158547984, -1.3932534370761898, 1.9006885001158016, 1.4811124151081199, 1.9029765450339773, -1.6303338302801589, 5.056027837938787, 4.992221332519346, 7.524076552112712, 5.231451004267713, 1.014126166102074, 4.86817788222876, -4.6333792326544145, 5.311450551650702, 4.763972110082548, -4.529727842717765, -2.4443726301932314, 1.6852863739541497, -5.311632597769864], Energy: -40.40510463571388
Eval count: 1018, Parameters: [1.731895882433956, 1.5527291037962663, -5.602017611355003, -1.70129898807087, -2.0702663828182275, -1.1355535453046828, 4.834237633203663, -1.382838577288684, 1.7650681093531209, 1.4423574044277279, 1.8883499908814871, -1.5367841281566406, 5.268478052019507, 4.949497404885753, 7.498004285859803, 4.945907599474357, 1.109132677225661, 4.589651052093994, -4.581634213906945, 5.180833949869103, 4.598827520625201, -4.622650504472622, -2.5690328292992755, 1.9325857412880423, -5.722465482252517], Energy: -41.201911138366086
Eval count: 1019, Parameters: [1.7318958973351173, 1.5527291037962663, -5.602017611355003, -1.70129898807087, -2.0702663828182275, -1.1355535453046828, 4.834237633203663, -1.382838577288684, 1.7650681093531209, 1.4423574044277279, 1.8883499908814871, -1.5367841281566406, 5.268478052019507, 4.949497404885753, 7.498004285859803, 4.945907599474357, 1.109132677225661, 4.589651052093994, -4.581634213906945, 5.180833949869103, 4.598827520625201, -4.622650504472622, -2.5690328292992755, 1.9325857412880423, -5.722465482252517], Energy: -41.20191113960266
Eval count: 1020, Parameters: [1.731895882433956, 1.5527291186974275, -5.602017611355003, -1.70129898807087, -2.0702663828182275, -1.1355535453046828, 4.834237633203663, -1.382838577288684, 1.7650681093531209, 1.4423574044277279, 1.8883499908814871, -1.5367841281566406, 5.268478052019507, 4.949497404885753, 7.498004285859803, 4.945907599474357, 1.109132677225661, 4.589651052093994, -4.581634213906945, 5.180833949869103, 4.598827520625201, -4.622650504472622, -2.5690328292992755, 1.9325857412880423, -5.722465482252517], Energy: -41.20191113801184
Eval count: 1021, Parameters: [1.731895882433956, 1.5527291037962663, -5.602017596453842, -1.70129898807087, -2.0702663828182275, -1.1355535453046828, 4.834237633203663, -1.382838577288684, 1.7650681093531209, 1.4423574044277279, 1.8883499908814871, -1.5367841281566406, 5.268478052019507, 4.949497404885753, 7.498004285859803, 4.945907599474357, 1.109132677225661, 4.589651052093994, -4.581634213906945, 5.180833949869103, 4.598827520625201, -4.622650504472622, -2.5690328292992755, 1.9325857412880423, -5.722465482252517], Energy: -41.201911138246544
Eval count: 1022, Parameters: [1.731895882433956, 1.5527291037962663, -5.602017611355003, -1.7012989731697088, -2.0702663828182275, -1.1355535453046828, 4.834237633203663, -1.382838577288684, 1.7650681093531209, 1.4423574044277279, 1.8883499908814871, -1.5367841281566406, 5.268478052019507, 4.949497404885753, 7.498004285859803, 4.945907599474357, 1.109132677225661, 4.589651052093994, -4.581634213906945, 5.180833949869103, 4.598827520625201, -4.622650504472622, -2.5690328292992755, 1.9325857412880423, -5.722465482252517], Energy: -41.20191113862069
Eval count: 1023, Parameters: [1.731895882433956, 1.5527291037962663, -5.602017611355003, -1.70129898807087, -2.0702663679170663, -1.1355535453046828, 4.834237633203663, -1.382838577288684, 1.7650681093531209, 1.4423574044277279, 1.8883499908814871, -1.5367841281566406, 5.268478052019507, 4.949497404885753, 7.498004285859803, 4.945907599474357, 1.109132677225661, 4.589651052093994, -4.581634213906945, 5.180833949869103, 4.598827520625201, -4.622650504472622, -2.5690328292992755, 1.9325857412880423, -5.722465482252517], Energy: -41.20191115090728
Eval count: 1024, Parameters: [1.731895882433956, 1.5527291037962663, -5.602017611355003, -1.70129898807087, -2.0702663828182275, -1.1355535304035216, 4.834237633203663, -1.382838577288684, 1.7650681093531209, 1.4423574044277279, 1.8883499908814871, -1.5367841281566406, 5.268478052019507, 4.949497404885753, 7.498004285859803, 4.945907599474357, 1.109132677225661, 4.589651052093994, -4.581634213906945, 5.180833949869103, 4.598827520625201, -4.622650504472622, -2.5690328292992755, 1.9325857412880423, -5.722465482252517], Energy: -41.20191113823313
Eval count: 1025, Parameters: [1.731895882433956, 1.5527291037962663, -5.602017611355003, -1.70129898807087, -2.0702663828182275, -1.1355535453046828, 4.834237648104824, -1.382838577288684, 1.7650681093531209, 1.4423574044277279, 1.8883499908814871, -1.5367841281566406, 5.268478052019507, 4.949497404885753, 7.498004285859803, 4.945907599474357, 1.109132677225661, 4.589651052093994, -4.581634213906945, 5.180833949869103, 4.598827520625201, -4.622650504472622, -2.5690328292992755, 1.9325857412880423, -5.722465482252517], Energy: -41.20191113521753
Eval count: 1026, Parameters: [1.731895882433956, 1.5527291037962663, -5.602017611355003, -1.70129898807087, -2.0702663828182275, -1.1355535453046828, 4.834237633203663, -1.3828385623875228, 1.7650681093531209, 1.4423574044277279, 1.8883499908814871, -1.5367841281566406, 5.268478052019507, 4.949497404885753, 7.498004285859803, 4.945907599474357, 1.109132677225661, 4.589651052093994, -4.581634213906945, 5.180833949869103, 4.598827520625201, -4.622650504472622, -2.5690328292992755, 1.9325857412880423, -5.722465482252517], Energy: -41.2019111497321
Eval count: 1027, Parameters: [1.731895882433956, 1.5527291037962663, -5.602017611355003, -1.70129898807087, -2.0702663828182275, -1.1355535453046828, 4.834237633203663, -1.382838577288684, 1.765068124254282, 1.4423574044277279, 1.8883499908814871, -1.5367841281566406, 5.268478052019507, 4.949497404885753, 7.498004285859803, 4.945907599474357, 1.109132677225661, 4.589651052093994, -4.581634213906945, 5.180833949869103, 4.598827520625201, -4.622650504472622, -2.5690328292992755, 1.9325857412880423, -5.722465482252517], Energy: -41.20191113518382
Eval count: 1028, Parameters: [1.731895882433956, 1.5527291037962663, -5.602017611355003, -1.70129898807087, -2.0702663828182275, -1.1355535453046828, 4.834237633203663, -1.382838577288684, 1.7650681093531209, 1.442357419328889, 1.8883499908814871, -1.5367841281566406, 5.268478052019507, 4.949497404885753, 7.498004285859803, 4.945907599474357, 1.109132677225661, 4.589651052093994, -4.581634213906945, 5.180833949869103, 4.598827520625201, -4.622650504472622, -2.5690328292992755, 1.9325857412880423, -5.722465482252517], Energy: -41.20191113344106
Eval count: 1029, Parameters: [1.731895882433956, 1.5527291037962663, -5.602017611355003, -1.70129898807087, -2.0702663828182275, -1.1355535453046828, 4.834237633203663, -1.382838577288684, 1.7650681093531209, 1.4423574044277279, 1.8883500057826483, -1.5367841281566406, 5.268478052019507, 4.949497404885753, 7.498004285859803, 4.945907599474357, 1.109132677225661, 4.589651052093994, -4.581634213906945, 5.180833949869103, 4.598827520625201, -4.622650504472622, -2.5690328292992755, 1.9325857412880423, -5.722465482252517], Energy: -41.201911124906815
Eval count: 1030, Parameters: [1.731895882433956, 1.5527291037962663, -5.602017611355003, -1.70129898807087, -2.0702663828182275, -1.1355535453046828, 4.834237633203663, -1.382838577288684, 1.7650681093531209, 1.4423574044277279, 1.8883499908814871, -1.5367841132554794, 5.268478052019507, 4.949497404885753, 7.498004285859803, 4.945907599474357, 1.109132677225661, 4.589651052093994, -4.581634213906945, 5.180833949869103, 4.598827520625201, -4.622650504472622, -2.5690328292992755, 1.9325857412880423, -5.722465482252517], Energy: -41.20191112873067
Eval count: 1031, Parameters: [1.731895882433956, 1.5527291037962663, -5.602017611355003, -1.70129898807087, -2.0702663828182275, -1.1355535453046828, 4.834237633203663, -1.382838577288684, 1.7650681093531209, 1.4423574044277279, 1.8883499908814871, -1.5367841281566406, 5.268478066920668, 4.949497404885753, 7.498004285859803, 4.945907599474357, 1.109132677225661, 4.589651052093994, -4.581634213906945, 5.180833949869103, 4.598827520625201, -4.622650504472622, -2.5690328292992755, 1.9325857412880423, -5.722465482252517], Energy: -41.20191113969992
Eval count: 1032, Parameters: [1.731895882433956, 1.5527291037962663, -5.602017611355003, -1.70129898807087, -2.0702663828182275, -1.1355535453046828, 4.834237633203663, -1.382838577288684, 1.7650681093531209, 1.4423574044277279, 1.8883499908814871, -1.5367841281566406, 5.268478052019507, 4.949497419786915, 7.498004285859803, 4.945907599474357, 1.109132677225661, 4.589651052093994, -4.581634213906945, 5.180833949869103, 4.598827520625201, -4.622650504472622, -2.5690328292992755, 1.9325857412880423, -5.722465482252517], Energy: -41.2019111383039
Eval count: 1033, Parameters: [1.731895882433956, 1.5527291037962663, -5.602017611355003, -1.70129898807087, -2.0702663828182275, -1.1355535453046828, 4.834237633203663, -1.382838577288684, 1.7650681093531209, 1.4423574044277279, 1.8883499908814871, -1.5367841281566406, 5.268478052019507, 4.949497404885753, 7.4980043007609645, 4.945907599474357, 1.109132677225661, 4.589651052093994, -4.581634213906945, 5.180833949869103, 4.598827520625201, -4.622650504472622, -2.5690328292992755, 1.9325857412880423, -5.722465482252517], Energy: -41.20191113911119
Eval count: 1034, Parameters: [1.731895882433956, 1.5527291037962663, -5.602017611355003, -1.70129898807087, -2.0702663828182275, -1.1355535453046828, 4.834237633203663, -1.382838577288684, 1.7650681093531209, 1.4423574044277279, 1.8883499908814871, -1.5367841281566406, 5.268478052019507, 4.949497404885753, 7.498004285859803, 4.9459076143755185, 1.109132677225661, 4.589651052093994, -4.581634213906945, 5.180833949869103, 4.598827520625201, -4.622650504472622, -2.5690328292992755, 1.9325857412880423, -5.722465482252517], Energy: -41.20191113924568
Eval count: 1035, Parameters: [1.731895882433956, 1.5527291037962663, -5.602017611355003, -1.70129898807087, -2.0702663828182275, -1.1355535453046828, 4.834237633203663, -1.382838577288684, 1.7650681093531209, 1.4423574044277279, 1.8883499908814871, -1.5367841281566406, 5.268478052019507, 4.949497404885753, 7.498004285859803, 4.945907599474357, 1.109132692126822, 4.589651052093994, -4.581634213906945, 5.180833949869103, 4.598827520625201, -4.622650504472622, -2.5690328292992755, 1.9325857412880423, -5.722465482252517], Energy: -41.20191113686997
Eval count: 1036, Parameters: [1.731895882433956, 1.5527291037962663, -5.602017611355003, -1.70129898807087, -2.0702663828182275, -1.1355535453046828, 4.834237633203663, -1.382838577288684, 1.7650681093531209, 1.4423574044277279, 1.8883499908814871, -1.5367841281566406, 5.268478052019507, 4.949497404885753, 7.498004285859803, 4.945907599474357, 1.109132677225661, 4.589651066995155, -4.581634213906945, 5.180833949869103, 4.598827520625201, -4.622650504472622, -2.5690328292992755, 1.9325857412880423, -5.722465482252517], Energy: -41.20191113985078
Eval count: 1037, Parameters: [1.731895882433956, 1.5527291037962663, -5.602017611355003, -1.70129898807087, -2.0702663828182275, -1.1355535453046828, 4.834237633203663, -1.382838577288684, 1.7650681093531209, 1.4423574044277279, 1.8883499908814871, -1.5367841281566406, 5.268478052019507, 4.949497404885753, 7.498004285859803, 4.945907599474357, 1.109132677225661, 4.589651052093994, -4.581634199005784, 5.180833949869103, 4.598827520625201, -4.622650504472622, -2.5690328292992755, 1.9325857412880423, -5.722465482252517], Energy: -41.20191113907606
Eval count: 1038, Parameters: [1.731895882433956, 1.5527291037962663, -5.602017611355003, -1.70129898807087, -2.0702663828182275, -1.1355535453046828, 4.834237633203663, -1.382838577288684, 1.7650681093531209, 1.4423574044277279, 1.8883499908814871, -1.5367841281566406, 5.268478052019507, 4.949497404885753, 7.498004285859803, 4.945907599474357, 1.109132677225661, 4.589651052093994, -4.581634213906945, 5.180833964770264, 4.598827520625201, -4.622650504472622, -2.5690328292992755, 1.9325857412880423, -5.722465482252517], Energy: -41.201911138080845
Eval count: 1039, Parameters: [1.731895882433956, 1.5527291037962663, -5.602017611355003, -1.70129898807087, -2.0702663828182275, -1.1355535453046828, 4.834237633203663, -1.382838577288684, 1.7650681093531209, 1.4423574044277279, 1.8883499908814871, -1.5367841281566406, 5.268478052019507, 4.949497404885753, 7.498004285859803, 4.945907599474357, 1.109132677225661, 4.589651052093994, -4.581634213906945, 5.180833949869103, 4.598827535526362, -4.622650504472622, -2.5690328292992755, 1.9325857412880423, -5.722465482252517], Energy: -41.201911135562455
Eval count: 1040, Parameters: [1.731895882433956, 1.5527291037962663, -5.602017611355003, -1.70129898807087, -2.0702663828182275, -1.1355535453046828, 4.834237633203663, -1.382838577288684, 1.7650681093531209, 1.4423574044277279, 1.8883499908814871, -1.5367841281566406, 5.268478052019507, 4.949497404885753, 7.498004285859803, 4.945907599474357, 1.109132677225661, 4.589651052093994, -4.581634213906945, 5.180833949869103, 4.598827520625201, -4.622650489571461, -2.5690328292992755, 1.9325857412880423, -5.722465482252517], Energy: -41.20191114223951
Eval count: 1041, Parameters: [1.731895882433956, 1.5527291037962663, -5.602017611355003, -1.70129898807087, -2.0702663828182275, -1.1355535453046828, 4.834237633203663, -1.382838577288684, 1.7650681093531209, 1.4423574044277279, 1.8883499908814871, -1.5367841281566406, 5.268478052019507, 4.949497404885753, 7.498004285859803, 4.945907599474357, 1.109132677225661, 4.589651052093994, -4.581634213906945, 5.180833949869103, 4.598827520625201, -4.622650504472622, -2.5690328143981143, 1.9325857412880423, -5.722465482252517], Energy: -41.201911135721275
Eval count: 1042, Parameters: [1.731895882433956, 1.5527291037962663, -5.602017611355003, -1.70129898807087, -2.0702663828182275, -1.1355535453046828, 4.834237633203663, -1.382838577288684, 1.7650681093531209, 1.4423574044277279, 1.8883499908814871, -1.5367841281566406, 5.268478052019507, 4.949497404885753, 7.498004285859803, 4.945907599474357, 1.109132677225661, 4.589651052093994, -4.581634213906945, 5.180833949869103, 4.598827520625201, -4.622650504472622, -2.5690328292992755, 1.9325857561892035, -5.722465482252517], Energy: -41.20191113598588
Eval count: 1043, Parameters: [1.731895882433956, 1.5527291037962663, -5.602017611355003, -1.70129898807087, -2.0702663828182275, -1.1355535453046828, 4.834237633203663, -1.382838577288684, 1.7650681093531209, 1.4423574044277279, 1.8883499908814871, -1.5367841281566406, 5.268478052019507, 4.949497404885753, 7.498004285859803, 4.945907599474357, 1.109132677225661, 4.589651052093994, -4.581634213906945, 5.180833949869103, 4.598827520625201, -4.622650504472622, -2.5690328292992755, 1.9325857412880423, -5.7224654673513555], Energy: -41.20191114133587
Eval count: 1044, Parameters: [1.7454398807745664, 1.5566754417707973, -5.6164554459542435, -1.6882064959968803, -1.9481839083479011, -1.0977727777837427, 4.851354490614496, -1.1838542652406527, 1.582252327577073, 1.309657242551366, 1.6716644599009765, -1.6603183042850433, 5.174294979881484, 4.898923586387084, 7.607155808716449, 4.90878535787922, 1.0600227114548666, 4.773303058699362, -4.665364299428892, 5.384328527345438, 4.501516310956061, -4.464734394611187, -2.59746435715024, 1.7291733458668825, -5.449644660079138], Energy: -41.227011903544394
Eval count: 1045, Parameters: [1.7388954351325838, 1.5547685754444946, -5.609479099579529, -1.6945327742894136, -2.0071740306084864, -1.1160284046034687, 4.843083643256897, -1.2800032739053235, 1.6705887195524407, 1.3737778201121424, 1.7763666787911014, -1.6006267213220322, 5.2198041405075655, 4.923360801879029, 7.554413908569203, 4.9267227856696145, 1.0837525948603384, 4.684562603772838, -4.624906010855871, 5.2860001632065465, 4.548536984321453, -4.541039291510261, -2.5837262730291544, 1.8274619997238237, -5.581471392172063], Energy: -41.40473736432682
Eval count: 1046, Parameters: [1.738895450033745, 1.5547685754444946, -5.609479099579529, -1.6945327742894136, -2.0071740306084864, -1.1160284046034687, 4.843083643256897, -1.2800032739053235, 1.6705887195524407, 1.3737778201121424, 1.7763666787911014, -1.6006267213220322, 5.2198041405075655, 4.923360801879029, 7.554413908569203, 4.9267227856696145, 1.0837525948603384, 4.684562603772838, -4.624906010855871, 5.2860001632065465, 4.548536984321453, -4.541039291510261, -2.5837262730291544, 1.8274619997238237, -5.581471392172063], Energy: -41.40473736936502
Eval count: 1047, Parameters: [1.7388954351325838, 1.5547685903456558, -5.609479099579529, -1.6945327742894136, -2.0071740306084864, -1.1160284046034687, 4.843083643256897, -1.2800032739053235, 1.6705887195524407, 1.3737778201121424, 1.7763666787911014, -1.6006267213220322, 5.2198041405075655, 4.923360801879029, 7.554413908569203, 4.9267227856696145, 1.0837525948603384, 4.684562603772838, -4.624906010855871, 5.2860001632065465, 4.548536984321453, -4.541039291510261, -2.5837262730291544, 1.8274619997238237, -5.581471392172063], Energy: -41.40473736322076
Eval count: 1048, Parameters: [1.7388954351325838, 1.5547685754444946, -5.609479084678368, -1.6945327742894136, -2.0071740306084864, -1.1160284046034687, 4.843083643256897, -1.2800032739053235, 1.6705887195524407, 1.3737778201121424, 1.7763666787911014, -1.6006267213220322, 5.2198041405075655, 4.923360801879029, 7.554413908569203, 4.9267227856696145, 1.0837525948603384, 4.684562603772838, -4.624906010855871, 5.2860001632065465, 4.548536984321453, -4.541039291510261, -2.5837262730291544, 1.8274619997238237, -5.581471392172063], Energy: -41.404737367785515
Eval count: 1049, Parameters: [1.7388954351325838, 1.5547685754444946, -5.609479099579529, -1.6945327593882524, -2.0071740306084864, -1.1160284046034687, 4.843083643256897, -1.2800032739053235, 1.6705887195524407, 1.3737778201121424, 1.7763666787911014, -1.6006267213220322, 5.2198041405075655, 4.923360801879029, 7.554413908569203, 4.9267227856696145, 1.0837525948603384, 4.684562603772838, -4.624906010855871, 5.2860001632065465, 4.548536984321453, -4.541039291510261, -2.5837262730291544, 1.8274619997238237, -5.581471392172063], Energy: -41.40473736817182
Eval count: 1050, Parameters: [1.7388954351325838, 1.5547685754444946, -5.609479099579529, -1.6945327742894136, -2.0071740157073252, -1.1160284046034687, 4.843083643256897, -1.2800032739053235, 1.6705887195524407, 1.3737778201121424, 1.7763666787911014, -1.6006267213220322, 5.2198041405075655, 4.923360801879029, 7.554413908569203, 4.9267227856696145, 1.0837525948603384, 4.684562603772838, -4.624906010855871, 5.2860001632065465, 4.548536984321453, -4.541039291510261, -2.5837262730291544, 1.8274619997238237, -5.581471392172063], Energy: -41.404737370167766
Eval count: 1051, Parameters: [1.7388954351325838, 1.5547685754444946, -5.609479099579529, -1.6945327742894136, -2.0071740306084864, -1.1160283897023076, 4.843083643256897, -1.2800032739053235, 1.6705887195524407, 1.3737778201121424, 1.7763666787911014, -1.6006267213220322, 5.2198041405075655, 4.923360801879029, 7.554413908569203, 4.9267227856696145, 1.0837525948603384, 4.684562603772838, -4.624906010855871, 5.2860001632065465, 4.548536984321453, -4.541039291510261, -2.5837262730291544, 1.8274619997238237, -5.581471392172063], Energy: -41.40473736164694
Eval count: 1052, Parameters: [1.7388954351325838, 1.5547685754444946, -5.609479099579529, -1.6945327742894136, -2.0071740306084864, -1.1160284046034687, 4.843083658158058, -1.2800032739053235, 1.6705887195524407, 1.3737778201121424, 1.7763666787911014, -1.6006267213220322, 5.2198041405075655, 4.923360801879029, 7.554413908569203, 4.9267227856696145, 1.0837525948603384, 4.684562603772838, -4.624906010855871, 5.2860001632065465, 4.548536984321453, -4.541039291510261, -2.5837262730291544, 1.8274619997238237, -5.581471392172063], Energy: -41.4047373597341
Eval count: 1053, Parameters: [1.7388954351325838, 1.5547685754444946, -5.609479099579529, -1.6945327742894136, -2.0071740306084864, -1.1160284046034687, 4.843083643256897, -1.2800032590041623, 1.6705887195524407, 1.3737778201121424, 1.7763666787911014, -1.6006267213220322, 5.2198041405075655, 4.923360801879029, 7.554413908569203, 4.9267227856696145, 1.0837525948603384, 4.684562603772838, -4.624906010855871, 5.2860001632065465, 4.548536984321453, -4.541039291510261, -2.5837262730291544, 1.8274619997238237, -5.581471392172063], Energy: -41.40473736505754
Eval count: 1054, Parameters: [1.7388954351325838, 1.5547685754444946, -5.609479099579529, -1.6945327742894136, -2.0071740306084864, -1.1160284046034687, 4.843083643256897, -1.2800032739053235, 1.670588734453602, 1.3737778201121424, 1.7763666787911014, -1.6006267213220322, 5.2198041405075655, 4.923360801879029, 7.554413908569203, 4.9267227856696145, 1.0837525948603384, 4.684562603772838, -4.624906010855871, 5.2860001632065465, 4.548536984321453, -4.541039291510261, -2.5837262730291544, 1.8274619997238237, -5.581471392172063], Energy: -41.40473736630872
Eval count: 1055, Parameters: [1.7388954351325838, 1.5547685754444946, -5.609479099579529, -1.6945327742894136, -2.0071740306084864, -1.1160284046034687, 4.843083643256897, -1.2800032739053235, 1.6705887195524407, 1.3737778350133036, 1.7763666787911014, -1.6006267213220322, 5.2198041405075655, 4.923360801879029, 7.554413908569203, 4.9267227856696145, 1.0837525948603384, 4.684562603772838, -4.624906010855871, 5.2860001632065465, 4.548536984321453, -4.541039291510261, -2.5837262730291544, 1.8274619997238237, -5.581471392172063], Energy: -41.404737364931066
Eval count: 1056, Parameters: [1.7388954351325838, 1.5547685754444946, -5.609479099579529, -1.6945327742894136, -2.0071740306084864, -1.1160284046034687, 4.843083643256897, -1.2800032739053235, 1.6705887195524407, 1.3737778201121424, 1.7763666936922626, -1.6006267213220322, 5.2198041405075655, 4.923360801879029, 7.554413908569203, 4.9267227856696145, 1.0837525948603384, 4.684562603772838, -4.624906010855871, 5.2860001632065465, 4.548536984321453, -4.541039291510261, -2.5837262730291544, 1.8274619997238237, -5.581471392172063], Energy: -41.40473736074239
Eval count: 1057, Parameters: [1.7388954351325838, 1.5547685754444946, -5.609479099579529, -1.6945327742894136, -2.0071740306084864, -1.1160284046034687, 4.843083643256897, -1.2800032739053235, 1.6705887195524407, 1.3737778201121424, 1.7763666787911014, -1.600626706420871, 5.2198041405075655, 4.923360801879029, 7.554413908569203, 4.9267227856696145, 1.0837525948603384, 4.684562603772838, -4.624906010855871, 5.2860001632065465, 4.548536984321453, -4.541039291510261, -2.5837262730291544, 1.8274619997238237, -5.581471392172063], Energy: -41.40473736425423
Eval count: 1058, Parameters: [1.7388954351325838, 1.5547685754444946, -5.609479099579529, -1.6945327742894136, -2.0071740306084864, -1.1160284046034687, 4.843083643256897, -1.2800032739053235, 1.6705887195524407, 1.3737778201121424, 1.7763666787911014, -1.6006267213220322, 5.219804155408727, 4.923360801879029, 7.554413908569203, 4.9267227856696145, 1.0837525948603384, 4.684562603772838, -4.624906010855871, 5.2860001632065465, 4.548536984321453, -4.541039291510261, -2.5837262730291544, 1.8274619997238237, -5.581471392172063], Energy: -41.40473736675858
Eval count: 1059, Parameters: [1.7388954351325838, 1.5547685754444946, -5.609479099579529, -1.6945327742894136, -2.0071740306084864, -1.1160284046034687, 4.843083643256897, -1.2800032739053235, 1.6705887195524407, 1.3737778201121424, 1.7763666787911014, -1.6006267213220322, 5.2198041405075655, 4.92336081678019, 7.554413908569203, 4.9267227856696145, 1.0837525948603384, 4.684562603772838, -4.624906010855871, 5.2860001632065465, 4.548536984321453, -4.541039291510261, -2.5837262730291544, 1.8274619997238237, -5.581471392172063], Energy: -41.404737364499056
Eval count: 1060, Parameters: [1.7388954351325838, 1.5547685754444946, -5.609479099579529, -1.6945327742894136, -2.0071740306084864, -1.1160284046034687, 4.843083643256897, -1.2800032739053235, 1.6705887195524407, 1.3737778201121424, 1.7763666787911014, -1.6006267213220322, 5.2198041405075655, 4.923360801879029, 7.5544139234703644, 4.9267227856696145, 1.0837525948603384, 4.684562603772838, -4.624906010855871, 5.2860001632065465, 4.548536984321453, -4.541039291510261, -2.5837262730291544, 1.8274619997238237, -5.581471392172063], Energy: -41.404737362761296
Eval count: 1061, Parameters: [1.7388954351325838, 1.5547685754444946, -5.609479099579529, -1.6945327742894136, -2.0071740306084864, -1.1160284046034687, 4.843083643256897, -1.2800032739053235, 1.6705887195524407, 1.3737778201121424, 1.7763666787911014, -1.6006267213220322, 5.2198041405075655, 4.923360801879029, 7.554413908569203, 4.926722800570776, 1.0837525948603384, 4.684562603772838, -4.624906010855871, 5.2860001632065465, 4.548536984321453, -4.541039291510261, -2.5837262730291544, 1.8274619997238237, -5.581471392172063], Energy: -41.404737365189476
Eval count: 1062, Parameters: [1.7388954351325838, 1.5547685754444946, -5.609479099579529, -1.6945327742894136, -2.0071740306084864, -1.1160284046034687, 4.843083643256897, -1.2800032739053235, 1.6705887195524407, 1.3737778201121424, 1.7763666787911014, -1.6006267213220322, 5.2198041405075655, 4.923360801879029, 7.554413908569203, 4.9267227856696145, 1.0837526097614996, 4.684562603772838, -4.624906010855871, 5.2860001632065465, 4.548536984321453, -4.541039291510261, -2.5837262730291544, 1.8274619997238237, -5.581471392172063], Energy: -41.40473736194497
Eval count: 1063, Parameters: [1.7388954351325838, 1.5547685754444946, -5.609479099579529, -1.6945327742894136, -2.0071740306084864, -1.1160284046034687, 4.843083643256897, -1.2800032739053235, 1.6705887195524407, 1.3737778201121424, 1.7763666787911014, -1.6006267213220322, 5.2198041405075655, 4.923360801879029, 7.554413908569203, 4.9267227856696145, 1.0837525948603384, 4.684562618673999, -4.624906010855871, 5.2860001632065465, 4.548536984321453, -4.541039291510261, -2.5837262730291544, 1.8274619997238237, -5.581471392172063], Energy: -41.40473736147004
Eval count: 1064, Parameters: [1.7388954351325838, 1.5547685754444946, -5.609479099579529, -1.6945327742894136, -2.0071740306084864, -1.1160284046034687, 4.843083643256897, -1.2800032739053235, 1.6705887195524407, 1.3737778201121424, 1.7763666787911014, -1.6006267213220322, 5.2198041405075655, 4.923360801879029, 7.554413908569203, 4.9267227856696145, 1.0837525948603384, 4.684562603772838, -4.62490599595471, 5.2860001632065465, 4.548536984321453, -4.541039291510261, -2.5837262730291544, 1.8274619997238237, -5.581471392172063], Energy: -41.404737367146936
Eval count: 1065, Parameters: [1.7388954351325838, 1.5547685754444946, -5.609479099579529, -1.6945327742894136, -2.0071740306084864, -1.1160284046034687, 4.843083643256897, -1.2800032739053235, 1.6705887195524407, 1.3737778201121424, 1.7763666787911014, -1.6006267213220322, 5.2198041405075655, 4.923360801879029, 7.554413908569203, 4.9267227856696145, 1.0837525948603384, 4.684562603772838, -4.624906010855871, 5.286000178107708, 4.548536984321453, -4.541039291510261, -2.5837262730291544, 1.8274619997238237, -5.581471392172063], Energy: -41.404737359493936
Eval count: 1066, Parameters: [1.7388954351325838, 1.5547685754444946, -5.609479099579529, -1.6945327742894136, -2.0071740306084864, -1.1160284046034687, 4.843083643256897, -1.2800032739053235, 1.6705887195524407, 1.3737778201121424, 1.7763666787911014, -1.6006267213220322, 5.2198041405075655, 4.923360801879029, 7.554413908569203, 4.9267227856696145, 1.0837525948603384, 4.684562603772838, -4.624906010855871, 5.2860001632065465, 4.548536999222614, -4.541039291510261, -2.5837262730291544, 1.8274619997238237, -5.581471392172063], Energy: -41.40473736464418
Eval count: 1067, Parameters: [1.7388954351325838, 1.5547685754444946, -5.609479099579529, -1.6945327742894136, -2.0071740306084864, -1.1160284046034687, 4.843083643256897, -1.2800032739053235, 1.6705887195524407, 1.3737778201121424, 1.7763666787911014, -1.6006267213220322, 5.2198041405075655, 4.923360801879029, 7.554413908569203, 4.9267227856696145, 1.0837525948603384, 4.684562603772838, -4.624906010855871, 5.2860001632065465, 4.548536984321453, -4.5410392766091, -2.5837262730291544, 1.8274619997238237, -5.581471392172063], Energy: -41.40473736450758
Eval count: 1068, Parameters: [1.7388954351325838, 1.5547685754444946, -5.609479099579529, -1.6945327742894136, -2.0071740306084864, -1.1160284046034687, 4.843083643256897, -1.2800032739053235, 1.6705887195524407, 1.3737778201121424, 1.7763666787911014, -1.6006267213220322, 5.2198041405075655, 4.923360801879029, 7.554413908569203, 4.9267227856696145, 1.0837525948603384, 4.684562603772838, -4.624906010855871, 5.2860001632065465, 4.548536984321453, -4.541039291510261, -2.583726258127993, 1.8274619997238237, -5.581471392172063], Energy: -41.404737362126866
Eval count: 1069, Parameters: [1.7388954351325838, 1.5547685754444946, -5.609479099579529, -1.6945327742894136, -2.0071740306084864, -1.1160284046034687, 4.843083643256897, -1.2800032739053235, 1.6705887195524407, 1.3737778201121424, 1.7763666787911014, -1.6006267213220322, 5.2198041405075655, 4.923360801879029, 7.554413908569203, 4.9267227856696145, 1.0837525948603384, 4.684562603772838, -4.624906010855871, 5.2860001632065465, 4.548536984321453, -4.541039291510261, -2.5837262730291544, 1.827462014624985, -5.581471392172063], Energy: -41.40473736300237
Eval count: 1070, Parameters: [1.7388954351325838, 1.5547685754444946, -5.609479099579529, -1.6945327742894136, -2.0071740306084864, -1.1160284046034687, 4.843083643256897, -1.2800032739053235, 1.6705887195524407, 1.3737778201121424, 1.7763666787911014, -1.6006267213220322, 5.2198041405075655, 4.923360801879029, 7.554413908569203, 4.9267227856696145, 1.0837525948603384, 4.684562603772838, -4.624906010855871, 5.2860001632065465, 4.548536984321453, -4.541039291510261, -2.5837262730291544, 1.8274619997238237, -5.581471377270902], Energy: -41.4047373666495
Eval count: 1071, Parameters: [1.7892571110079223, 1.552243200067861, -5.616664368543415, -1.6596052155395744, -1.9346021913768343, -1.1307197389127397, 4.799499286614242, -1.2431845378652417, 1.6926367604782604, 1.3746493361462857, 1.7134320959448657, -1.638007692065947, 5.224338635780387, 4.944214180727045, 7.458530121549115, 4.9846746942481355, 0.9598607684987429, 4.6347778391771834, -4.550390902361077, 5.062239318206408, 4.50037339584228, -4.520804121097109, -2.6879386498592845, 1.7744333351652692, -5.505015530056182], Energy: -41.35755232040668
Eval count: 1072, Parameters: [1.7600895496241742, 1.553705801143673, -5.612502934875448, -1.6798339250913006, -1.9766330320653043, -1.1222110785509294, 4.824741683251172, -1.2645085451556144, 1.679867376300357, 1.3741445873073925, 1.749881405393423, -1.6163580598842042, 5.221712429108041, 4.932136699248596, 7.514062353052638, 4.951111159647868, 1.0316141878903333, 4.663611275556735, -4.593547210471603, 5.191833063219506, 4.528267908862562, -4.532523559834557, -2.627582816871058, 1.8051455146494957, -5.549295848624857], Energy: -41.456454198427195
Eval count: 1073, Parameters: [1.7600895645253354, 1.553705801143673, -5.612502934875448, -1.6798339250913006, -1.9766330320653043, -1.1222110785509294, 4.824741683251172, -1.2645085451556144, 1.679867376300357, 1.3741445873073925, 1.749881405393423, -1.6163580598842042, 5.221712429108041, 4.932136699248596, 7.514062353052638, 4.951111159647868, 1.0316141878903333, 4.663611275556735, -4.593547210471603, 5.191833063219506, 4.528267908862562, -4.532523559834557, -2.627582816871058, 1.8051455146494957, -5.549295848624857], Energy: -41.456454197850405
Eval count: 1074, Parameters: [1.7600895496241742, 1.5537058160448343, -5.612502934875448, -1.6798339250913006, -1.9766330320653043, -1.1222110785509294, 4.824741683251172, -1.2645085451556144, 1.679867376300357, 1.3741445873073925, 1.749881405393423, -1.6163580598842042, 5.221712429108041, 4.932136699248596, 7.514062353052638, 4.951111159647868, 1.0316141878903333, 4.663611275556735, -4.593547210471603, 5.191833063219506, 4.528267908862562, -4.532523559834557, -2.627582816871058, 1.8051455146494957, -5.549295848624857], Energy: -41.456454196243214
Eval count: 1075, Parameters: [1.7600895496241742, 1.553705801143673, -5.612502919974287, -1.6798339250913006, -1.9766330320653043, -1.1222110785509294, 4.824741683251172, -1.2645085451556144, 1.679867376300357, 1.3741445873073925, 1.749881405393423, -1.6163580598842042, 5.221712429108041, 4.932136699248596, 7.514062353052638, 4.951111159647868, 1.0316141878903333, 4.663611275556735, -4.593547210471603, 5.191833063219506, 4.528267908862562, -4.532523559834557, -2.627582816871058, 1.8051455146494957, -5.549295848624857], Energy: -41.45645420517553
Eval count: 1076, Parameters: [1.7600895496241742, 1.553705801143673, -5.612502934875448, -1.6798339101901394, -1.9766330320653043, -1.1222110785509294, 4.824741683251172, -1.2645085451556144, 1.679867376300357, 1.3741445873073925, 1.749881405393423, -1.6163580598842042, 5.221712429108041, 4.932136699248596, 7.514062353052638, 4.951111159647868, 1.0316141878903333, 4.663611275556735, -4.593547210471603, 5.191833063219506, 4.528267908862562, -4.532523559834557, -2.627582816871058, 1.8051455146494957, -5.549295848624857], Energy: -41.45645420050198
Eval count: 1077, Parameters: [1.7600895496241742, 1.553705801143673, -5.612502934875448, -1.6798339250913006, -1.976633017164143, -1.1222110785509294, 4.824741683251172, -1.2645085451556144, 1.679867376300357, 1.3741445873073925, 1.749881405393423, -1.6163580598842042, 5.221712429108041, 4.932136699248596, 7.514062353052638, 4.951111159647868, 1.0316141878903333, 4.663611275556735, -4.593547210471603, 5.191833063219506, 4.528267908862562, -4.532523559834557, -2.627582816871058, 1.8051455146494957, -5.549295848624857], Energy: -41.45645419964205
Eval count: 1078, Parameters: [1.7600895496241742, 1.553705801143673, -5.612502934875448, -1.6798339250913006, -1.9766330320653043, -1.1222110636497682, 4.824741683251172, -1.2645085451556144, 1.679867376300357, 1.3741445873073925, 1.749881405393423, -1.6163580598842042, 5.221712429108041, 4.932136699248596, 7.514062353052638, 4.951111159647868, 1.0316141878903333, 4.663611275556735, -4.593547210471603, 5.191833063219506, 4.528267908862562, -4.532523559834557, -2.627582816871058, 1.8051455146494957, -5.549295848624857], Energy: -41.45645419525431
Eval count: 1079, Parameters: [1.7600895496241742, 1.553705801143673, -5.612502934875448, -1.6798339250913006, -1.9766330320653043, -1.1222110785509294, 4.824741698152333, -1.2645085451556144, 1.679867376300357, 1.3741445873073925, 1.749881405393423, -1.6163580598842042, 5.221712429108041, 4.932136699248596, 7.514062353052638, 4.951111159647868, 1.0316141878903333, 4.663611275556735, -4.593547210471603, 5.191833063219506, 4.528267908862562, -4.532523559834557, -2.627582816871058, 1.8051455146494957, -5.549295848624857], Energy: -41.45645419488159
Eval count: 1080, Parameters: [1.7600895496241742, 1.553705801143673, -5.612502934875448, -1.6798339250913006, -1.9766330320653043, -1.1222110785509294, 4.824741683251172, -1.2645085302544532, 1.679867376300357, 1.3741445873073925, 1.749881405393423, -1.6163580598842042, 5.221712429108041, 4.932136699248596, 7.514062353052638, 4.951111159647868, 1.0316141878903333, 4.663611275556735, -4.593547210471603, 5.191833063219506, 4.528267908862562, -4.532523559834557, -2.627582816871058, 1.8051455146494957, -5.549295848624857], Energy: -41.456454197281516
Eval count: 1081, Parameters: [1.7600895496241742, 1.553705801143673, -5.612502934875448, -1.6798339250913006, -1.9766330320653043, -1.1222110785509294, 4.824741683251172, -1.2645085451556144, 1.6798673912015183, 1.3741445873073925, 1.749881405393423, -1.6163580598842042, 5.221712429108041, 4.932136699248596, 7.514062353052638, 4.951111159647868, 1.0316141878903333, 4.663611275556735, -4.593547210471603, 5.191833063219506, 4.528267908862562, -4.532523559834557, -2.627582816871058, 1.8051455146494957, -5.549295848624857], Energy: -41.45645419876445
Eval count: 1082, Parameters: [1.7600895496241742, 1.553705801143673, -5.612502934875448, -1.6798339250913006, -1.9766330320653043, -1.1222110785509294, 4.824741683251172, -1.2645085451556144, 1.679867376300357, 1.3741446022085537, 1.749881405393423, -1.6163580598842042, 5.221712429108041, 4.932136699248596, 7.514062353052638, 4.951111159647868, 1.0316141878903333, 4.663611275556735, -4.593547210471603, 5.191833063219506, 4.528267908862562, -4.532523559834557, -2.627582816871058, 1.8051455146494957, -5.549295848624857], Energy: -41.45645419938995
Eval count: 1083, Parameters: [1.7600895496241742, 1.553705801143673, -5.612502934875448, -1.6798339250913006, -1.9766330320653043, -1.1222110785509294, 4.824741683251172, -1.2645085451556144, 1.679867376300357, 1.3741445873073925, 1.7498814202945843, -1.6163580598842042, 5.221712429108041, 4.932136699248596, 7.514062353052638, 4.951111159647868, 1.0316141878903333, 4.663611275556735, -4.593547210471603, 5.191833063219506, 4.528267908862562, -4.532523559834557, -2.627582816871058, 1.8051455146494957, -5.549295848624857], Energy: -41.45645419904844
Eval count: 1084, Parameters: [1.7600895496241742, 1.553705801143673, -5.612502934875448, -1.6798339250913006, -1.9766330320653043, -1.1222110785509294, 4.824741683251172, -1.2645085451556144, 1.679867376300357, 1.3741445873073925, 1.749881405393423, -1.616358044983043, 5.221712429108041, 4.932136699248596, 7.514062353052638, 4.951111159647868, 1.0316141878903333, 4.663611275556735, -4.593547210471603, 5.191833063219506, 4.528267908862562, -4.532523559834557, -2.627582816871058, 1.8051455146494957, -5.549295848624857], Energy: -41.45645420044508
Eval count: 1085, Parameters: [1.7600895496241742, 1.553705801143673, -5.612502934875448, -1.6798339250913006, -1.9766330320653043, -1.1222110785509294, 4.824741683251172, -1.2645085451556144, 1.679867376300357, 1.3741445873073925, 1.749881405393423, -1.6163580598842042, 5.221712444009202, 4.932136699248596, 7.514062353052638, 4.951111159647868, 1.0316141878903333, 4.663611275556735, -4.593547210471603, 5.191833063219506, 4.528267908862562, -4.532523559834557, -2.627582816871058, 1.8051455146494957, -5.549295848624857], Energy: -41.45645420051886
Eval count: 1086, Parameters: [1.7600895496241742, 1.553705801143673, -5.612502934875448, -1.6798339250913006, -1.9766330320653043, -1.1222110785509294, 4.824741683251172, -1.2645085451556144, 1.679867376300357, 1.3741445873073925, 1.749881405393423, -1.6163580598842042, 5.221712429108041, 4.932136714149757, 7.514062353052638, 4.951111159647868, 1.0316141878903333, 4.663611275556735, -4.593547210471603, 5.191833063219506, 4.528267908862562, -4.532523559834557, -2.627582816871058, 1.8051455146494957, -5.549295848624857], Energy: -41.45645419830208
Eval count: 1087, Parameters: [1.7600895496241742, 1.553705801143673, -5.612502934875448, -1.6798339250913006, -1.9766330320653043, -1.1222110785509294, 4.824741683251172, -1.2645085451556144, 1.679867376300357, 1.3741445873073925, 1.749881405393423, -1.6163580598842042, 5.221712429108041, 4.932136699248596, 7.514062367953799, 4.951111159647868, 1.0316141878903333, 4.663611275556735, -4.593547210471603, 5.191833063219506, 4.528267908862562, -4.532523559834557, -2.627582816871058, 1.8051455146494957, -5.549295848624857], Energy: -41.456454200596
Eval count: 1088, Parameters: [1.7600895496241742, 1.553705801143673, -5.612502934875448, -1.6798339250913006, -1.9766330320653043, -1.1222110785509294, 4.824741683251172, -1.2645085451556144, 1.679867376300357, 1.3741445873073925, 1.749881405393423, -1.6163580598842042, 5.221712429108041, 4.932136699248596, 7.514062353052638, 4.9511111745490295, 1.0316141878903333, 4.663611275556735, -4.593547210471603, 5.191833063219506, 4.528267908862562, -4.532523559834557, -2.627582816871058, 1.8051455146494957, -5.549295848624857], Energy: -41.45645419640363
Eval count: 1089, Parameters: [1.7600895496241742, 1.553705801143673, -5.612502934875448, -1.6798339250913006, -1.9766330320653043, -1.1222110785509294, 4.824741683251172, -1.2645085451556144, 1.679867376300357, 1.3741445873073925, 1.749881405393423, -1.6163580598842042, 5.221712429108041, 4.932136699248596, 7.514062353052638, 4.951111159647868, 1.0316142027914945, 4.663611275556735, -4.593547210471603, 5.191833063219506, 4.528267908862562, -4.532523559834557, -2.627582816871058, 1.8051455146494957, -5.549295848624857], Energy: -41.456454199363236
Eval count: 1090, Parameters: [1.7600895496241742, 1.553705801143673, -5.612502934875448, -1.6798339250913006, -1.9766330320653043, -1.1222110785509294, 4.824741683251172, -1.2645085451556144, 1.679867376300357, 1.3741445873073925, 1.749881405393423, -1.6163580598842042, 5.221712429108041, 4.932136699248596, 7.514062353052638, 4.951111159647868, 1.0316141878903333, 4.663611290457896, -4.593547210471603, 5.191833063219506, 4.528267908862562, -4.532523559834557, -2.627582816871058, 1.8051455146494957, -5.549295848624857], Energy: -41.45645419698843
Eval count: 1091, Parameters: [1.7600895496241742, 1.553705801143673, -5.612502934875448, -1.6798339250913006, -1.9766330320653043, -1.1222110785509294, 4.824741683251172, -1.2645085451556144, 1.679867376300357, 1.3741445873073925, 1.749881405393423, -1.6163580598842042, 5.221712429108041, 4.932136699248596, 7.514062353052638, 4.951111159647868, 1.0316141878903333, 4.663611275556735, -4.593547195570442, 5.191833063219506, 4.528267908862562, -4.532523559834557, -2.627582816871058, 1.8051455146494957, -5.549295848624857], Energy: -41.4564541989846
Eval count: 1092, Parameters: [1.7600895496241742, 1.553705801143673, -5.612502934875448, -1.6798339250913006, -1.9766330320653043, -1.1222110785509294, 4.824741683251172, -1.2645085451556144, 1.679867376300357, 1.3741445873073925, 1.749881405393423, -1.6163580598842042, 5.221712429108041, 4.932136699248596, 7.514062353052638, 4.951111159647868, 1.0316141878903333, 4.663611275556735, -4.593547210471603, 5.191833078120667, 4.528267908862562, -4.532523559834557, -2.627582816871058, 1.8051455146494957, -5.549295848624857], Energy: -41.45645419908101
Eval count: 1093, Parameters: [1.7600895496241742, 1.553705801143673, -5.612502934875448, -1.6798339250913006, -1.9766330320653043, -1.1222110785509294, 4.824741683251172, -1.2645085451556144, 1.679867376300357, 1.3741445873073925, 1.749881405393423, -1.6163580598842042, 5.221712429108041, 4.932136699248596, 7.514062353052638, 4.951111159647868, 1.0316141878903333, 4.663611275556735, -4.593547210471603, 5.191833063219506, 4.528267923763723, -4.532523559834557, -2.627582816871058, 1.8051455146494957, -5.549295848624857], Energy: -41.45645419829577
Eval count: 1094, Parameters: [1.7600895496241742, 1.553705801143673, -5.612502934875448, -1.6798339250913006, -1.9766330320653043, -1.1222110785509294, 4.824741683251172, -1.2645085451556144, 1.679867376300357, 1.3741445873073925, 1.749881405393423, -1.6163580598842042, 5.221712429108041, 4.932136699248596, 7.514062353052638, 4.951111159647868, 1.0316141878903333, 4.663611275556735, -4.593547210471603, 5.191833063219506, 4.528267908862562, -4.532523544933396, -2.627582816871058, 1.8051455146494957, -5.549295848624857], Energy: -41.4564541992263
Eval count: 1095, Parameters: [1.7600895496241742, 1.553705801143673, -5.612502934875448, -1.6798339250913006, -1.9766330320653043, -1.1222110785509294, 4.824741683251172, -1.2645085451556144, 1.679867376300357, 1.3741445873073925, 1.749881405393423, -1.6163580598842042, 5.221712429108041, 4.932136699248596, 7.514062353052638, 4.951111159647868, 1.0316141878903333, 4.663611275556735, -4.593547210471603, 5.191833063219506, 4.528267908862562, -4.532523559834557, -2.627582801969897, 1.8051455146494957, -5.549295848624857], Energy: -41.45645419805811
Eval count: 1096, Parameters: [1.7600895496241742, 1.553705801143673, -5.612502934875448, -1.6798339250913006, -1.9766330320653043, -1.1222110785509294, 4.824741683251172, -1.2645085451556144, 1.679867376300357, 1.3741445873073925, 1.749881405393423, -1.6163580598842042, 5.221712429108041, 4.932136699248596, 7.514062353052638, 4.951111159647868, 1.0316141878903333, 4.663611275556735, -4.593547210471603, 5.191833063219506, 4.528267908862562, -4.532523559834557, -2.627582816871058, 1.8051455295506569, -5.549295848624857], Energy: -41.45645419725929
Eval count: 1097, Parameters: [1.7600895496241742, 1.553705801143673, -5.612502934875448, -1.6798339250913006, -1.9766330320653043, -1.1222110785509294, 4.824741683251172, -1.2645085451556144, 1.679867376300357, 1.3741445873073925, 1.749881405393423, -1.6163580598842042, 5.221712429108041, 4.932136699248596, 7.514062353052638, 4.951111159647868, 1.0316141878903333, 4.663611275556735, -4.593547210471603, 5.191833063219506, 4.528267908862562, -4.532523559834557, -2.627582816871058, 1.8051455146494957, -5.549295833723696], Energy: -41.45645420031224
Eval count: 1098, Parameters: [1.7817701934500874, 1.5427488375324712, -5.588553527179631, -1.654687353301247, -1.9369664742798218, -1.1749679749135586, 4.730930912476606, -1.3114215728548868, 1.757215831398246, 1.4006965618549985, 1.7326697730483858, -1.6576526489309968, 5.250980102217727, 4.884439118415973, 7.614295347496362, 4.9335770542301995, 0.9810937461221603, 4.629327123556071, -4.568411023609605, 5.279658446178156, 4.525535682984512, -4.5109933792504915, -2.635433549820025, 1.6934504814350568, -5.3757545309196075], Energy: -41.40939366445912
Eval count: 1099, Parameters: [1.767705488522872, 1.549856858001199, -5.604090028545916, -1.6710004810385062, -1.9626990325567277, -1.140743429453834, 4.791787998665251, -1.280988072026654, 1.7070382072343586, 1.3834717187993388, 1.7438353330839844, -1.6308639513859737, 5.231993526473056, 4.91538157591583, 7.549272025212121, 4.944951809557689, 1.0138674548721123, 4.651567998201722, -4.584717414418295, 5.2226842111715035, 4.527308137302651, -4.5249604754020645, -2.6303406087027685, 1.7659094774229418, -5.488334556024174], Energy: -41.47693880241417
Eval count: 1100, Parameters: [1.7677055034240332, 1.549856858001199, -5.604090028545916, -1.6710004810385062, -1.9626990325567277, -1.140743429453834, 4.791787998665251, -1.280988072026654, 1.7070382072343586, 1.3834717187993388, 1.7438353330839844, -1.6308639513859737, 5.231993526473056, 4.91538157591583, 7.549272025212121, 4.944951809557689, 1.0138674548721123, 4.651567998201722, -4.584717414418295, 5.2226842111715035, 4.527308137302651, -4.5249604754020645, -2.6303406087027685, 1.7659094774229418, -5.488334556024174], Energy: -41.4769388007993
Eval count: 1101, Parameters: [1.767705488522872, 1.5498568729023603, -5.604090028545916, -1.6710004810385062, -1.9626990325567277, -1.140743429453834, 4.791787998665251, -1.280988072026654, 1.7070382072343586, 1.3834717187993388, 1.7438353330839844, -1.6308639513859737, 5.231993526473056, 4.91538157591583, 7.549272025212121, 4.944951809557689, 1.0138674548721123, 4.651567998201722, -4.584717414418295, 5.2226842111715035, 4.527308137302651, -4.5249604754020645, -2.6303406087027685, 1.7659094774229418, -5.488334556024174], Energy: -41.47693879944063
Eval count: 1102, Parameters: [1.767705488522872, 1.549856858001199, -5.604090013644755, -1.6710004810385062, -1.9626990325567277, -1.140743429453834, 4.791787998665251, -1.280988072026654, 1.7070382072343586, 1.3834717187993388, 1.7438353330839844, -1.6308639513859737, 5.231993526473056, 4.91538157591583, 7.549272025212121, 4.944951809557689, 1.0138674548721123, 4.651567998201722, -4.584717414418295, 5.2226842111715035, 4.527308137302651, -4.5249604754020645, -2.6303406087027685, 1.7659094774229418, -5.488334556024174], Energy: -41.47693880745294
Eval count: 1103, Parameters: [1.767705488522872, 1.549856858001199, -5.604090028545916, -1.671000466137345, -1.9626990325567277, -1.140743429453834, 4.791787998665251, -1.280988072026654, 1.7070382072343586, 1.3834717187993388, 1.7438353330839844, -1.6308639513859737, 5.231993526473056, 4.91538157591583, 7.549272025212121, 4.944951809557689, 1.0138674548721123, 4.651567998201722, -4.584717414418295, 5.2226842111715035, 4.527308137302651, -4.5249604754020645, -2.6303406087027685, 1.7659094774229418, -5.488334556024174], Energy: -41.47693880326199
Eval count: 1104, Parameters: [1.767705488522872, 1.549856858001199, -5.604090028545916, -1.6710004810385062, -1.9626990176555665, -1.140743429453834, 4.791787998665251, -1.280988072026654, 1.7070382072343586, 1.3834717187993388, 1.7438353330839844, -1.6308639513859737, 5.231993526473056, 4.91538157591583, 7.549272025212121, 4.944951809557689, 1.0138674548721123, 4.651567998201722, -4.584717414418295, 5.2226842111715035, 4.527308137302651, -4.5249604754020645, -2.6303406087027685, 1.7659094774229418, -5.488334556024174], Energy: -41.47693880166884
Eval count: 1105, Parameters: [1.767705488522872, 1.549856858001199, -5.604090028545916, -1.6710004810385062, -1.9626990325567277, -1.1407434145526727, 4.791787998665251, -1.280988072026654, 1.7070382072343586, 1.3834717187993388, 1.7438353330839844, -1.6308639513859737, 5.231993526473056, 4.91538157591583, 7.549272025212121, 4.944951809557689, 1.0138674548721123, 4.651567998201722, -4.584717414418295, 5.2226842111715035, 4.527308137302651, -4.5249604754020645, -2.6303406087027685, 1.7659094774229418, -5.488334556024174], Energy: -41.47693880163814
Eval count: 1106, Parameters: [1.767705488522872, 1.549856858001199, -5.604090028545916, -1.6710004810385062, -1.9626990325567277, -1.140743429453834, 4.791788013566412, -1.280988072026654, 1.7070382072343586, 1.3834717187993388, 1.7438353330839844, -1.6308639513859737, 5.231993526473056, 4.91538157591583, 7.549272025212121, 4.944951809557689, 1.0138674548721123, 4.651567998201722, -4.584717414418295, 5.2226842111715035, 4.527308137302651, -4.5249604754020645, -2.6303406087027685, 1.7659094774229418, -5.488334556024174], Energy: -41.476938801650476
Eval count: 1107, Parameters: [1.767705488522872, 1.549856858001199, -5.604090028545916, -1.6710004810385062, -1.9626990325567277, -1.140743429453834, 4.791787998665251, -1.2809880571254928, 1.7070382072343586, 1.3834717187993388, 1.7438353330839844, -1.6308639513859737, 5.231993526473056, 4.91538157591583, 7.549272025212121, 4.944951809557689, 1.0138674548721123, 4.651567998201722, -4.584717414418295, 5.2226842111715035, 4.527308137302651, -4.5249604754020645, -2.6303406087027685, 1.7659094774229418, -5.488334556024174], Energy: -41.476938803121925
Eval count: 1108, Parameters: [1.767705488522872, 1.549856858001199, -5.604090028545916, -1.6710004810385062, -1.9626990325567277, -1.140743429453834, 4.791787998665251, -1.280988072026654, 1.7070382221355198, 1.3834717187993388, 1.7438353330839844, -1.6308639513859737, 5.231993526473056, 4.91538157591583, 7.549272025212121, 4.944951809557689, 1.0138674548721123, 4.651567998201722, -4.584717414418295, 5.2226842111715035, 4.527308137302651, -4.5249604754020645, -2.6303406087027685, 1.7659094774229418, -5.488334556024174], Energy: -41.47693880052918
Eval count: 1109, Parameters: [1.767705488522872, 1.549856858001199, -5.604090028545916, -1.6710004810385062, -1.9626990325567277, -1.140743429453834, 4.791787998665251, -1.280988072026654, 1.7070382072343586, 1.3834717337005, 1.7438353330839844, -1.6308639513859737, 5.231993526473056, 4.91538157591583, 7.549272025212121, 4.944951809557689, 1.0138674548721123, 4.651567998201722, -4.584717414418295, 5.2226842111715035, 4.527308137302651, -4.5249604754020645, -2.6303406087027685, 1.7659094774229418, -5.488334556024174], Energy: -41.47693880269367
Eval count: 1110, Parameters: [1.767705488522872, 1.549856858001199, -5.604090028545916, -1.6710004810385062, -1.9626990325567277, -1.140743429453834, 4.791787998665251, -1.280988072026654, 1.7070382072343586, 1.3834717187993388, 1.7438353479851456, -1.6308639513859737, 5.231993526473056, 4.91538157591583, 7.549272025212121, 4.944951809557689, 1.0138674548721123, 4.651567998201722, -4.584717414418295, 5.2226842111715035, 4.527308137302651, -4.5249604754020645, -2.6303406087027685, 1.7659094774229418, -5.488334556024174], Energy: -41.476938803194685
Eval count: 1111, Parameters: [1.767705488522872, 1.549856858001199, -5.604090028545916, -1.6710004810385062, -1.9626990325567277, -1.140743429453834, 4.791787998665251, -1.280988072026654, 1.7070382072343586, 1.3834717187993388, 1.7438353330839844, -1.6308639364848125, 5.231993526473056, 4.91538157591583, 7.549272025212121, 4.944951809557689, 1.0138674548721123, 4.651567998201722, -4.584717414418295, 5.2226842111715035, 4.527308137302651, -4.5249604754020645, -2.6303406087027685, 1.7659094774229418, -5.488334556024174], Energy: -41.47693880577589
Eval count: 1112, Parameters: [1.767705488522872, 1.549856858001199, -5.604090028545916, -1.6710004810385062, -1.9626990325567277, -1.140743429453834, 4.791787998665251, -1.280988072026654, 1.7070382072343586, 1.3834717187993388, 1.7438353330839844, -1.6308639513859737, 5.231993541374218, 4.91538157591583, 7.549272025212121, 4.944951809557689, 1.0138674548721123, 4.651567998201722, -4.584717414418295, 5.2226842111715035, 4.527308137302651, -4.5249604754020645, -2.6303406087027685, 1.7659094774229418, -5.488334556024174], Energy: -41.47693880291911
Eval count: 1113, Parameters: [1.767705488522872, 1.549856858001199, -5.604090028545916, -1.6710004810385062, -1.9626990325567277, -1.140743429453834, 4.791787998665251, -1.280988072026654, 1.7070382072343586, 1.3834717187993388, 1.7438353330839844, -1.6308639513859737, 5.231993526473056, 4.915381590816991, 7.549272025212121, 4.944951809557689, 1.0138674548721123, 4.651567998201722, -4.584717414418295, 5.2226842111715035, 4.527308137302651, -4.5249604754020645, -2.6303406087027685, 1.7659094774229418, -5.488334556024174], Energy: -41.476938803101916
Eval count: 1114, Parameters: [1.767705488522872, 1.549856858001199, -5.604090028545916, -1.6710004810385062, -1.9626990325567277, -1.140743429453834, 4.791787998665251, -1.280988072026654, 1.7070382072343586, 1.3834717187993388, 1.7438353330839844, -1.6308639513859737, 5.231993526473056, 4.91538157591583, 7.549272040113282, 4.944951809557689, 1.0138674548721123, 4.651567998201722, -4.584717414418295, 5.2226842111715035, 4.527308137302651, -4.5249604754020645, -2.6303406087027685, 1.7659094774229418, -5.488334556024174], Energy: -41.476938802434745
Eval count: 1115, Parameters: [1.767705488522872, 1.549856858001199, -5.604090028545916, -1.6710004810385062, -1.9626990325567277, -1.140743429453834, 4.791787998665251, -1.280988072026654, 1.7070382072343586, 1.3834717187993388, 1.7438353330839844, -1.6308639513859737, 5.231993526473056, 4.91538157591583, 7.549272025212121, 4.94495182445885, 1.0138674548721123, 4.651567998201722, -4.584717414418295, 5.2226842111715035, 4.527308137302651, -4.5249604754020645, -2.6303406087027685, 1.7659094774229418, -5.488334556024174], Energy: -41.47693880063184
Eval count: 1116, Parameters: [1.767705488522872, 1.549856858001199, -5.604090028545916, -1.6710004810385062, -1.9626990325567277, -1.140743429453834, 4.791787998665251, -1.280988072026654, 1.7070382072343586, 1.3834717187993388, 1.7438353330839844, -1.6308639513859737, 5.231993526473056, 4.91538157591583, 7.549272025212121, 4.944951809557689, 1.0138674697732735, 4.651567998201722, -4.584717414418295, 5.2226842111715035, 4.527308137302651, -4.5249604754020645, -2.6303406087027685, 1.7659094774229418, -5.488334556024174], Energy: -41.4769388040653
Eval count: 1117, Parameters: [1.767705488522872, 1.549856858001199, -5.604090028545916, -1.6710004810385062, -1.9626990325567277, -1.140743429453834, 4.791787998665251, -1.280988072026654, 1.7070382072343586, 1.3834717187993388, 1.7438353330839844, -1.6308639513859737, 5.231993526473056, 4.91538157591583, 7.549272025212121, 4.944951809557689, 1.0138674548721123, 4.651568013102883, -4.584717414418295, 5.2226842111715035, 4.527308137302651, -4.5249604754020645, -2.6303406087027685, 1.7659094774229418, -5.488334556024174], Energy: -41.47693880134028
Eval count: 1118, Parameters: [1.767705488522872, 1.549856858001199, -5.604090028545916, -1.6710004810385062, -1.9626990325567277, -1.140743429453834, 4.791787998665251, -1.280988072026654, 1.7070382072343586, 1.3834717187993388, 1.7438353330839844, -1.6308639513859737, 5.231993526473056, 4.91538157591583, 7.549272025212121, 4.944951809557689, 1.0138674548721123, 4.651567998201722, -4.5847173995171335, 5.2226842111715035, 4.527308137302651, -4.5249604754020645, -2.6303406087027685, 1.7659094774229418, -5.488334556024174], Energy: -41.47693880207612
Eval count: 1119, Parameters: [1.767705488522872, 1.549856858001199, -5.604090028545916, -1.6710004810385062, -1.9626990325567277, -1.140743429453834, 4.791787998665251, -1.280988072026654, 1.7070382072343586, 1.3834717187993388, 1.7438353330839844, -1.6308639513859737, 5.231993526473056, 4.91538157591583, 7.549272025212121, 4.944951809557689, 1.0138674548721123, 4.651567998201722, -4.584717414418295, 5.222684226072665, 4.527308137302651, -4.5249604754020645, -2.6303406087027685, 1.7659094774229418, -5.488334556024174], Energy: -41.47693880124956
Eval count: 1120, Parameters: [1.767705488522872, 1.549856858001199, -5.604090028545916, -1.6710004810385062, -1.9626990325567277, -1.140743429453834, 4.791787998665251, -1.280988072026654, 1.7070382072343586, 1.3834717187993388, 1.7438353330839844, -1.6308639513859737, 5.231993526473056, 4.91538157591583, 7.549272025212121, 4.944951809557689, 1.0138674548721123, 4.651567998201722, -4.584717414418295, 5.2226842111715035, 4.527308152203812, -4.5249604754020645, -2.6303406087027685, 1.7659094774229418, -5.488334556024174], Energy: -41.47693880189462
Eval count: 1121, Parameters: [1.767705488522872, 1.549856858001199, -5.604090028545916, -1.6710004810385062, -1.9626990325567277, -1.140743429453834, 4.791787998665251, -1.280988072026654, 1.7070382072343586, 1.3834717187993388, 1.7438353330839844, -1.6308639513859737, 5.231993526473056, 4.91538157591583, 7.549272025212121, 4.944951809557689, 1.0138674548721123, 4.651567998201722, -4.584717414418295, 5.2226842111715035, 4.527308137302651, -4.524960460500903, -2.6303406087027685, 1.7659094774229418, -5.488334556024174], Energy: -41.47693880317206
Eval count: 1122, Parameters: [1.767705488522872, 1.549856858001199, -5.604090028545916, -1.6710004810385062, -1.9626990325567277, -1.140743429453834, 4.791787998665251, -1.280988072026654, 1.7070382072343586, 1.3834717187993388, 1.7438353330839844, -1.6308639513859737, 5.231993526473056, 4.91538157591583, 7.549272025212121, 4.944951809557689, 1.0138674548721123, 4.651567998201722, -4.584717414418295, 5.2226842111715035, 4.527308137302651, -4.5249604754020645, -2.6303405938016073, 1.7659094774229418, -5.488334556024174], Energy: -41.47693880239569
Eval count: 1123, Parameters: [1.767705488522872, 1.549856858001199, -5.604090028545916, -1.6710004810385062, -1.9626990325567277, -1.140743429453834, 4.791787998665251, -1.280988072026654, 1.7070382072343586, 1.3834717187993388, 1.7438353330839844, -1.6308639513859737, 5.231993526473056, 4.91538157591583, 7.549272025212121, 4.944951809557689, 1.0138674548721123, 4.651567998201722, -4.584717414418295, 5.2226842111715035, 4.527308137302651, -4.5249604754020645, -2.6303406087027685, 1.765909492324103, -5.488334556024174], Energy: -41.476938801750066
Eval count: 1124, Parameters: [1.767705488522872, 1.549856858001199, -5.604090028545916, -1.6710004810385062, -1.9626990325567277, -1.140743429453834, 4.791787998665251, -1.280988072026654, 1.7070382072343586, 1.3834717187993388, 1.7438353330839844, -1.6308639513859737, 5.231993526473056, 4.91538157591583, 7.549272025212121, 4.944951809557689, 1.0138674548721123, 4.651567998201722, -4.584717414418295, 5.2226842111715035, 4.527308137302651, -4.5249604754020645, -2.6303406087027685, 1.7659094774229418, -5.488334541123013], Energy: -41.47693880361402
Eval count: 1125, Parameters: [1.7743663477593379, 1.532243803164882, -5.5879368656360695, -1.638281301416693, -1.9441251826918413, -1.16982182484261, 4.769714353154741, -1.2780339446225963, 1.6574699165752105, 1.4094790668875847, 1.7332430426197152, -1.5623538935703354, 5.228409005922045, 4.981975878923696, 7.550093742293067, 4.974906514684858, 1.1209102438503087, 4.588018662920806, -4.620924613882075, 5.18934625513068, 4.484710414311459, -4.443731000428552, -2.642456812737296, 1.6432493896948843, -5.285789274169779], Energy: -41.42159001133416
Eval count: 1126, Parameters: [1.7696767845665382, 1.5446442354125662, -5.599309464206327, -1.661317167362191, -1.9572020605513973, -1.1493492449726839, 4.785255254387166, -1.2801137914785494, 1.6923683618287206, 1.391168651067766, 1.7407005212610198, -1.6105882480376832, 5.230932679676901, 4.9350903073857, 7.549515214202186, 4.953816970884488, 1.045547005351198, 4.632760431674712, -4.595433015292192, 5.212817769243501, 4.514701246836928, -4.500920432374625, -2.633926426122052, 1.7296079527892594, -5.428390831257119], Energy: -41.48918440017354
Eval count: 1127, Parameters: [1.7696767994676994, 1.5446442354125662, -5.599309464206327, -1.661317167362191, -1.9572020605513973, -1.1493492449726839, 4.785255254387166, -1.2801137914785494, 1.6923683618287206, 1.391168651067766, 1.7407005212610198, -1.6105882480376832, 5.230932679676901, 4.9350903073857, 7.549515214202186, 4.953816970884488, 1.045547005351198, 4.632760431674712, -4.595433015292192, 5.212817769243501, 4.514701246836928, -4.500920432374625, -2.633926426122052, 1.7296079527892594, -5.428390831257119], Energy: -41.489184398836755
Eval count: 1128, Parameters: [1.7696767845665382, 1.5446442503137274, -5.599309464206327, -1.661317167362191, -1.9572020605513973, -1.1493492449726839, 4.785255254387166, -1.2801137914785494, 1.6923683618287206, 1.391168651067766, 1.7407005212610198, -1.6105882480376832, 5.230932679676901, 4.9350903073857, 7.549515214202186, 4.953816970884488, 1.045547005351198, 4.632760431674712, -4.595433015292192, 5.212817769243501, 4.514701246836928, -4.500920432374625, -2.633926426122052, 1.7296079527892594, -5.428390831257119], Energy: -41.489184398727616
Eval count: 1129, Parameters: [1.7696767845665382, 1.5446442354125662, -5.599309449305165, -1.661317167362191, -1.9572020605513973, -1.1493492449726839, 4.785255254387166, -1.2801137914785494, 1.6923683618287206, 1.391168651067766, 1.7407005212610198, -1.6105882480376832, 5.230932679676901, 4.9350903073857, 7.549515214202186, 4.953816970884488, 1.045547005351198, 4.632760431674712, -4.595433015292192, 5.212817769243501, 4.514701246836928, -4.500920432374625, -2.633926426122052, 1.7296079527892594, -5.428390831257119], Energy: -41.489184403017475
Eval count: 1130, Parameters: [1.7696767845665382, 1.5446442354125662, -5.599309464206327, -1.6613171524610297, -1.9572020605513973, -1.1493492449726839, 4.785255254387166, -1.2801137914785494, 1.6923683618287206, 1.391168651067766, 1.7407005212610198, -1.6105882480376832, 5.230932679676901, 4.9350903073857, 7.549515214202186, 4.953816970884488, 1.045547005351198, 4.632760431674712, -4.595433015292192, 5.212817769243501, 4.514701246836928, -4.500920432374625, -2.633926426122052, 1.7296079527892594, -5.428390831257119], Energy: -41.489184399645694
Eval count: 1131, Parameters: [1.7696767845665382, 1.5446442354125662, -5.599309464206327, -1.661317167362191, -1.9572020456502361, -1.1493492449726839, 4.785255254387166, -1.2801137914785494, 1.6923683618287206, 1.391168651067766, 1.7407005212610198, -1.6105882480376832, 5.230932679676901, 4.9350903073857, 7.549515214202186, 4.953816970884488, 1.045547005351198, 4.632760431674712, -4.595433015292192, 5.212817769243501, 4.514701246836928, -4.500920432374625, -2.633926426122052, 1.7296079527892594, -5.428390831257119], Energy: -41.48918439910449
Eval count: 1132, Parameters: [1.7696767845665382, 1.5446442354125662, -5.599309464206327, -1.661317167362191, -1.9572020605513973, -1.1493492300715227, 4.785255254387166, -1.2801137914785494, 1.6923683618287206, 1.391168651067766, 1.7407005212610198, -1.6105882480376832, 5.230932679676901, 4.9350903073857, 7.549515214202186, 4.953816970884488, 1.045547005351198, 4.632760431674712, -4.595433015292192, 5.212817769243501, 4.514701246836928, -4.500920432374625, -2.633926426122052, 1.7296079527892594, -5.428390831257119], Energy: -41.48918440181774
Eval count: 1133, Parameters: [1.7696767845665382, 1.5446442354125662, -5.599309464206327, -1.661317167362191, -1.9572020605513973, -1.1493492449726839, 4.785255269288327, -1.2801137914785494, 1.6923683618287206, 1.391168651067766, 1.7407005212610198, -1.6105882480376832, 5.230932679676901, 4.9350903073857, 7.549515214202186, 4.953816970884488, 1.045547005351198, 4.632760431674712, -4.595433015292192, 5.212817769243501, 4.514701246836928, -4.500920432374625, -2.633926426122052, 1.7296079527892594, -5.428390831257119], Energy: -41.48918440036414
Eval count: 1134, Parameters: [1.7696767845665382, 1.5446442354125662, -5.599309464206327, -1.661317167362191, -1.9572020605513973, -1.1493492449726839, 4.785255254387166, -1.2801137765773882, 1.6923683618287206, 1.391168651067766, 1.7407005212610198, -1.6105882480376832, 5.230932679676901, 4.9350903073857, 7.549515214202186, 4.953816970884488, 1.045547005351198, 4.632760431674712, -4.595433015292192, 5.212817769243501, 4.514701246836928, -4.500920432374625, -2.633926426122052, 1.7296079527892594, -5.428390831257119], Energy: -41.48918440054081
Eval count: 1135, Parameters: [1.7696767845665382, 1.5446442354125662, -5.599309464206327, -1.661317167362191, -1.9572020605513973, -1.1493492449726839, 4.785255254387166, -1.2801137914785494, 1.6923683767298818, 1.391168651067766, 1.7407005212610198, -1.6105882480376832, 5.230932679676901, 4.9350903073857, 7.549515214202186, 4.953816970884488, 1.045547005351198, 4.632760431674712, -4.595433015292192, 5.212817769243501, 4.514701246836928, -4.500920432374625, -2.633926426122052, 1.7296079527892594, -5.428390831257119], Energy: -41.48918439948358
Eval count: 1136, Parameters: [1.7696767845665382, 1.5446442354125662, -5.599309464206327, -1.661317167362191, -1.9572020605513973, -1.1493492449726839, 4.785255254387166, -1.2801137914785494, 1.6923683618287206, 1.3911686659689273, 1.7407005212610198, -1.6105882480376832, 5.230932679676901, 4.9350903073857, 7.549515214202186, 4.953816970884488, 1.045547005351198, 4.632760431674712, -4.595433015292192, 5.212817769243501, 4.514701246836928, -4.500920432374625, -2.633926426122052, 1.7296079527892594, -5.428390831257119], Energy: -41.489184399436226
Eval count: 1137, Parameters: [1.7696767845665382, 1.5446442354125662, -5.599309464206327, -1.661317167362191, -1.9572020605513973, -1.1493492449726839, 4.785255254387166, -1.2801137914785494, 1.6923683618287206, 1.391168651067766, 1.740700536162181, -1.6105882480376832, 5.230932679676901, 4.9350903073857, 7.549515214202186, 4.953816970884488, 1.045547005351198, 4.632760431674712, -4.595433015292192, 5.212817769243501, 4.514701246836928, -4.500920432374625, -2.633926426122052, 1.7296079527892594, -5.428390831257119], Energy: -41.48918440152556
Eval count: 1138, Parameters: [1.7696767845665382, 1.5446442354125662, -5.599309464206327, -1.661317167362191, -1.9572020605513973, -1.1493492449726839, 4.785255254387166, -1.2801137914785494, 1.6923683618287206, 1.391168651067766, 1.7407005212610198, -1.610588233136522, 5.230932679676901, 4.9350903073857, 7.549515214202186, 4.953816970884488, 1.045547005351198, 4.632760431674712, -4.595433015292192, 5.212817769243501, 4.514701246836928, -4.500920432374625, -2.633926426122052, 1.7296079527892594, -5.428390831257119], Energy: -41.48918440122418
Eval count: 1139, Parameters: [1.7696767845665382, 1.5446442354125662, -5.599309464206327, -1.661317167362191, -1.9572020605513973, -1.1493492449726839, 4.785255254387166, -1.2801137914785494, 1.6923683618287206, 1.391168651067766, 1.7407005212610198, -1.6105882480376832, 5.230932694578062, 4.9350903073857, 7.549515214202186, 4.953816970884488, 1.045547005351198, 4.632760431674712, -4.595433015292192, 5.212817769243501, 4.514701246836928, -4.500920432374625, -2.633926426122052, 1.7296079527892594, -5.428390831257119], Energy: -41.489184400689965
Eval count: 1140, Parameters: [1.7696767845665382, 1.5446442354125662, -5.599309464206327, -1.661317167362191, -1.9572020605513973, -1.1493492449726839, 4.785255254387166, -1.2801137914785494, 1.6923683618287206, 1.391168651067766, 1.7407005212610198, -1.6105882480376832, 5.230932679676901, 4.935090322286861, 7.549515214202186, 4.953816970884488, 1.045547005351198, 4.632760431674712, -4.595433015292192, 5.212817769243501, 4.514701246836928, -4.500920432374625, -2.633926426122052, 1.7296079527892594, -5.428390831257119], Energy: -41.48918439890684
Eval count: 1141, Parameters: [1.7696767845665382, 1.5446442354125662, -5.599309464206327, -1.661317167362191, -1.9572020605513973, -1.1493492449726839, 4.785255254387166, -1.2801137914785494, 1.6923683618287206, 1.391168651067766, 1.7407005212610198, -1.6105882480376832, 5.230932679676901, 4.9350903073857, 7.549515229103347, 4.953816970884488, 1.045547005351198, 4.632760431674712, -4.595433015292192, 5.212817769243501, 4.514701246836928, -4.500920432374625, -2.633926426122052, 1.7296079527892594, -5.428390831257119], Energy: -41.48918439972732
Eval count: 1142, Parameters: [1.7696767845665382, 1.5446442354125662, -5.599309464206327, -1.661317167362191, -1.9572020605513973, -1.1493492449726839, 4.785255254387166, -1.2801137914785494, 1.6923683618287206, 1.391168651067766, 1.7407005212610198, -1.6105882480376832, 5.230932679676901, 4.9350903073857, 7.549515214202186, 4.953816985785649, 1.045547005351198, 4.632760431674712, -4.595433015292192, 5.212817769243501, 4.514701246836928, -4.500920432374625, -2.633926426122052, 1.7296079527892594, -5.428390831257119], Energy: -41.48918439715743
Eval count: 1143, Parameters: [1.7696767845665382, 1.5446442354125662, -5.599309464206327, -1.661317167362191, -1.9572020605513973, -1.1493492449726839, 4.785255254387166, -1.2801137914785494, 1.6923683618287206, 1.391168651067766, 1.7407005212610198, -1.6105882480376832, 5.230932679676901, 4.9350903073857, 7.549515214202186, 4.953816970884488, 1.0455470202523591, 4.632760431674712, -4.595433015292192, 5.212817769243501, 4.514701246836928, -4.500920432374625, -2.633926426122052, 1.7296079527892594, -5.428390831257119], Energy: -41.48918439921107
Eval count: 1144, Parameters: [1.7696767845665382, 1.5446442354125662, -5.599309464206327, -1.661317167362191, -1.9572020605513973, -1.1493492449726839, 4.785255254387166, -1.2801137914785494, 1.6923683618287206, 1.391168651067766, 1.7407005212610198, -1.6105882480376832, 5.230932679676901, 4.9350903073857, 7.549515214202186, 4.953816970884488, 1.045547005351198, 4.632760446575873, -4.595433015292192, 5.212817769243501, 4.514701246836928, -4.500920432374625, -2.633926426122052, 1.7296079527892594, -5.428390831257119], Energy: -41.4891843994975
Eval count: 1145, Parameters: [1.7696767845665382, 1.5446442354125662, -5.599309464206327, -1.661317167362191, -1.9572020605513973, -1.1493492449726839, 4.785255254387166, -1.2801137914785494, 1.6923683618287206, 1.391168651067766, 1.7407005212610198, -1.6105882480376832, 5.230932679676901, 4.9350903073857, 7.549515214202186, 4.953816970884488, 1.045547005351198, 4.632760431674712, -4.595433000391031, 5.212817769243501, 4.514701246836928, -4.500920432374625, -2.633926426122052, 1.7296079527892594, -5.428390831257119], Energy: -41.4891844003609
Eval count: 1146, Parameters: [1.7696767845665382, 1.5446442354125662, -5.599309464206327, -1.661317167362191, -1.9572020605513973, -1.1493492449726839, 4.785255254387166, -1.2801137914785494, 1.6923683618287206, 1.391168651067766, 1.7407005212610198, -1.6105882480376832, 5.230932679676901, 4.9350903073857, 7.549515214202186, 4.953816970884488, 1.045547005351198, 4.632760431674712, -4.595433015292192, 5.212817784144662, 4.514701246836928, -4.500920432374625, -2.633926426122052, 1.7296079527892594, -5.428390831257119], Energy: -41.48918439938035
Eval count: 1147, Parameters: [1.7696767845665382, 1.5446442354125662, -5.599309464206327, -1.661317167362191, -1.9572020605513973, -1.1493492449726839, 4.785255254387166, -1.2801137914785494, 1.6923683618287206, 1.391168651067766, 1.7407005212610198, -1.6105882480376832, 5.230932679676901, 4.9350903073857, 7.549515214202186, 4.953816970884488, 1.045547005351198, 4.632760431674712, -4.595433015292192, 5.212817769243501, 4.5147012617380895, -4.500920432374625, -2.633926426122052, 1.7296079527892594, -5.428390831257119], Energy: -41.48918440015069
Eval count: 1148, Parameters: [1.7696767845665382, 1.5446442354125662, -5.599309464206327, -1.661317167362191, -1.9572020605513973, -1.1493492449726839, 4.785255254387166, -1.2801137914785494, 1.6923683618287206, 1.391168651067766, 1.7407005212610198, -1.6105882480376832, 5.230932679676901, 4.9350903073857, 7.549515214202186, 4.953816970884488, 1.045547005351198, 4.632760431674712, -4.595433015292192, 5.212817769243501, 4.514701246836928, -4.500920417473464, -2.633926426122052, 1.7296079527892594, -5.428390831257119], Energy: -41.48918439985812
Eval count: 1149, Parameters: [1.7696767845665382, 1.5446442354125662, -5.599309464206327, -1.661317167362191, -1.9572020605513973, -1.1493492449726839, 4.785255254387166, -1.2801137914785494, 1.6923683618287206, 1.391168651067766, 1.7407005212610198, -1.6105882480376832, 5.230932679676901, 4.9350903073857, 7.549515214202186, 4.953816970884488, 1.045547005351198, 4.632760431674712, -4.595433015292192, 5.212817769243501, 4.514701246836928, -4.500920432374625, -2.633926411220891, 1.7296079527892594, -5.428390831257119], Energy: -41.489184400231466
Eval count: 1150, Parameters: [1.7696767845665382, 1.5446442354125662, -5.599309464206327, -1.661317167362191, -1.9572020605513973, -1.1493492449726839, 4.785255254387166, -1.2801137914785494, 1.6923683618287206, 1.391168651067766, 1.7407005212610198, -1.6105882480376832, 5.230932679676901, 4.9350903073857, 7.549515214202186, 4.953816970884488, 1.045547005351198, 4.632760431674712, -4.595433015292192, 5.212817769243501, 4.514701246836928, -4.500920432374625, -2.633926426122052, 1.7296079676904206, -5.428390831257119], Energy: -41.489184399585554
Eval count: 1151, Parameters: [1.7696767845665382, 1.5446442354125662, -5.599309464206327, -1.661317167362191, -1.9572020605513973, -1.1493492449726839, 4.785255254387166, -1.2801137914785494, 1.6923683618287206, 1.391168651067766, 1.7407005212610198, -1.6105882480376832, 5.230932679676901, 4.9350903073857, 7.549515214202186, 4.953816970884488, 1.045547005351198, 4.632760431674712, -4.595433015292192, 5.212817769243501, 4.514701246836928, -4.500920432374625, -2.633926426122052, 1.7296079527892594, -5.428390816355958], Energy: -41.48918440092018
Eval count: 1152, Parameters: [1.774666318230116, 1.5275954209572444, -5.5949351654305985, -1.640412801015056, -1.9476189045953456, -1.146466732937759, 4.7869284243077725, -1.2523305355033245, 1.6665184928274832, 1.3860847437865413, 1.7657889809249558, -1.5548312395246, 5.2198152596068415, 4.922913513720968, 7.514338944224187, 4.83224987964238, 0.9842493746771702, 4.603947955956062, -4.5965369600185255, 5.213548671494124, 4.508441937269498, -4.456978336086829, -2.6231521186030866, 1.6119441770838094, -5.249465340864924], Energy: -41.46407928707151
Eval count: 1153, Parameters: [1.771375234818434, 1.538840774576629, -5.597820441512335, -1.6542012666223709, -1.9539399293092883, -1.1483680303698947, 4.785824805785098, -1.270656298796605, 1.6835689991072875, 1.3894380757906732, 1.7492406982613153, -1.591608417147818, 5.227148280935139, 4.9309452951136885, 7.537541120302188, 4.912435216463309, 1.0246811322498914, 4.622952589912003, -4.5958088009517235, 5.213066570272892, 4.512570561560847, -4.48596242837244, -2.6302588237861526, 1.6895548971410455, -5.367484128403196], Energy: -41.49844007091343
Eval count: 1154, Parameters: [1.7713752497195951, 1.538840774576629, -5.597820441512335, -1.6542012666223709, -1.9539399293092883, -1.1483680303698947, 4.785824805785098, -1.270656298796605, 1.6835689991072875, 1.3894380757906732, 1.7492406982613153, -1.591608417147818, 5.227148280935139, 4.9309452951136885, 7.537541120302188, 4.912435216463309, 1.0246811322498914, 4.622952589912003, -4.5958088009517235, 5.213066570272892, 4.512570561560847, -4.48596242837244, -2.6302588237861526, 1.6895548971410455, -5.367484128403196], Energy: -41.49844006976565
Eval count: 1155, Parameters: [1.771375234818434, 1.5388407894777902, -5.597820441512335, -1.6542012666223709, -1.9539399293092883, -1.1483680303698947, 4.785824805785098, -1.270656298796605, 1.6835689991072875, 1.3894380757906732, 1.7492406982613153, -1.591608417147818, 5.227148280935139, 4.9309452951136885, 7.537541120302188, 4.912435216463309, 1.0246811322498914, 4.622952589912003, -4.5958088009517235, 5.213066570272892, 4.512570561560847, -4.48596242837244, -2.6302588237861526, 1.6895548971410455, -5.367484128403196], Energy: -41.49844007163131
Eval count: 1156, Parameters: [1.771375234818434, 1.538840774576629, -5.5978204266111735, -1.6542012666223709, -1.9539399293092883, -1.1483680303698947, 4.785824805785098, -1.270656298796605, 1.6835689991072875, 1.3894380757906732, 1.7492406982613153, -1.591608417147818, 5.227148280935139, 4.9309452951136885, 7.537541120302188, 4.912435216463309, 1.0246811322498914, 4.622952589912003, -4.5958088009517235, 5.213066570272892, 4.512570561560847, -4.48596242837244, -2.6302588237861526, 1.6895548971410455, -5.367484128403196], Energy: -41.498440072742085
Eval count: 1157, Parameters: [1.771375234818434, 1.538840774576629, -5.597820441512335, -1.6542012517212097, -1.9539399293092883, -1.1483680303698947, 4.785824805785098, -1.270656298796605, 1.6835689991072875, 1.3894380757906732, 1.7492406982613153, -1.591608417147818, 5.227148280935139, 4.9309452951136885, 7.537541120302188, 4.912435216463309, 1.0246811322498914, 4.622952589912003, -4.5958088009517235, 5.213066570272892, 4.512570561560847, -4.48596242837244, -2.6302588237861526, 1.6895548971410455, -5.367484128403196], Energy: -41.498440070446634
Eval count: 1158, Parameters: [1.771375234818434, 1.538840774576629, -5.597820441512335, -1.6542012666223709, -1.953939914408127, -1.1483680303698947, 4.785824805785098, -1.270656298796605, 1.6835689991072875, 1.3894380757906732, 1.7492406982613153, -1.591608417147818, 5.227148280935139, 4.9309452951136885, 7.537541120302188, 4.912435216463309, 1.0246811322498914, 4.622952589912003, -4.5958088009517235, 5.213066570272892, 4.512570561560847, -4.48596242837244, -2.6302588237861526, 1.6895548971410455, -5.367484128403196], Energy: -41.49844007051905
Eval count: 1159, Parameters: [1.771375234818434, 1.538840774576629, -5.597820441512335, -1.6542012666223709, -1.9539399293092883, -1.1483680154687335, 4.785824805785098, -1.270656298796605, 1.6835689991072875, 1.3894380757906732, 1.7492406982613153, -1.591608417147818, 5.227148280935139, 4.9309452951136885, 7.537541120302188, 4.912435216463309, 1.0246811322498914, 4.622952589912003, -4.5958088009517235, 5.213066570272892, 4.512570561560847, -4.48596242837244, -2.6302588237861526, 1.6895548971410455, -5.367484128403196], Energy: -41.49844007280069
Eval count: 1160, Parameters: [1.771375234818434, 1.538840774576629, -5.597820441512335, -1.6542012666223709, -1.9539399293092883, -1.1483680303698947, 4.785824820686259, -1.270656298796605, 1.6835689991072875, 1.3894380757906732, 1.7492406982613153, -1.591608417147818, 5.227148280935139, 4.9309452951136885, 7.537541120302188, 4.912435216463309, 1.0246811322498914, 4.622952589912003, -4.5958088009517235, 5.213066570272892, 4.512570561560847, -4.48596242837244, -2.6302588237861526, 1.6895548971410455, -5.367484128403196], Energy: -41.49844007094168
Eval count: 1161, Parameters: [1.771375234818434, 1.538840774576629, -5.597820441512335, -1.6542012666223709, -1.9539399293092883, -1.1483680303698947, 4.785824805785098, -1.2706562838954438, 1.6835689991072875, 1.3894380757906732, 1.7492406982613153, -1.591608417147818, 5.227148280935139, 4.9309452951136885, 7.537541120302188, 4.912435216463309, 1.0246811322498914, 4.622952589912003, -4.5958088009517235, 5.213066570272892, 4.512570561560847, -4.48596242837244, -2.6302588237861526, 1.6895548971410455, -5.367484128403196], Energy: -41.498440069760306
Eval count: 1162, Parameters: [1.771375234818434, 1.538840774576629, -5.597820441512335, -1.6542012666223709, -1.9539399293092883, -1.1483680303698947, 4.785824805785098, -1.270656298796605, 1.6835690140084487, 1.3894380757906732, 1.7492406982613153, -1.591608417147818, 5.227148280935139, 4.9309452951136885, 7.537541120302188, 4.912435216463309, 1.0246811322498914, 4.622952589912003, -4.5958088009517235, 5.213066570272892, 4.512570561560847, -4.48596242837244, -2.6302588237861526, 1.6895548971410455, -5.367484128403196], Energy: -41.498440070121546
Eval count: 1163, Parameters: [1.771375234818434, 1.538840774576629, -5.597820441512335, -1.6542012666223709, -1.9539399293092883, -1.1483680303698947, 4.785824805785098, -1.270656298796605, 1.6835689991072875, 1.3894380906918344, 1.7492406982613153, -1.591608417147818, 5.227148280935139, 4.9309452951136885, 7.537541120302188, 4.912435216463309, 1.0246811322498914, 4.622952589912003, -4.5958088009517235, 5.213066570272892, 4.512570561560847, -4.48596242837244, -2.6302588237861526, 1.6895548971410455, -5.367484128403196], Energy: -41.49844007064223
Eval count: 1164, Parameters: [1.771375234818434, 1.538840774576629, -5.597820441512335, -1.6542012666223709, -1.9539399293092883, -1.1483680303698947, 4.785824805785098, -1.270656298796605, 1.6835689991072875, 1.3894380757906732, 1.7492407131624765, -1.591608417147818, 5.227148280935139, 4.9309452951136885, 7.537541120302188, 4.912435216463309, 1.0246811322498914, 4.622952589912003, -4.5958088009517235, 5.213066570272892, 4.512570561560847, -4.48596242837244, -2.6302588237861526, 1.6895548971410455, -5.367484128403196], Energy: -41.49844007112313
Eval count: 1165, Parameters: [1.771375234818434, 1.538840774576629, -5.597820441512335, -1.6542012666223709, -1.9539399293092883, -1.1483680303698947, 4.785824805785098, -1.270656298796605, 1.6835689991072875, 1.3894380757906732, 1.7492406982613153, -1.5916084022466568, 5.227148280935139, 4.9309452951136885, 7.537541120302188, 4.912435216463309, 1.0246811322498914, 4.622952589912003, -4.5958088009517235, 5.213066570272892, 4.512570561560847, -4.48596242837244, -2.6302588237861526, 1.6895548971410455, -5.367484128403196], Energy: -41.498440070081415
Eval count: 1166, Parameters: [1.771375234818434, 1.538840774576629, -5.597820441512335, -1.6542012666223709, -1.9539399293092883, -1.1483680303698947, 4.785824805785098, -1.270656298796605, 1.6835689991072875, 1.3894380757906732, 1.7492406982613153, -1.591608417147818, 5.2271482958363, 4.9309452951136885, 7.537541120302188, 4.912435216463309, 1.0246811322498914, 4.622952589912003, -4.5958088009517235, 5.213066570272892, 4.512570561560847, -4.48596242837244, -2.6302588237861526, 1.6895548971410455, -5.367484128403196], Energy: -41.49844007037768
Eval count: 1167, Parameters: [1.771375234818434, 1.538840774576629, -5.597820441512335, -1.6542012666223709, -1.9539399293092883, -1.1483680303698947, 4.785824805785098, -1.270656298796605, 1.6835689991072875, 1.3894380757906732, 1.7492406982613153, -1.591608417147818, 5.227148280935139, 4.93094531001485, 7.537541120302188, 4.912435216463309, 1.0246811322498914, 4.622952589912003, -4.5958088009517235, 5.213066570272892, 4.512570561560847, -4.48596242837244, -2.6302588237861526, 1.6895548971410455, -5.367484128403196], Energy: -41.49844006972614
Eval count: 1168, Parameters: [1.771375234818434, 1.538840774576629, -5.597820441512335, -1.6542012666223709, -1.9539399293092883, -1.1483680303698947, 4.785824805785098, -1.270656298796605, 1.6835689991072875, 1.3894380757906732, 1.7492406982613153, -1.591608417147818, 5.227148280935139, 4.9309452951136885, 7.537541135203349, 4.912435216463309, 1.0246811322498914, 4.622952589912003, -4.5958088009517235, 5.213066570272892, 4.512570561560847, -4.48596242837244, -2.6302588237861526, 1.6895548971410455, -5.367484128403196], Energy: -41.49844007132333
Eval count: 1169, Parameters: [1.771375234818434, 1.538840774576629, -5.597820441512335, -1.6542012666223709, -1.9539399293092883, -1.1483680303698947, 4.785824805785098, -1.270656298796605, 1.6835689991072875, 1.3894380757906732, 1.7492406982613153, -1.591608417147818, 5.227148280935139, 4.9309452951136885, 7.537541120302188, 4.91243523136447, 1.0246811322498914, 4.622952589912003, -4.5958088009517235, 5.213066570272892, 4.512570561560847, -4.48596242837244, -2.6302588237861526, 1.6895548971410455, -5.367484128403196], Energy: -41.49844007089757
Eval count: 1170, Parameters: [1.771375234818434, 1.538840774576629, -5.597820441512335, -1.6542012666223709, -1.9539399293092883, -1.1483680303698947, 4.785824805785098, -1.270656298796605, 1.6835689991072875, 1.3894380757906732, 1.7492406982613153, -1.591608417147818, 5.227148280935139, 4.9309452951136885, 7.537541120302188, 4.912435216463309, 1.0246811471510526, 4.622952589912003, -4.5958088009517235, 5.213066570272892, 4.512570561560847, -4.48596242837244, -2.6302588237861526, 1.6895548971410455, -5.367484128403196], Energy: -41.49844007138057
Eval count: 1171, Parameters: [1.771375234818434, 1.538840774576629, -5.597820441512335, -1.6542012666223709, -1.9539399293092883, -1.1483680303698947, 4.785824805785098, -1.270656298796605, 1.6835689991072875, 1.3894380757906732, 1.7492406982613153, -1.591608417147818, 5.227148280935139, 4.9309452951136885, 7.537541120302188, 4.912435216463309, 1.0246811322498914, 4.622952604813165, -4.5958088009517235, 5.213066570272892, 4.512570561560847, -4.48596242837244, -2.6302588237861526, 1.6895548971410455, -5.367484128403196], Energy: -41.49844007062211
Eval count: 1172, Parameters: [1.771375234818434, 1.538840774576629, -5.597820441512335, -1.6542012666223709, -1.9539399293092883, -1.1483680303698947, 4.785824805785098, -1.270656298796605, 1.6835689991072875, 1.3894380757906732, 1.7492406982613153, -1.591608417147818, 5.227148280935139, 4.9309452951136885, 7.537541120302188, 4.912435216463309, 1.0246811322498914, 4.622952589912003, -4.595808786050562, 5.213066570272892, 4.512570561560847, -4.48596242837244, -2.6302588237861526, 1.6895548971410455, -5.367484128403196], Energy: -41.49844007083925
Eval count: 1173, Parameters: [1.771375234818434, 1.538840774576629, -5.597820441512335, -1.6542012666223709, -1.9539399293092883, -1.1483680303698947, 4.785824805785098, -1.270656298796605, 1.6835689991072875, 1.3894380757906732, 1.7492406982613153, -1.591608417147818, 5.227148280935139, 4.9309452951136885, 7.537541120302188, 4.912435216463309, 1.0246811322498914, 4.622952589912003, -4.5958088009517235, 5.213066585174054, 4.512570561560847, -4.48596242837244, -2.6302588237861526, 1.6895548971410455, -5.367484128403196], Energy: -41.49844006988701
Eval count: 1174, Parameters: [1.771375234818434, 1.538840774576629, -5.597820441512335, -1.6542012666223709, -1.9539399293092883, -1.1483680303698947, 4.785824805785098, -1.270656298796605, 1.6835689991072875, 1.3894380757906732, 1.7492406982613153, -1.591608417147818, 5.227148280935139, 4.9309452951136885, 7.537541120302188, 4.912435216463309, 1.0246811322498914, 4.622952589912003, -4.5958088009517235, 5.213066570272892, 4.512570576462008, -4.48596242837244, -2.6302588237861526, 1.6895548971410455, -5.367484128403196], Energy: -41.49844007061364
Eval count: 1175, Parameters: [1.771375234818434, 1.538840774576629, -5.597820441512335, -1.6542012666223709, -1.9539399293092883, -1.1483680303698947, 4.785824805785098, -1.270656298796605, 1.6835689991072875, 1.3894380757906732, 1.7492406982613153, -1.591608417147818, 5.227148280935139, 4.9309452951136885, 7.537541120302188, 4.912435216463309, 1.0246811322498914, 4.622952589912003, -4.5958088009517235, 5.213066570272892, 4.512570561560847, -4.485962413471279, -2.6302588237861526, 1.6895548971410455, -5.367484128403196], Energy: -41.498440069991204
Eval count: 1176, Parameters: [1.771375234818434, 1.538840774576629, -5.597820441512335, -1.6542012666223709, -1.9539399293092883, -1.1483680303698947, 4.785824805785098, -1.270656298796605, 1.6835689991072875, 1.3894380757906732, 1.7492406982613153, -1.591608417147818, 5.227148280935139, 4.9309452951136885, 7.537541120302188, 4.912435216463309, 1.0246811322498914, 4.622952589912003, -4.5958088009517235, 5.213066570272892, 4.512570561560847, -4.48596242837244, -2.6302588088849914, 1.6895548971410455, -5.367484128403196], Energy: -41.498440070732784
Eval count: 1177, Parameters: [1.771375234818434, 1.538840774576629, -5.597820441512335, -1.6542012666223709, -1.9539399293092883, -1.1483680303698947, 4.785824805785098, -1.270656298796605, 1.6835689991072875, 1.3894380757906732, 1.7492406982613153, -1.591608417147818, 5.227148280935139, 4.9309452951136885, 7.537541120302188, 4.912435216463309, 1.0246811322498914, 4.622952589912003, -4.5958088009517235, 5.213066570272892, 4.512570561560847, -4.48596242837244, -2.6302588237861526, 1.6895549120422066, -5.367484128403196], Energy: -41.49844007053588
Eval count: 1178, Parameters: [1.771375234818434, 1.538840774576629, -5.597820441512335, -1.6542012666223709, -1.9539399293092883, -1.1483680303698947, 4.785824805785098, -1.270656298796605, 1.6835689991072875, 1.3894380757906732, 1.7492406982613153, -1.591608417147818, 5.227148280935139, 4.9309452951136885, 7.537541120302188, 4.912435216463309, 1.0246811322498914, 4.622952589912003, -4.5958088009517235, 5.213066570272892, 4.512570561560847, -4.48596242837244, -2.6302588237861526, 1.6895548971410455, -5.367484113502035], Energy: -41.49844007140081
Eval count: 1179, Parameters: [1.7710043714063486, 1.5340960702055793, -5.588576054602269, -1.6568334241566087, -1.9546082346247813, -1.1356985132340869, 4.7838170100315995, -1.2726985758719471, 1.6651320672296002, 1.3939886770174579, 1.7505306581830657, -1.5859005240620525, 5.216754190320485, 4.898520921346493, 7.55374269234007, 4.906508858150904, 1.0303285229110986, 4.620694120695827, -4.621895501749413, 5.183654499016124, 4.502027429325678, -4.541104589112345, -2.6212893679613334, 1.6206623562122435, -5.267182780705786], Energy: -41.49309524308546
Eval count: 1180, Parameters: [1.7712327765268243, 1.5370182101044643, -5.594269431832568, -1.655212346856645, -1.954196642779575, -1.1435013390008604, 4.785053559165389, -1.2714407905897178, 1.6764868935874946, 1.3911860801918605, 1.7497362054499705, -1.5894158668147547, 5.2231556401311465, 4.91849024901622, 7.543764565912337, 4.910158747949188, 1.0268504420265667, 4.622085053089267, -4.605829381867146, 5.201768627991716, 4.508520669990278, -4.507143967879131, -2.626813422293762, 1.6630914786275293, -5.328955769515557], Energy: -41.50193539707209
Eval count: 1181, Parameters: [1.7712327914279855, 1.5370182101044643, -5.594269431832568, -1.655212346856645, -1.954196642779575, -1.1435013390008604, 4.785053559165389, -1.2714407905897178, 1.6764868935874946, 1.3911860801918605, 1.7497362054499705, -1.5894158668147547, 5.2231556401311465, 4.91849024901622, 7.543764565912337, 4.910158747949188, 1.0268504420265667, 4.622085053089267, -4.605829381867146, 5.201768627991716, 4.508520669990278, -4.507143967879131, -2.626813422293762, 1.6630914786275293, -5.328955769515557], Energy: -41.50193539589861
Eval count: 1182, Parameters: [1.7712327765268243, 1.5370182250056255, -5.594269431832568, -1.655212346856645, -1.954196642779575, -1.1435013390008604, 4.785053559165389, -1.2714407905897178, 1.6764868935874946, 1.3911860801918605, 1.7497362054499705, -1.5894158668147547, 5.2231556401311465, 4.91849024901622, 7.543764565912337, 4.910158747949188, 1.0268504420265667, 4.622085053089267, -4.605829381867146, 5.201768627991716, 4.508520669990278, -4.507143967879131, -2.626813422293762, 1.6630914786275293, -5.328955769515557], Energy: -41.501935398156036
Eval count: 1183, Parameters: [1.7712327765268243, 1.5370182101044643, -5.5942694169314064, -1.655212346856645, -1.954196642779575, -1.1435013390008604, 4.785053559165389, -1.2714407905897178, 1.6764868935874946, 1.3911860801918605, 1.7497362054499705, -1.5894158668147547, 5.2231556401311465, 4.91849024901622, 7.543764565912337, 4.910158747949188, 1.0268504420265667, 4.622085053089267, -4.605829381867146, 5.201768627991716, 4.508520669990278, -4.507143967879131, -2.626813422293762, 1.6630914786275293, -5.328955769515557], Energy: -41.501935397541956
Eval count: 1184, Parameters: [1.7712327765268243, 1.5370182101044643, -5.594269431832568, -1.655212331955484, -1.954196642779575, -1.1435013390008604, 4.785053559165389, -1.2714407905897178, 1.6764868935874946, 1.3911860801918605, 1.7497362054499705, -1.5894158668147547, 5.2231556401311465, 4.91849024901622, 7.543764565912337, 4.910158747949188, 1.0268504420265667, 4.622085053089267, -4.605829381867146, 5.201768627991716, 4.508520669990278, -4.507143967879131, -2.626813422293762, 1.6630914786275293, -5.328955769515557], Energy: -41.501935397075954
Eval count: 1185, Parameters: [1.7712327765268243, 1.5370182101044643, -5.594269431832568, -1.655212346856645, -1.9541966278784138, -1.1435013390008604, 4.785053559165389, -1.2714407905897178, 1.6764868935874946, 1.3911860801918605, 1.7497362054499705, -1.5894158668147547, 5.2231556401311465, 4.91849024901622, 7.543764565912337, 4.910158747949188, 1.0268504420265667, 4.622085053089267, -4.605829381867146, 5.201768627991716, 4.508520669990278, -4.507143967879131, -2.626813422293762, 1.6630914786275293, -5.328955769515557], Energy: -41.50193539714422
Eval count: 1186, Parameters: [1.7712327765268243, 1.5370182101044643, -5.594269431832568, -1.655212346856645, -1.954196642779575, -1.1435013240996992, 4.785053559165389, -1.2714407905897178, 1.6764868935874946, 1.3911860801918605, 1.7497362054499705, -1.5894158668147547, 5.2231556401311465, 4.91849024901622, 7.543764565912337, 4.910158747949188, 1.0268504420265667, 4.622085053089267, -4.605829381867146, 5.201768627991716, 4.508520669990278, -4.507143967879131, -2.626813422293762, 1.6630914786275293, -5.328955769515557], Energy: -41.5019353978559
Eval count: 1187, Parameters: [1.7712327765268243, 1.5370182101044643, -5.594269431832568, -1.655212346856645, -1.954196642779575, -1.1435013390008604, 4.78505357406655, -1.2714407905897178, 1.6764868935874946, 1.3911860801918605, 1.7497362054499705, -1.5894158668147547, 5.2231556401311465, 4.91849024901622, 7.543764565912337, 4.910158747949188, 1.0268504420265667, 4.622085053089267, -4.605829381867146, 5.201768627991716, 4.508520669990278, -4.507143967879131, -2.626813422293762, 1.6630914786275293, -5.328955769515557], Energy: -41.50193539694692
Eval count: 1188, Parameters: [1.7712327765268243, 1.5370182101044643, -5.594269431832568, -1.655212346856645, -1.954196642779575, -1.1435013390008604, 4.785053559165389, -1.2714407756885566, 1.6764868935874946, 1.3911860801918605, 1.7497362054499705, -1.5894158668147547, 5.2231556401311465, 4.91849024901622, 7.543764565912337, 4.910158747949188, 1.0268504420265667, 4.622085053089267, -4.605829381867146, 5.201768627991716, 4.508520669990278, -4.507143967879131, -2.626813422293762, 1.6630914786275293, -5.328955769515557], Energy: -41.50193539668987
Eval count: 1189, Parameters: [1.7712327765268243, 1.5370182101044643, -5.594269431832568, -1.655212346856645, -1.954196642779575, -1.1435013390008604, 4.785053559165389, -1.2714407905897178, 1.6764869084886558, 1.3911860801918605, 1.7497362054499705, -1.5894158668147547, 5.2231556401311465, 4.91849024901622, 7.543764565912337, 4.910158747949188, 1.0268504420265667, 4.622085053089267, -4.605829381867146, 5.201768627991716, 4.508520669990278, -4.507143967879131, -2.626813422293762, 1.6630914786275293, -5.328955769515557], Energy: -41.50193539700899
Eval count: 1190, Parameters: [1.7712327765268243, 1.5370182101044643, -5.594269431832568, -1.655212346856645, -1.954196642779575, -1.1435013390008604, 4.785053559165389, -1.2714407905897178, 1.6764868935874946, 1.3911860950930217, 1.7497362054499705, -1.5894158668147547, 5.2231556401311465, 4.91849024901622, 7.543764565912337, 4.910158747949188, 1.0268504420265667, 4.622085053089267, -4.605829381867146, 5.201768627991716, 4.508520669990278, -4.507143967879131, -2.626813422293762, 1.6630914786275293, -5.328955769515557], Energy: -41.501935396501835
Eval count: 1191, Parameters: [1.7712327765268243, 1.5370182101044643, -5.594269431832568, -1.655212346856645, -1.954196642779575, -1.1435013390008604, 4.785053559165389, -1.2714407905897178, 1.6764868935874946, 1.3911860801918605, 1.7497362203511317, -1.5894158668147547, 5.2231556401311465, 4.91849024901622, 7.543764565912337, 4.910158747949188, 1.0268504420265667, 4.622085053089267, -4.605829381867146, 5.201768627991716, 4.508520669990278, -4.507143967879131, -2.626813422293762, 1.6630914786275293, -5.328955769515557], Energy: -41.50193539744038
Eval count: 1192, Parameters: [1.7712327765268243, 1.5370182101044643, -5.594269431832568, -1.655212346856645, -1.954196642779575, -1.1435013390008604, 4.785053559165389, -1.2714407905897178, 1.6764868935874946, 1.3911860801918605, 1.7497362054499705, -1.5894158519135935, 5.2231556401311465, 4.91849024901622, 7.543764565912337, 4.910158747949188, 1.0268504420265667, 4.622085053089267, -4.605829381867146, 5.201768627991716, 4.508520669990278, -4.507143967879131, -2.626813422293762, 1.6630914786275293, -5.328955769515557], Energy: -41.501935396280146
Eval count: 1193, Parameters: [1.7712327765268243, 1.5370182101044643, -5.594269431832568, -1.655212346856645, -1.954196642779575, -1.1435013390008604, 4.785053559165389, -1.2714407905897178, 1.6764868935874946, 1.3911860801918605, 1.7497362054499705, -1.5894158668147547, 5.223155655032308, 4.91849024901622, 7.543764565912337, 4.910158747949188, 1.0268504420265667, 4.622085053089267, -4.605829381867146, 5.201768627991716, 4.508520669990278, -4.507143967879131, -2.626813422293762, 1.6630914786275293, -5.328955769515557], Energy: -41.50193539648757
Eval count: 1194, Parameters: [1.7712327765268243, 1.5370182101044643, -5.594269431832568, -1.655212346856645, -1.954196642779575, -1.1435013390008604, 4.785053559165389, -1.2714407905897178, 1.6764868935874946, 1.3911860801918605, 1.7497362054499705, -1.5894158668147547, 5.2231556401311465, 4.9184902639173815, 7.543764565912337, 4.910158747949188, 1.0268504420265667, 4.622085053089267, -4.605829381867146, 5.201768627991716, 4.508520669990278, -4.507143967879131, -2.626813422293762, 1.6630914786275293, -5.328955769515557], Energy: -41.501935397477325
Eval count: 1195, Parameters: [1.7712327765268243, 1.5370182101044643, -5.594269431832568, -1.655212346856645, -1.954196642779575, -1.1435013390008604, 4.785053559165389, -1.2714407905897178, 1.6764868935874946, 1.3911860801918605, 1.7497362054499705, -1.5894158668147547, 5.2231556401311465, 4.91849024901622, 7.543764580813498, 4.910158747949188, 1.0268504420265667, 4.622085053089267, -4.605829381867146, 5.201768627991716, 4.508520669990278, -4.507143967879131, -2.626813422293762, 1.6630914786275293, -5.328955769515557], Energy: -41.50193539692049
Eval count: 1196, Parameters: [1.7712327765268243, 1.5370182101044643, -5.594269431832568, -1.655212346856645, -1.954196642779575, -1.1435013390008604, 4.785053559165389, -1.2714407905897178, 1.6764868935874946, 1.3911860801918605, 1.7497362054499705, -1.5894158668147547, 5.2231556401311465, 4.91849024901622, 7.543764565912337, 4.910158762850349, 1.0268504420265667, 4.622085053089267, -4.605829381867146, 5.201768627991716, 4.508520669990278, -4.507143967879131, -2.626813422293762, 1.6630914786275293, -5.328955769515557], Energy: -41.50193539687797
Eval count: 1197, Parameters: [1.7712327765268243, 1.5370182101044643, -5.594269431832568, -1.655212346856645, -1.954196642779575, -1.1435013390008604, 4.785053559165389, -1.2714407905897178, 1.6764868935874946, 1.3911860801918605, 1.7497362054499705, -1.5894158668147547, 5.2231556401311465, 4.91849024901622, 7.543764565912337, 4.910158747949188, 1.026850456927728, 4.622085053089267, -4.605829381867146, 5.201768627991716, 4.508520669990278, -4.507143967879131, -2.626813422293762, 1.6630914786275293, -5.328955769515557], Energy: -41.501935397358125
Eval count: 1198, Parameters: [1.7712327765268243, 1.5370182101044643, -5.594269431832568, -1.655212346856645, -1.954196642779575, -1.1435013390008604, 4.785053559165389, -1.2714407905897178, 1.6764868935874946, 1.3911860801918605, 1.7497362054499705, -1.5894158668147547, 5.2231556401311465, 4.91849024901622, 7.543764565912337, 4.910158747949188, 1.0268504420265667, 4.622085067990429, -4.605829381867146, 5.201768627991716, 4.508520669990278, -4.507143967879131, -2.626813422293762, 1.6630914786275293, -5.328955769515557], Energy: -41.50193539675092
Eval count: 1199, Parameters: [1.7712327765268243, 1.5370182101044643, -5.594269431832568, -1.655212346856645, -1.954196642779575, -1.1435013390008604, 4.785053559165389, -1.2714407905897178, 1.6764868935874946, 1.3911860801918605, 1.7497362054499705, -1.5894158668147547, 5.2231556401311465, 4.91849024901622, 7.543764565912337, 4.910158747949188, 1.0268504420265667, 4.622085053089267, -4.605829366965985, 5.201768627991716, 4.508520669990278, -4.507143967879131, -2.626813422293762, 1.6630914786275293, -5.328955769515557], Energy: -41.50193539756134
Eval count: 1200, Parameters: [1.7712327765268243, 1.5370182101044643, -5.594269431832568, -1.655212346856645, -1.954196642779575, -1.1435013390008604, 4.785053559165389, -1.2714407905897178, 1.6764868935874946, 1.3911860801918605, 1.7497362054499705, -1.5894158668147547, 5.2231556401311465, 4.91849024901622, 7.543764565912337, 4.910158747949188, 1.0268504420265667, 4.622085053089267, -4.605829381867146, 5.201768642892877, 4.508520669990278, -4.507143967879131, -2.626813422293762, 1.6630914786275293, -5.328955769515557], Energy: -41.50193539695482
Eval count: 1201, Parameters: [1.7712327765268243, 1.5370182101044643, -5.594269431832568, -1.655212346856645, -1.954196642779575, -1.1435013390008604, 4.785053559165389, -1.2714407905897178, 1.6764868935874946, 1.3911860801918605, 1.7497362054499705, -1.5894158668147547, 5.2231556401311465, 4.91849024901622, 7.543764565912337, 4.910158747949188, 1.0268504420265667, 4.622085053089267, -4.605829381867146, 5.201768627991716, 4.508520684891439, -4.507143967879131, -2.626813422293762, 1.6630914786275293, -5.328955769515557], Energy: -41.50193539718475
Eval count: 1202, Parameters: [1.7712327765268243, 1.5370182101044643, -5.594269431832568, -1.655212346856645, -1.954196642779575, -1.1435013390008604, 4.785053559165389, -1.2714407905897178, 1.6764868935874946, 1.3911860801918605, 1.7497362054499705, -1.5894158668147547, 5.2231556401311465, 4.91849024901622, 7.543764565912337, 4.910158747949188, 1.0268504420265667, 4.622085053089267, -4.605829381867146, 5.201768627991716, 4.508520669990278, -4.5071439529779695, -2.626813422293762, 1.6630914786275293, -5.328955769515557], Energy: -41.50193539714331
Eval count: 1203, Parameters: [1.7712327765268243, 1.5370182101044643, -5.594269431832568, -1.655212346856645, -1.954196642779575, -1.1435013390008604, 4.785053559165389, -1.2714407905897178, 1.6764868935874946, 1.3911860801918605, 1.7497362054499705, -1.5894158668147547, 5.2231556401311465, 4.91849024901622, 7.543764565912337, 4.910158747949188, 1.0268504420265667, 4.622085053089267, -4.605829381867146, 5.201768627991716, 4.508520669990278, -4.507143967879131, -2.626813407392601, 1.6630914786275293, -5.328955769515557], Energy: -41.50193539678537
Eval count: 1204, Parameters: [1.7712327765268243, 1.5370182101044643, -5.594269431832568, -1.655212346856645, -1.954196642779575, -1.1435013390008604, 4.785053559165389, -1.2714407905897178, 1.6764868935874946, 1.3911860801918605, 1.7497362054499705, -1.5894158668147547, 5.2231556401311465, 4.91849024901622, 7.543764565912337, 4.910158747949188, 1.0268504420265667, 4.622085053089267, -4.605829381867146, 5.201768627991716, 4.508520669990278, -4.507143967879131, -2.626813422293762, 1.6630914935286905, -5.328955769515557], Energy: -41.501935396994384
Eval count: 1205, Parameters: [1.7712327765268243, 1.5370182101044643, -5.594269431832568, -1.655212346856645, -1.954196642779575, -1.1435013390008604, 4.785053559165389, -1.2714407905897178, 1.6764868935874946, 1.3911860801918605, 1.7497362054499705, -1.5894158668147547, 5.2231556401311465, 4.91849024901622, 7.543764565912337, 4.910158747949188, 1.0268504420265667, 4.622085053089267, -4.605829381867146, 5.201768627991716, 4.508520669990278, -4.507143967879131, -2.626813422293762, 1.6630914786275293, -5.3289557546143955], Energy: -41.50193539724671
Eval count: 1206, Parameters: [1.7664093371111396, 1.5387172280788672, -5.591444719151449, -1.6615810841390581, -1.9506594671898996, -1.1264511226126845, 4.781088764014629, -1.2778783756983236, 1.6753356451947714, 1.376285223709056, 1.7620178275676082, -1.6003955359235986, 5.204306440013758, 4.952240274108283, 7.545892784402076, 4.892564215328919, 1.0448230674022236, 4.6063587058208935, -4.586305350493797, 5.195597535209426, 4.515251848276496, -4.5264090829088195, -2.6413001391354856, 1.6332156294757854, -5.281544332149819], Energy: -41.49847978918814
Eval count: 1207, Parameters: [1.7695921247032944, 1.5375961165935248, -5.5933086298794725, -1.6573786185842418, -1.9529935026380247, -1.1377018531572372, 4.783704967873278, -1.273630480318839, 1.6760953062548716, 1.386117680808389, 1.7539136945789275, -1.5931505077198735, 5.2167442452986315, 4.929970032514985, 7.5444884613000776, 4.904174117576568, 1.0329636774287374, 4.6167358700479255, -4.5991884489322, 5.199669583356987, 4.510810222937471, -4.513696832625642, -2.631740955606619, 1.652929463068482, -5.312829173021502], Energy: -41.503193377697926
Eval count: 1208, Parameters: [1.7695921396044556, 1.5375961165935248, -5.5933086298794725, -1.6573786185842418, -1.9529935026380247, -1.1377018531572372, 4.783704967873278, -1.273630480318839, 1.6760953062548716, 1.386117680808389, 1.7539136945789275, -1.5931505077198735, 5.2167442452986315, 4.929970032514985, 7.5444884613000776, 4.904174117576568, 1.0329636774287374, 4.6167358700479255, -4.5991884489322, 5.199669583356987, 4.510810222937471, -4.513696832625642, -2.631740955606619, 1.652929463068482, -5.312829173021502], Energy: -41.503193376647005
Eval count: 1209, Parameters: [1.7695921247032944, 1.537596131494686, -5.5933086298794725, -1.6573786185842418, -1.9529935026380247, -1.1377018531572372, 4.783704967873278, -1.273630480318839, 1.6760953062548716, 1.386117680808389, 1.7539136945789275, -1.5931505077198735, 5.2167442452986315, 4.929970032514985, 7.5444884613000776, 4.904174117576568, 1.0329636774287374, 4.6167358700479255, -4.5991884489322, 5.199669583356987, 4.510810222937471, -4.513696832625642, -2.631740955606619, 1.652929463068482, -5.312829173021502], Energy: -41.50319337843763
Eval count: 1210, Parameters: [1.7695921247032944, 1.5375961165935248, -5.593308614978311, -1.6573786185842418, -1.9529935026380247, -1.1377018531572372, 4.783704967873278, -1.273630480318839, 1.6760953062548716, 1.386117680808389, 1.7539136945789275, -1.5931505077198735, 5.2167442452986315, 4.929970032514985, 7.5444884613000776, 4.904174117576568, 1.0329636774287374, 4.6167358700479255, -4.5991884489322, 5.199669583356987, 4.510810222937471, -4.513696832625642, -2.631740955606619, 1.652929463068482, -5.312829173021502], Energy: -41.50319337726569
Eval count: 1211, Parameters: [1.7695921247032944, 1.5375961165935248, -5.5933086298794725, -1.6573786036830807, -1.9529935026380247, -1.1377018531572372, 4.783704967873278, -1.273630480318839, 1.6760953062548716, 1.386117680808389, 1.7539136945789275, -1.5931505077198735, 5.2167442452986315, 4.929970032514985, 7.5444884613000776, 4.904174117576568, 1.0329636774287374, 4.6167358700479255, -4.5991884489322, 5.199669583356987, 4.510810222937471, -4.513696832625642, -2.631740955606619, 1.652929463068482, -5.312829173021502], Energy: -41.50319337790148
Eval count: 1212, Parameters: [1.7695921247032944, 1.5375961165935248, -5.5933086298794725, -1.6573786185842418, -1.9529934877368635, -1.1377018531572372, 4.783704967873278, -1.273630480318839, 1.6760953062548716, 1.386117680808389, 1.7539136945789275, -1.5931505077198735, 5.2167442452986315, 4.929970032514985, 7.5444884613000776, 4.904174117576568, 1.0329636774287374, 4.6167358700479255, -4.5991884489322, 5.199669583356987, 4.510810222937471, -4.513696832625642, -2.631740955606619, 1.652929463068482, -5.312829173021502], Energy: -41.50319337794332
Eval count: 1213, Parameters: [1.7695921247032944, 1.5375961165935248, -5.5933086298794725, -1.6573786185842418, -1.9529935026380247, -1.137701838256076, 4.783704967873278, -1.273630480318839, 1.6760953062548716, 1.386117680808389, 1.7539136945789275, -1.5931505077198735, 5.2167442452986315, 4.929970032514985, 7.5444884613000776, 4.904174117576568, 1.0329636774287374, 4.6167358700479255, -4.5991884489322, 5.199669583356987, 4.510810222937471, -4.513696832625642, -2.631740955606619, 1.652929463068482, -5.312829173021502], Energy: -41.50319337758583
Eval count: 1214, Parameters: [1.7695921247032944, 1.5375961165935248, -5.5933086298794725, -1.6573786185842418, -1.9529935026380247, -1.1377018531572372, 4.783704982774439, -1.273630480318839, 1.6760953062548716, 1.386117680808389, 1.7539136945789275, -1.5931505077198735, 5.2167442452986315, 4.929970032514985, 7.5444884613000776, 4.904174117576568, 1.0329636774287374, 4.6167358700479255, -4.5991884489322, 5.199669583356987, 4.510810222937471, -4.513696832625642, -2.631740955606619, 1.652929463068482, -5.312829173021502], Energy: -41.50319337780252
Eval count: 1215, Parameters: [1.7695921247032944, 1.5375961165935248, -5.5933086298794725, -1.6573786185842418, -1.9529935026380247, -1.1377018531572372, 4.783704967873278, -1.2736304654176778, 1.6760953062548716, 1.386117680808389, 1.7539136945789275, -1.5931505077198735, 5.2167442452986315, 4.929970032514985, 7.5444884613000776, 4.904174117576568, 1.0329636774287374, 4.6167358700479255, -4.5991884489322, 5.199669583356987, 4.510810222937471, -4.513696832625642, -2.631740955606619, 1.652929463068482, -5.312829173021502], Energy: -41.50319337761732
Eval count: 1216, Parameters: [1.7695921247032944, 1.5375961165935248, -5.5933086298794725, -1.6573786185842418, -1.9529935026380247, -1.1377018531572372, 4.783704967873278, -1.273630480318839, 1.6760953211560328, 1.386117680808389, 1.7539136945789275, -1.5931505077198735, 5.2167442452986315, 4.929970032514985, 7.5444884613000776, 4.904174117576568, 1.0329636774287374, 4.6167358700479255, -4.5991884489322, 5.199669583356987, 4.510810222937471, -4.513696832625642, -2.631740955606619, 1.652929463068482, -5.312829173021502], Energy: -41.503193377824175
Eval count: 1217, Parameters: [1.7695921247032944, 1.5375961165935248, -5.5933086298794725, -1.6573786185842418, -1.9529935026380247, -1.1377018531572372, 4.783704967873278, -1.273630480318839, 1.6760953062548716, 1.3861176957095502, 1.7539136945789275, -1.5931505077198735, 5.2167442452986315, 4.929970032514985, 7.5444884613000776, 4.904174117576568, 1.0329636774287374, 4.6167358700479255, -4.5991884489322, 5.199669583356987, 4.510810222937471, -4.513696832625642, -2.631740955606619, 1.652929463068482, -5.312829173021502], Energy: -41.503193377572074
Eval count: 1218, Parameters: [1.7695921247032944, 1.5375961165935248, -5.5933086298794725, -1.6573786185842418, -1.9529935026380247, -1.1377018531572372, 4.783704967873278, -1.273630480318839, 1.6760953062548716, 1.386117680808389, 1.7539137094800887, -1.5931505077198735, 5.2167442452986315, 4.929970032514985, 7.5444884613000776, 4.904174117576568, 1.0329636774287374, 4.6167358700479255, -4.5991884489322, 5.199669583356987, 4.510810222937471, -4.513696832625642, -2.631740955606619, 1.652929463068482, -5.312829173021502], Energy: -41.50319337768633
Eval count: 1219, Parameters: [1.7695921247032944, 1.5375961165935248, -5.5933086298794725, -1.6573786185842418, -1.9529935026380247, -1.1377018531572372, 4.783704967873278, -1.273630480318839, 1.6760953062548716, 1.386117680808389, 1.7539136945789275, -1.5931504928187123, 5.2167442452986315, 4.929970032514985, 7.5444884613000776, 4.904174117576568, 1.0329636774287374, 4.6167358700479255, -4.5991884489322, 5.199669583356987, 4.510810222937471, -4.513696832625642, -2.631740955606619, 1.652929463068482, -5.312829173021502], Energy: -41.503193377620505
Eval count: 1220, Parameters: [1.7695921247032944, 1.5375961165935248, -5.5933086298794725, -1.6573786185842418, -1.9529935026380247, -1.1377018531572372, 4.783704967873278, -1.273630480318839, 1.6760953062548716, 1.386117680808389, 1.7539136945789275, -1.5931505077198735, 5.216744260199793, 4.929970032514985, 7.5444884613000776, 4.904174117576568, 1.0329636774287374, 4.6167358700479255, -4.5991884489322, 5.199669583356987, 4.510810222937471, -4.513696832625642, -2.631740955606619, 1.652929463068482, -5.312829173021502], Energy: -41.50319337738728
Eval count: 1221, Parameters: [1.7695921247032944, 1.5375961165935248, -5.5933086298794725, -1.6573786185842418, -1.9529935026380247, -1.1377018531572372, 4.783704967873278, -1.273630480318839, 1.6760953062548716, 1.386117680808389, 1.7539136945789275, -1.5931505077198735, 5.2167442452986315, 4.9299700474161465, 7.5444884613000776, 4.904174117576568, 1.0329636774287374, 4.6167358700479255, -4.5991884489322, 5.199669583356987, 4.510810222937471, -4.513696832625642, -2.631740955606619, 1.652929463068482, -5.312829173021502], Energy: -41.50319337722317
Eval count: 1222, Parameters: [1.7695921247032944, 1.5375961165935248, -5.5933086298794725, -1.6573786185842418, -1.9529935026380247, -1.1377018531572372, 4.783704967873278, -1.273630480318839, 1.6760953062548716, 1.386117680808389, 1.7539136945789275, -1.5931505077198735, 5.2167442452986315, 4.929970032514985, 7.544488476201239, 4.904174117576568, 1.0329636774287374, 4.6167358700479255, -4.5991884489322, 5.199669583356987, 4.510810222937471, -4.513696832625642, -2.631740955606619, 1.652929463068482, -5.312829173021502], Energy: -41.50319337732452
Eval count: 1223, Parameters: [1.7695921247032944, 1.5375961165935248, -5.5933086298794725, -1.6573786185842418, -1.9529935026380247, -1.1377018531572372, 4.783704967873278, -1.273630480318839, 1.6760953062548716, 1.386117680808389, 1.7539136945789275, -1.5931505077198735, 5.2167442452986315, 4.929970032514985, 7.5444884613000776, 4.9041741324777295, 1.0329636774287374, 4.6167358700479255, -4.5991884489322, 5.199669583356987, 4.510810222937471, -4.513696832625642, -2.631740955606619, 1.652929463068482, -5.312829173021502], Energy: -41.50319337789978
Eval count: 1224, Parameters: [1.7695921247032944, 1.5375961165935248, -5.5933086298794725, -1.6573786185842418, -1.9529935026380247, -1.1377018531572372, 4.783704967873278, -1.273630480318839, 1.6760953062548716, 1.386117680808389, 1.7539136945789275, -1.5931505077198735, 5.2167442452986315, 4.929970032514985, 7.5444884613000776, 4.904174117576568, 1.0329636923298986, 4.6167358700479255, -4.5991884489322, 5.199669583356987, 4.510810222937471, -4.513696832625642, -2.631740955606619, 1.652929463068482, -5.312829173021502], Energy: -41.503193377857485
Eval count: 1225, Parameters: [1.7695921247032944, 1.5375961165935248, -5.5933086298794725, -1.6573786185842418, -1.9529935026380247, -1.1377018531572372, 4.783704967873278, -1.273630480318839, 1.6760953062548716, 1.386117680808389, 1.7539136945789275, -1.5931505077198735, 5.2167442452986315, 4.929970032514985, 7.5444884613000776, 4.904174117576568, 1.0329636774287374, 4.616735884949087, -4.5991884489322, 5.199669583356987, 4.510810222937471, -4.513696832625642, -2.631740955606619, 1.652929463068482, -5.312829173021502], Energy: -41.50319337769639
Eval count: 1226, Parameters: [1.7695921247032944, 1.5375961165935248, -5.5933086298794725, -1.6573786185842418, -1.9529935026380247, -1.1377018531572372, 4.783704967873278, -1.273630480318839, 1.6760953062548716, 1.386117680808389, 1.7539136945789275, -1.5931505077198735, 5.2167442452986315, 4.929970032514985, 7.5444884613000776, 4.904174117576568, 1.0329636774287374, 4.6167358700479255, -4.5991884340310385, 5.199669583356987, 4.510810222937471, -4.513696832625642, -2.631740955606619, 1.652929463068482, -5.312829173021502], Energy: -41.50319337781934
Eval count: 1227, Parameters: [1.7695921247032944, 1.5375961165935248, -5.5933086298794725, -1.6573786185842418, -1.9529935026380247, -1.1377018531572372, 4.783704967873278, -1.273630480318839, 1.6760953062548716, 1.386117680808389, 1.7539136945789275, -1.5931505077198735, 5.2167442452986315, 4.929970032514985, 7.5444884613000776, 4.904174117576568, 1.0329636774287374, 4.6167358700479255, -4.5991884489322, 5.199669598258148, 4.510810222937471, -4.513696832625642, -2.631740955606619, 1.652929463068482, -5.312829173021502], Energy: -41.50319337760459
Eval count: 1228, Parameters: [1.7695921247032944, 1.5375961165935248, -5.5933086298794725, -1.6573786185842418, -1.9529935026380247, -1.1377018531572372, 4.783704967873278, -1.273630480318839, 1.6760953062548716, 1.386117680808389, 1.7539136945789275, -1.5931505077198735, 5.2167442452986315, 4.929970032514985, 7.5444884613000776, 4.904174117576568, 1.0329636774287374, 4.6167358700479255, -4.5991884489322, 5.199669583356987, 4.5108102378386326, -4.513696832625642, -2.631740955606619, 1.652929463068482, -5.312829173021502], Energy: -41.50319337792365
Eval count: 1229, Parameters: [1.7695921247032944, 1.5375961165935248, -5.5933086298794725, -1.6573786185842418, -1.9529935026380247, -1.1377018531572372, 4.783704967873278, -1.273630480318839, 1.6760953062548716, 1.386117680808389, 1.7539136945789275, -1.5931505077198735, 5.2167442452986315, 4.929970032514985, 7.5444884613000776, 4.904174117576568, 1.0329636774287374, 4.6167358700479255, -4.5991884489322, 5.199669583356987, 4.510810222937471, -4.5136968177244805, -2.631740955606619, 1.652929463068482, -5.312829173021502], Energy: -41.503193377869366
Eval count: 1230, Parameters: [1.7695921247032944, 1.5375961165935248, -5.5933086298794725, -1.6573786185842418, -1.9529935026380247, -1.1377018531572372, 4.783704967873278, -1.273630480318839, 1.6760953062548716, 1.386117680808389, 1.7539136945789275, -1.5931505077198735, 5.2167442452986315, 4.929970032514985, 7.5444884613000776, 4.904174117576568, 1.0329636774287374, 4.6167358700479255, -4.5991884489322, 5.199669583356987, 4.510810222937471, -4.513696832625642, -2.6317409407054577, 1.652929463068482, -5.312829173021502], Energy: -41.5031933777604
Eval count: 1231, Parameters: [1.7695921247032944, 1.5375961165935248, -5.5933086298794725, -1.6573786185842418, -1.9529935026380247, -1.1377018531572372, 4.783704967873278, -1.273630480318839, 1.6760953062548716, 1.386117680808389, 1.7539136945789275, -1.5931505077198735, 5.2167442452986315, 4.929970032514985, 7.5444884613000776, 4.904174117576568, 1.0329636774287374, 4.6167358700479255, -4.5991884489322, 5.199669583356987, 4.510810222937471, -4.513696832625642, -2.631740955606619, 1.6529294779696433, -5.312829173021502], Energy: -41.50319337768906
Eval count: 1232, Parameters: [1.7695921247032944, 1.5375961165935248, -5.5933086298794725, -1.6573786185842418, -1.9529935026380247, -1.1377018531572372, 4.783704967873278, -1.273630480318839, 1.6760953062548716, 1.386117680808389, 1.7539136945789275, -1.5931505077198735, 5.2167442452986315, 4.929970032514985, 7.5444884613000776, 4.904174117576568, 1.0329636774287374, 4.6167358700479255, -4.5991884489322, 5.199669583356987, 4.510810222937471, -4.513696832625642, -2.631740955606619, 1.652929463068482, -5.312829158120341], Energy: -41.50319337783026
Eval count: 1233, Parameters: [1.7651415275895435, 1.5387148250157694, -5.593748242200668, -1.6537613223687075, -1.9480490054810298, -1.1350794683223753, 4.784255395106543, -1.2763084768234032, 1.6724639336465223, 1.3796553960549065, 1.7567880347872158, -1.5939577086691816, 5.208341383332027, 4.918948871698461, 7.526853778192614, 4.903027307816464, 1.0497337110049907, 4.618546883758083, -4.588044943669956, 5.203380320865553, 4.531621559047652, -4.512289280222555, -2.6290919875412206, 1.6431385351712064, -5.289241144564649], Energy: -41.50240670638806
Eval count: 1234, Parameters: [1.7679349095917098, 1.5380126765416433, -5.593472323011721, -1.6560316896670098, -1.9511523799305925, -1.1367253873784553, 4.783909923816375, -1.2746276535436232, 1.6747431358812026, 1.3837113978591316, 1.754983977938051, -1.5934510753913766, 5.213615373042684, 4.925866215929136, 7.537922047269161, 4.903747093872561, 1.0392081323533315, 4.617410215357342, -4.595039076422261, 5.201051305880313, 4.518559488892706, -4.513172719331824, -2.630754591351243, 1.6492837334611745, -5.304045983662392], Energy: -41.50362137298259
Eval count: 1235, Parameters: [1.767934924492871, 1.5380126765416433, -5.593472323011721, -1.6560316896670098, -1.9511523799305925, -1.1367253873784553, 4.783909923816375, -1.2746276535436232, 1.6747431358812026, 1.3837113978591316, 1.754983977938051, -1.5934510753913766, 5.213615373042684, 4.925866215929136, 7.537922047269161, 4.903747093872561, 1.0392081323533315, 4.617410215357342, -4.595039076422261, 5.201051305880313, 4.518559488892706, -4.513172719331824, -2.630754591351243, 1.6492837334611745, -5.304045983662392], Energy: -41.50362137217451
Eval count: 1236, Parameters: [1.7679349095917098, 1.5380126914428045, -5.593472323011721, -1.6560316896670098, -1.9511523799305925, -1.1367253873784553, 4.783909923816375, -1.2746276535436232, 1.6747431358812026, 1.3837113978591316, 1.754983977938051, -1.5934510753913766, 5.213615373042684, 4.925866215929136, 7.537922047269161, 4.903747093872561, 1.0392081323533315, 4.617410215357342, -4.595039076422261, 5.201051305880313, 4.518559488892706, -4.513172719331824, -2.630754591351243, 1.6492837334611745, -5.304045983662392], Energy: -41.50362137369939
Eval count: 1237, Parameters: [1.7679349095917098, 1.5380126765416433, -5.5934723081105595, -1.6560316896670098, -1.9511523799305925, -1.1367253873784553, 4.783909923816375, -1.2746276535436232, 1.6747431358812026, 1.3837113978591316, 1.754983977938051, -1.5934510753913766, 5.213615373042684, 4.925866215929136, 7.537922047269161, 4.903747093872561, 1.0392081323533315, 4.617410215357342, -4.595039076422261, 5.201051305880313, 4.518559488892706, -4.513172719331824, -2.630754591351243, 1.6492837334611745, -5.304045983662392], Energy: -41.50362137247981
Eval count: 1238, Parameters: [1.7679349095917098, 1.5380126765416433, -5.593472323011721, -1.6560316747658486, -1.9511523799305925, -1.1367253873784553, 4.783909923816375, -1.2746276535436232, 1.6747431358812026, 1.3837113978591316, 1.754983977938051, -1.5934510753913766, 5.213615373042684, 4.925866215929136, 7.537922047269161, 4.903747093872561, 1.0392081323533315, 4.617410215357342, -4.595039076422261, 5.201051305880313, 4.518559488892706, -4.513172719331824, -2.630754591351243, 1.6492837334611745, -5.304045983662392], Energy: -41.50362137315187
Eval count: 1239, Parameters: [1.7679349095917098, 1.5380126765416433, -5.593472323011721, -1.6560316896670098, -1.9511523650294313, -1.1367253873784553, 4.783909923816375, -1.2746276535436232, 1.6747431358812026, 1.3837113978591316, 1.754983977938051, -1.5934510753913766, 5.213615373042684, 4.925866215929136, 7.537922047269161, 4.903747093872561, 1.0392081323533315, 4.617410215357342, -4.595039076422261, 5.201051305880313, 4.518559488892706, -4.513172719331824, -2.630754591351243, 1.6492837334611745, -5.304045983662392], Energy: -41.50362137304904
Eval count: 1240, Parameters: [1.7679349095917098, 1.5380126765416433, -5.593472323011721, -1.6560316896670098, -1.9511523799305925, -1.136725372477294, 4.783909923816375, -1.2746276535436232, 1.6747431358812026, 1.3837113978591316, 1.754983977938051, -1.5934510753913766, 5.213615373042684, 4.925866215929136, 7.537922047269161, 4.903747093872561, 1.0392081323533315, 4.617410215357342, -4.595039076422261, 5.201051305880313, 4.518559488892706, -4.513172719331824, -2.630754591351243, 1.6492837334611745, -5.304045983662392], Energy: -41.503621372846624
Eval count: 1241, Parameters: [1.7679349095917098, 1.5380126765416433, -5.593472323011721, -1.6560316896670098, -1.9511523799305925, -1.1367253873784553, 4.783909938717536, -1.2746276535436232, 1.6747431358812026, 1.3837113978591316, 1.754983977938051, -1.5934510753913766, 5.213615373042684, 4.925866215929136, 7.537922047269161, 4.903747093872561, 1.0392081323533315, 4.617410215357342, -4.595039076422261, 5.201051305880313, 4.518559488892706, -4.513172719331824, -2.630754591351243, 1.6492837334611745, -5.304045983662392], Energy: -41.50362137324129
Eval count: 1242, Parameters: [1.7679349095917098, 1.5380126765416433, -5.593472323011721, -1.6560316896670098, -1.9511523799305925, -1.1367253873784553, 4.783909923816375, -1.274627638642462, 1.6747431358812026, 1.3837113978591316, 1.754983977938051, -1.5934510753913766, 5.213615373042684, 4.925866215929136, 7.537922047269161, 4.903747093872561, 1.0392081323533315, 4.617410215357342, -4.595039076422261, 5.201051305880313, 4.518559488892706, -4.513172719331824, -2.630754591351243, 1.6492837334611745, -5.304045983662392], Energy: -41.50362137320019
Eval count: 1243, Parameters: [1.7679349095917098, 1.5380126765416433, -5.593472323011721, -1.6560316896670098, -1.9511523799305925, -1.1367253873784553, 4.783909923816375, -1.2746276535436232, 1.6747431507823638, 1.3837113978591316, 1.754983977938051, -1.5934510753913766, 5.213615373042684, 4.925866215929136, 7.537922047269161, 4.903747093872561, 1.0392081323533315, 4.617410215357342, -4.595039076422261, 5.201051305880313, 4.518559488892706, -4.513172719331824, -2.630754591351243, 1.6492837334611745, -5.304045983662392], Energy: -41.50362137323219
Eval count: 1244, Parameters: [1.7679349095917098, 1.5380126765416433, -5.593472323011721, -1.6560316896670098, -1.9511523799305925, -1.1367253873784553, 4.783909923816375, -1.2746276535436232, 1.6747431358812026, 1.3837114127602927, 1.754983977938051, -1.5934510753913766, 5.213615373042684, 4.925866215929136, 7.537922047269161, 4.903747093872561, 1.0392081323533315, 4.617410215357342, -4.595039076422261, 5.201051305880313, 4.518559488892706, -4.513172719331824, -2.630754591351243, 1.6492837334611745, -5.304045983662392], Energy: -41.50362137306786
Eval count: 1245, Parameters: [1.7679349095917098, 1.5380126765416433, -5.593472323011721, -1.6560316896670098, -1.9511523799305925, -1.1367253873784553, 4.783909923816375, -1.2746276535436232, 1.6747431358812026, 1.3837113978591316, 1.7549839928392121, -1.5934510753913766, 5.213615373042684, 4.925866215929136, 7.537922047269161, 4.903747093872561, 1.0392081323533315, 4.617410215357342, -4.595039076422261, 5.201051305880313, 4.518559488892706, -4.513172719331824, -2.630754591351243, 1.6492837334611745, -5.304045983662392], Energy: -41.50362137293848
Eval count: 1246, Parameters: [1.7679349095917098, 1.5380126765416433, -5.593472323011721, -1.6560316896670098, -1.9511523799305925, -1.1367253873784553, 4.783909923816375, -1.2746276535436232, 1.6747431358812026, 1.3837113978591316, 1.754983977938051, -1.5934510604902155, 5.213615373042684, 4.925866215929136, 7.537922047269161, 4.903747093872561, 1.0392081323533315, 4.617410215357342, -4.595039076422261, 5.201051305880313, 4.518559488892706, -4.513172719331824, -2.630754591351243, 1.6492837334611745, -5.304045983662392], Energy: -41.50362137301306
Eval count: 1247, Parameters: [1.7679349095917098, 1.5380126765416433, -5.593472323011721, -1.6560316896670098, -1.9511523799305925, -1.1367253873784553, 4.783909923816375, -1.2746276535436232, 1.6747431358812026, 1.3837113978591316, 1.754983977938051, -1.5934510753913766, 5.213615387943845, 4.925866215929136, 7.537922047269161, 4.903747093872561, 1.0392081323533315, 4.617410215357342, -4.595039076422261, 5.201051305880313, 4.518559488892706, -4.513172719331824, -2.630754591351243, 1.6492837334611745, -5.304045983662392], Energy: -41.50362137299152
Eval count: 1248, Parameters: [1.7679349095917098, 1.5380126765416433, -5.593472323011721, -1.6560316896670098, -1.9511523799305925, -1.1367253873784553, 4.783909923816375, -1.2746276535436232, 1.6747431358812026, 1.3837113978591316, 1.754983977938051, -1.5934510753913766, 5.213615373042684, 4.925866230830297, 7.537922047269161, 4.903747093872561, 1.0392081323533315, 4.617410215357342, -4.595039076422261, 5.201051305880313, 4.518559488892706, -4.513172719331824, -2.630754591351243, 1.6492837334611745, -5.304045983662392], Energy: -41.5036213730491
Eval count: 1249, Parameters: [1.7679349095917098, 1.5380126765416433, -5.593472323011721, -1.6560316896670098, -1.9511523799305925, -1.1367253873784553, 4.783909923816375, -1.2746276535436232, 1.6747431358812026, 1.3837113978591316, 1.754983977938051, -1.5934510753913766, 5.213615373042684, 4.925866215929136, 7.537922062170322, 4.903747093872561, 1.0392081323533315, 4.617410215357342, -4.595039076422261, 5.201051305880313, 4.518559488892706, -4.513172719331824, -2.630754591351243, 1.6492837334611745, -5.304045983662392], Energy: -41.50362137305876
Eval count: 1250, Parameters: [1.7679349095917098, 1.5380126765416433, -5.593472323011721, -1.6560316896670098, -1.9511523799305925, -1.1367253873784553, 4.783909923816375, -1.2746276535436232, 1.6747431358812026, 1.3837113978591316, 1.754983977938051, -1.5934510753913766, 5.213615373042684, 4.925866215929136, 7.537922047269161, 4.9037471087737226, 1.0392081323533315, 4.617410215357342, -4.595039076422261, 5.201051305880313, 4.518559488892706, -4.513172719331824, -2.630754591351243, 1.6492837334611745, -5.304045983662392], Energy: -41.50362137303779
Eval count: 1251, Parameters: [1.7679349095917098, 1.5380126765416433, -5.593472323011721, -1.6560316896670098, -1.9511523799305925, -1.1367253873784553, 4.783909923816375, -1.2746276535436232, 1.6747431358812026, 1.3837113978591316, 1.754983977938051, -1.5934510753913766, 5.213615373042684, 4.925866215929136, 7.537922047269161, 4.903747093872561, 1.0392081472544927, 4.617410215357342, -4.595039076422261, 5.201051305880313, 4.518559488892706, -4.513172719331824, -2.630754591351243, 1.6492837334611745, -5.304045983662392], Energy: -41.5036213729054
Eval count: 1252, Parameters: [1.7679349095917098, 1.5380126765416433, -5.593472323011721, -1.6560316896670098, -1.9511523799305925, -1.1367253873784553, 4.783909923816375, -1.2746276535436232, 1.6747431358812026, 1.3837113978591316, 1.754983977938051, -1.5934510753913766, 5.213615373042684, 4.925866215929136, 7.537922047269161, 4.903747093872561, 1.0392081323533315, 4.617410230258503, -4.595039076422261, 5.201051305880313, 4.518559488892706, -4.513172719331824, -2.630754591351243, 1.6492837334611745, -5.304045983662392], Energy: -41.503621373000044
Eval count: 1253, Parameters: [1.7679349095917098, 1.5380126765416433, -5.593472323011721, -1.6560316896670098, -1.9511523799305925, -1.1367253873784553, 4.783909923816375, -1.2746276535436232, 1.6747431358812026, 1.3837113978591316, 1.754983977938051, -1.5934510753913766, 5.213615373042684, 4.925866215929136, 7.537922047269161, 4.903747093872561, 1.0392081323533315, 4.617410215357342, -4.5950390615211, 5.201051305880313, 4.518559488892706, -4.513172719331824, -2.630754591351243, 1.6492837334611745, -5.304045983662392], Energy: -41.50362137291722
Eval count: 1254, Parameters: [1.7679349095917098, 1.5380126765416433, -5.593472323011721, -1.6560316896670098, -1.9511523799305925, -1.1367253873784553, 4.783909923816375, -1.2746276535436232, 1.6747431358812026, 1.3837113978591316, 1.754983977938051, -1.5934510753913766, 5.213615373042684, 4.925866215929136, 7.537922047269161, 4.903747093872561, 1.0392081323533315, 4.617410215357342, -4.595039076422261, 5.201051320781474, 4.518559488892706, -4.513172719331824, -2.630754591351243, 1.6492837334611745, -5.304045983662392], Energy: -41.50362137291671
Eval count: 1255, Parameters: [1.7679349095917098, 1.5380126765416433, -5.593472323011721, -1.6560316896670098, -1.9511523799305925, -1.1367253873784553, 4.783909923816375, -1.2746276535436232, 1.6747431358812026, 1.3837113978591316, 1.754983977938051, -1.5934510753913766, 5.213615373042684, 4.925866215929136, 7.537922047269161, 4.903747093872561, 1.0392081323533315, 4.617410215357342, -4.595039076422261, 5.201051305880313, 4.518559503793867, -4.513172719331824, -2.630754591351243, 1.6492837334611745, -5.304045983662392], Energy: -41.50362137292433
Eval count: 1256, Parameters: [1.7679349095917098, 1.5380126765416433, -5.593472323011721, -1.6560316896670098, -1.9511523799305925, -1.1367253873784553, 4.783909923816375, -1.2746276535436232, 1.6747431358812026, 1.3837113978591316, 1.754983977938051, -1.5934510753913766, 5.213615373042684, 4.925866215929136, 7.537922047269161, 4.903747093872561, 1.0392081323533315, 4.617410215357342, -4.595039076422261, 5.201051305880313, 4.518559488892706, -4.513172704430663, -2.630754591351243, 1.6492837334611745, -5.304045983662392], Energy: -41.50362137293894
Eval count: 1257, Parameters: [1.7679349095917098, 1.5380126765416433, -5.593472323011721, -1.6560316896670098, -1.9511523799305925, -1.1367253873784553, 4.783909923816375, -1.2746276535436232, 1.6747431358812026, 1.3837113978591316, 1.754983977938051, -1.5934510753913766, 5.213615373042684, 4.925866215929136, 7.537922047269161, 4.903747093872561, 1.0392081323533315, 4.617410215357342, -4.595039076422261, 5.201051305880313, 4.518559488892706, -4.513172719331824, -2.630754576450082, 1.6492837334611745, -5.304045983662392], Energy: -41.50362137296429
Eval count: 1258, Parameters: [1.7679349095917098, 1.5380126765416433, -5.593472323011721, -1.6560316896670098, -1.9511523799305925, -1.1367253873784553, 4.783909923816375, -1.2746276535436232, 1.6747431358812026, 1.3837113978591316, 1.754983977938051, -1.5934510753913766, 5.213615373042684, 4.925866215929136, 7.537922047269161, 4.903747093872561, 1.0392081323533315, 4.617410215357342, -4.595039076422261, 5.201051305880313, 4.518559488892706, -4.513172719331824, -2.630754591351243, 1.6492837483623357, -5.304045983662392], Energy: -41.50362137299817
Eval count: 1259, Parameters: [1.7679349095917098, 1.5380126765416433, -5.593472323011721, -1.6560316896670098, -1.9511523799305925, -1.1367253873784553, 4.783909923816375, -1.2746276535436232, 1.6747431358812026, 1.3837113978591316, 1.754983977938051, -1.5934510753913766, 5.213615373042684, 4.925866215929136, 7.537922047269161, 4.903747093872561, 1.0392081323533315, 4.617410215357342, -4.595039076422261, 5.201051305880313, 4.518559488892706, -4.513172719331824, -2.630754591351243, 1.6492837334611745, -5.304045968761231], Energy: -41.50362137310134
Eval count: 1260, Parameters: [1.7643106464550855, 1.5395050307133042, -5.595124838005099, -1.6543416809017066, -1.9491461039374907, -1.1371245912535355, 4.789908200930651, -1.272841450297858, 1.6799627760679323, 1.3830623654004872, 1.7570980649949115, -1.5941933199278613, 5.2103917089066485, 4.927433906542098, 7.538608155468575, 4.901581850832689, 1.0424955874972535, 4.620951055596992, -4.596273026366441, 5.1963411488710225, 4.521048310528544, -4.515715122098692, -2.630616972422895, 1.646669127514471, -5.28780878763473], Energy: -41.50367030916328
Eval count: 1261, Parameters: [1.76598660335023, 1.5388149259472572, -5.5943606705611035, -1.655123186475748, -1.9500738599964325, -1.1369399886290052, 4.787134436027361, -1.2736674387906963, 1.6775490738527914, 1.3833624954912762, 1.75612045419616, -1.5938500860615799, 5.21188241803365, 4.92670896417638, 7.538290880556606, 4.902583117535889, 1.040975379689973, 4.619313675696432, -4.5957024146753875, 5.198519252341812, 4.519897412366869, -4.5145394465788025, -2.6306806111221763, 1.6478781917295338, -5.29531730443236], Energy: -41.50380962080766
Eval count: 1262, Parameters: [1.7659866182513912, 1.5388149259472572, -5.5943606705611035, -1.655123186475748, -1.9500738599964325, -1.1369399886290052, 4.787134436027361, -1.2736674387906963, 1.6775490738527914, 1.3833624954912762, 1.75612045419616, -1.5938500860615799, 5.21188241803365, 4.92670896417638, 7.538290880556606, 4.902583117535889, 1.040975379689973, 4.619313675696432, -4.5957024146753875, 5.198519252341812, 4.519897412366869, -4.5145394465788025, -2.6306806111221763, 1.6478781917295338, -5.29531730443236], Energy: -41.50380962064912
Eval count: 1263, Parameters: [1.76598660335023, 1.5388149408484184, -5.5943606705611035, -1.655123186475748, -1.9500738599964325, -1.1369399886290052, 4.787134436027361, -1.2736674387906963, 1.6775490738527914, 1.3833624954912762, 1.75612045419616, -1.5938500860615799, 5.21188241803365, 4.92670896417638, 7.538290880556606, 4.902583117535889, 1.040975379689973, 4.619313675696432, -4.5957024146753875, 5.198519252341812, 4.519897412366869, -4.5145394465788025, -2.6306806111221763, 1.6478781917295338, -5.29531730443236], Energy: -41.50380962111825
Eval count: 1264, Parameters: [1.76598660335023, 1.5388149259472572, -5.594360655659942, -1.655123186475748, -1.9500738599964325, -1.1369399886290052, 4.787134436027361, -1.2736674387906963, 1.6775490738527914, 1.3833624954912762, 1.75612045419616, -1.5938500860615799, 5.21188241803365, 4.92670896417638, 7.538290880556606, 4.902583117535889, 1.040975379689973, 4.619313675696432, -4.5957024146753875, 5.198519252341812, 4.519897412366869, -4.5145394465788025, -2.6306806111221763, 1.6478781917295338, -5.29531730443236], Energy: -41.503809620544416
Eval count: 1265, Parameters: [1.76598660335023, 1.5388149259472572, -5.5943606705611035, -1.6551231715745869, -1.9500738599964325, -1.1369399886290052, 4.787134436027361, -1.2736674387906963, 1.6775490738527914, 1.3833624954912762, 1.75612045419616, -1.5938500860615799, 5.21188241803365, 4.92670896417638, 7.538290880556606, 4.902583117535889, 1.040975379689973, 4.619313675696432, -4.5957024146753875, 5.198519252341812, 4.519897412366869, -4.5145394465788025, -2.6306806111221763, 1.6478781917295338, -5.29531730443236], Energy: -41.503809620786114
Eval count: 1266, Parameters: [1.76598660335023, 1.5388149259472572, -5.5943606705611035, -1.655123186475748, -1.9500738450952713, -1.1369399886290052, 4.787134436027361, -1.2736674387906963, 1.6775490738527914, 1.3833624954912762, 1.75612045419616, -1.5938500860615799, 5.21188241803365, 4.92670896417638, 7.538290880556606, 4.902583117535889, 1.040975379689973, 4.619313675696432, -4.5957024146753875, 5.198519252341812, 4.519897412366869, -4.5145394465788025, -2.6306806111221763, 1.6478781917295338, -5.29531730443236], Energy: -41.50380962074047
Eval count: 1267, Parameters: [1.76598660335023, 1.5388149259472572, -5.5943606705611035, -1.655123186475748, -1.9500738599964325, -1.136939973727844, 4.787134436027361, -1.2736674387906963, 1.6775490738527914, 1.3833624954912762, 1.75612045419616, -1.5938500860615799, 5.21188241803365, 4.92670896417638, 7.538290880556606, 4.902583117535889, 1.040975379689973, 4.619313675696432, -4.5957024146753875, 5.198519252341812, 4.519897412366869, -4.5145394465788025, -2.6306806111221763, 1.6478781917295338, -5.29531730443236], Energy: -41.50380962083648
Eval count: 1268, Parameters: [1.76598660335023, 1.5388149259472572, -5.5943606705611035, -1.655123186475748, -1.9500738599964325, -1.1369399886290052, 4.787134450928522, -1.2736674387906963, 1.6775490738527914, 1.3833624954912762, 1.75612045419616, -1.5938500860615799, 5.21188241803365, 4.92670896417638, 7.538290880556606, 4.902583117535889, 1.040975379689973, 4.619313675696432, -4.5957024146753875, 5.198519252341812, 4.519897412366869, -4.5145394465788025, -2.6306806111221763, 1.6478781917295338, -5.29531730443236], Energy: -41.50380962070267
Eval count: 1269, Parameters: [1.76598660335023, 1.5388149259472572, -5.5943606705611035, -1.655123186475748, -1.9500738599964325, -1.1369399886290052, 4.787134436027361, -1.2736674238895351, 1.6775490738527914, 1.3833624954912762, 1.75612045419616, -1.5938500860615799, 5.21188241803365, 4.92670896417638, 7.538290880556606, 4.902583117535889, 1.040975379689973, 4.619313675696432, -4.5957024146753875, 5.198519252341812, 4.519897412366869, -4.5145394465788025, -2.6306806111221763, 1.6478781917295338, -5.29531730443236], Energy: -41.503809620930156
Eval count: 1270, Parameters: [1.76598660335023, 1.5388149259472572, -5.5943606705611035, -1.655123186475748, -1.9500738599964325, -1.1369399886290052, 4.787134436027361, -1.2736674387906963, 1.6775490887539526, 1.3833624954912762, 1.75612045419616, -1.5938500860615799, 5.21188241803365, 4.92670896417638, 7.538290880556606, 4.902583117535889, 1.040975379689973, 4.619313675696432, -4.5957024146753875, 5.198519252341812, 4.519897412366869, -4.5145394465788025, -2.6306806111221763, 1.6478781917295338, -5.29531730443236], Energy: -41.5038096207316
Eval count: 1271, Parameters: [1.76598660335023, 1.5388149259472572, -5.5943606705611035, -1.655123186475748, -1.9500738599964325, -1.1369399886290052, 4.787134436027361, -1.2736674387906963, 1.6775490738527914, 1.3833625103924374, 1.75612045419616, -1.5938500860615799, 5.21188241803365, 4.92670896417638, 7.538290880556606, 4.902583117535889, 1.040975379689973, 4.619313675696432, -4.5957024146753875, 5.198519252341812, 4.519897412366869, -4.5145394465788025, -2.6306806111221763, 1.6478781917295338, -5.29531730443236], Energy: -41.503809620883146
Eval count: 1272, Parameters: [1.76598660335023, 1.5388149259472572, -5.5943606705611035, -1.655123186475748, -1.9500738599964325, -1.1369399886290052, 4.787134436027361, -1.2736674387906963, 1.6775490738527914, 1.3833624954912762, 1.7561204690973211, -1.5938500860615799, 5.21188241803365, 4.92670896417638, 7.538290880556606, 4.902583117535889, 1.040975379689973, 4.619313675696432, -4.5957024146753875, 5.198519252341812, 4.519897412366869, -4.5145394465788025, -2.6306806111221763, 1.6478781917295338, -5.29531730443236], Energy: -41.50380962073575
Eval count: 1273, Parameters: [1.76598660335023, 1.5388149259472572, -5.5943606705611035, -1.655123186475748, -1.9500738599964325, -1.1369399886290052, 4.787134436027361, -1.2736674387906963, 1.6775490738527914, 1.3833624954912762, 1.75612045419616, -1.5938500711604187, 5.21188241803365, 4.92670896417638, 7.538290880556606, 4.902583117535889, 1.040975379689973, 4.619313675696432, -4.5957024146753875, 5.198519252341812, 4.519897412366869, -4.5145394465788025, -2.6306806111221763, 1.6478781917295338, -5.29531730443236], Energy: -41.50380962091299
Eval count: 1274, Parameters: [1.76598660335023, 1.5388149259472572, -5.5943606705611035, -1.655123186475748, -1.9500738599964325, -1.1369399886290052, 4.787134436027361, -1.2736674387906963, 1.6775490738527914, 1.3833624954912762, 1.75612045419616, -1.5938500860615799, 5.211882432934811, 4.92670896417638, 7.538290880556606, 4.902583117535889, 1.040975379689973, 4.619313675696432, -4.5957024146753875, 5.198519252341812, 4.519897412366869, -4.5145394465788025, -2.6306806111221763, 1.6478781917295338, -5.29531730443236], Energy: -41.503809620935044
Eval count: 1275, Parameters: [1.76598660335023, 1.5388149259472572, -5.5943606705611035, -1.655123186475748, -1.9500738599964325, -1.1369399886290052, 4.787134436027361, -1.2736674387906963, 1.6775490738527914, 1.3833624954912762, 1.75612045419616, -1.5938500860615799, 5.21188241803365, 4.926708979077541, 7.538290880556606, 4.902583117535889, 1.040975379689973, 4.619313675696432, -4.5957024146753875, 5.198519252341812, 4.519897412366869, -4.5145394465788025, -2.6306806111221763, 1.6478781917295338, -5.29531730443236], Energy: -41.50380962084438
Eval count: 1276, Parameters: [1.76598660335023, 1.5388149259472572, -5.5943606705611035, -1.655123186475748, -1.9500738599964325, -1.1369399886290052, 4.787134436027361, -1.2736674387906963, 1.6775490738527914, 1.3833624954912762, 1.75612045419616, -1.5938500860615799, 5.21188241803365, 4.92670896417638, 7.538290895457767, 4.902583117535889, 1.040975379689973, 4.619313675696432, -4.5957024146753875, 5.198519252341812, 4.519897412366869, -4.5145394465788025, -2.6306806111221763, 1.6478781917295338, -5.29531730443236], Energy: -41.50380962078361
Eval count: 1277, Parameters: [1.76598660335023, 1.5388149259472572, -5.5943606705611035, -1.655123186475748, -1.9500738599964325, -1.1369399886290052, 4.787134436027361, -1.2736674387906963, 1.6775490738527914, 1.3833624954912762, 1.75612045419616, -1.5938500860615799, 5.21188241803365, 4.92670896417638, 7.538290880556606, 4.902583132437051, 1.040975379689973, 4.619313675696432, -4.5957024146753875, 5.198519252341812, 4.519897412366869, -4.5145394465788025, -2.6306806111221763, 1.6478781917295338, -5.29531730443236], Energy: -41.50380962085637
Eval count: 1278, Parameters: [1.76598660335023, 1.5388149259472572, -5.5943606705611035, -1.655123186475748, -1.9500738599964325, -1.1369399886290052, 4.787134436027361, -1.2736674387906963, 1.6775490738527914, 1.3833624954912762, 1.75612045419616, -1.5938500860615799, 5.21188241803365, 4.92670896417638, 7.538290880556606, 4.902583117535889, 1.0409753945911342, 4.619313675696432, -4.5957024146753875, 5.198519252341812, 4.519897412366869, -4.5145394465788025, -2.6306806111221763, 1.6478781917295338, -5.29531730443236], Energy: -41.50380962076133
Eval count: 1279, Parameters: [1.76598660335023, 1.5388149259472572, -5.5943606705611035, -1.655123186475748, -1.9500738599964325, -1.1369399886290052, 4.787134436027361, -1.2736674387906963, 1.6775490738527914, 1.3833624954912762, 1.75612045419616, -1.5938500860615799, 5.21188241803365, 4.92670896417638, 7.538290880556606, 4.902583117535889, 1.040975379689973, 4.619313690597593, -4.5957024146753875, 5.198519252341812, 4.519897412366869, -4.5145394465788025, -2.6306806111221763, 1.6478781917295338, -5.29531730443236], Energy: -41.50380962079987
Eval count: 1280, Parameters: [1.76598660335023, 1.5388149259472572, -5.5943606705611035, -1.655123186475748, -1.9500738599964325, -1.1369399886290052, 4.787134436027361, -1.2736674387906963, 1.6775490738527914, 1.3833624954912762, 1.75612045419616, -1.5938500860615799, 5.21188241803365, 4.92670896417638, 7.538290880556606, 4.902583117535889, 1.040975379689973, 4.619313675696432, -4.595702399774226, 5.198519252341812, 4.519897412366869, -4.5145394465788025, -2.6306806111221763, 1.6478781917295338, -5.29531730443236], Energy: -41.503809620883374
Eval count: 1281, Parameters: [1.76598660335023, 1.5388149259472572, -5.5943606705611035, -1.655123186475748, -1.9500738599964325, -1.1369399886290052, 4.787134436027361, -1.2736674387906963, 1.6775490738527914, 1.3833624954912762, 1.75612045419616, -1.5938500860615799, 5.21188241803365, 4.92670896417638, 7.538290880556606, 4.902583117535889, 1.040975379689973, 4.619313675696432, -4.5957024146753875, 5.198519267242973, 4.519897412366869, -4.5145394465788025, -2.6306806111221763, 1.6478781917295338, -5.29531730443236], Energy: -41.50380962090128
Eval count: 1282, Parameters: [1.76598660335023, 1.5388149259472572, -5.5943606705611035, -1.655123186475748, -1.9500738599964325, -1.1369399886290052, 4.787134436027361, -1.2736674387906963, 1.6775490738527914, 1.3833624954912762, 1.75612045419616, -1.5938500860615799, 5.21188241803365, 4.92670896417638, 7.538290880556606, 4.902583117535889, 1.040975379689973, 4.619313675696432, -4.5957024146753875, 5.198519252341812, 4.51989742726803, -4.5145394465788025, -2.6306806111221763, 1.6478781917295338, -5.29531730443236], Energy: -41.503809620814366
Eval count: 1283, Parameters: [1.76598660335023, 1.5388149259472572, -5.5943606705611035, -1.655123186475748, -1.9500738599964325, -1.1369399886290052, 4.787134436027361, -1.2736674387906963, 1.6775490738527914, 1.3833624954912762, 1.75612045419616, -1.5938500860615799, 5.21188241803365, 4.92670896417638, 7.538290880556606, 4.902583117535889, 1.040975379689973, 4.619313675696432, -4.5957024146753875, 5.198519252341812, 4.519897412366869, -4.514539431677641, -2.6306806111221763, 1.6478781917295338, -5.29531730443236], Energy: -41.50380962071273
Eval count: 1284, Parameters: [1.76598660335023, 1.5388149259472572, -5.5943606705611035, -1.655123186475748, -1.9500738599964325, -1.1369399886290052, 4.787134436027361, -1.2736674387906963, 1.6775490738527914, 1.3833624954912762, 1.75612045419616, -1.5938500860615799, 5.21188241803365, 4.92670896417638, 7.538290880556606, 4.902583117535889, 1.040975379689973, 4.619313675696432, -4.5957024146753875, 5.198519252341812, 4.519897412366869, -4.5145394465788025, -2.630680596221015, 1.6478781917295338, -5.29531730443236], Energy: -41.503809620749905
Eval count: 1285, Parameters: [1.76598660335023, 1.5388149259472572, -5.5943606705611035, -1.655123186475748, -1.9500738599964325, -1.1369399886290052, 4.787134436027361, -1.2736674387906963, 1.6775490738527914, 1.3833624954912762, 1.75612045419616, -1.5938500860615799, 5.21188241803365, 4.92670896417638, 7.538290880556606, 4.902583117535889, 1.040975379689973, 4.619313675696432, -4.5957024146753875, 5.198519252341812, 4.519897412366869, -4.5145394465788025, -2.6306806111221763, 1.647878206630695, -5.29531730443236], Energy: -41.50380962082238
Eval count: 1286, Parameters: [1.76598660335023, 1.5388149259472572, -5.5943606705611035, -1.655123186475748, -1.9500738599964325, -1.1369399886290052, 4.787134436027361, -1.2736674387906963, 1.6775490738527914, 1.3833624954912762, 1.75612045419616, -1.5938500860615799, 5.21188241803365, 4.92670896417638, 7.538290880556606, 4.902583117535889, 1.040975379689973, 4.619313675696432, -4.5957024146753875, 5.198519252341812, 4.519897412366869, -4.5145394465788025, -2.6306806111221763, 1.6478781917295338, -5.295317289531199], Energy: -41.50380962085541
Eval count: 1287, Parameters: [1.764455769383186, 1.5403121755745408, -5.59561462453352, -1.6539585038151834, -1.949890290917987, -1.1363047941660127, 4.788031877611766, -1.2717305100569203, 1.6749314485445554, 1.3838348263971354, 1.755409133804145, -1.5913849702480647, 5.211778877595672, 4.926979135572695, 7.53612305822236, 4.9030050999634325, 1.0420361635669084, 4.621333142894356, -4.591082901208276, 5.202695382128113, 4.521013439597893, -4.522121366563042, -2.6338859398783008, 1.6484711704959443, -5.287176053880379], Energy: -41.503825982873025
Eval count: 1288, Parameters: [1.765168147990755, 1.539615425549633, -5.595031092939593, -1.6545004927113371, -1.9499757153907324, -1.13660038399275, 4.787614250226931, -1.2726318661961442, 1.6761495690673311, 1.3836150256608888, 1.7557401490816396, -1.592532119977254, 5.211827060478089, 4.92685341042728, 7.537131861455874, 4.9028087290567095, 1.0415425243104957, 4.620393377210122, -4.5932326069518075, 5.2007520064347075, 4.520494092665461, -4.518593095230324, -2.6323943296284327, 1.6481952258820753, -5.290964611527352], Energy: -41.50387705862323
Eval count: 1289, Parameters: [1.7651681628919162, 1.539615425549633, -5.595031092939593, -1.6545004927113371, -1.9499757153907324, -1.13660038399275, 4.787614250226931, -1.2726318661961442, 1.6761495690673311, 1.3836150256608888, 1.7557401490816396, -1.592532119977254, 5.211827060478089, 4.92685341042728, 7.537131861455874, 4.9028087290567095, 1.0415425243104957, 4.620393377210122, -4.5932326069518075, 5.2007520064347075, 4.520494092665461, -4.518593095230324, -2.6323943296284327, 1.6481952258820753, -5.290964611527352], Energy: -41.50387705860146
Eval count: 1290, Parameters: [1.765168147990755, 1.5396154404507942, -5.595031092939593, -1.6545004927113371, -1.9499757153907324, -1.13660038399275, 4.787614250226931, -1.2726318661961442, 1.6761495690673311, 1.3836150256608888, 1.7557401490816396, -1.592532119977254, 5.211827060478089, 4.92685341042728, 7.537131861455874, 4.9028087290567095, 1.0415425243104957, 4.620393377210122, -4.5932326069518075, 5.2007520064347075, 4.520494092665461, -4.518593095230324, -2.6323943296284327, 1.6481952258820753, -5.290964611527352], Energy: -41.503877058703495
Eval count: 1291, Parameters: [1.765168147990755, 1.539615425549633, -5.595031078038432, -1.6545004927113371, -1.9499757153907324, -1.13660038399275, 4.787614250226931, -1.2726318661961442, 1.6761495690673311, 1.3836150256608888, 1.7557401490816396, -1.592532119977254, 5.211827060478089, 4.92685341042728, 7.537131861455874, 4.9028087290567095, 1.0415425243104957, 4.620393377210122, -4.5932326069518075, 5.2007520064347075, 4.520494092665461, -4.518593095230324, -2.6323943296284327, 1.6481952258820753, -5.290964611527352], Energy: -41.503877058468674
Eval count: 1292, Parameters: [1.765168147990755, 1.539615425549633, -5.595031092939593, -1.654500477810176, -1.9499757153907324, -1.13660038399275, 4.787614250226931, -1.2726318661961442, 1.6761495690673311, 1.3836150256608888, 1.7557401490816396, -1.592532119977254, 5.211827060478089, 4.92685341042728, 7.537131861455874, 4.9028087290567095, 1.0415425243104957, 4.620393377210122, -4.5932326069518075, 5.2007520064347075, 4.520494092665461, -4.518593095230324, -2.6323943296284327, 1.6481952258820753, -5.290964611527352], Energy: -41.5038770585648
Eval count: 1293, Parameters: [1.765168147990755, 1.539615425549633, -5.595031092939593, -1.6545004927113371, -1.9499757004895713, -1.13660038399275, 4.787614250226931, -1.2726318661961442, 1.6761495690673311, 1.3836150256608888, 1.7557401490816396, -1.592532119977254, 5.211827060478089, 4.92685341042728, 7.537131861455874, 4.9028087290567095, 1.0415425243104957, 4.620393377210122, -4.5932326069518075, 5.2007520064347075, 4.520494092665461, -4.518593095230324, -2.6323943296284327, 1.6481952258820753, -5.290964611527352], Energy: -41.50387705860163
Eval count: 1294, Parameters: [1.765168147990755, 1.539615425549633, -5.595031092939593, -1.6545004927113371, -1.9499757153907324, -1.136600369091589, 4.787614250226931, -1.2726318661961442, 1.6761495690673311, 1.3836150256608888, 1.7557401490816396, -1.592532119977254, 5.211827060478089, 4.92685341042728, 7.537131861455874, 4.9028087290567095, 1.0415425243104957, 4.620393377210122, -4.5932326069518075, 5.2007520064347075, 4.520494092665461, -4.518593095230324, -2.6323943296284327, 1.6481952258820753, -5.290964611527352], Energy: -41.50387705867075
Eval count: 1295, Parameters: [1.765168147990755, 1.539615425549633, -5.595031092939593, -1.6545004927113371, -1.9499757153907324, -1.13660038399275, 4.787614265128092, -1.2726318661961442, 1.6761495690673311, 1.3836150256608888, 1.7557401490816396, -1.592532119977254, 5.211827060478089, 4.92685341042728, 7.537131861455874, 4.9028087290567095, 1.0415425243104957, 4.620393377210122, -4.5932326069518075, 5.2007520064347075, 4.520494092665461, -4.518593095230324, -2.6323943296284327, 1.6481952258820753, -5.290964611527352], Energy: -41.5038770585644
Eval count: 1296, Parameters: [1.765168147990755, 1.539615425549633, -5.595031092939593, -1.6545004927113371, -1.9499757153907324, -1.13660038399275, 4.787614250226931, -1.272631851294983, 1.6761495690673311, 1.3836150256608888, 1.7557401490816396, -1.592532119977254, 5.211827060478089, 4.92685341042728, 7.537131861455874, 4.9028087290567095, 1.0415425243104957, 4.620393377210122, -4.5932326069518075, 5.2007520064347075, 4.520494092665461, -4.518593095230324, -2.6323943296284327, 1.6481952258820753, -5.290964611527352], Energy: -41.50387705863943
Eval count: 1297, Parameters: [1.765168147990755, 1.539615425549633, -5.595031092939593, -1.6545004927113371, -1.9499757153907324, -1.13660038399275, 4.787614250226931, -1.2726318661961442, 1.6761495839684923, 1.3836150256608888, 1.7557401490816396, -1.592532119977254, 5.211827060478089, 4.92685341042728, 7.537131861455874, 4.9028087290567095, 1.0415425243104957, 4.620393377210122, -4.5932326069518075, 5.2007520064347075, 4.520494092665461, -4.518593095230324, -2.6323943296284327, 1.6481952258820753, -5.290964611527352], Energy: -41.50387705860072
Eval count: 1298, Parameters: [1.765168147990755, 1.539615425549633, -5.595031092939593, -1.6545004927113371, -1.9499757153907324, -1.13660038399275, 4.787614250226931, -1.2726318661961442, 1.6761495690673311, 1.38361504056205, 1.7557401490816396, -1.592532119977254, 5.211827060478089, 4.92685341042728, 7.537131861455874, 4.9028087290567095, 1.0415425243104957, 4.620393377210122, -4.5932326069518075, 5.2007520064347075, 4.520494092665461, -4.518593095230324, -2.6323943296284327, 1.6481952258820753, -5.290964611527352], Energy: -41.50387705864199
Eval count: 1299, Parameters: [1.765168147990755, 1.539615425549633, -5.595031092939593, -1.6545004927113371, -1.9499757153907324, -1.13660038399275, 4.787614250226931, -1.2726318661961442, 1.6761495690673311, 1.3836150256608888, 1.7557401639828008, -1.592532119977254, 5.211827060478089, 4.92685341042728, 7.537131861455874, 4.9028087290567095, 1.0415425243104957, 4.620393377210122, -4.5932326069518075, 5.2007520064347075, 4.520494092665461, -4.518593095230324, -2.6323943296284327, 1.6481952258820753, -5.290964611527352], Energy: -41.50387705858526
Eval count: 1300, Parameters: [1.765168147990755, 1.539615425549633, -5.595031092939593, -1.6545004927113371, -1.9499757153907324, -1.13660038399275, 4.787614250226931, -1.2726318661961442, 1.6761495690673311, 1.3836150256608888, 1.7557401490816396, -1.5925321050760928, 5.211827060478089, 4.92685341042728, 7.537131861455874, 4.9028087290567095, 1.0415425243104957, 4.620393377210122, -4.5932326069518075, 5.2007520064347075, 4.520494092665461, -4.518593095230324, -2.6323943296284327, 1.6481952258820753, -5.290964611527352], Energy: -41.5038770586101
Eval count: 1301, Parameters: [1.765168147990755, 1.539615425549633, -5.595031092939593, -1.6545004927113371, -1.9499757153907324, -1.13660038399275, 4.787614250226931, -1.2726318661961442, 1.6761495690673311, 1.3836150256608888, 1.7557401490816396, -1.592532119977254, 5.21182707537925, 4.92685341042728, 7.537131861455874, 4.9028087290567095, 1.0415425243104957, 4.620393377210122, -4.5932326069518075, 5.2007520064347075, 4.520494092665461, -4.518593095230324, -2.6323943296284327, 1.6481952258820753, -5.290964611527352], Energy: -41.50387705873919
Eval count: 1302, Parameters: [1.765168147990755, 1.539615425549633, -5.595031092939593, -1.6545004927113371, -1.9499757153907324, -1.13660038399275, 4.787614250226931, -1.2726318661961442, 1.6761495690673311, 1.3836150256608888, 1.7557401490816396, -1.592532119977254, 5.211827060478089, 4.926853425328441, 7.537131861455874, 4.9028087290567095, 1.0415425243104957, 4.620393377210122, -4.5932326069518075, 5.2007520064347075, 4.520494092665461, -4.518593095230324, -2.6323943296284327, 1.6481952258820753, -5.290964611527352], Energy: -41.5038770586259
Eval count: 1303, Parameters: [1.765168147990755, 1.539615425549633, -5.595031092939593, -1.6545004927113371, -1.9499757153907324, -1.13660038399275, 4.787614250226931, -1.2726318661961442, 1.6761495690673311, 1.3836150256608888, 1.7557401490816396, -1.592532119977254, 5.211827060478089, 4.92685341042728, 7.537131876357035, 4.9028087290567095, 1.0415425243104957, 4.620393377210122, -4.5932326069518075, 5.2007520064347075, 4.520494092665461, -4.518593095230324, -2.6323943296284327, 1.6481952258820753, -5.290964611527352], Energy: -41.50387705867206
Eval count: 1304, Parameters: [1.765168147990755, 1.539615425549633, -5.595031092939593, -1.6545004927113371, -1.9499757153907324, -1.13660038399275, 4.787614250226931, -1.2726318661961442, 1.6761495690673311, 1.3836150256608888, 1.7557401490816396, -1.592532119977254, 5.211827060478089, 4.92685341042728, 7.537131861455874, 4.902808743957871, 1.0415425243104957, 4.620393377210122, -4.5932326069518075, 5.2007520064347075, 4.520494092665461, -4.518593095230324, -2.6323943296284327, 1.6481952258820753, -5.290964611527352], Energy: -41.50387705859998
Eval count: 1305, Parameters: [1.765168147990755, 1.539615425549633, -5.595031092939593, -1.6545004927113371, -1.9499757153907324, -1.13660038399275, 4.787614250226931, -1.2726318661961442, 1.6761495690673311, 1.3836150256608888, 1.7557401490816396, -1.592532119977254, 5.211827060478089, 4.92685341042728, 7.537131861455874, 4.9028087290567095, 1.0415425392116568, 4.620393377210122, -4.5932326069518075, 5.2007520064347075, 4.520494092665461, -4.518593095230324, -2.6323943296284327, 1.6481952258820753, -5.290964611527352], Energy: -41.50387705863949
Eval count: 1306, Parameters: [1.765168147990755, 1.539615425549633, -5.595031092939593, -1.6545004927113371, -1.9499757153907324, -1.13660038399275, 4.787614250226931, -1.2726318661961442, 1.6761495690673311, 1.3836150256608888, 1.7557401490816396, -1.592532119977254, 5.211827060478089, 4.92685341042728, 7.537131861455874, 4.9028087290567095, 1.0415425243104957, 4.620393392111283, -4.5932326069518075, 5.2007520064347075, 4.520494092665461, -4.518593095230324, -2.6323943296284327, 1.6481952258820753, -5.290964611527352], Energy: -41.503877058625676
Eval count: 1307, Parameters: [1.765168147990755, 1.539615425549633, -5.595031092939593, -1.6545004927113371, -1.9499757153907324, -1.13660038399275, 4.787614250226931, -1.2726318661961442, 1.6761495690673311, 1.3836150256608888, 1.7557401490816396, -1.592532119977254, 5.211827060478089, 4.92685341042728, 7.537131861455874, 4.9028087290567095, 1.0415425243104957, 4.620393377210122, -4.593232592050646, 5.2007520064347075, 4.520494092665461, -4.518593095230324, -2.6323943296284327, 1.6481952258820753, -5.290964611527352], Energy: -41.503877058637556
Eval count: 1308, Parameters: [1.765168147990755, 1.539615425549633, -5.595031092939593, -1.6545004927113371, -1.9499757153907324, -1.13660038399275, 4.787614250226931, -1.2726318661961442, 1.6761495690673311, 1.3836150256608888, 1.7557401490816396, -1.592532119977254, 5.211827060478089, 4.92685341042728, 7.537131861455874, 4.9028087290567095, 1.0415425243104957, 4.620393377210122, -4.5932326069518075, 5.200752021335869, 4.520494092665461, -4.518593095230324, -2.6323943296284327, 1.6481952258820753, -5.290964611527352], Energy: -41.50387705859646
Eval count: 1309, Parameters: [1.765168147990755, 1.539615425549633, -5.595031092939593, -1.6545004927113371, -1.9499757153907324, -1.13660038399275, 4.787614250226931, -1.2726318661961442, 1.6761495690673311, 1.3836150256608888, 1.7557401490816396, -1.592532119977254, 5.211827060478089, 4.92685341042728, 7.537131861455874, 4.9028087290567095, 1.0415425243104957, 4.620393377210122, -4.5932326069518075, 5.2007520064347075, 4.5204941075666225, -4.518593095230324, -2.6323943296284327, 1.6481952258820753, -5.290964611527352], Energy: -41.503877058674504
Eval count: 1310, Parameters: [1.765168147990755, 1.539615425549633, -5.595031092939593, -1.6545004927113371, -1.9499757153907324, -1.13660038399275, 4.787614250226931, -1.2726318661961442, 1.6761495690673311, 1.3836150256608888, 1.7557401490816396, -1.592532119977254, 5.211827060478089, 4.92685341042728, 7.537131861455874, 4.9028087290567095, 1.0415425243104957, 4.620393377210122, -4.5932326069518075, 5.2007520064347075, 4.520494092665461, -4.518593080329163, -2.6323943296284327, 1.6481952258820753, -5.290964611527352], Energy: -41.50387705866308
Eval count: 1311, Parameters: [1.765168147990755, 1.539615425549633, -5.595031092939593, -1.6545004927113371, -1.9499757153907324, -1.13660038399275, 4.787614250226931, -1.2726318661961442, 1.6761495690673311, 1.3836150256608888, 1.7557401490816396, -1.592532119977254, 5.211827060478089, 4.92685341042728, 7.537131861455874, 4.9028087290567095, 1.0415425243104957, 4.620393377210122, -4.5932326069518075, 5.2007520064347075, 4.520494092665461, -4.518593095230324, -2.6323943147272715, 1.6481952258820753, -5.290964611527352], Energy: -41.503877058650744
Eval count: 1312, Parameters: [1.765168147990755, 1.539615425549633, -5.595031092939593, -1.6545004927113371, -1.9499757153907324, -1.13660038399275, 4.787614250226931, -1.2726318661961442, 1.6761495690673311, 1.3836150256608888, 1.7557401490816396, -1.592532119977254, 5.211827060478089, 4.92685341042728, 7.537131861455874, 4.9028087290567095, 1.0415425243104957, 4.620393377210122, -4.5932326069518075, 5.2007520064347075, 4.520494092665461, -4.518593095230324, -2.6323943296284327, 1.6481952407832365, -5.290964611527352], Energy: -41.5038770586155
Eval count: 1313, Parameters: [1.765168147990755, 1.539615425549633, -5.595031092939593, -1.6545004927113371, -1.9499757153907324, -1.13660038399275, 4.787614250226931, -1.2726318661961442, 1.6761495690673311, 1.3836150256608888, 1.7557401490816396, -1.592532119977254, 5.211827060478089, 4.92685341042728, 7.537131861455874, 4.9028087290567095, 1.0415425243104957, 4.620393377210122, -4.5932326069518075, 5.2007520064347075, 4.520494092665461, -4.518593095230324, -2.6323943296284327, 1.6481952258820753, -5.290964596626191], Energy: -41.503877058641024
Eval count: 1314, Parameters: [1.7648214905108413, 1.540253593885091, -5.595698482657192, -1.6548864009603028, -1.9500524590630675, -1.1358822268297748, 4.787330072533474, -1.2721696976675092, 1.6752980909283741, 1.3839236161994468, 1.7551312741925993, -1.5924143277782659, 5.213439026525967, 4.927425305469742, 7.538442649840395, 4.9024234187684375, 1.0424382798006409, 4.621131084459474, -4.592184544488758, 5.19994472578739, 4.523904134771353, -4.518565107867335, -2.6308678776293615, 1.6484134547009082, -5.2889007025121115], Energy: -41.50387151090092
Eval count: 1315, Parameters: [1.7650100454833806, 1.5399064794567578, -5.59533547404735, -1.654676496592151, -1.9500107164154452, -1.1362728490202358, 4.787484643313829, -1.2724210817549, 1.6757612294625512, 1.3837557667114215, 1.7554624552420068, -1.5924783976631882, 5.212562241135479, 4.9271142386090085, 7.537729681904698, 4.902632997892021, 1.0419510577972726, 4.620729828527601, -4.592754609756032, 5.20038382428982, 4.5220493344774315, -4.518580330837459, -2.6316981499628445, 1.6482947550295424, -5.290023310072142], Energy: -41.50389017510713
Eval count: 1316, Parameters: [1.7650100603845418, 1.5399064794567578, -5.59533547404735, -1.654676496592151, -1.9500107164154452, -1.1362728490202358, 4.787484643313829, -1.2724210817549, 1.6757612294625512, 1.3837557667114215, 1.7554624552420068, -1.5924783976631882, 5.212562241135479, 4.9271142386090085, 7.537729681904698, 4.902632997892021, 1.0419510577972726, 4.620729828527601, -4.592754609756032, 5.20038382428982, 4.5220493344774315, -4.518580330837459, -2.6316981499628445, 1.6482947550295424, -5.290023310072142], Energy: -41.50389017510764
Eval count: 1317, Parameters: [1.7650100454833806, 1.539906494357919, -5.59533547404735, -1.654676496592151, -1.9500107164154452, -1.1362728490202358, 4.787484643313829, -1.2724210817549, 1.6757612294625512, 1.3837557667114215, 1.7554624552420068, -1.5924783976631882, 5.212562241135479, 4.9271142386090085, 7.537729681904698, 4.902632997892021, 1.0419510577972726, 4.620729828527601, -4.592754609756032, 5.20038382428982, 4.5220493344774315, -4.518580330837459, -2.6316981499628445, 1.6482947550295424, -5.290023310072142], Energy: -41.50389017509423
Eval count: 1318, Parameters: [1.7650100454833806, 1.5399064794567578, -5.595335459146189, -1.654676496592151, -1.9500107164154452, -1.1362728490202358, 4.787484643313829, -1.2724210817549, 1.6757612294625512, 1.3837557667114215, 1.7554624552420068, -1.5924783976631882, 5.212562241135479, 4.9271142386090085, 7.537729681904698, 4.902632997892021, 1.0419510577972726, 4.620729828527601, -4.592754609756032, 5.20038382428982, 4.5220493344774315, -4.518580330837459, -2.6316981499628445, 1.6482947550295424, -5.290023310072142], Energy: -41.50389017505637
Eval count: 1319, Parameters: [1.7650100454833806, 1.5399064794567578, -5.59533547404735, -1.6546764816909898, -1.9500107164154452, -1.1362728490202358, 4.787484643313829, -1.2724210817549, 1.6757612294625512, 1.3837557667114215, 1.7554624552420068, -1.5924783976631882, 5.212562241135479, 4.9271142386090085, 7.537729681904698, 4.902632997892021, 1.0419510577972726, 4.620729828527601, -4.592754609756032, 5.20038382428982, 4.5220493344774315, -4.518580330837459, -2.6316981499628445, 1.6482947550295424, -5.290023310072142], Energy: -41.50389017507706
Eval count: 1320, Parameters: [1.7650100454833806, 1.5399064794567578, -5.59533547404735, -1.654676496592151, -1.950010701514284, -1.1362728490202358, 4.787484643313829, -1.2724210817549, 1.6757612294625512, 1.3837557667114215, 1.7554624552420068, -1.5924783976631882, 5.212562241135479, 4.9271142386090085, 7.537729681904698, 4.902632997892021, 1.0419510577972726, 4.620729828527601, -4.592754609756032, 5.20038382428982, 4.5220493344774315, -4.518580330837459, -2.6316981499628445, 1.6482947550295424, -5.290023310072142], Energy: -41.50389017510355
Eval count: 1321, Parameters: [1.7650100454833806, 1.5399064794567578, -5.59533547404735, -1.654676496592151, -1.9500107164154452, -1.1362728341190746, 4.787484643313829, -1.2724210817549, 1.6757612294625512, 1.3837557667114215, 1.7554624552420068, -1.5924783976631882, 5.212562241135479, 4.9271142386090085, 7.537729681904698, 4.902632997892021, 1.0419510577972726, 4.620729828527601, -4.592754609756032, 5.20038382428982, 4.5220493344774315, -4.518580330837459, -2.6316981499628445, 1.6482947550295424, -5.290023310072142], Energy: -41.503890175113895
Eval count: 1322, Parameters: [1.7650100454833806, 1.5399064794567578, -5.59533547404735, -1.654676496592151, -1.9500107164154452, -1.1362728490202358, 4.78748465821499, -1.2724210817549, 1.6757612294625512, 1.3837557667114215, 1.7554624552420068, -1.5924783976631882, 5.212562241135479, 4.9271142386090085, 7.537729681904698, 4.902632997892021, 1.0419510577972726, 4.620729828527601, -4.592754609756032, 5.20038382428982, 4.5220493344774315, -4.518580330837459, -2.6316981499628445, 1.6482947550295424, -5.290023310072142], Energy: -41.50389017511219
Eval count: 1323, Parameters: [1.7650100454833806, 1.5399064794567578, -5.59533547404735, -1.654676496592151, -1.9500107164154452, -1.1362728490202358, 4.787484643313829, -1.2724210668537388, 1.6757612294625512, 1.3837557667114215, 1.7554624552420068, -1.5924783976631882, 5.212562241135479, 4.9271142386090085, 7.537729681904698, 4.902632997892021, 1.0419510577972726, 4.620729828527601, -4.592754609756032, 5.20038382428982, 4.5220493344774315, -4.518580330837459, -2.6316981499628445, 1.6482947550295424, -5.290023310072142], Energy: -41.50389017510935
Eval count: 1324, Parameters: [1.7650100454833806, 1.5399064794567578, -5.59533547404735, -1.654676496592151, -1.9500107164154452, -1.1362728490202358, 4.787484643313829, -1.2724210817549, 1.6757612443637124, 1.3837557667114215, 1.7554624552420068, -1.5924783976631882, 5.212562241135479, 4.9271142386090085, 7.537729681904698, 4.902632997892021, 1.0419510577972726, 4.620729828527601, -4.592754609756032, 5.20038382428982, 4.5220493344774315, -4.518580330837459, -2.6316981499628445, 1.6482947550295424, -5.290023310072142], Energy: -41.503890175121796
Eval count: 1325, Parameters: [1.7650100454833806, 1.5399064794567578, -5.59533547404735, -1.654676496592151, -1.9500107164154452, -1.1362728490202358, 4.787484643313829, -1.2724210817549, 1.6757612294625512, 1.3837557816125827, 1.7554624552420068, -1.5924783976631882, 5.212562241135479, 4.9271142386090085, 7.537729681904698, 4.902632997892021, 1.0419510577972726, 4.620729828527601, -4.592754609756032, 5.20038382428982, 4.5220493344774315, -4.518580330837459, -2.6316981499628445, 1.6482947550295424, -5.290023310072142], Energy: -41.503890175092636
Eval count: 1326, Parameters: [1.7650100454833806, 1.5399064794567578, -5.59533547404735, -1.654676496592151, -1.9500107164154452, -1.1362728490202358, 4.787484643313829, -1.2724210817549, 1.6757612294625512, 1.3837557667114215, 1.755462470143168, -1.5924783976631882, 5.212562241135479, 4.9271142386090085, 7.537729681904698, 4.902632997892021, 1.0419510577972726, 4.620729828527601, -4.592754609756032, 5.20038382428982, 4.5220493344774315, -4.518580330837459, -2.6316981499628445, 1.6482947550295424, -5.290023310072142], Energy: -41.50389017511458
Eval count: 1327, Parameters: [1.7650100454833806, 1.5399064794567578, -5.59533547404735, -1.654676496592151, -1.9500107164154452, -1.1362728490202358, 4.787484643313829, -1.2724210817549, 1.6757612294625512, 1.3837557667114215, 1.7554624552420068, -1.592478382762027, 5.212562241135479, 4.9271142386090085, 7.537729681904698, 4.902632997892021, 1.0419510577972726, 4.620729828527601, -4.592754609756032, 5.20038382428982, 4.5220493344774315, -4.518580330837459, -2.6316981499628445, 1.6482947550295424, -5.290023310072142], Energy: -41.50389017508991
Eval count: 1328, Parameters: [1.7650100454833806, 1.5399064794567578, -5.59533547404735, -1.654676496592151, -1.9500107164154452, -1.1362728490202358, 4.787484643313829, -1.2724210817549, 1.6757612294625512, 1.3837557667114215, 1.7554624552420068, -1.5924783976631882, 5.21256225603664, 4.9271142386090085, 7.537729681904698, 4.902632997892021, 1.0419510577972726, 4.620729828527601, -4.592754609756032, 5.20038382428982, 4.5220493344774315, -4.518580330837459, -2.6316981499628445, 1.6482947550295424, -5.290023310072142], Energy: -41.50389017515448
Eval count: 1329, Parameters: [1.7650100454833806, 1.5399064794567578, -5.59533547404735, -1.654676496592151, -1.9500107164154452, -1.1362728490202358, 4.787484643313829, -1.2724210817549, 1.6757612294625512, 1.3837557667114215, 1.7554624552420068, -1.5924783976631882, 5.212562241135479, 4.92711425351017, 7.537729681904698, 4.902632997892021, 1.0419510577972726, 4.620729828527601, -4.592754609756032, 5.20038382428982, 4.5220493344774315, -4.518580330837459, -2.6316981499628445, 1.6482947550295424, -5.290023310072142], Energy: -41.50389017509701
Eval count: 1330, Parameters: [1.7650100454833806, 1.5399064794567578, -5.59533547404735, -1.654676496592151, -1.9500107164154452, -1.1362728490202358, 4.787484643313829, -1.2724210817549, 1.6757612294625512, 1.3837557667114215, 1.7554624552420068, -1.5924783976631882, 5.212562241135479, 4.9271142386090085, 7.537729696805859, 4.902632997892021, 1.0419510577972726, 4.620729828527601, -4.592754609756032, 5.20038382428982, 4.5220493344774315, -4.518580330837459, -2.6316981499628445, 1.6482947550295424, -5.290023310072142], Energy: -41.5038901750936
Eval count: 1331, Parameters: [1.7650100454833806, 1.5399064794567578, -5.59533547404735, -1.654676496592151, -1.9500107164154452, -1.1362728490202358, 4.787484643313829, -1.2724210817549, 1.6757612294625512, 1.3837557667114215, 1.7554624552420068, -1.5924783976631882, 5.212562241135479, 4.9271142386090085, 7.537729681904698, 4.902633012793182, 1.0419510577972726, 4.620729828527601, -4.592754609756032, 5.20038382428982, 4.5220493344774315, -4.518580330837459, -2.6316981499628445, 1.6482947550295424, -5.290023310072142], Energy: -41.50389017511486
Eval count: 1332, Parameters: [1.7650100454833806, 1.5399064794567578, -5.59533547404735, -1.654676496592151, -1.9500107164154452, -1.1362728490202358, 4.787484643313829, -1.2724210817549, 1.6757612294625512, 1.3837557667114215, 1.7554624552420068, -1.5924783976631882, 5.212562241135479, 4.9271142386090085, 7.537729681904698, 4.902632997892021, 1.0419510726984338, 4.620729828527601, -4.592754609756032, 5.20038382428982, 4.5220493344774315, -4.518580330837459, -2.6316981499628445, 1.6482947550295424, -5.290023310072142], Energy: -41.50389017511537
Eval count: 1333, Parameters: [1.7650100454833806, 1.5399064794567578, -5.59533547404735, -1.654676496592151, -1.9500107164154452, -1.1362728490202358, 4.787484643313829, -1.2724210817549, 1.6757612294625512, 1.3837557667114215, 1.7554624552420068, -1.5924783976631882, 5.212562241135479, 4.9271142386090085, 7.537729681904698, 4.902632997892021, 1.0419510577972726, 4.620729843428762, -4.592754609756032, 5.20038382428982, 4.5220493344774315, -4.518580330837459, -2.6316981499628445, 1.6482947550295424, -5.290023310072142], Energy: -41.50389017509656
Eval count: 1334, Parameters: [1.7650100454833806, 1.5399064794567578, -5.59533547404735, -1.654676496592151, -1.9500107164154452, -1.1362728490202358, 4.787484643313829, -1.2724210817549, 1.6757612294625512, 1.3837557667114215, 1.7554624552420068, -1.5924783976631882, 5.212562241135479, 4.9271142386090085, 7.537729681904698, 4.902632997892021, 1.0419510577972726, 4.620729828527601, -4.5927545948548705, 5.20038382428982, 4.5220493344774315, -4.518580330837459, -2.6316981499628445, 1.6482947550295424, -5.290023310072142], Energy: -41.503890175101276
Eval count: 1335, Parameters: [1.7650100454833806, 1.5399064794567578, -5.59533547404735, -1.654676496592151, -1.9500107164154452, -1.1362728490202358, 4.787484643313829, -1.2724210817549, 1.6757612294625512, 1.3837557667114215, 1.7554624552420068, -1.5924783976631882, 5.212562241135479, 4.9271142386090085, 7.537729681904698, 4.902632997892021, 1.0419510577972726, 4.620729828527601, -4.592754609756032, 5.200383839190981, 4.5220493344774315, -4.518580330837459, -2.6316981499628445, 1.6482947550295424, -5.290023310072142], Energy: -41.50389017512356
Eval count: 1336, Parameters: [1.7650100454833806, 1.5399064794567578, -5.59533547404735, -1.654676496592151, -1.9500107164154452, -1.1362728490202358, 4.787484643313829, -1.2724210817549, 1.6757612294625512, 1.3837557667114215, 1.7554624552420068, -1.5924783976631882, 5.212562241135479, 4.9271142386090085, 7.537729681904698, 4.902632997892021, 1.0419510577972726, 4.620729828527601, -4.592754609756032, 5.20038382428982, 4.522049349378593, -4.518580330837459, -2.6316981499628445, 1.6482947550295424, -5.290023310072142], Energy: -41.503890175092124
Eval count: 1337, Parameters: [1.7650100454833806, 1.5399064794567578, -5.59533547404735, -1.654676496592151, -1.9500107164154452, -1.1362728490202358, 4.787484643313829, -1.2724210817549, 1.6757612294625512, 1.3837557667114215, 1.7554624552420068, -1.5924783976631882, 5.212562241135479, 4.9271142386090085, 7.537729681904698, 4.902632997892021, 1.0419510577972726, 4.620729828527601, -4.592754609756032, 5.20038382428982, 4.5220493344774315, -4.518580315936298, -2.6316981499628445, 1.6482947550295424, -5.290023310072142], Energy: -41.503890175116965
Eval count: 1338, Parameters: [1.7650100454833806, 1.5399064794567578, -5.59533547404735, -1.654676496592151, -1.9500107164154452, -1.1362728490202358, 4.787484643313829, -1.2724210817549, 1.6757612294625512, 1.3837557667114215, 1.7554624552420068, -1.5924783976631882, 5.212562241135479, 4.9271142386090085, 7.537729681904698, 4.902632997892021, 1.0419510577972726, 4.620729828527601, -4.592754609756032, 5.20038382428982, 4.5220493344774315, -4.518580330837459, -2.6316981350616833, 1.6482947550295424, -5.290023310072142], Energy: -41.503890175095876
Eval count: 1339, Parameters: [1.7650100454833806, 1.5399064794567578, -5.59533547404735, -1.654676496592151, -1.9500107164154452, -1.1362728490202358, 4.787484643313829, -1.2724210817549, 1.6757612294625512, 1.3837557667114215, 1.7554624552420068, -1.5924783976631882, 5.212562241135479, 4.9271142386090085, 7.537729681904698, 4.902632997892021, 1.0419510577972726, 4.620729828527601, -4.592754609756032, 5.20038382428982, 4.5220493344774315, -4.518580330837459, -2.6316981499628445, 1.6482947699307036, -5.290023310072142], Energy: -41.50389017509667
Eval count: 1340, Parameters: [1.7650100454833806, 1.5399064794567578, -5.59533547404735, -1.654676496592151, -1.9500107164154452, -1.1362728490202358, 4.787484643313829, -1.2724210817549, 1.6757612294625512, 1.3837557667114215, 1.7554624552420068, -1.5924783976631882, 5.212562241135479, 4.9271142386090085, 7.537729681904698, 4.902632997892021, 1.0419510577972726, 4.620729828527601, -4.592754609756032, 5.20038382428982, 4.5220493344774315, -4.518580330837459, -2.6316981499628445, 1.6482947550295424, -5.290023295170981], Energy: -41.503890175116226
Eval count: 1341, Parameters: [1.76496575849724, 1.5399310975952856, -5.595543712164286, -1.6551071331173097, -1.9501086301127917, -1.1361440093371957, 4.7874783381296755, -1.2723988114716192, 1.6762348633604345, 1.383798988359593, 1.7555833881873806, -1.5927333904397967, 5.213668892660762, 4.926852656873315, 7.537220940573148, 4.902707662961655, 1.042751024311854, 4.6201739900627965, -4.593036283064079, 5.200619003171387, 4.521488181432846, -4.5180311310626635, -2.6324185743152877, 1.6479447964673581, -5.289554884273486], Energy: -41.503889127292894
Eval count: 1342, Parameters: [1.7649900363816113, 1.5399176020659506, -5.5954295571637935, -1.6548710605218366, -1.9500549543576837, -1.1362146385490677, 4.787481794597256, -1.2724110199195071, 1.6759752198396343, 1.3837752944876887, 1.7555170934059938, -1.5925936047897553, 5.213062232327522, 4.926996054554807, 7.537499829797695, 4.902666731977519, 1.0423124870295852, 4.620478697679044, -4.592881871292152, 5.200490079390592, 4.521795802472757, -4.518332199385239, -2.632023641612678, 1.6481366418433454, -5.289811672742682], Energy: -41.50389238796555
Eval count: 1343, Parameters: [1.7649900512827725, 1.5399176020659506, -5.5954295571637935, -1.6548710605218366, -1.9500549543576837, -1.1362146385490677, 4.787481794597256, -1.2724110199195071, 1.6759752198396343, 1.3837752944876887, 1.7555170934059938, -1.5925936047897553, 5.213062232327522, 4.926996054554807, 7.537499829797695, 4.902666731977519, 1.0423124870295852, 4.620478697679044, -4.592881871292152, 5.200490079390592, 4.521795802472757, -4.518332199385239, -2.632023641612678, 1.6481366418433454, -5.289811672742682], Energy: -41.50389238796845
Eval count: 1344, Parameters: [1.7649900363816113, 1.5399176169671118, -5.5954295571637935, -1.6548710605218366, -1.9500549543576837, -1.1362146385490677, 4.787481794597256, -1.2724110199195071, 1.6759752198396343, 1.3837752944876887, 1.7555170934059938, -1.5925936047897553, 5.213062232327522, 4.926996054554807, 7.537499829797695, 4.902666731977519, 1.0423124870295852, 4.620478697679044, -4.592881871292152, 5.200490079390592, 4.521795802472757, -4.518332199385239, -2.632023641612678, 1.6481366418433454, -5.289811672742682], Energy: -41.50389238794213
Eval count: 1345, Parameters: [1.7649900363816113, 1.5399176020659506, -5.595429542262632, -1.6548710605218366, -1.9500549543576837, -1.1362146385490677, 4.787481794597256, -1.2724110199195071, 1.6759752198396343, 1.3837752944876887, 1.7555170934059938, -1.5925936047897553, 5.213062232327522, 4.926996054554807, 7.537499829797695, 4.902666731977519, 1.0423124870295852, 4.620478697679044, -4.592881871292152, 5.200490079390592, 4.521795802472757, -4.518332199385239, -2.632023641612678, 1.6481366418433454, -5.289811672742682], Energy: -41.5038923879535
Eval count: 1346, Parameters: [1.7649900363816113, 1.5399176020659506, -5.5954295571637935, -1.6548710456206754, -1.9500549543576837, -1.1362146385490677, 4.787481794597256, -1.2724110199195071, 1.6759752198396343, 1.3837752944876887, 1.7555170934059938, -1.5925936047897553, 5.213062232327522, 4.926996054554807, 7.537499829797695, 4.902666731977519, 1.0423124870295852, 4.620478697679044, -4.592881871292152, 5.200490079390592, 4.521795802472757, -4.518332199385239, -2.632023641612678, 1.6481366418433454, -5.289811672742682], Energy: -41.5038923879593
Eval count: 1347, Parameters: [1.7649900363816113, 1.5399176020659506, -5.5954295571637935, -1.6548710605218366, -1.9500549394565225, -1.1362146385490677, 4.787481794597256, -1.2724110199195071, 1.6759752198396343, 1.3837752944876887, 1.7555170934059938, -1.5925936047897553, 5.213062232327522, 4.926996054554807, 7.537499829797695, 4.902666731977519, 1.0423124870295852, 4.620478697679044, -4.592881871292152, 5.200490079390592, 4.521795802472757, -4.518332199385239, -2.632023641612678, 1.6481366418433454, -5.289811672742682], Energy: -41.503892387964584
Eval count: 1348, Parameters: [1.7649900363816113, 1.5399176020659506, -5.5954295571637935, -1.6548710605218366, -1.9500549543576837, -1.1362146236479065, 4.787481794597256, -1.2724110199195071, 1.6759752198396343, 1.3837752944876887, 1.7555170934059938, -1.5925936047897553, 5.213062232327522, 4.926996054554807, 7.537499829797695, 4.902666731977519, 1.0423124870295852, 4.620478697679044, -4.592881871292152, 5.200490079390592, 4.521795802472757, -4.518332199385239, -2.632023641612678, 1.6481366418433454, -5.289811672742682], Energy: -41.50389238795873
Eval count: 1349, Parameters: [1.7649900363816113, 1.5399176020659506, -5.5954295571637935, -1.6548710605218366, -1.9500549543576837, -1.1362146385490677, 4.787481809498417, -1.2724110199195071, 1.6759752198396343, 1.3837752944876887, 1.7555170934059938, -1.5925936047897553, 5.213062232327522, 4.926996054554807, 7.537499829797695, 4.902666731977519, 1.0423124870295852, 4.620478697679044, -4.592881871292152, 5.200490079390592, 4.521795802472757, -4.518332199385239, -2.632023641612678, 1.6481366418433454, -5.289811672742682], Energy: -41.50389238797112
Eval count: 1350, Parameters: [1.7649900363816113, 1.5399176020659506, -5.5954295571637935, -1.6548710605218366, -1.9500549543576837, -1.1362146385490677, 4.787481794597256, -1.272411005018346, 1.6759752198396343, 1.3837752944876887, 1.7555170934059938, -1.5925936047897553, 5.213062232327522, 4.926996054554807, 7.537499829797695, 4.902666731977519, 1.0423124870295852, 4.620478697679044, -4.592881871292152, 5.200490079390592, 4.521795802472757, -4.518332199385239, -2.632023641612678, 1.6481366418433454, -5.289811672742682], Energy: -41.50389238796356
Eval count: 1351, Parameters: [1.7649900363816113, 1.5399176020659506, -5.5954295571637935, -1.6548710605218366, -1.9500549543576837, -1.1362146385490677, 4.787481794597256, -1.2724110199195071, 1.6759752347407955, 1.3837752944876887, 1.7555170934059938, -1.5925936047897553, 5.213062232327522, 4.926996054554807, 7.537499829797695, 4.902666731977519, 1.0423124870295852, 4.620478697679044, -4.592881871292152, 5.200490079390592, 4.521795802472757, -4.518332199385239, -2.632023641612678, 1.6481366418433454, -5.289811672742682], Energy: -41.50389238796805
Eval count: 1352, Parameters: [1.7649900363816113, 1.5399176020659506, -5.5954295571637935, -1.6548710605218366, -1.9500549543576837, -1.1362146385490677, 4.787481794597256, -1.2724110199195071, 1.6759752198396343, 1.3837753093888499, 1.7555170934059938, -1.5925936047897553, 5.213062232327522, 4.926996054554807, 7.537499829797695, 4.902666731977519, 1.0423124870295852, 4.620478697679044, -4.592881871292152, 5.200490079390592, 4.521795802472757, -4.518332199385239, -2.632023641612678, 1.6481366418433454, -5.289811672742682], Energy: -41.503892387956
Eval count: 1353, Parameters: [1.7649900363816113, 1.5399176020659506, -5.5954295571637935, -1.6548710605218366, -1.9500549543576837, -1.1362146385490677, 4.787481794597256, -1.2724110199195071, 1.6759752198396343, 1.3837752944876887, 1.755517108307155, -1.5925936047897553, 5.213062232327522, 4.926996054554807, 7.537499829797695, 4.902666731977519, 1.0423124870295852, 4.620478697679044, -4.592881871292152, 5.200490079390592, 4.521795802472757, -4.518332199385239, -2.632023641612678, 1.6481366418433454, -5.289811672742682], Energy: -41.50389238796589
Eval count: 1354, Parameters: [1.7649900363816113, 1.5399176020659506, -5.5954295571637935, -1.6548710605218366, -1.9500549543576837, -1.1362146385490677, 4.787481794597256, -1.2724110199195071, 1.6759752198396343, 1.3837752944876887, 1.7555170934059938, -1.5925935898885941, 5.213062232327522, 4.926996054554807, 7.537499829797695, 4.902666731977519, 1.0423124870295852, 4.620478697679044, -4.592881871292152, 5.200490079390592, 4.521795802472757, -4.518332199385239, -2.632023641612678, 1.6481366418433454, -5.289811672742682], Energy: -41.50389238796288
Eval count: 1355, Parameters: [1.7649900363816113, 1.5399176020659506, -5.5954295571637935, -1.6548710605218366, -1.9500549543576837, -1.1362146385490677, 4.787481794597256, -1.2724110199195071, 1.6759752198396343, 1.3837752944876887, 1.7555170934059938, -1.5925936047897553, 5.213062247228684, 4.926996054554807, 7.537499829797695, 4.902666731977519, 1.0423124870295852, 4.620478697679044, -4.592881871292152, 5.200490079390592, 4.521795802472757, -4.518332199385239, -2.632023641612678, 1.6481366418433454, -5.289811672742682], Energy: -41.50389238797021
Eval count: 1356, Parameters: [1.7649900363816113, 1.5399176020659506, -5.5954295571637935, -1.6548710605218366, -1.9500549543576837, -1.1362146385490677, 4.787481794597256, -1.2724110199195071, 1.6759752198396343, 1.3837752944876887, 1.7555170934059938, -1.5925936047897553, 5.213062232327522, 4.926996069455968, 7.537499829797695, 4.902666731977519, 1.0423124870295852, 4.620478697679044, -4.592881871292152, 5.200490079390592, 4.521795802472757, -4.518332199385239, -2.632023641612678, 1.6481366418433454, -5.289811672742682], Energy: -41.50389238797197
Eval count: 1357, Parameters: [1.7649900363816113, 1.5399176020659506, -5.5954295571637935, -1.6548710605218366, -1.9500549543576837, -1.1362146385490677, 4.787481794597256, -1.2724110199195071, 1.6759752198396343, 1.3837752944876887, 1.7555170934059938, -1.5925936047897553, 5.213062232327522, 4.926996054554807, 7.537499844698856, 4.902666731977519, 1.0423124870295852, 4.620478697679044, -4.592881871292152, 5.200490079390592, 4.521795802472757, -4.518332199385239, -2.632023641612678, 1.6481366418433454, -5.289811672742682], Energy: -41.503892387962765
Eval count: 1358, Parameters: [1.7649900363816113, 1.5399176020659506, -5.5954295571637935, -1.6548710605218366, -1.9500549543576837, -1.1362146385490677, 4.787481794597256, -1.2724110199195071, 1.6759752198396343, 1.3837752944876887, 1.7555170934059938, -1.5925936047897553, 5.213062232327522, 4.926996054554807, 7.537499829797695, 4.90266674687868, 1.0423124870295852, 4.620478697679044, -4.592881871292152, 5.200490079390592, 4.521795802472757, -4.518332199385239, -2.632023641612678, 1.6481366418433454, -5.289811672742682], Energy: -41.50389238798164
Eval count: 1359, Parameters: [1.7649900363816113, 1.5399176020659506, -5.5954295571637935, -1.6548710605218366, -1.9500549543576837, -1.1362146385490677, 4.787481794597256, -1.2724110199195071, 1.6759752198396343, 1.3837752944876887, 1.7555170934059938, -1.5925936047897553, 5.213062232327522, 4.926996054554807, 7.537499829797695, 4.902666731977519, 1.0423125019307464, 4.620478697679044, -4.592881871292152, 5.200490079390592, 4.521795802472757, -4.518332199385239, -2.632023641612678, 1.6481366418433454, -5.289811672742682], Energy: -41.5038923879531
Eval count: 1360, Parameters: [1.7649900363816113, 1.5399176020659506, -5.5954295571637935, -1.6548710605218366, -1.9500549543576837, -1.1362146385490677, 4.787481794597256, -1.2724110199195071, 1.6759752198396343, 1.3837752944876887, 1.7555170934059938, -1.5925936047897553, 5.213062232327522, 4.926996054554807, 7.537499829797695, 4.902666731977519, 1.0423124870295852, 4.620478712580205, -4.592881871292152, 5.200490079390592, 4.521795802472757, -4.518332199385239, -2.632023641612678, 1.6481366418433454, -5.289811672742682], Energy: -41.50389238796237
Eval count: 1361, Parameters: [1.7649900363816113, 1.5399176020659506, -5.5954295571637935, -1.6548710605218366, -1.9500549543576837, -1.1362146385490677, 4.787481794597256, -1.2724110199195071, 1.6759752198396343, 1.3837752944876887, 1.7555170934059938, -1.5925936047897553, 5.213062232327522, 4.926996054554807, 7.537499829797695, 4.902666731977519, 1.0423124870295852, 4.620478697679044, -4.592881856390991, 5.200490079390592, 4.521795802472757, -4.518332199385239, -2.632023641612678, 1.6481366418433454, -5.289811672742682], Energy: -41.503892387967994
Eval count: 1362, Parameters: [1.7649900363816113, 1.5399176020659506, -5.5954295571637935, -1.6548710605218366, -1.9500549543576837, -1.1362146385490677, 4.787481794597256, -1.2724110199195071, 1.6759752198396343, 1.3837752944876887, 1.7555170934059938, -1.5925936047897553, 5.213062232327522, 4.926996054554807, 7.537499829797695, 4.902666731977519, 1.0423124870295852, 4.620478697679044, -4.592881871292152, 5.200490094291753, 4.521795802472757, -4.518332199385239, -2.632023641612678, 1.6481366418433454, -5.289811672742682], Energy: -41.503892387973224
Eval count: 1363, Parameters: [1.7649900363816113, 1.5399176020659506, -5.5954295571637935, -1.6548710605218366, -1.9500549543576837, -1.1362146385490677, 4.787481794597256, -1.2724110199195071, 1.6759752198396343, 1.3837752944876887, 1.7555170934059938, -1.5925936047897553, 5.213062232327522, 4.926996054554807, 7.537499829797695, 4.902666731977519, 1.0423124870295852, 4.620478697679044, -4.592881871292152, 5.200490079390592, 4.521795817373918, -4.518332199385239, -2.632023641612678, 1.6481366418433454, -5.289811672742682], Energy: -41.50389238796856
Eval count: 1364, Parameters: [1.7649900363816113, 1.5399176020659506, -5.5954295571637935, -1.6548710605218366, -1.9500549543576837, -1.1362146385490677, 4.787481794597256, -1.2724110199195071, 1.6759752198396343, 1.3837752944876887, 1.7555170934059938, -1.5925936047897553, 5.213062232327522, 4.926996054554807, 7.537499829797695, 4.902666731977519, 1.0423124870295852, 4.620478697679044, -4.592881871292152, 5.200490079390592, 4.521795802472757, -4.518332184484078, -2.632023641612678, 1.6481366418433454, -5.289811672742682], Energy: -41.503892387965436
Eval count: 1365, Parameters: [1.7649900363816113, 1.5399176020659506, -5.5954295571637935, -1.6548710605218366, -1.9500549543576837, -1.1362146385490677, 4.787481794597256, -1.2724110199195071, 1.6759752198396343, 1.3837752944876887, 1.7555170934059938, -1.5925936047897553, 5.213062232327522, 4.926996054554807, 7.537499829797695, 4.902666731977519, 1.0423124870295852, 4.620478697679044, -4.592881871292152, 5.200490079390592, 4.521795802472757, -4.518332199385239, -2.6320236267115167, 1.6481366418433454, -5.289811672742682], Energy: -41.50389238797561
Eval count: 1366, Parameters: [1.7649900363816113, 1.5399176020659506, -5.5954295571637935, -1.6548710605218366, -1.9500549543576837, -1.1362146385490677, 4.787481794597256, -1.2724110199195071, 1.6759752198396343, 1.3837752944876887, 1.7555170934059938, -1.5925936047897553, 5.213062232327522, 4.926996054554807, 7.537499829797695, 4.902666731977519, 1.0423124870295852, 4.620478697679044, -4.592881871292152, 5.200490079390592, 4.521795802472757, -4.518332199385239, -2.632023641612678, 1.6481366567445066, -5.289811672742682], Energy: -41.50389238796157
Eval count: 1367, Parameters: [1.7649900363816113, 1.5399176020659506, -5.5954295571637935, -1.6548710605218366, -1.9500549543576837, -1.1362146385490677, 4.787481794597256, -1.2724110199195071, 1.6759752198396343, 1.3837752944876887, 1.7555170934059938, -1.5925936047897553, 5.213062232327522, 4.926996054554807, 7.537499829797695, 4.902666731977519, 1.0423124870295852, 4.620478697679044, -4.592881871292152, 5.200490079390592, 4.521795802472757, -4.518332199385239, -2.632023641612678, 1.6481366418433454, -5.289811657841521], Energy: -41.50389238797112
Eval count: 1368, Parameters: [1.7649747877111681, 1.539853056037798, -5.595446594437731, -1.6549940644326917, -1.950050945400949, -1.1362599120086811, 4.787526276630047, -1.2724507011603345, 1.6759637426567515, 1.383619131358006, 1.755495815239964, -1.5926643767102358, 5.213225080079719, 4.927142772373217, 7.537440600491234, 4.902972604870873, 1.0421206321097314, 4.620118048321059, -4.592838373244989, 5.2007102687548175, 4.521749402755217, -4.5183269724799295, -2.631408139049682, 1.6476728405318501, -5.289149666830422], Energy: -41.503891917656574
Eval count: 1369, Parameters: [1.7649839201136912, 1.5398917125431346, -5.595436390843648, -1.654920397601866, -1.950053346358248, -1.1362327978115223, 4.787499636417052, -1.2724269361333962, 1.6759706163218562, 1.3837126571880023, 1.7555085586970323, -1.5926219915286834, 5.213127550840786, 4.92705490332391, 7.537476072821086, 4.902789418120694, 1.0422355336915239, 4.6203340406017706, -4.592864424150683, 5.2005783977229845, 4.521777191466312, -4.518330102864537, -2.6317767624769024, 1.6479506103402495, -5.2895461410335995], Energy: -41.50389276925739
