Eval count: 1, θ = [0.6114147026965133, -5.990158293202888, -5.723663241027865, -1.200157017256867, 4.9880016111808985, 6.109980262078333, 4.890809390277104, -5.084771879465565, -2.7986302477269347, -1.4032659902161608, -0.09080410752190371, -3.0906829496234804, -4.259928390591291, 6.047194206431351, 2.331860922634524, 6.080280760427005, 5.242986453596661, 2.077063894622457, 3.5471531401914387, -2.3921953893545407, 4.012080074198122, -3.4673901317082207, 1.5146845625720973, 1.5843897638570645, 0.4030685037982584], Energy: -27.644326964410055
Eval count: 2, θ = [0.6114147175976745, -5.990158293202888, -5.723663241027865, -1.200157017256867, 4.9880016111808985, 6.109980262078333, 4.890809390277104, -5.084771879465565, -2.7986302477269347, -1.4032659902161608, -0.09080410752190371, -3.0906829496234804, -4.259928390591291, 6.047194206431351, 2.331860922634524, 6.080280760427005, 5.242986453596661, 2.077063894622457, 3.5471531401914387, -2.3921953893545407, 4.012080074198122, -3.4673901317082207, 1.5146845625720973, 1.5843897638570645, 0.4030685037982584], Energy: -27.644326870437688
Eval count: 3, θ = [0.6114147026965133, -5.990158278301727, -5.723663241027865, -1.200157017256867, 4.9880016111808985, 6.109980262078333, 4.890809390277104, -5.084771879465565, -2.7986302477269347, -1.4032659902161608, -0.09080410752190371, -3.0906829496234804, -4.259928390591291, 6.047194206431351, 2.331860922634524, 6.080280760427005, 5.242986453596661, 2.077063894622457, 3.5471531401914387, -2.3921953893545407, 4.012080074198122, -3.4673901317082207, 1.5146845625720973, 1.5843897638570645, 0.4030685037982584], Energy: -27.644326761805065
Eval count: 4, θ = [0.6114147026965133, -5.990158293202888, -5.723663226126704, -1.200157017256867, 4.9880016111808985, 6.109980262078333, 4.890809390277104, -5.084771879465565, -2.7986302477269347, -1.4032659902161608, -0.09080410752190371, -3.0906829496234804, -4.259928390591291, 6.047194206431351, 2.331860922634524, 6.080280760427005, 5.242986453596661, 2.077063894622457, 3.5471531401914387, -2.3921953893545407, 4.012080074198122, -3.4673901317082207, 1.5146845625720973, 1.5843897638570645, 0.4030685037982584], Energy: -27.64432692623002
Eval count: 5, θ = [0.6114147026965133, -5.990158293202888, -5.723663241027865, -1.2001570023557058, 4.9880016111808985, 6.109980262078333, 4.890809390277104, -5.084771879465565, -2.7986302477269347, -1.4032659902161608, -0.09080410752190371, -3.0906829496234804, -4.259928390591291, 6.047194206431351, 2.331860922634524, 6.080280760427005, 5.242986453596661, 2.077063894622457, 3.5471531401914387, -2.3921953893545407, 4.012080074198122, -3.4673901317082207, 1.5146845625720973, 1.5843897638570645, 0.4030685037982584], Energy: -27.644327007671816
Eval count: 6, θ = [0.6114147026965133, -5.990158293202888, -5.723663241027865, -1.200157017256867, 4.98800162608206, 6.109980262078333, 4.890809390277104, -5.084771879465565, -2.7986302477269347, -1.4032659902161608, -0.09080410752190371, -3.0906829496234804, -4.259928390591291, 6.047194206431351, 2.331860922634524, 6.080280760427005, 5.242986453596661, 2.077063894622457, 3.5471531401914387, -2.3921953893545407, 4.012080074198122, -3.4673901317082207, 1.5146845625720973, 1.5843897638570645, 0.4030685037982584], Energy: -27.644327051927487
Eval count: 7, θ = [0.6114147026965133, -5.990158293202888, -5.723663241027865, -1.200157017256867, 4.9880016111808985, 6.109980276979494, 4.890809390277104, -5.084771879465565, -2.7986302477269347, -1.4032659902161608, -0.09080410752190371, -3.0906829496234804, -4.259928390591291, 6.047194206431351, 2.331860922634524, 6.080280760427005, 5.242986453596661, 2.077063894622457, 3.5471531401914387, -2.3921953893545407, 4.012080074198122, -3.4673901317082207, 1.5146845625720973, 1.5843897638570645, 0.4030685037982584], Energy: -27.644326969256987
Eval count: 8, θ = [0.6114147026965133, -5.990158293202888, -5.723663241027865, -1.200157017256867, 4.9880016111808985, 6.109980262078333, 4.890809405178265, -5.084771879465565, -2.7986302477269347, -1.4032659902161608, -0.09080410752190371, -3.0906829496234804, -4.259928390591291, 6.047194206431351, 2.331860922634524, 6.080280760427005, 5.242986453596661, 2.077063894622457, 3.5471531401914387, -2.3921953893545407, 4.012080074198122, -3.4673901317082207, 1.5146845625720973, 1.5843897638570645, 0.4030685037982584], Energy: -27.64432695548018
Eval count: 9, θ = [0.6114147026965133, -5.990158293202888, -5.723663241027865, -1.200157017256867, 4.9880016111808985, 6.109980262078333, 4.890809390277104, -5.084771864564404, -2.7986302477269347, -1.4032659902161608, -0.09080410752190371, -3.0906829496234804, -4.259928390591291, 6.047194206431351, 2.331860922634524, 6.080280760427005, 5.242986453596661, 2.077063894622457, 3.5471531401914387, -2.3921953893545407, 4.012080074198122, -3.4673901317082207, 1.5146845625720973, 1.5843897638570645, 0.4030685037982584], Energy: -27.64432696141659
Eval count: 10, θ = [0.6114147026965133, -5.990158293202888, -5.723663241027865, -1.200157017256867, 4.9880016111808985, 6.109980262078333, 4.890809390277104, -5.084771879465565, -2.7986302328257735, -1.4032659902161608, -0.09080410752190371, -3.0906829496234804, -4.259928390591291, 6.047194206431351, 2.331860922634524, 6.080280760427005, 5.242986453596661, 2.077063894622457, 3.5471531401914387, -2.3921953893545407, 4.012080074198122, -3.4673901317082207, 1.5146845625720973, 1.5843897638570645, 0.4030685037982584], Energy: -27.644326875949623
Eval count: 11, θ = [0.6114147026965133, -5.990158293202888, -5.723663241027865, -1.200157017256867, 4.9880016111808985, 6.109980262078333, 4.890809390277104, -5.084771879465565, -2.7986302477269347, -1.4032659753149996, -0.09080410752190371, -3.0906829496234804, -4.259928390591291, 6.047194206431351, 2.331860922634524, 6.080280760427005, 5.242986453596661, 2.077063894622457, 3.5471531401914387, -2.3921953893545407, 4.012080074198122, -3.4673901317082207, 1.5146845625720973, 1.5843897638570645, 0.4030685037982584], Energy: -27.644326927731274
Eval count: 12, θ = [0.6114147026965133, -5.990158293202888, -5.723663241027865, -1.200157017256867, 4.9880016111808985, 6.109980262078333, 4.890809390277104, -5.084771879465565, -2.7986302477269347, -1.4032659902161608, -0.09080409262074252, -3.0906829496234804, -4.259928390591291, 6.047194206431351, 2.331860922634524, 6.080280760427005, 5.242986453596661, 2.077063894622457, 3.5471531401914387, -2.3921953893545407, 4.012080074198122, -3.4673901317082207, 1.5146845625720973, 1.5843897638570645, 0.4030685037982584], Energy: -27.644326975903432
Eval count: 13, θ = [0.6114147026965133, -5.990158293202888, -5.723663241027865, -1.200157017256867, 4.9880016111808985, 6.109980262078333, 4.890809390277104, -5.084771879465565, -2.7986302477269347, -1.4032659902161608, -0.09080410752190371, -3.0906829347223193, -4.259928390591291, 6.047194206431351, 2.331860922634524, 6.080280760427005, 5.242986453596661, 2.077063894622457, 3.5471531401914387, -2.3921953893545407, 4.012080074198122, -3.4673901317082207, 1.5146845625720973, 1.5843897638570645, 0.4030685037982584], Energy: -27.64432696621563
Eval count: 14, θ = [0.6114147026965133, -5.990158293202888, -5.723663241027865, -1.200157017256867, 4.9880016111808985, 6.109980262078333, 4.890809390277104, -5.084771879465565, -2.7986302477269347, -1.4032659902161608, -0.09080410752190371, -3.0906829496234804, -4.25992837569013, 6.047194206431351, 2.331860922634524, 6.080280760427005, 5.242986453596661, 2.077063894622457, 3.5471531401914387, -2.3921953893545407, 4.012080074198122, -3.4673901317082207, 1.5146845625720973, 1.5843897638570645, 0.4030685037982584], Energy: -27.6443269657044
Eval count: 15, θ = [0.6114147026965133, -5.990158293202888, -5.723663241027865, -1.200157017256867, 4.9880016111808985, 6.109980262078333, 4.890809390277104, -5.084771879465565, -2.7986302477269347, -1.4032659902161608, -0.09080410752190371, -3.0906829496234804, -4.259928390591291, 6.0471942213325125, 2.331860922634524, 6.080280760427005, 5.242986453596661, 2.077063894622457, 3.5471531401914387, -2.3921953893545407, 4.012080074198122, -3.4673901317082207, 1.5146845625720973, 1.5843897638570645, 0.4030685037982584], Energy: -27.64432697965208
Eval count: 16, θ = [0.6114147026965133, -5.990158293202888, -5.723663241027865, -1.200157017256867, 4.9880016111808985, 6.109980262078333, 4.890809390277104, -5.084771879465565, -2.7986302477269347, -1.4032659902161608, -0.09080410752190371, -3.0906829496234804, -4.259928390591291, 6.047194206431351, 2.3318609375356854, 6.080280760427005, 5.242986453596661, 2.077063894622457, 3.5471531401914387, -2.3921953893545407, 4.012080074198122, -3.4673901317082207, 1.5146845625720973, 1.5843897638570645, 0.4030685037982584], Energy: -27.64432698280083
Eval count: 17, θ = [0.6114147026965133, -5.990158293202888, -5.723663241027865, -1.200157017256867, 4.9880016111808985, 6.109980262078333, 4.890809390277104, -5.084771879465565, -2.7986302477269347, -1.4032659902161608, -0.09080410752190371, -3.0906829496234804, -4.259928390591291, 6.047194206431351, 2.331860922634524, 6.080280775328166, 5.242986453596661, 2.077063894622457, 3.5471531401914387, -2.3921953893545407, 4.012080074198122, -3.4673901317082207, 1.5146845625720973, 1.5843897638570645, 0.4030685037982584], Energy: -27.644326983384186
Eval count: 18, θ = [0.6114147026965133, -5.990158293202888, -5.723663241027865, -1.200157017256867, 4.9880016111808985, 6.109980262078333, 4.890809390277104, -5.084771879465565, -2.7986302477269347, -1.4032659902161608, -0.09080410752190371, -3.0906829496234804, -4.259928390591291, 6.047194206431351, 2.331860922634524, 6.080280760427005, 5.242986468497822, 2.077063894622457, 3.5471531401914387, -2.3921953893545407, 4.012080074198122, -3.4673901317082207, 1.5146845625720973, 1.5843897638570645, 0.4030685037982584], Energy: -27.644326969784476
Eval count: 19, θ = [0.6114147026965133, -5.990158293202888, -5.723663241027865, -1.200157017256867, 4.9880016111808985, 6.109980262078333, 4.890809390277104, -5.084771879465565, -2.7986302477269347, -1.4032659902161608, -0.09080410752190371, -3.0906829496234804, -4.259928390591291, 6.047194206431351, 2.331860922634524, 6.080280760427005, 5.242986453596661, 2.077063909523618, 3.5471531401914387, -2.3921953893545407, 4.012080074198122, -3.4673901317082207, 1.5146845625720973, 1.5843897638570645, 0.4030685037982584], Energy: -27.64432694388016
Eval count: 20, θ = [0.6114147026965133, -5.990158293202888, -5.723663241027865, -1.200157017256867, 4.9880016111808985, 6.109980262078333, 4.890809390277104, -5.084771879465565, -2.7986302477269347, -1.4032659902161608, -0.09080410752190371, -3.0906829496234804, -4.259928390591291, 6.047194206431351, 2.331860922634524, 6.080280760427005, 5.242986453596661, 2.077063894622457, 3.5471531550926, -2.3921953893545407, 4.012080074198122, -3.4673901317082207, 1.5146845625720973, 1.5843897638570645, 0.4030685037982584], Energy: -27.64432695532688
Eval count: 21, θ = [0.6114147026965133, -5.990158293202888, -5.723663241027865, -1.200157017256867, 4.9880016111808985, 6.109980262078333, 4.890809390277104, -5.084771879465565, -2.7986302477269347, -1.4032659902161608, -0.09080410752190371, -3.0906829496234804, -4.259928390591291, 6.047194206431351, 2.331860922634524, 6.080280760427005, 5.242986453596661, 2.077063894622457, 3.5471531401914387, -2.3921953744533795, 4.012080074198122, -3.4673901317082207, 1.5146845625720973, 1.5843897638570645, 0.4030685037982584], Energy: -27.64432697901134
Eval count: 22, θ = [0.6114147026965133, -5.990158293202888, -5.723663241027865, -1.200157017256867, 4.9880016111808985, 6.109980262078333, 4.890809390277104, -5.084771879465565, -2.7986302477269347, -1.4032659902161608, -0.09080410752190371, -3.0906829496234804, -4.259928390591291, 6.047194206431351, 2.331860922634524, 6.080280760427005, 5.242986453596661, 2.077063894622457, 3.5471531401914387, -2.3921953893545407, 4.012080089099284, -3.4673901317082207, 1.5146845625720973, 1.5843897638570645, 0.4030685037982584], Energy: -27.64432697017923
Eval count: 23, θ = [0.6114147026965133, -5.990158293202888, -5.723663241027865, -1.200157017256867, 4.9880016111808985, 6.109980262078333, 4.890809390277104, -5.084771879465565, -2.7986302477269347, -1.4032659902161608, -0.09080410752190371, -3.0906829496234804, -4.259928390591291, 6.047194206431351, 2.331860922634524, 6.080280760427005, 5.242986453596661, 2.077063894622457, 3.5471531401914387, -2.3921953893545407, 4.012080074198122, -3.4673901168070596, 1.5146845625720973, 1.5843897638570645, 0.4030685037982584], Energy: -27.644326964473198
Eval count: 24, θ = [0.6114147026965133, -5.990158293202888, -5.723663241027865, -1.200157017256867, 4.9880016111808985, 6.109980262078333, 4.890809390277104, -5.084771879465565, -2.7986302477269347, -1.4032659902161608, -0.09080410752190371, -3.0906829496234804, -4.259928390591291, 6.047194206431351, 2.331860922634524, 6.080280760427005, 5.242986453596661, 2.077063894622457, 3.5471531401914387, -2.3921953893545407, 4.012080074198122, -3.4673901317082207, 1.5146845774732585, 1.5843897638570645, 0.4030685037982584], Energy: -27.644326965106
Eval count: 25, θ = [0.6114147026965133, -5.990158293202888, -5.723663241027865, -1.200157017256867, 4.9880016111808985, 6.109980262078333, 4.890809390277104, -5.084771879465565, -2.7986302477269347, -1.4032659902161608, -0.09080410752190371, -3.0906829496234804, -4.259928390591291, 6.047194206431351, 2.331860922634524, 6.080280760427005, 5.242986453596661, 2.077063894622457, 3.5471531401914387, -2.3921953893545407, 4.012080074198122, -3.4673901317082207, 1.5146845625720973, 1.5843897787582257, 0.4030685037982584], Energy: -27.644326964450464
Eval count: 26, θ = [0.6114147026965133, -5.990158293202888, -5.723663241027865, -1.200157017256867, 4.9880016111808985, 6.109980262078333, 4.890809390277104, -5.084771879465565, -2.7986302477269347, -1.4032659902161608, -0.09080410752190371, -3.0906829496234804, -4.259928390591291, 6.047194206431351, 2.331860922634524, 6.080280760427005, 5.242986453596661, 2.077063894622457, 3.5471531401914387, -2.3921953893545407, 4.012080074198122, -3.4673901317082207, 1.5146845625720973, 1.5843897638570645, 0.4030685186994196], Energy: -27.644326964405593
Eval count: 27, θ = [-5.694964138703633, -19.586749050572884, -8.285882145523104, 1.703090577576507, 10.861197020955679, 6.435252345360803, 4.291535708636479, -5.285660036356434, -8.735109339371222, -3.8647373094147692, 0.6805033608924029, -2.969512905678168, -4.173066303341535, 7.070069277003251, 3.566044949352664, 7.353613117833621, 5.603657735411236, 0.6993258956600545, 2.937591458444002, -1.4123198247793454, 4.3992427595924095, -3.4631527183018487, 1.5613886164508815, 1.5871015367757657, 0.40276905006290686], Energy: -22.309234134347673
Eval count: 28, θ = [-2.4907333906389932, -12.678408262732782, -6.984035110397418, 0.2279690464151436, 7.877064003470444, 6.26998368057673, 4.59602283278655, -5.183590048900869, -5.718822287947234, -2.6140794779064565, 0.28860697016489867, -3.031078629894589, -4.217200374225381, 6.550352996871309, 2.9389639403242738, 6.706641092410224, 5.420402964297998, 1.3993457596858967, 3.247305849637076, -1.9101883309777379, 4.202527875783079, -3.465305720947333, 1.5376585854360554, 1.5857237023027035, 0.40292120059026454], Energy: -26.472303328103767
Eval count: 29, θ = [-0.9283451312658415, -9.309889767243861, -6.349252323792973, -0.4913026735841449, 6.4219957647854535, 6.189398403858792, 4.744491262592895, -5.133820552702362, -4.248075688661111, -2.004256632400745, 0.09751763612327494, -3.0610981797518018, -4.238720220830971, 6.296938471474322, 2.6331981939673383, 6.3911764532687005, 5.331047632122133, 1.7406766134462146, 3.3983231035758674, -2.1529498453492755, 4.106609370196898, -3.466355528629796, 1.5260877827170196, 1.5850518679145678, 0.40299538944128427], Energy: -29.196869326616568
Eval count: 30, θ = [-0.17386491595448816, -7.683225879756362, -6.042714527800179, -0.8386403336803356, 5.719340588372248, 6.150483622872491, 4.8161869452858594, -5.1097867698174015, -3.537849402563033, -1.7097720386906459, 0.0052402389868734245, -3.075594676575778, -4.249112195042916, 6.1745641227568955, 2.485543342644547, 6.238837988463475, 5.287897774937266, 1.9055059217135564, 3.4712496182139017, -2.270179835099604, 4.060290144285638, -3.466862482724944, 1.5205002204229416, 1.5847274378308331, 0.4030312153763265], Energy: -28.790660206273444
Eval count: 31, θ = [0.20730162982262246, -6.8614285117788505, -5.8878503571068705, -1.0141167655739591, 5.364356268001034, 6.130823713510785, 4.852407902661039, -5.097644802648074, -3.1790401260594816, -1.560997195969644, -0.04137868620955449, -3.082918367122101, -4.254362263677966, 6.112740092324108, 2.4109474970494236, 6.1618759618385175, 5.266098287448858, 1.9887783744566228, 3.5080923970118483, -2.3294049139655604, 4.03688947852215, -3.46711859804433, 1.517677360690206, 1.5845635344018847, 0.40304931478785805], Energy: -26.076895096118733
Eval count: 32, θ = [0.4235314764128536, -6.395235660452537, -5.799998324334512, -1.1136618131887803, 5.162979190221785, 6.119670953038083, 4.8729554878134, -5.090756853725446, -2.975493210221586, -1.4765995441440838, -0.0678248766087498, -3.0870729827379004, -4.257340545870153, 6.077668282470447, 2.3686304353135434, 6.118216602446261, 5.253731777618479, 2.036017540331255, 3.5289927317754777, -2.363002379061484, 4.023614645186942, -3.4672638882772584, 1.51607599631624, 1.584470554538647, 0.4030595823022089], Energy: -29.759471733504515
Eval count: 33, θ = [0.4235314913140148, -6.395235660452537, -5.799998324334512, -1.1136618131887803, 5.162979190221785, 6.119670953038083, 4.8729554878134, -5.090756853725446, -2.975493210221586, -1.4765995441440838, -0.0678248766087498, -3.0870729827379004, -4.257340545870153, 6.077668282470447, 2.3686304353135434, 6.118216602446261, 5.253731777618479, 2.036017540331255, 3.5289927317754777, -2.363002379061484, 4.023614645186942, -3.4672638882772584, 1.51607599631624, 1.584470554538647, 0.4030595823022089], Energy: -29.75947193178302
Eval count: 34, θ = [0.4235314764128536, -6.3952356455513755, -5.799998324334512, -1.1136618131887803, 5.162979190221785, 6.119670953038083, 4.8729554878134, -5.090756853725446, -2.975493210221586, -1.4765995441440838, -0.0678248766087498, -3.0870729827379004, -4.257340545870153, 6.077668282470447, 2.3686304353135434, 6.118216602446261, 5.253731777618479, 2.036017540331255, 3.5289927317754777, -2.363002379061484, 4.023614645186942, -3.4672638882772584, 1.51607599631624, 1.584470554538647, 0.4030595823022089], Energy: -29.759471818705947
Eval count: 35, θ = [0.4235314764128536, -6.395235660452537, -5.7999983094333505, -1.1136618131887803, 5.162979190221785, 6.119670953038083, 4.8729554878134, -5.090756853725446, -2.975493210221586, -1.4765995441440838, -0.0678248766087498, -3.0870729827379004, -4.257340545870153, 6.077668282470447, 2.3686304353135434, 6.118216602446261, 5.253731777618479, 2.036017540331255, 3.5289927317754777, -2.363002379061484, 4.023614645186942, -3.4672638882772584, 1.51607599631624, 1.584470554538647, 0.4030595823022089], Energy: -29.759471705316923
Eval count: 36, θ = [0.4235314764128536, -6.395235660452537, -5.799998324334512, -1.1136617982876191, 5.162979190221785, 6.119670953038083, 4.8729554878134, -5.090756853725446, -2.975493210221586, -1.4765995441440838, -0.0678248766087498, -3.0870729827379004, -4.257340545870153, 6.077668282470447, 2.3686304353135434, 6.118216602446261, 5.253731777618479, 2.036017540331255, 3.5289927317754777, -2.363002379061484, 4.023614645186942, -3.4672638882772584, 1.51607599631624, 1.584470554538647, 0.4030595823022089], Energy: -29.759471714690353
Eval count: 37, θ = [0.4235314764128536, -6.395235660452537, -5.799998324334512, -1.1136618131887803, 5.162979205122946, 6.119670953038083, 4.8729554878134, -5.090756853725446, -2.975493210221586, -1.4765995441440838, -0.0678248766087498, -3.0870729827379004, -4.257340545870153, 6.077668282470447, 2.3686304353135434, 6.118216602446261, 5.253731777618479, 2.036017540331255, 3.5289927317754777, -2.363002379061484, 4.023614645186942, -3.4672638882772584, 1.51607599631624, 1.584470554538647, 0.4030595823022089], Energy: -29.759471531863774
Eval count: 38, θ = [0.4235314764128536, -6.395235660452537, -5.799998324334512, -1.1136618131887803, 5.162979190221785, 6.1196709679392445, 4.8729554878134, -5.090756853725446, -2.975493210221586, -1.4765995441440838, -0.0678248766087498, -3.0870729827379004, -4.257340545870153, 6.077668282470447, 2.3686304353135434, 6.118216602446261, 5.253731777618479, 2.036017540331255, 3.5289927317754777, -2.363002379061484, 4.023614645186942, -3.4672638882772584, 1.51607599631624, 1.584470554538647, 0.4030595823022089], Energy: -29.759471799869768
Eval count: 39, θ = [0.4235314764128536, -6.395235660452537, -5.799998324334512, -1.1136618131887803, 5.162979190221785, 6.119670953038083, 4.872955502714561, -5.090756853725446, -2.975493210221586, -1.4765995441440838, -0.0678248766087498, -3.0870729827379004, -4.257340545870153, 6.077668282470447, 2.3686304353135434, 6.118216602446261, 5.253731777618479, 2.036017540331255, 3.5289927317754777, -2.363002379061484, 4.023614645186942, -3.4672638882772584, 1.51607599631624, 1.584470554538647, 0.4030595823022089], Energy: -29.759471735532877
Eval count: 40, θ = [0.4235314764128536, -6.395235660452537, -5.799998324334512, -1.1136618131887803, 5.162979190221785, 6.119670953038083, 4.8729554878134, -5.0907568388242845, -2.975493210221586, -1.4765995441440838, -0.0678248766087498, -3.0870729827379004, -4.257340545870153, 6.077668282470447, 2.3686304353135434, 6.118216602446261, 5.253731777618479, 2.036017540331255, 3.5289927317754777, -2.363002379061484, 4.023614645186942, -3.4672638882772584, 1.51607599631624, 1.584470554538647, 0.4030595823022089], Energy: -29.75947172572864
Eval count: 41, θ = [0.4235314764128536, -6.395235660452537, -5.799998324334512, -1.1136618131887803, 5.162979190221785, 6.119670953038083, 4.8729554878134, -5.090756853725446, -2.975493195320425, -1.4765995441440838, -0.0678248766087498, -3.0870729827379004, -4.257340545870153, 6.077668282470447, 2.3686304353135434, 6.118216602446261, 5.253731777618479, 2.036017540331255, 3.5289927317754777, -2.363002379061484, 4.023614645186942, -3.4672638882772584, 1.51607599631624, 1.584470554538647, 0.4030595823022089], Energy: -29.759471722834583
Eval count: 42, θ = [0.4235314764128536, -6.395235660452537, -5.799998324334512, -1.1136618131887803, 5.162979190221785, 6.119670953038083, 4.8729554878134, -5.090756853725446, -2.975493210221586, -1.4765995292429226, -0.0678248766087498, -3.0870729827379004, -4.257340545870153, 6.077668282470447, 2.3686304353135434, 6.118216602446261, 5.253731777618479, 2.036017540331255, 3.5289927317754777, -2.363002379061484, 4.023614645186942, -3.4672638882772584, 1.51607599631624, 1.584470554538647, 0.4030595823022089], Energy: -29.759471709307387
Eval count: 43, θ = [0.4235314764128536, -6.395235660452537, -5.799998324334512, -1.1136618131887803, 5.162979190221785, 6.119670953038083, 4.8729554878134, -5.090756853725446, -2.975493210221586, -1.4765995441440838, -0.06782486170758861, -3.0870729827379004, -4.257340545870153, 6.077668282470447, 2.3686304353135434, 6.118216602446261, 5.253731777618479, 2.036017540331255, 3.5289927317754777, -2.363002379061484, 4.023614645186942, -3.4672638882772584, 1.51607599631624, 1.584470554538647, 0.4030595823022089], Energy: -29.759471734885317
Eval count: 44, θ = [0.4235314764128536, -6.395235660452537, -5.799998324334512, -1.1136618131887803, 5.162979190221785, 6.119670953038083, 4.8729554878134, -5.090756853725446, -2.975493210221586, -1.4765995441440838, -0.0678248766087498, -3.0870729678367392, -4.257340545870153, 6.077668282470447, 2.3686304353135434, 6.118216602446261, 5.253731777618479, 2.036017540331255, 3.5289927317754777, -2.363002379061484, 4.023614645186942, -3.4672638882772584, 1.51607599631624, 1.584470554538647, 0.4030595823022089], Energy: -29.759471734005302
Eval count: 45, θ = [0.4235314764128536, -6.395235660452537, -5.799998324334512, -1.1136618131887803, 5.162979190221785, 6.119670953038083, 4.8729554878134, -5.090756853725446, -2.975493210221586, -1.4765995441440838, -0.0678248766087498, -3.0870729827379004, -4.257340530968992, 6.077668282470447, 2.3686304353135434, 6.118216602446261, 5.253731777618479, 2.036017540331255, 3.5289927317754777, -2.363002379061484, 4.023614645186942, -3.4672638882772584, 1.51607599631624, 1.584470554538647, 0.4030595823022089], Energy: -29.759471731843448
Eval count: 46, θ = [0.4235314764128536, -6.395235660452537, -5.799998324334512, -1.1136618131887803, 5.162979190221785, 6.119670953038083, 4.8729554878134, -5.090756853725446, -2.975493210221586, -1.4765995441440838, -0.0678248766087498, -3.0870729827379004, -4.257340545870153, 6.077668297371608, 2.3686304353135434, 6.118216602446261, 5.253731777618479, 2.036017540331255, 3.5289927317754777, -2.363002379061484, 4.023614645186942, -3.4672638882772584, 1.51607599631624, 1.584470554538647, 0.4030595823022089], Energy: -29.75947173148502
Eval count: 47, θ = [0.4235314764128536, -6.395235660452537, -5.799998324334512, -1.1136618131887803, 5.162979190221785, 6.119670953038083, 4.8729554878134, -5.090756853725446, -2.975493210221586, -1.4765995441440838, -0.0678248766087498, -3.0870729827379004, -4.257340545870153, 6.077668282470447, 2.3686304502147046, 6.118216602446261, 5.253731777618479, 2.036017540331255, 3.5289927317754777, -2.363002379061484, 4.023614645186942, -3.4672638882772584, 1.51607599631624, 1.584470554538647, 0.4030595823022089], Energy: -29.75947173742704
Eval count: 48, θ = [0.4235314764128536, -6.395235660452537, -5.799998324334512, -1.1136618131887803, 5.162979190221785, 6.119670953038083, 4.8729554878134, -5.090756853725446, -2.975493210221586, -1.4765995441440838, -0.0678248766087498, -3.0870729827379004, -4.257340545870153, 6.077668282470447, 2.3686304353135434, 6.118216617347422, 5.253731777618479, 2.036017540331255, 3.5289927317754777, -2.363002379061484, 4.023614645186942, -3.4672638882772584, 1.51607599631624, 1.584470554538647, 0.4030595823022089], Energy: -29.759471740975087
Eval count: 49, θ = [0.4235314764128536, -6.395235660452537, -5.799998324334512, -1.1136618131887803, 5.162979190221785, 6.119670953038083, 4.8729554878134, -5.090756853725446, -2.975493210221586, -1.4765995441440838, -0.0678248766087498, -3.0870729827379004, -4.257340545870153, 6.077668282470447, 2.3686304353135434, 6.118216602446261, 5.25373179251964, 2.036017540331255, 3.5289927317754777, -2.363002379061484, 4.023614645186942, -3.4672638882772584, 1.51607599631624, 1.584470554538647, 0.4030595823022089], Energy: -29.759471744940747
Eval count: 50, θ = [0.4235314764128536, -6.395235660452537, -5.799998324334512, -1.1136618131887803, 5.162979190221785, 6.119670953038083, 4.8729554878134, -5.090756853725446, -2.975493210221586, -1.4765995441440838, -0.0678248766087498, -3.0870729827379004, -4.257340545870153, 6.077668282470447, 2.3686304353135434, 6.118216602446261, 5.253731777618479, 2.0360175552324162, 3.5289927317754777, -2.363002379061484, 4.023614645186942, -3.4672638882772584, 1.51607599631624, 1.584470554538647, 0.4030595823022089], Energy: -29.759471721957393
Eval count: 51, θ = [0.4235314764128536, -6.395235660452537, -5.799998324334512, -1.1136618131887803, 5.162979190221785, 6.119670953038083, 4.8729554878134, -5.090756853725446, -2.975493210221586, -1.4765995441440838, -0.0678248766087498, -3.0870729827379004, -4.257340545870153, 6.077668282470447, 2.3686304353135434, 6.118216602446261, 5.253731777618479, 2.036017540331255, 3.528992746676639, -2.363002379061484, 4.023614645186942, -3.4672638882772584, 1.51607599631624, 1.584470554538647, 0.4030595823022089], Energy: -29.75947172852207
Eval count: 52, θ = [0.4235314764128536, -6.395235660452537, -5.799998324334512, -1.1136618131887803, 5.162979190221785, 6.119670953038083, 4.8729554878134, -5.090756853725446, -2.975493210221586, -1.4765995441440838, -0.0678248766087498, -3.0870729827379004, -4.257340545870153, 6.077668282470447, 2.3686304353135434, 6.118216602446261, 5.253731777618479, 2.036017540331255, 3.5289927317754777, -2.3630023641603226, 4.023614645186942, -3.4672638882772584, 1.51607599631624, 1.584470554538647, 0.4030595823022089], Energy: -29.759471735924166
Eval count: 53, θ = [0.4235314764128536, -6.395235660452537, -5.799998324334512, -1.1136618131887803, 5.162979190221785, 6.119670953038083, 4.8729554878134, -5.090756853725446, -2.975493210221586, -1.4765995441440838, -0.0678248766087498, -3.0870729827379004, -4.257340545870153, 6.077668282470447, 2.3686304353135434, 6.118216602446261, 5.253731777618479, 2.036017540331255, 3.5289927317754777, -2.363002379061484, 4.0236146600881035, -3.4672638882772584, 1.51607599631624, 1.584470554538647, 0.4030595823022089], Energy: -29.759471734659094
Eval count: 54, θ = [0.4235314764128536, -6.395235660452537, -5.799998324334512, -1.1136618131887803, 5.162979190221785, 6.119670953038083, 4.8729554878134, -5.090756853725446, -2.975493210221586, -1.4765995441440838, -0.0678248766087498, -3.0870729827379004, -4.257340545870153, 6.077668282470447, 2.3686304353135434, 6.118216602446261, 5.253731777618479, 2.036017540331255, 3.5289927317754777, -2.363002379061484, 4.023614645186942, -3.467263873376097, 1.51607599631624, 1.584470554538647, 0.4030595823022089], Energy: -29.75947173459931
Eval count: 55, θ = [0.4235314764128536, -6.395235660452537, -5.799998324334512, -1.1136618131887803, 5.162979190221785, 6.119670953038083, 4.8729554878134, -5.090756853725446, -2.975493210221586, -1.4765995441440838, -0.0678248766087498, -3.0870729827379004, -4.257340545870153, 6.077668282470447, 2.3686304353135434, 6.118216602446261, 5.253731777618479, 2.036017540331255, 3.5289927317754777, -2.363002379061484, 4.023614645186942, -3.4672638882772584, 1.5160760112174012, 1.584470554538647, 0.4030595823022089], Energy: -29.759471734165388
Eval count: 56, θ = [0.4235314764128536, -6.395235660452537, -5.799998324334512, -1.1136618131887803, 5.162979190221785, 6.119670953038083, 4.8729554878134, -5.090756853725446, -2.975493210221586, -1.4765995441440838, -0.0678248766087498, -3.0870729827379004, -4.257340545870153, 6.077668282470447, 2.3686304353135434, 6.118216602446261, 5.253731777618479, 2.036017540331255, 3.5289927317754777, -2.363002379061484, 4.023614645186942, -3.4672638882772584, 1.51607599631624, 1.5844705694398082, 0.4030595823022089], Energy: -29.75947173350405
Eval count: 57, θ = [0.4235314764128536, -6.395235660452537, -5.799998324334512, -1.1136618131887803, 5.162979190221785, 6.119670953038083, 4.8729554878134, -5.090756853725446, -2.975493210221586, -1.4765995441440838, -0.0678248766087498, -3.0870729827379004, -4.257340545870153, 6.077668282470447, 2.3686304353135434, 6.118216602446261, 5.253731777618479, 2.036017540331255, 3.5289927317754777, -2.363002379061484, 4.023614645186942, -3.4672638882772584, 1.51607599631624, 1.584470554538647, 0.4030595972033701], Energy: -29.759471733502373
Eval count: 58, θ = [3.9508059187263447, -12.287226388964001, -8.654887807480538, 0.11994217972202259, 1.2083751698844174, 8.957854888977376, 4.545170001648145, -5.534059564864517, -7.435602172319267, -4.1055883684211825, 0.511445405813803, -2.9848781805106173, -4.2637344411432645, 6.694036151157476, 3.3630807213734357, 7.279208225251384, 5.950088411107827, 0.6432417316278165, 2.917762769282067, -1.600852299836602, 4.332579598289306, -3.421211645783679, 1.57391396378621, 1.5862973851555606, 0.4027713510440014], Energy: -28.52180491173385
Eval count: 59, θ = [2.164172341061169, -9.302817705429277, -7.208830378570519, -0.5049023996611176, 3.2114595469736917, 7.5202591468629105, 4.711199769229836, -5.309518060724681, -5.176469643209167, -2.773954046913942, 0.21803366424233722, -3.036641849062124, -4.260495807979375, 6.381833755681868, 2.85937217772294, 6.691143233254013, 5.597370139884808, 1.3487099526821549, 3.227362714657879, -1.9868962397207461, 4.176082799255893, -3.4445380084218646, 1.544617900654253, 1.5853720596742964, 0.4029173458205543], Energy: -27.009031687193165
Eval count: 60, θ = [1.2449800615871858, -7.767390713015319, -6.464858676176382, -0.826374200269909, 4.242012043900104, 6.7806408369444515, 4.796619232085443, -5.193995314702781, -4.014184771243272, -2.088851067369794, 0.06707836432462208, -3.0632733671778727, -4.258829586859661, 6.221210987173571, 2.60022278625472, 6.388593898443395, 5.4159026494096185, 1.7116612317322337, 3.386646567302646, -2.1855092141522188, 4.095567884931998, -3.4565390212278877, 1.529545579509887, 1.5848959956122461, 0.40299245762474767], Energy: -27.077249841262066
Eval count: 61, θ = [0.7892888836138447, -7.006200099811322, -6.096033405323558, -0.9857444068913817, 4.752910244172744, 6.413973768014905, 4.838966079986294, -5.136724711595062, -3.4379800159663616, -1.749210068687587, -0.0077579892620157215, -3.0764759887972892, -4.258003554829409, 6.1415819691483415, 2.471749022814488, 6.238604537290581, 5.325939824062753, 1.8915949622373562, 3.4656118154500337, -2.2839719431160215, 4.055652475531829, -3.4624885442869577, 1.5220734499778599, 1.5846599860220105, 0.4030296944328638], Energy: -26.011409332373923
Eval count: 62, θ = [0.5554945209518003, -6.615667908536882, -5.906805978283624, -1.0675099921943416, 5.015028812386315, 6.225853615961932, 4.860692316512877, -5.107341776835629, -3.1423556325364816, -1.574955760816276, -0.04615310954622487, -3.0832496518747874, -4.257579755463992, 6.100727951299214, 2.4058349935460517, 6.161651836005544, 5.279784000926591, 1.9839107538924456, 3.506125283244551, -2.334488679179331, 4.035173699219744, -3.465540973254147, 1.5182398410643894, 1.5845389002639394, 0.40304879894100853], Energy: -29.738326538019187
Eval count: 63, θ = [0.48911730895635175, -6.504790820842762, -5.853081889742879, -1.0907242884151274, 5.089447628871663, 6.172443896962478, 4.866860673146321, -5.098999585572468, -3.058424086255727, -1.5254827324549642, -0.05705397563074935, -3.0851727815215475, -4.257459433399757, 6.08912897272351, 2.3871211569744246, 6.139803979159642, 5.266679771969787, 2.010120388733279, 3.517627575300903, -2.3488310271333726, 4.029359512507981, -3.4664075969072976, 1.517151430425828, 1.5845045224673937, 0.4030542229553977], Energy: -30.7659222051592
Eval count: 64, θ = [0.48911732385751294, -6.504790820842762, -5.853081889742879, -1.0907242884151274, 5.089447628871663, 6.172443896962478, 4.866860673146321, -5.098999585572468, -3.058424086255727, -1.5254827324549642, -0.05705397563074935, -3.0851727815215475, -4.257459433399757, 6.08912897272351, 2.3871211569744246, 6.139803979159642, 5.266679771969787, 2.010120388733279, 3.517627575300903, -2.3488310271333726, 4.029359512507981, -3.4664075969072976, 1.517151430425828, 1.5845045224673937, 0.4030542229553977], Energy: -30.765922425306734
Eval count: 65, θ = [0.48911730895635175, -6.5047908059416, -5.853081889742879, -1.0907242884151274, 5.089447628871663, 6.172443896962478, 4.866860673146321, -5.098999585572468, -3.058424086255727, -1.5254827324549642, -0.05705397563074935, -3.0851727815215475, -4.257459433399757, 6.08912897272351, 2.3871211569744246, 6.139803979159642, 5.266679771969787, 2.010120388733279, 3.517627575300903, -2.3488310271333726, 4.029359512507981, -3.4664075969072976, 1.517151430425828, 1.5845045224673937, 0.4030542229553977], Energy: -30.76592238040332
Eval count: 66, θ = [0.48911730895635175, -6.504790820842762, -5.853081874841718, -1.0907242884151274, 5.089447628871663, 6.172443896962478, 4.866860673146321, -5.098999585572468, -3.058424086255727, -1.5254827324549642, -0.05705397563074935, -3.0851727815215475, -4.257459433399757, 6.08912897272351, 2.3871211569744246, 6.139803979159642, 5.266679771969787, 2.010120388733279, 3.517627575300903, -2.3488310271333726, 4.029359512507981, -3.4664075969072976, 1.517151430425828, 1.5845045224673937, 0.4030542229553977], Energy: -30.76592214819872
Eval count: 67, θ = [0.48911730895635175, -6.504790820842762, -5.853081889742879, -1.0907242735139662, 5.089447628871663, 6.172443896962478, 4.866860673146321, -5.098999585572468, -3.058424086255727, -1.5254827324549642, -0.05705397563074935, -3.0851727815215475, -4.257459433399757, 6.08912897272351, 2.3871211569744246, 6.139803979159642, 5.266679771969787, 2.010120388733279, 3.517627575300903, -2.3488310271333726, 4.029359512507981, -3.4664075969072976, 1.517151430425828, 1.5845045224673937, 0.4030542229553977], Energy: -30.76592217091484
Eval count: 68, θ = [0.48911730895635175, -6.504790820842762, -5.853081889742879, -1.0907242884151274, 5.089447643772824, 6.172443896962478, 4.866860673146321, -5.098999585572468, -3.058424086255727, -1.5254827324549642, -0.05705397563074935, -3.0851727815215475, -4.257459433399757, 6.08912897272351, 2.3871211569744246, 6.139803979159642, 5.266679771969787, 2.010120388733279, 3.517627575300903, -2.3488310271333726, 4.029359512507981, -3.4664075969072976, 1.517151430425828, 1.5845045224673937, 0.4030542229553977], Energy: -30.765922177300247
Eval count: 69, θ = [0.48911730895635175, -6.504790820842762, -5.853081889742879, -1.0907242884151274, 5.089447628871663, 6.172443911863639, 4.866860673146321, -5.098999585572468, -3.058424086255727, -1.5254827324549642, -0.05705397563074935, -3.0851727815215475, -4.257459433399757, 6.08912897272351, 2.3871211569744246, 6.139803979159642, 5.266679771969787, 2.010120388733279, 3.517627575300903, -2.3488310271333726, 4.029359512507981, -3.4664075969072976, 1.517151430425828, 1.5845045224673937, 0.4030542229553977], Energy: -30.765922265078363
Eval count: 70, θ = [0.48911730895635175, -6.504790820842762, -5.853081889742879, -1.0907242884151274, 5.089447628871663, 6.172443896962478, 4.866860688047482, -5.098999585572468, -3.058424086255727, -1.5254827324549642, -0.05705397563074935, -3.0851727815215475, -4.257459433399757, 6.08912897272351, 2.3871211569744246, 6.139803979159642, 5.266679771969787, 2.010120388733279, 3.517627575300903, -2.3488310271333726, 4.029359512507981, -3.4664075969072976, 1.517151430425828, 1.5845045224673937, 0.4030542229553977], Energy: -30.765922209291517
Eval count: 71, θ = [0.48911730895635175, -6.504790820842762, -5.853081889742879, -1.0907242884151274, 5.089447628871663, 6.172443896962478, 4.866860673146321, -5.098999570671307, -3.058424086255727, -1.5254827324549642, -0.05705397563074935, -3.0851727815215475, -4.257459433399757, 6.08912897272351, 2.3871211569744246, 6.139803979159642, 5.266679771969787, 2.010120388733279, 3.517627575300903, -2.3488310271333726, 4.029359512507981, -3.4664075969072976, 1.517151430425828, 1.5845045224673937, 0.4030542229553977], Energy: -30.76592219717218
Eval count: 72, θ = [0.48911730895635175, -6.504790820842762, -5.853081889742879, -1.0907242884151274, 5.089447628871663, 6.172443896962478, 4.866860673146321, -5.098999585572468, -3.058424071354566, -1.5254827324549642, -0.05705397563074935, -3.0851727815215475, -4.257459433399757, 6.08912897272351, 2.3871211569744246, 6.139803979159642, 5.266679771969787, 2.010120388733279, 3.517627575300903, -2.3488310271333726, 4.029359512507981, -3.4664075969072976, 1.517151430425828, 1.5845045224673937, 0.4030542229553977], Energy: -30.765922241827376
Eval count: 73, θ = [0.48911730895635175, -6.504790820842762, -5.853081889742879, -1.0907242884151274, 5.089447628871663, 6.172443896962478, 4.866860673146321, -5.098999585572468, -3.058424086255727, -1.525482717553803, -0.05705397563074935, -3.0851727815215475, -4.257459433399757, 6.08912897272351, 2.3871211569744246, 6.139803979159642, 5.266679771969787, 2.010120388733279, 3.517627575300903, -2.3488310271333726, 4.029359512507981, -3.4664075969072976, 1.517151430425828, 1.5845045224673937, 0.4030542229553977], Energy: -30.765922197082094
Eval count: 74, θ = [0.48911730895635175, -6.504790820842762, -5.853081889742879, -1.0907242884151274, 5.089447628871663, 6.172443896962478, 4.866860673146321, -5.098999585572468, -3.058424086255727, -1.5254827324549642, -0.057053960729588155, -3.0851727815215475, -4.257459433399757, 6.08912897272351, 2.3871211569744246, 6.139803979159642, 5.266679771969787, 2.010120388733279, 3.517627575300903, -2.3488310271333726, 4.029359512507981, -3.4664075969072976, 1.517151430425828, 1.5845045224673937, 0.4030542229553977], Energy: -30.765922205605072
Eval count: 75, θ = [0.48911730895635175, -6.504790820842762, -5.853081889742879, -1.0907242884151274, 5.089447628871663, 6.172443896962478, 4.866860673146321, -5.098999585572468, -3.058424086255727, -1.5254827324549642, -0.05705397563074935, -3.0851727666203863, -4.257459433399757, 6.08912897272351, 2.3871211569744246, 6.139803979159642, 5.266679771969787, 2.010120388733279, 3.517627575300903, -2.3488310271333726, 4.029359512507981, -3.4664075969072976, 1.517151430425828, 1.5845045224673937, 0.4030542229553977], Energy: -30.7659222052283
Eval count: 76, θ = [0.48911730895635175, -6.504790820842762, -5.853081889742879, -1.0907242884151274, 5.089447628871663, 6.172443896962478, 4.866860673146321, -5.098999585572468, -3.058424086255727, -1.5254827324549642, -0.05705397563074935, -3.0851727815215475, -4.257459418498596, 6.08912897272351, 2.3871211569744246, 6.139803979159642, 5.266679771969787, 2.010120388733279, 3.517627575300903, -2.3488310271333726, 4.029359512507981, -3.4664075969072976, 1.517151430425828, 1.5845045224673937, 0.4030542229553977], Energy: -30.765922207516518
Eval count: 77, θ = [0.48911730895635175, -6.504790820842762, -5.853081889742879, -1.0907242884151274, 5.089447628871663, 6.172443896962478, 4.866860673146321, -5.098999585572468, -3.058424086255727, -1.5254827324549642, -0.05705397563074935, -3.0851727815215475, -4.257459433399757, 6.0891289876246715, 2.3871211569744246, 6.139803979159642, 5.266679771969787, 2.010120388733279, 3.517627575300903, -2.3488310271333726, 4.029359512507981, -3.4664075969072976, 1.517151430425828, 1.5845045224673937, 0.4030542229553977], Energy: -30.76592220245448
Eval count: 78, θ = [0.48911730895635175, -6.504790820842762, -5.853081889742879, -1.0907242884151274, 5.089447628871663, 6.172443896962478, 4.866860673146321, -5.098999585572468, -3.058424086255727, -1.5254827324549642, -0.05705397563074935, -3.0851727815215475, -4.257459433399757, 6.08912897272351, 2.387121171875586, 6.139803979159642, 5.266679771969787, 2.010120388733279, 3.517627575300903, -2.3488310271333726, 4.029359512507981, -3.4664075969072976, 1.517151430425828, 1.5845045224673937, 0.4030542229553977], Energy: -30.765922206735638
Eval count: 79, θ = [0.48911730895635175, -6.504790820842762, -5.853081889742879, -1.0907242884151274, 5.089447628871663, 6.172443896962478, 4.866860673146321, -5.098999585572468, -3.058424086255727, -1.5254827324549642, -0.05705397563074935, -3.0851727815215475, -4.257459433399757, 6.08912897272351, 2.3871211569744246, 6.139803994060803, 5.266679771969787, 2.010120388733279, 3.517627575300903, -2.3488310271333726, 4.029359512507981, -3.4664075969072976, 1.517151430425828, 1.5845045224673937, 0.4030542229553977], Energy: -30.76592220798328
Eval count: 80, θ = [0.48911730895635175, -6.504790820842762, -5.853081889742879, -1.0907242884151274, 5.089447628871663, 6.172443896962478, 4.866860673146321, -5.098999585572468, -3.058424086255727, -1.5254827324549642, -0.05705397563074935, -3.0851727815215475, -4.257459433399757, 6.08912897272351, 2.3871211569744246, 6.139803979159642, 5.266679786870948, 2.010120388733279, 3.517627575300903, -2.3488310271333726, 4.029359512507981, -3.4664075969072976, 1.517151430425828, 1.5845045224673937, 0.4030542229553977], Energy: -30.76592221573915
Eval count: 81, θ = [0.48911730895635175, -6.504790820842762, -5.853081889742879, -1.0907242884151274, 5.089447628871663, 6.172443896962478, 4.866860673146321, -5.098999585572468, -3.058424086255727, -1.5254827324549642, -0.05705397563074935, -3.0851727815215475, -4.257459433399757, 6.08912897272351, 2.3871211569744246, 6.139803979159642, 5.266679771969787, 2.0101204036344402, 3.517627575300903, -2.3488310271333726, 4.029359512507981, -3.4664075969072976, 1.517151430425828, 1.5845045224673937, 0.4030542229553977], Energy: -30.765922197648905
Eval count: 82, θ = [0.48911730895635175, -6.504790820842762, -5.853081889742879, -1.0907242884151274, 5.089447628871663, 6.172443896962478, 4.866860673146321, -5.098999585572468, -3.058424086255727, -1.5254827324549642, -0.05705397563074935, -3.0851727815215475, -4.257459433399757, 6.08912897272351, 2.3871211569744246, 6.139803979159642, 5.266679771969787, 2.010120388733279, 3.517627590202064, -2.3488310271333726, 4.029359512507981, -3.4664075969072976, 1.517151430425828, 1.5845045224673937, 0.4030542229553977], Energy: -30.765922203455325
Eval count: 83, θ = [0.48911730895635175, -6.504790820842762, -5.853081889742879, -1.0907242884151274, 5.089447628871663, 6.172443896962478, 4.866860673146321, -5.098999585572468, -3.058424086255727, -1.5254827324549642, -0.05705397563074935, -3.0851727815215475, -4.257459433399757, 6.08912897272351, 2.3871211569744246, 6.139803979159642, 5.266679771969787, 2.010120388733279, 3.517627575300903, -2.3488310122322114, 4.029359512507981, -3.4664075969072976, 1.517151430425828, 1.5845045224673937, 0.4030542229553977], Energy: -30.765922205980726
Eval count: 84, θ = [0.48911730895635175, -6.504790820842762, -5.853081889742879, -1.0907242884151274, 5.089447628871663, 6.172443896962478, 4.866860673146321, -5.098999585572468, -3.058424086255727, -1.5254827324549642, -0.05705397563074935, -3.0851727815215475, -4.257459433399757, 6.08912897272351, 2.3871211569744246, 6.139803979159642, 5.266679771969787, 2.010120388733279, 3.517627575300903, -2.3488310271333726, 4.0293595274091425, -3.4664075969072976, 1.517151430425828, 1.5845045224673937, 0.4030542229553977], Energy: -30.76592220525242
Eval count: 85, θ = [0.48911730895635175, -6.504790820842762, -5.853081889742879, -1.0907242884151274, 5.089447628871663, 6.172443896962478, 4.866860673146321, -5.098999585572468, -3.058424086255727, -1.5254827324549642, -0.05705397563074935, -3.0851727815215475, -4.257459433399757, 6.08912897272351, 2.3871211569744246, 6.139803979159642, 5.266679771969787, 2.010120388733279, 3.517627575300903, -2.3488310271333726, 4.029359512507981, -3.4664075820061364, 1.517151430425828, 1.5845045224673937, 0.4030542229553977], Energy: -30.765922205435864
Eval count: 86, θ = [0.48911730895635175, -6.504790820842762, -5.853081889742879, -1.0907242884151274, 5.089447628871663, 6.172443896962478, 4.866860673146321, -5.098999585572468, -3.058424086255727, -1.5254827324549642, -0.05705397563074935, -3.0851727815215475, -4.257459433399757, 6.08912897272351, 2.3871211569744246, 6.139803979159642, 5.266679771969787, 2.010120388733279, 3.517627575300903, -2.3488310271333726, 4.029359512507981, -3.4664075969072976, 1.5171514453269892, 1.5845045224673937, 0.4030542229553977], Energy: -30.765922205435636
Eval count: 87, θ = [0.48911730895635175, -6.504790820842762, -5.853081889742879, -1.0907242884151274, 5.089447628871663, 6.172443896962478, 4.866860673146321, -5.098999585572468, -3.058424086255727, -1.5254827324549642, -0.05705397563074935, -3.0851727815215475, -4.257459433399757, 6.08912897272351, 2.3871211569744246, 6.139803979159642, 5.266679771969787, 2.010120388733279, 3.517627575300903, -2.3488310271333726, 4.029359512507981, -3.4664075969072976, 1.517151430425828, 1.584504537368555, 0.4030542229553977], Energy: -30.76592220516676
Eval count: 88, θ = [0.48911730895635175, -6.504790820842762, -5.853081889742879, -1.0907242884151274, 5.089447628871663, 6.172443896962478, 4.866860673146321, -5.098999585572468, -3.058424086255727, -1.5254827324549642, -0.05705397563074935, -3.0851727815215475, -4.257459433399757, 6.08912897272351, 2.3871211569744246, 6.139803979159642, 5.266679771969787, 2.010120388733279, 3.517627575300903, -2.3488310271333726, 4.029359512507981, -3.4664075969072976, 1.517151430425828, 1.5845045224673937, 0.4030542378565589], Energy: -30.76592220515819
Eval count: 89, θ = [10.420219385384325, -11.598212317886492, -13.749612330783307, 0.2033040234005239, 7.6702598269954825, 11.88406535024308, 4.366181907982156, -6.056879724007287, -8.850449300910356, -5.867929688725594, 1.0520414515221888, -2.906017838361004, -4.006519526095031, 7.266726088334009, 4.25096019281375, 8.204859905203957, 6.6847405037983325, -0.5900214619159927, 2.4802747196568355, -0.9106806602352537, 4.585240153103093, -3.4224539858052148, 1.6115199542040273, 1.5887207059677502, 0.4025382052661149], Energy: -23.268570990423473
Eval count: 90, θ = [5.170732080325685, -8.905877541516848, -9.5755804876668, -0.48070719136548423, 6.306066732761936, 8.864955881872634, 4.630836001899905, -5.55055327727621, -5.7888391592648105, -3.572553002996033, 0.4657840230785507, -3.000717459059903, -4.139164004783398, 6.644259310599059, 3.2657523798224184, 7.113290733466588, 5.935166916471596, 0.7843891051380578, 3.028609698459966, -1.6708734400191192, 4.291406866175336, -3.4456874519116125, 1.5616376386504887, 1.5864920709592094, 0.4028109673712901], Energy: -26.997442199422498
Eval count: 91, θ = [2.6877451721625403, -7.632413750933681, -7.601279795344505, -0.8042418134349809, 5.660808749201458, 7.436928943498797, 4.756016350418189, -5.311062853653596, -4.340709569108485, -2.486848832518809, 0.1884865585745034, -3.0455100082630966, -4.201904323005706, 6.349834965883912, 2.7997529480073924, 6.596982796086388, 5.5806215492995195, 1.4344799132723525, 3.287969993006079, -2.0304416435776953, 4.152424873796555, -3.4566767902643023, 1.5380434990191871, 1.585437935340299, 0.40293998277733556], Energy: -25.672450657238112
Eval count: 92, θ = [1.4159378058641336, -6.980134584960912, -6.590025907726924, -0.9699590446647482, 5.330302030073339, 6.705481196623655, 4.8201348074418435, -5.188393787650952, -3.5989650701501783, -1.930741767638905, 0.04645239929131391, -3.0684531393140975, -4.2340404565538545, 6.199028270449776, 2.561064009243853, 6.332525405723325, 5.399020346258947, 1.7674620469396298, 3.4208165787229126, -2.214615586851034, 4.081237095436127, -3.4623056244002166, 1.5259583766667857, 1.5848979979605244, 0.4030060655839888], Energy: -26.47343834565711
Eval count: 93, θ = [0.8268619803142887, -6.678011874897745, -6.12163326079438, -1.046715963504299, 5.177217904615864, 6.366689177678901, 4.849833198884664, -5.131575921015022, -3.255403800849903, -1.6731640581374427, -0.019334992615010073, -3.079079940371165, -4.2489252731554075, 6.129177614630832, 2.4505080497662934, 6.210034013017925, 5.3149062882366795, 1.9216927350778026, 3.4823484696572984, -2.299921286875622, 4.048264335238347, -3.4649127881919686, 1.5203607888439288, 1.5846479097269097, 0.4030366738230315], Energy: -31.398518169682646
Eval count: 94, θ = [0.8268619952154499, -6.678011874897745, -6.12163326079438, -1.046715963504299, 5.177217904615864, 6.366689177678901, 4.849833198884664, -5.131575921015022, -3.255403800849903, -1.6731640581374427, -0.019334992615010073, -3.079079940371165, -4.2489252731554075, 6.129177614630832, 2.4505080497662934, 6.210034013017925, 5.3149062882366795, 1.9216927350778026, 3.4823484696572984, -2.299921286875622, 4.048264335238347, -3.4649127881919686, 1.5203607888439288, 1.5846479097269097, 0.4030366738230315], Energy: -31.398518231297366
Eval count: 95, θ = [0.8268619803142887, -6.678011859996584, -6.12163326079438, -1.046715963504299, 5.177217904615864, 6.366689177678901, 4.849833198884664, -5.131575921015022, -3.255403800849903, -1.6731640581374427, -0.019334992615010073, -3.079079940371165, -4.2489252731554075, 6.129177614630832, 2.4505080497662934, 6.210034013017925, 5.3149062882366795, 1.9216927350778026, 3.4823484696572984, -2.299921286875622, 4.048264335238347, -3.4649127881919686, 1.5203607888439288, 1.5846479097269097, 0.4030366738230315], Energy: -31.39851838406826
Eval count: 96, θ = [0.8268619803142887, -6.678011874897745, -6.121633245893219, -1.046715963504299, 5.177217904615864, 6.366689177678901, 4.849833198884664, -5.131575921015022, -3.255403800849903, -1.6731640581374427, -0.019334992615010073, -3.079079940371165, -4.2489252731554075, 6.129177614630832, 2.4505080497662934, 6.210034013017925, 5.3149062882366795, 1.9216927350778026, 3.4823484696572984, -2.299921286875622, 4.048264335238347, -3.4649127881919686, 1.5203607888439288, 1.5846479097269097, 0.4030366738230315], Energy: -31.398518172893006
Eval count: 97, θ = [0.8268619803142887, -6.678011874897745, -6.12163326079438, -1.0467159486031379, 5.177217904615864, 6.366689177678901, 4.849833198884664, -5.131575921015022, -3.255403800849903, -1.6731640581374427, -0.019334992615010073, -3.079079940371165, -4.2489252731554075, 6.129177614630832, 2.4505080497662934, 6.210034013017925, 5.3149062882366795, 1.9216927350778026, 3.4823484696572984, -2.299921286875622, 4.048264335238347, -3.4649127881919686, 1.5203607888439288, 1.5846479097269097, 0.4030366738230315], Energy: -31.398518160107344
Eval count: 98, θ = [0.8268619803142887, -6.678011874897745, -6.12163326079438, -1.046715963504299, 5.177217919517025, 6.366689177678901, 4.849833198884664, -5.131575921015022, -3.255403800849903, -1.6731640581374427, -0.019334992615010073, -3.079079940371165, -4.2489252731554075, 6.129177614630832, 2.4505080497662934, 6.210034013017925, 5.3149062882366795, 1.9216927350778026, 3.4823484696572984, -2.299921286875622, 4.048264335238347, -3.4649127881919686, 1.5203607888439288, 1.5846479097269097, 0.4030366738230315], Energy: -31.39851809771941
Eval count: 99, θ = [0.8268619803142887, -6.678011874897745, -6.12163326079438, -1.046715963504299, 5.177217904615864, 6.366689192580062, 4.849833198884664, -5.131575921015022, -3.255403800849903, -1.6731640581374427, -0.019334992615010073, -3.079079940371165, -4.2489252731554075, 6.129177614630832, 2.4505080497662934, 6.210034013017925, 5.3149062882366795, 1.9216927350778026, 3.4823484696572984, -2.299921286875622, 4.048264335238347, -3.4649127881919686, 1.5203607888439288, 1.5846479097269097, 0.4030366738230315], Energy: -31.398518136971457
Eval count: 100, θ = [0.8268619803142887, -6.678011874897745, -6.12163326079438, -1.046715963504299, 5.177217904615864, 6.366689177678901, 4.849833213785825, -5.131575921015022, -3.255403800849903, -1.6731640581374427, -0.019334992615010073, -3.079079940371165, -4.2489252731554075, 6.129177614630832, 2.4505080497662934, 6.210034013017925, 5.3149062882366795, 1.9216927350778026, 3.4823484696572984, -2.299921286875622, 4.048264335238347, -3.4649127881919686, 1.5203607888439288, 1.5846479097269097, 0.4030366738230315], Energy: -31.398518163374423
Eval count: 101, θ = [0.8268619803142887, -6.678011874897745, -6.12163326079438, -1.046715963504299, 5.177217904615864, 6.366689177678901, 4.849833198884664, -5.131575906113861, -3.255403800849903, -1.6731640581374427, -0.019334992615010073, -3.079079940371165, -4.2489252731554075, 6.129177614630832, 2.4505080497662934, 6.210034013017925, 5.3149062882366795, 1.9216927350778026, 3.4823484696572984, -2.299921286875622, 4.048264335238347, -3.4649127881919686, 1.5203607888439288, 1.5846479097269097, 0.4030366738230315], Energy: -31.398518177044814
Eval count: 102, θ = [0.8268619803142887, -6.678011874897745, -6.12163326079438, -1.046715963504299, 5.177217904615864, 6.366689177678901, 4.849833198884664, -5.131575921015022, -3.255403785948742, -1.6731640581374427, -0.019334992615010073, -3.079079940371165, -4.2489252731554075, 6.129177614630832, 2.4505080497662934, 6.210034013017925, 5.3149062882366795, 1.9216927350778026, 3.4823484696572984, -2.299921286875622, 4.048264335238347, -3.4649127881919686, 1.5203607888439288, 1.5846479097269097, 0.4030366738230315], Energy: -31.398518270194046
Eval count: 103, θ = [0.8268619803142887, -6.678011874897745, -6.12163326079438, -1.046715963504299, 5.177217904615864, 6.366689177678901, 4.849833198884664, -5.131575921015022, -3.255403800849903, -1.6731640432362815, -0.019334992615010073, -3.079079940371165, -4.2489252731554075, 6.129177614630832, 2.4505080497662934, 6.210034013017925, 5.3149062882366795, 1.9216927350778026, 3.4823484696572984, -2.299921286875622, 4.048264335238347, -3.4649127881919686, 1.5203607888439288, 1.5846479097269097, 0.4030366738230315], Energy: -31.398518165680013
Eval count: 104, θ = [0.8268619803142887, -6.678011874897745, -6.12163326079438, -1.046715963504299, 5.177217904615864, 6.366689177678901, 4.849833198884664, -5.131575921015022, -3.255403800849903, -1.6731640581374427, -0.01933497771384888, -3.079079940371165, -4.2489252731554075, 6.129177614630832, 2.4505080497662934, 6.210034013017925, 5.3149062882366795, 1.9216927350778026, 3.4823484696572984, -2.299921286875622, 4.048264335238347, -3.4649127881919686, 1.5203607888439288, 1.5846479097269097, 0.4030366738230315], Energy: -31.398518170757733
Eval count: 105, θ = [0.8268619803142887, -6.678011874897745, -6.12163326079438, -1.046715963504299, 5.177217904615864, 6.366689177678901, 4.849833198884664, -5.131575921015022, -3.255403800849903, -1.6731640581374427, -0.019334992615010073, -3.079079925470004, -4.2489252731554075, 6.129177614630832, 2.4505080497662934, 6.210034013017925, 5.3149062882366795, 1.9216927350778026, 3.4823484696572984, -2.299921286875622, 4.048264335238347, -3.4649127881919686, 1.5203607888439288, 1.5846479097269097, 0.4030366738230315], Energy: -31.39851816972057
Eval count: 106, θ = [0.8268619803142887, -6.678011874897745, -6.12163326079438, -1.046715963504299, 5.177217904615864, 6.366689177678901, 4.849833198884664, -5.131575921015022, -3.255403800849903, -1.6731640581374427, -0.019334992615010073, -3.079079940371165, -4.248925258254246, 6.129177614630832, 2.4505080497662934, 6.210034013017925, 5.3149062882366795, 1.9216927350778026, 3.4823484696572984, -2.299921286875622, 4.048264335238347, -3.4649127881919686, 1.5203607888439288, 1.5846479097269097, 0.4030366738230315], Energy: -31.398518172171833
Eval count: 107, θ = [0.8268619803142887, -6.678011874897745, -6.12163326079438, -1.046715963504299, 5.177217904615864, 6.366689177678901, 4.849833198884664, -5.131575921015022, -3.255403800849903, -1.6731640581374427, -0.019334992615010073, -3.079079940371165, -4.2489252731554075, 6.129177629531993, 2.4505080497662934, 6.210034013017925, 5.3149062882366795, 1.9216927350778026, 3.4823484696572984, -2.299921286875622, 4.048264335238347, -3.4649127881919686, 1.5203607888439288, 1.5846479097269097, 0.4030366738230315], Energy: -31.39851817442723
Eval count: 108, θ = [0.8268619803142887, -6.678011874897745, -6.12163326079438, -1.046715963504299, 5.177217904615864, 6.366689177678901, 4.849833198884664, -5.131575921015022, -3.255403800849903, -1.6731640581374427, -0.019334992615010073, -3.079079940371165, -4.2489252731554075, 6.129177614630832, 2.4505080646674546, 6.210034013017925, 5.3149062882366795, 1.9216927350778026, 3.4823484696572984, -2.299921286875622, 4.048264335238347, -3.4649127881919686, 1.5203607888439288, 1.5846479097269097, 0.4030366738230315], Energy: -31.39851816898299
Eval count: 109, θ = [0.8268619803142887, -6.678011874897745, -6.12163326079438, -1.046715963504299, 5.177217904615864, 6.366689177678901, 4.849833198884664, -5.131575921015022, -3.255403800849903, -1.6731640581374427, -0.019334992615010073, -3.079079940371165, -4.2489252731554075, 6.129177614630832, 2.4505080497662934, 6.210034027919086, 5.3149062882366795, 1.9216927350778026, 3.4823484696572984, -2.299921286875622, 4.048264335238347, -3.4649127881919686, 1.5203607888439288, 1.5846479097269097, 0.4030366738230315], Energy: -31.39851817021858
Eval count: 110, θ = [0.8268619803142887, -6.678011874897745, -6.12163326079438, -1.046715963504299, 5.177217904615864, 6.366689177678901, 4.849833198884664, -5.131575921015022, -3.255403800849903, -1.6731640581374427, -0.019334992615010073, -3.079079940371165, -4.2489252731554075, 6.129177614630832, 2.4505080497662934, 6.210034013017925, 5.314906303137841, 1.9216927350778026, 3.4823484696572984, -2.299921286875622, 4.048264335238347, -3.4649127881919686, 1.5203607888439288, 1.5846479097269097, 0.4030366738230315], Energy: -31.39851815151694
Eval count: 111, θ = [0.8268619803142887, -6.678011874897745, -6.12163326079438, -1.046715963504299, 5.177217904615864, 6.366689177678901, 4.849833198884664, -5.131575921015022, -3.255403800849903, -1.6731640581374427, -0.019334992615010073, -3.079079940371165, -4.2489252731554075, 6.129177614630832, 2.4505080497662934, 6.210034013017925, 5.3149062882366795, 1.9216927499789638, 3.4823484696572984, -2.299921286875622, 4.048264335238347, -3.4649127881919686, 1.5203607888439288, 1.5846479097269097, 0.4030366738230315], Energy: -31.398518180545764
Eval count: 112, θ = [0.8268619803142887, -6.678011874897745, -6.12163326079438, -1.046715963504299, 5.177217904615864, 6.366689177678901, 4.849833198884664, -5.131575921015022, -3.255403800849903, -1.6731640581374427, -0.019334992615010073, -3.079079940371165, -4.2489252731554075, 6.129177614630832, 2.4505080497662934, 6.210034013017925, 5.3149062882366795, 1.9216927350778026, 3.4823484845584596, -2.299921286875622, 4.048264335238347, -3.4649127881919686, 1.5203607888439288, 1.5846479097269097, 0.4030366738230315], Energy: -31.398518170681708
Eval count: 113, θ = [0.8268619803142887, -6.678011874897745, -6.12163326079438, -1.046715963504299, 5.177217904615864, 6.366689177678901, 4.849833198884664, -5.131575921015022, -3.255403800849903, -1.6731640581374427, -0.019334992615010073, -3.079079940371165, -4.2489252731554075, 6.129177614630832, 2.4505080497662934, 6.210034013017925, 5.3149062882366795, 1.9216927350778026, 3.4823484696572984, -2.2999212719744606, 4.048264335238347, -3.4649127881919686, 1.5203607888439288, 1.5846479097269097, 0.4030366738230315], Energy: -31.398518170931396
Eval count: 114, θ = [0.8268619803142887, -6.678011874897745, -6.12163326079438, -1.046715963504299, 5.177217904615864, 6.366689177678901, 4.849833198884664, -5.131575921015022, -3.255403800849903, -1.6731640581374427, -0.019334992615010073, -3.079079940371165, -4.2489252731554075, 6.129177614630832, 2.4505080497662934, 6.210034013017925, 5.3149062882366795, 1.9216927350778026, 3.4823484696572984, -2.299921286875622, 4.048264350139508, -3.4649127881919686, 1.5203607888439288, 1.5846479097269097, 0.4030366738230315], Energy: -31.39851817028657
Eval count: 115, θ = [0.8268619803142887, -6.678011874897745, -6.12163326079438, -1.046715963504299, 5.177217904615864, 6.366689177678901, 4.849833198884664, -5.131575921015022, -3.255403800849903, -1.6731640581374427, -0.019334992615010073, -3.079079940371165, -4.2489252731554075, 6.129177614630832, 2.4505080497662934, 6.210034013017925, 5.3149062882366795, 1.9216927350778026, 3.4823484696572984, -2.299921286875622, 4.048264335238347, -3.4649127732908074, 1.5203607888439288, 1.5846479097269097, 0.4030366738230315], Energy: -31.39851816957151
Eval count: 116, θ = [0.8268619803142887, -6.678011874897745, -6.12163326079438, -1.046715963504299, 5.177217904615864, 6.366689177678901, 4.849833198884664, -5.131575921015022, -3.255403800849903, -1.6731640581374427, -0.019334992615010073, -3.079079940371165, -4.2489252731554075, 6.129177614630832, 2.4505080497662934, 6.210034013017925, 5.3149062882366795, 1.9216927350778026, 3.4823484696572984, -2.299921286875622, 4.048264335238347, -3.4649127881919686, 1.52036080374509, 1.5846479097269097, 0.4030366738230315], Energy: -31.398518169523037
Eval count: 117, θ = [0.8268619803142887, -6.678011874897745, -6.12163326079438, -1.046715963504299, 5.177217904615864, 6.366689177678901, 4.849833198884664, -5.131575921015022, -3.255403800849903, -1.6731640581374427, -0.019334992615010073, -3.079079940371165, -4.2489252731554075, 6.129177614630832, 2.4505080497662934, 6.210034013017925, 5.3149062882366795, 1.9216927350778026, 3.4823484696572984, -2.299921286875622, 4.048264335238347, -3.4649127881919686, 1.5203607888439288, 1.584647924628071, 0.4030366738230315], Energy: -31.398518169679463
Eval count: 118, θ = [0.8268619803142887, -6.678011874897745, -6.12163326079438, -1.046715963504299, 5.177217904615864, 6.366689177678901, 4.849833198884664, -5.131575921015022, -3.255403800849903, -1.6731640581374427, -0.019334992615010073, -3.079079940371165, -4.2489252731554075, 6.129177614630832, 2.4505080497662934, 6.210034013017925, 5.3149062882366795, 1.9216927350778026, 3.4823484696572984, -2.299921286875622, 4.048264335238347, -3.4649127881919686, 1.5203607888439288, 1.5846479097269097, 0.4030366887241927], Energy: -31.398518169682994
Eval count: 119, θ = [0.8407145992969065, -5.914348809944165, -7.728508687652703, 0.12924341964544395, 4.822269064585422, 5.7917935953147115, 4.286627097083129, -5.029799840926832, -2.9821837818815897, -3.3883066511559417, 0.4756004145131412, -3.0046770241566687, -4.111527976437168, 6.882613568487009, 3.163458154939254, 7.011946213836797, 4.930123382565883, 1.4513379724650983, 3.136896411784492, -1.6715725095467762, 4.301284746091984, -3.460371734505062, 1.5454603381305492, 1.5861125751273033, 0.4028630232462579], Energy: -24.198642921270398
Eval count: 120, θ = [0.8316360505180447, -6.414828350635759, -6.675415625424342, -0.6414415053699202, 5.054890806528968, 6.1685611649558405, 4.655733767393901, -5.096500521048142, -3.1612431548909705, -2.26425886546571, 0.1512361017693254, -3.053438237107841, -4.2015736249824345, 6.3888365384961805, 2.696214212488435, 6.486399453283163, 5.182297385387144, 1.7595929429589494, 3.3632942764837064, -2.0833715370285892, 4.135463528828682, -3.4633477910511736, 1.5290109228386137, 1.5851526818176793, 0.40297682809671215], Energy: -34.26153859960658
Eval count: 121, θ = [0.8316360654192059, -6.414828350635759, -6.675415625424342, -0.6414415053699202, 5.054890806528968, 6.1685611649558405, 4.655733767393901, -5.096500521048142, -3.1612431548909705, -2.26425886546571, 0.1512361017693254, -3.053438237107841, -4.2015736249824345, 6.3888365384961805, 2.696214212488435, 6.486399453283163, 5.182297385387144, 1.7595929429589494, 3.3632942764837064, -2.0833715370285892, 4.135463528828682, -3.4633477910511736, 1.5290109228386137, 1.5851526818176793, 0.40297682809671215], Energy: -34.2615385930036
Eval count: 122, θ = [0.8316360505180447, -6.414828335734597, -6.675415625424342, -0.6414415053699202, 5.054890806528968, 6.1685611649558405, 4.655733767393901, -5.096500521048142, -3.1612431548909705, -2.26425886546571, 0.1512361017693254, -3.053438237107841, -4.2015736249824345, 6.3888365384961805, 2.696214212488435, 6.486399453283163, 5.182297385387144, 1.7595929429589494, 3.3632942764837064, -2.0833715370285892, 4.135463528828682, -3.4633477910511736, 1.5290109228386137, 1.5851526818176793, 0.40297682809671215], Energy: -34.261538756781135
Eval count: 123, θ = [0.8316360505180447, -6.414828350635759, -6.6754156105231806, -0.6414415053699202, 5.054890806528968, 6.1685611649558405, 4.655733767393901, -5.096500521048142, -3.1612431548909705, -2.26425886546571, 0.1512361017693254, -3.053438237107841, -4.2015736249824345, 6.3888365384961805, 2.696214212488435, 6.486399453283163, 5.182297385387144, 1.7595929429589494, 3.3632942764837064, -2.0833715370285892, 4.135463528828682, -3.4633477910511736, 1.5290109228386137, 1.5851526818176793, 0.40297682809671215], Energy: -34.26153861164781
Eval count: 124, θ = [0.8316360505180447, -6.414828350635759, -6.675415625424342, -0.641441490468759, 5.054890806528968, 6.1685611649558405, 4.655733767393901, -5.096500521048142, -3.1612431548909705, -2.26425886546571, 0.1512361017693254, -3.053438237107841, -4.2015736249824345, 6.3888365384961805, 2.696214212488435, 6.486399453283163, 5.182297385387144, 1.7595929429589494, 3.3632942764837064, -2.0833715370285892, 4.135463528828682, -3.4633477910511736, 1.5290109228386137, 1.5851526818176793, 0.40297682809671215], Energy: -34.26153862944389
Eval count: 125, θ = [0.8316360505180447, -6.414828350635759, -6.675415625424342, -0.6414415053699202, 5.05489082143013, 6.1685611649558405, 4.655733767393901, -5.096500521048142, -3.1612431548909705, -2.26425886546571, 0.1512361017693254, -3.053438237107841, -4.2015736249824345, 6.3888365384961805, 2.696214212488435, 6.486399453283163, 5.182297385387144, 1.7595929429589494, 3.3632942764837064, -2.0833715370285892, 4.135463528828682, -3.4633477910511736, 1.5290109228386137, 1.5851526818176793, 0.40297682809671215], Energy: -34.26153886300253
Eval count: 126, θ = [0.8316360505180447, -6.414828350635759, -6.675415625424342, -0.6414415053699202, 5.054890806528968, 6.168561179857002, 4.655733767393901, -5.096500521048142, -3.1612431548909705, -2.26425886546571, 0.1512361017693254, -3.053438237107841, -4.2015736249824345, 6.3888365384961805, 2.696214212488435, 6.486399453283163, 5.182297385387144, 1.7595929429589494, 3.3632942764837064, -2.0833715370285892, 4.135463528828682, -3.4633477910511736, 1.5290109228386137, 1.5851526818176793, 0.40297682809671215], Energy: -34.26153867634347
Eval count: 127, θ = [0.8316360505180447, -6.414828350635759, -6.675415625424342, -0.6414415053699202, 5.054890806528968, 6.1685611649558405, 4.655733782295062, -5.096500521048142, -3.1612431548909705, -2.26425886546571, 0.1512361017693254, -3.053438237107841, -4.2015736249824345, 6.3888365384961805, 2.696214212488435, 6.486399453283163, 5.182297385387144, 1.7595929429589494, 3.3632942764837064, -2.0833715370285892, 4.135463528828682, -3.4633477910511736, 1.5290109228386137, 1.5851526818176793, 0.40297682809671215], Energy: -34.26153860853845
Eval count: 128, θ = [0.8316360505180447, -6.414828350635759, -6.675415625424342, -0.6414415053699202, 5.054890806528968, 6.1685611649558405, 4.655733767393901, -5.096500506146981, -3.1612431548909705, -2.26425886546571, 0.1512361017693254, -3.053438237107841, -4.2015736249824345, 6.3888365384961805, 2.696214212488435, 6.486399453283163, 5.182297385387144, 1.7595929429589494, 3.3632942764837064, -2.0833715370285892, 4.135463528828682, -3.4633477910511736, 1.5290109228386137, 1.5851526818176793, 0.40297682809671215], Energy: -34.261538605490536
Eval count: 129, θ = [0.8316360505180447, -6.414828350635759, -6.675415625424342, -0.6414415053699202, 5.054890806528968, 6.1685611649558405, 4.655733767393901, -5.096500521048142, -3.1612431399898093, -2.26425886546571, 0.1512361017693254, -3.053438237107841, -4.2015736249824345, 6.3888365384961805, 2.696214212488435, 6.486399453283163, 5.182297385387144, 1.7595929429589494, 3.3632942764837064, -2.0833715370285892, 4.135463528828682, -3.4633477910511736, 1.5290109228386137, 1.5851526818176793, 0.40297682809671215], Energy: -34.26153865863482
Eval count: 130, θ = [0.8316360505180447, -6.414828350635759, -6.675415625424342, -0.6414415053699202, 5.054890806528968, 6.1685611649558405, 4.655733767393901, -5.096500521048142, -3.1612431548909705, -2.264258850564549, 0.1512361017693254, -3.053438237107841, -4.2015736249824345, 6.3888365384961805, 2.696214212488435, 6.486399453283163, 5.182297385387144, 1.7595929429589494, 3.3632942764837064, -2.0833715370285892, 4.135463528828682, -3.4633477910511736, 1.5290109228386137, 1.5851526818176793, 0.40297682809671215], Energy: -34.26153859641664
Eval count: 131, θ = [0.8316360505180447, -6.414828350635759, -6.675415625424342, -0.6414415053699202, 5.054890806528968, 6.1685611649558405, 4.655733767393901, -5.096500521048142, -3.1612431548909705, -2.26425886546571, 0.1512361166704866, -3.053438237107841, -4.2015736249824345, 6.3888365384961805, 2.696214212488435, 6.486399453283163, 5.182297385387144, 1.7595929429589494, 3.3632942764837064, -2.0833715370285892, 4.135463528828682, -3.4633477910511736, 1.5290109228386137, 1.5851526818176793, 0.40297682809671215], Energy: -34.26153860238894
Eval count: 132, θ = [0.8316360505180447, -6.414828350635759, -6.675415625424342, -0.6414415053699202, 5.054890806528968, 6.1685611649558405, 4.655733767393901, -5.096500521048142, -3.1612431548909705, -2.26425886546571, 0.1512361017693254, -3.0534382222066796, -4.2015736249824345, 6.3888365384961805, 2.696214212488435, 6.486399453283163, 5.182297385387144, 1.7595929429589494, 3.3632942764837064, -2.0833715370285892, 4.135463528828682, -3.4633477910511736, 1.5290109228386137, 1.5851526818176793, 0.40297682809671215], Energy: -34.26153859930299
Eval count: 133, θ = [0.8316360505180447, -6.414828350635759, -6.675415625424342, -0.6414415053699202, 5.054890806528968, 6.1685611649558405, 4.655733767393901, -5.096500521048142, -3.1612431548909705, -2.26425886546571, 0.1512361017693254, -3.053438237107841, -4.201573610081273, 6.3888365384961805, 2.696214212488435, 6.486399453283163, 5.182297385387144, 1.7595929429589494, 3.3632942764837064, -2.0833715370285892, 4.135463528828682, -3.4633477910511736, 1.5290109228386137, 1.5851526818176793, 0.40297682809671215], Energy: -34.26153859948726
Eval count: 134, θ = [0.8316360505180447, -6.414828350635759, -6.675415625424342, -0.6414415053699202, 5.054890806528968, 6.1685611649558405, 4.655733767393901, -5.096500521048142, -3.1612431548909705, -2.26425886546571, 0.1512361017693254, -3.053438237107841, -4.2015736249824345, 6.388836553397342, 2.696214212488435, 6.486399453283163, 5.182297385387144, 1.7595929429589494, 3.3632942764837064, -2.0833715370285892, 4.135463528828682, -3.4633477910511736, 1.5290109228386137, 1.5851526818176793, 0.40297682809671215], Energy: -34.26153860015719
Eval count: 135, θ = [0.8316360505180447, -6.414828350635759, -6.675415625424342, -0.6414415053699202, 5.054890806528968, 6.1685611649558405, 4.655733767393901, -5.096500521048142, -3.1612431548909705, -2.26425886546571, 0.1512361017693254, -3.053438237107841, -4.2015736249824345, 6.3888365384961805, 2.6962142273895964, 6.486399453283163, 5.182297385387144, 1.7595929429589494, 3.3632942764837064, -2.0833715370285892, 4.135463528828682, -3.4633477910511736, 1.5290109228386137, 1.5851526818176793, 0.40297682809671215], Energy: -34.26153859959098
Eval count: 136, θ = [0.8316360505180447, -6.414828350635759, -6.675415625424342, -0.6414415053699202, 5.054890806528968, 6.1685611649558405, 4.655733767393901, -5.096500521048142, -3.1612431548909705, -2.26425886546571, 0.1512361017693254, -3.053438237107841, -4.2015736249824345, 6.3888365384961805, 2.696214212488435, 6.486399468184324, 5.182297385387144, 1.7595929429589494, 3.3632942764837064, -2.0833715370285892, 4.135463528828682, -3.4633477910511736, 1.5290109228386137, 1.5851526818176793, 0.40297682809671215], Energy: -34.261538599632665
Eval count: 137, θ = [0.8316360505180447, -6.414828350635759, -6.675415625424342, -0.6414415053699202, 5.054890806528968, 6.1685611649558405, 4.655733767393901, -5.096500521048142, -3.1612431548909705, -2.26425886546571, 0.1512361017693254, -3.053438237107841, -4.2015736249824345, 6.3888365384961805, 2.696214212488435, 6.486399453283163, 5.182297400288305, 1.7595929429589494, 3.3632942764837064, -2.0833715370285892, 4.135463528828682, -3.4633477910511736, 1.5290109228386137, 1.5851526818176793, 0.40297682809671215], Energy: -34.26153859830487
Eval count: 138, θ = [0.8316360505180447, -6.414828350635759, -6.675415625424342, -0.6414415053699202, 5.054890806528968, 6.1685611649558405, 4.655733767393901, -5.096500521048142, -3.1612431548909705, -2.26425886546571, 0.1512361017693254, -3.053438237107841, -4.2015736249824345, 6.3888365384961805, 2.696214212488435, 6.486399453283163, 5.182297385387144, 1.7595929578601106, 3.3632942764837064, -2.0833715370285892, 4.135463528828682, -3.4633477910511736, 1.5290109228386137, 1.5851526818176793, 0.40297682809671215], Energy: -34.26153859980816
Eval count: 139, θ = [0.8316360505180447, -6.414828350635759, -6.675415625424342, -0.6414415053699202, 5.054890806528968, 6.1685611649558405, 4.655733767393901, -5.096500521048142, -3.1612431548909705, -2.26425886546571, 0.1512361017693254, -3.053438237107841, -4.2015736249824345, 6.3888365384961805, 2.696214212488435, 6.486399453283163, 5.182297385387144, 1.7595929429589494, 3.3632942913848676, -2.0833715370285892, 4.135463528828682, -3.4633477910511736, 1.5290109228386137, 1.5851526818176793, 0.40297682809671215], Energy: -34.261538599595625
Eval count: 140, θ = [0.8316360505180447, -6.414828350635759, -6.675415625424342, -0.6414415053699202, 5.054890806528968, 6.1685611649558405, 4.655733767393901, -5.096500521048142, -3.1612431548909705, -2.26425886546571, 0.1512361017693254, -3.053438237107841, -4.2015736249824345, 6.3888365384961805, 2.696214212488435, 6.486399453283163, 5.182297385387144, 1.7595929429589494, 3.3632942764837064, -2.083371522127428, 4.135463528828682, -3.4633477910511736, 1.5290109228386137, 1.5851526818176793, 0.40297682809671215], Energy: -34.26153859961324
Eval count: 141, θ = [0.8316360505180447, -6.414828350635759, -6.675415625424342, -0.6414415053699202, 5.054890806528968, 6.1685611649558405, 4.655733767393901, -5.096500521048142, -3.1612431548909705, -2.26425886546571, 0.1512361017693254, -3.053438237107841, -4.2015736249824345, 6.3888365384961805, 2.696214212488435, 6.486399453283163, 5.182297385387144, 1.7595929429589494, 3.3632942764837064, -2.0833715370285892, 4.135463543729843, -3.4633477910511736, 1.5290109228386137, 1.5851526818176793, 0.40297682809671215], Energy: -34.261538599624316
Eval count: 142, θ = [0.8316360505180447, -6.414828350635759, -6.675415625424342, -0.6414415053699202, 5.054890806528968, 6.1685611649558405, 4.655733767393901, -5.096500521048142, -3.1612431548909705, -2.26425886546571, 0.1512361017693254, -3.053438237107841, -4.2015736249824345, 6.3888365384961805, 2.696214212488435, 6.486399453283163, 5.182297385387144, 1.7595929429589494, 3.3632942764837064, -2.0833715370285892, 4.135463528828682, -3.4633477761500124, 1.5290109228386137, 1.5851526818176793, 0.40297682809671215], Energy: -34.261538599613125
Eval count: 143, θ = [0.8316360505180447, -6.414828350635759, -6.675415625424342, -0.6414415053699202, 5.054890806528968, 6.1685611649558405, 4.655733767393901, -5.096500521048142, -3.1612431548909705, -2.26425886546571, 0.1512361017693254, -3.053438237107841, -4.2015736249824345, 6.3888365384961805, 2.696214212488435, 6.486399453283163, 5.182297385387144, 1.7595929429589494, 3.3632942764837064, -2.0833715370285892, 4.135463528828682, -3.4633477910511736, 1.529010937739775, 1.5851526818176793, 0.40297682809671215], Energy: -34.2615385995921
Eval count: 144, θ = [0.8316360505180447, -6.414828350635759, -6.675415625424342, -0.6414415053699202, 5.054890806528968, 6.1685611649558405, 4.655733767393901, -5.096500521048142, -3.1612431548909705, -2.26425886546571, 0.1512361017693254, -3.053438237107841, -4.2015736249824345, 6.3888365384961805, 2.696214212488435, 6.486399453283163, 5.182297385387144, 1.7595929429589494, 3.3632942764837064, -2.0833715370285892, 4.135463528828682, -3.4633477910511736, 1.5290109228386137, 1.5851526967188405, 0.40297682809671215], Energy: -34.2615385996055
Eval count: 145, θ = [0.8316360505180447, -6.414828350635759, -6.675415625424342, -0.6414415053699202, 5.054890806528968, 6.1685611649558405, 4.655733767393901, -5.096500521048142, -3.1612431548909705, -2.26425886546571, 0.1512361017693254, -3.053438237107841, -4.2015736249824345, 6.3888365384961805, 2.696214212488435, 6.486399453283163, 5.182297385387144, 1.7595929429589494, 3.3632942764837064, -2.0833715370285892, 4.135463528828682, -3.4633477910511736, 1.5290109228386137, 1.5851526818176793, 0.40297684299787334], Energy: -34.26153859960653
Eval count: 146, θ = [-1.0272048092043466, 0.14374808454218435, -11.814195393719071, 9.438292470199423, 3.932285748101787, 9.550786233692609, 2.027412264918776, -4.134815551627933, -2.3391360175509543, -13.594217493304827, 3.157801617559006, -2.62301718283786, -3.8738828256316276, 10.603224112025728, 6.847523041494473, 11.372142320739044, 3.141857603276639, -1.2671962692257461, 1.1209796938747876, 1.5227053633574612, 5.631342154959619, -3.350905322275167, 1.706918208231853, 1.59227782988421, 0.4019000379579523], Energy: -24.390972963070617
Eval count: 147, θ = [-0.004946226950986121, -3.4631023960452696, -8.988153727498243, 3.895002139850535, 4.549655787853124, 7.690751478407003, 3.4728421944219976, -4.6636885362473315, -2.7912489955296524, -7.363373479248786, 1.5043586207862683, -2.8597247064586497, -4.05409445063962, 8.285546488656774, 4.564535202143154, 8.685256807750148, 4.263985443281809, 0.39736863026209424, 2.354127391373842, -0.4604353882589918, 4.808692515226559, -3.4127423956937033, 1.6090791445016757, 1.5883593966720604, 0.40249221235248195], Energy: -28.517798626802985
Eval count: 148, θ = [0.46583201462405543, -5.124156415403172, -7.686683679373472, 1.3421642184421212, 4.833971700442071, 6.834154227414404, 4.138502500282663, -4.90724911674824, -2.99945947814247, -4.493898143566386, 0.742902566439039, -2.968735042661588, -4.137086869001745, 7.218192088303075, 3.5131564030746425, 7.4478720021072435, 4.780756229569133, 1.1639466272313586, 2.9220258807670403, -1.3737263422794768, 4.4298396911473725, -3.4412200716883175, 1.5640215600706304, 1.586554850220341, 0.4027649249762761], Energy: -27.51715770624152
Eval count: 149, θ = [0.6996064946949496, -5.948986463720446, -7.040412341916784, 0.07450079418128075, 4.975154530852827, 6.408793496402301, 4.469049620272288, -5.02819406076662, -3.1028506143922594, -3.0690019919703886, 0.3647861254448483, -3.0228663350996934, -4.178298436867588, 6.688175622038048, 2.9910729455055343, 6.8334234910226765, 5.037369240136422, 1.5446064726730728, 3.204027388837543, -1.8272394808971149, 4.241712640763323, -3.4553612390392034, 1.54164730305659, 1.5856587660956731, 0.40290034595839913], Energy: -27.25249579231127
Eval count: 150, θ = [0.8003411856580308, -6.304410203681738, -6.761930518591782, -0.4717422484698741, 5.035990977955212, 6.225503251148241, 4.611484166467379, -5.080309892894849, -3.1474024155781115, -2.455006514611278, 0.20185370091305613, -3.046191802505421, -4.1960567249057465, 6.459788653031163, 2.7661043529576568, 6.5686542961214265, 5.1479451777184995, 1.708634863971373, 3.325543367647506, -2.0226607512277797, 4.160647674747845, -3.4614547447226154, 1.5320061143983823, 1.5852726385878801, 0.40295869959383424], Energy: -34.7678461134305
Eval count: 151, θ = [0.800341200559192, -6.304410203681738, -6.761930518591782, -0.4717422484698741, 5.035990977955212, 6.225503251148241, 4.611484166467379, -5.080309892894849, -3.1474024155781115, -2.455006514611278, 0.20185370091305613, -3.046191802505421, -4.1960567249057465, 6.459788653031163, 2.7661043529576568, 6.5686542961214265, 5.1479451777184995, 1.708634863971373, 3.325543367647506, -2.0226607512277797, 4.160647674747845, -3.4614547447226154, 1.5320061143983823, 1.5852726385878801, 0.40295869959383424], Energy: -34.76784615146207
Eval count: 152, θ = [0.8003411856580308, -6.304410188780577, -6.761930518591782, -0.4717422484698741, 5.035990977955212, 6.225503251148241, 4.611484166467379, -5.080309892894849, -3.1474024155781115, -2.455006514611278, 0.20185370091305613, -3.046191802505421, -4.1960567249057465, 6.459788653031163, 2.7661043529576568, 6.5686542961214265, 5.1479451777184995, 1.708634863971373, 3.325543367647506, -2.0226607512277797, 4.160647674747845, -3.4614547447226154, 1.5320061143983823, 1.5852726385878801, 0.40295869959383424], Energy: -34.76784607792439
Eval count: 153, θ = [0.8003411856580308, -6.304410203681738, -6.761930503690621, -0.4717422484698741, 5.035990977955212, 6.225503251148241, 4.611484166467379, -5.080309892894849, -3.1474024155781115, -2.455006514611278, 0.20185370091305613, -3.046191802505421, -4.1960567249057465, 6.459788653031163, 2.7661043529576568, 6.5686542961214265, 5.1479451777184995, 1.708634863971373, 3.325543367647506, -2.0226607512277797, 4.160647674747845, -3.4614547447226154, 1.5320061143983823, 1.5852726385878801, 0.40295869959383424], Energy: -34.76784611296186
Eval count: 154, θ = [0.8003411856580308, -6.304410203681738, -6.761930518591782, -0.4717422335687129, 5.035990977955212, 6.225503251148241, 4.611484166467379, -5.080309892894849, -3.1474024155781115, -2.455006514611278, 0.20185370091305613, -3.046191802505421, -4.1960567249057465, 6.459788653031163, 2.7661043529576568, 6.5686542961214265, 5.1479451777184995, 1.708634863971373, 3.325543367647506, -2.0226607512277797, 4.160647674747845, -3.4614547447226154, 1.5320061143983823, 1.5852726385878801, 0.40295869959383424], Energy: -34.767846117709574
Eval count: 155, θ = [0.8003411856580308, -6.304410203681738, -6.761930518591782, -0.4717422484698741, 5.035990992856373, 6.225503251148241, 4.611484166467379, -5.080309892894849, -3.1474024155781115, -2.455006514611278, 0.20185370091305613, -3.046191802505421, -4.1960567249057465, 6.459788653031163, 2.7661043529576568, 6.5686542961214265, 5.1479451777184995, 1.708634863971373, 3.325543367647506, -2.0226607512277797, 4.160647674747845, -3.4614547447226154, 1.5320061143983823, 1.5852726385878801, 0.40295869959383424], Energy: -34.76784642050889
Eval count: 156, θ = [0.8003411856580308, -6.304410203681738, -6.761930518591782, -0.4717422484698741, 5.035990977955212, 6.225503266049402, 4.611484166467379, -5.080309892894849, -3.1474024155781115, -2.455006514611278, 0.20185370091305613, -3.046191802505421, -4.1960567249057465, 6.459788653031163, 2.7661043529576568, 6.5686542961214265, 5.1479451777184995, 1.708634863971373, 3.325543367647506, -2.0226607512277797, 4.160647674747845, -3.4614547447226154, 1.5320061143983823, 1.5852726385878801, 0.40295869959383424], Energy: -34.76784614942552
Eval count: 157, θ = [0.8003411856580308, -6.304410203681738, -6.761930518591782, -0.4717422484698741, 5.035990977955212, 6.225503251148241, 4.6114841813685405, -5.080309892894849, -3.1474024155781115, -2.455006514611278, 0.20185370091305613, -3.046191802505421, -4.1960567249057465, 6.459788653031163, 2.7661043529576568, 6.5686542961214265, 5.1479451777184995, 1.708634863971373, 3.325543367647506, -2.0226607512277797, 4.160647674747845, -3.4614547447226154, 1.5320061143983823, 1.5852726385878801, 0.40295869959383424], Energy: -34.76784611696563
Eval count: 158, θ = [0.8003411856580308, -6.304410203681738, -6.761930518591782, -0.4717422484698741, 5.035990977955212, 6.225503251148241, 4.611484166467379, -5.080309877993688, -3.1474024155781115, -2.455006514611278, 0.20185370091305613, -3.046191802505421, -4.1960567249057465, 6.459788653031163, 2.7661043529576568, 6.5686542961214265, 5.1479451777184995, 1.708634863971373, 3.325543367647506, -2.0226607512277797, 4.160647674747845, -3.4614547447226154, 1.5320061143983823, 1.5852726385878801, 0.40295869959383424], Energy: -34.76784611890744
Eval count: 159, θ = [0.8003411856580308, -6.304410203681738, -6.761930518591782, -0.4717422484698741, 5.035990977955212, 6.225503251148241, 4.611484166467379, -5.080309892894849, -3.1474024006769503, -2.455006514611278, 0.20185370091305613, -3.046191802505421, -4.1960567249057465, 6.459788653031163, 2.7661043529576568, 6.5686542961214265, 5.1479451777184995, 1.708634863971373, 3.325543367647506, -2.0226607512277797, 4.160647674747845, -3.4614547447226154, 1.5320061143983823, 1.5852726385878801, 0.40295869959383424], Energy: -34.76784612444345
Eval count: 160, θ = [0.8003411856580308, -6.304410203681738, -6.761930518591782, -0.4717422484698741, 5.035990977955212, 6.225503251148241, 4.611484166467379, -5.080309892894849, -3.1474024155781115, -2.455006499710117, 0.20185370091305613, -3.046191802505421, -4.1960567249057465, 6.459788653031163, 2.7661043529576568, 6.5686542961214265, 5.1479451777184995, 1.708634863971373, 3.325543367647506, -2.0226607512277797, 4.160647674747845, -3.4614547447226154, 1.5320061143983823, 1.5852726385878801, 0.40295869959383424], Energy: -34.76784611301585
Eval count: 161, θ = [0.8003411856580308, -6.304410203681738, -6.761930518591782, -0.4717422484698741, 5.035990977955212, 6.225503251148241, 4.611484166467379, -5.080309892894849, -3.1474024155781115, -2.455006514611278, 0.20185371581421732, -3.046191802505421, -4.1960567249057465, 6.459788653031163, 2.7661043529576568, 6.5686542961214265, 5.1479451777184995, 1.708634863971373, 3.325543367647506, -2.0226607512277797, 4.160647674747845, -3.4614547447226154, 1.5320061143983823, 1.5852726385878801, 0.40295869959383424], Energy: -34.767846114459516
Eval count: 162, θ = [0.8003411856580308, -6.304410203681738, -6.761930518591782, -0.4717422484698741, 5.035990977955212, 6.225503251148241, 4.611484166467379, -5.080309892894849, -3.1474024155781115, -2.455006514611278, 0.20185370091305613, -3.04619178760426, -4.1960567249057465, 6.459788653031163, 2.7661043529576568, 6.5686542961214265, 5.1479451777184995, 1.708634863971373, 3.325543367647506, -2.0226607512277797, 4.160647674747845, -3.4614547447226154, 1.5320061143983823, 1.5852726385878801, 0.40295869959383424], Energy: -34.767846113415345
Eval count: 163, θ = [0.8003411856580308, -6.304410203681738, -6.761930518591782, -0.4717422484698741, 5.035990977955212, 6.225503251148241, 4.611484166467379, -5.080309892894849, -3.1474024155781115, -2.455006514611278, 0.20185370091305613, -3.046191802505421, -4.196056710004585, 6.459788653031163, 2.7661043529576568, 6.5686542961214265, 5.1479451777184995, 1.708634863971373, 3.325543367647506, -2.0226607512277797, 4.160647674747845, -3.4614547447226154, 1.5320061143983823, 1.5852726385878801, 0.40295869959383424], Energy: -34.76784611346144
Eval count: 164, θ = [0.8003411856580308, -6.304410203681738, -6.761930518591782, -0.4717422484698741, 5.035990977955212, 6.225503251148241, 4.611484166467379, -5.080309892894849, -3.1474024155781115, -2.455006514611278, 0.20185370091305613, -3.046191802505421, -4.1960567249057465, 6.459788667932324, 2.7661043529576568, 6.5686542961214265, 5.1479451777184995, 1.708634863971373, 3.325543367647506, -2.0226607512277797, 4.160647674747845, -3.4614547447226154, 1.5320061143983823, 1.5852726385878801, 0.40295869959383424], Energy: -34.767846113200065
Eval count: 165, θ = [0.8003411856580308, -6.304410203681738, -6.761930518591782, -0.4717422484698741, 5.035990977955212, 6.225503251148241, 4.611484166467379, -5.080309892894849, -3.1474024155781115, -2.455006514611278, 0.20185370091305613, -3.046191802505421, -4.1960567249057465, 6.459788653031163, 2.766104367858818, 6.5686542961214265, 5.1479451777184995, 1.708634863971373, 3.325543367647506, -2.0226607512277797, 4.160647674747845, -3.4614547447226154, 1.5320061143983823, 1.5852726385878801, 0.40295869959383424], Energy: -34.76784611343895
Eval count: 166, θ = [0.8003411856580308, -6.304410203681738, -6.761930518591782, -0.4717422484698741, 5.035990977955212, 6.225503251148241, 4.611484166467379, -5.080309892894849, -3.1474024155781115, -2.455006514611278, 0.20185370091305613, -3.046191802505421, -4.1960567249057465, 6.459788653031163, 2.7661043529576568, 6.568654311022588, 5.1479451777184995, 1.708634863971373, 3.325543367647506, -2.0226607512277797, 4.160647674747845, -3.4614547447226154, 1.5320061143983823, 1.5852726385878801, 0.40295869959383424], Energy: -34.767846113426515
Eval count: 167, θ = [0.8003411856580308, -6.304410203681738, -6.761930518591782, -0.4717422484698741, 5.035990977955212, 6.225503251148241, 4.611484166467379, -5.080309892894849, -3.1474024155781115, -2.455006514611278, 0.20185370091305613, -3.046191802505421, -4.1960567249057465, 6.459788653031163, 2.7661043529576568, 6.5686542961214265, 5.147945192619661, 1.708634863971373, 3.325543367647506, -2.0226607512277797, 4.160647674747845, -3.4614547447226154, 1.5320061143983823, 1.5852726385878801, 0.40295869959383424], Energy: -34.76784611387426
Eval count: 168, θ = [0.8003411856580308, -6.304410203681738, -6.761930518591782, -0.4717422484698741, 5.035990977955212, 6.225503251148241, 4.611484166467379, -5.080309892894849, -3.1474024155781115, -2.455006514611278, 0.20185370091305613, -3.046191802505421, -4.1960567249057465, 6.459788653031163, 2.7661043529576568, 6.5686542961214265, 5.1479451777184995, 1.7086348788725343, 3.325543367647506, -2.0226607512277797, 4.160647674747845, -3.4614547447226154, 1.5320061143983823, 1.5852726385878801, 0.40295869959383424], Energy: -34.7678461133859
Eval count: 169, θ = [0.8003411856580308, -6.304410203681738, -6.761930518591782, -0.4717422484698741, 5.035990977955212, 6.225503251148241, 4.611484166467379, -5.080309892894849, -3.1474024155781115, -2.455006514611278, 0.20185370091305613, -3.046191802505421, -4.1960567249057465, 6.459788653031163, 2.7661043529576568, 6.5686542961214265, 5.1479451777184995, 1.708634863971373, 3.325543382548667, -2.0226607512277797, 4.160647674747845, -3.4614547447226154, 1.5320061143983823, 1.5852726385878801, 0.40295869959383424], Energy: -34.7678461134339
Eval count: 170, θ = [0.8003411856580308, -6.304410203681738, -6.761930518591782, -0.4717422484698741, 5.035990977955212, 6.225503251148241, 4.611484166467379, -5.080309892894849, -3.1474024155781115, -2.455006514611278, 0.20185370091305613, -3.046191802505421, -4.1960567249057465, 6.459788653031163, 2.7661043529576568, 6.5686542961214265, 5.1479451777184995, 1.708634863971373, 3.325543367647506, -2.0226607363266185, 4.160647674747845, -3.4614547447226154, 1.5320061143983823, 1.5852726385878801, 0.40295869959383424], Energy: -34.767846113429826
Eval count: 171, θ = [0.8003411856580308, -6.304410203681738, -6.761930518591782, -0.4717422484698741, 5.035990977955212, 6.225503251148241, 4.611484166467379, -5.080309892894849, -3.1474024155781115, -2.455006514611278, 0.20185370091305613, -3.046191802505421, -4.1960567249057465, 6.459788653031163, 2.7661043529576568, 6.5686542961214265, 5.1479451777184995, 1.708634863971373, 3.325543367647506, -2.0226607512277797, 4.160647689649006, -3.4614547447226154, 1.5320061143983823, 1.5852726385878801, 0.40295869959383424], Energy: -34.7678461134166
Eval count: 172, θ = [0.8003411856580308, -6.304410203681738, -6.761930518591782, -0.4717422484698741, 5.035990977955212, 6.225503251148241, 4.611484166467379, -5.080309892894849, -3.1474024155781115, -2.455006514611278, 0.20185370091305613, -3.046191802505421, -4.1960567249057465, 6.459788653031163, 2.7661043529576568, 6.5686542961214265, 5.1479451777184995, 1.708634863971373, 3.325543367647506, -2.0226607512277797, 4.160647674747845, -3.461454729821454, 1.5320061143983823, 1.5852726385878801, 0.40295869959383424], Energy: -34.767846113415395
Eval count: 173, θ = [0.8003411856580308, -6.304410203681738, -6.761930518591782, -0.4717422484698741, 5.035990977955212, 6.225503251148241, 4.611484166467379, -5.080309892894849, -3.1474024155781115, -2.455006514611278, 0.20185370091305613, -3.046191802505421, -4.1960567249057465, 6.459788653031163, 2.7661043529576568, 6.5686542961214265, 5.1479451777184995, 1.708634863971373, 3.325543367647506, -2.0226607512277797, 4.160647674747845, -3.4614547447226154, 1.5320061292995435, 1.5852726385878801, 0.40295869959383424], Energy: -34.767846113435965
Eval count: 174, θ = [0.8003411856580308, -6.304410203681738, -6.761930518591782, -0.4717422484698741, 5.035990977955212, 6.225503251148241, 4.611484166467379, -5.080309892894849, -3.1474024155781115, -2.455006514611278, 0.20185370091305613, -3.046191802505421, -4.1960567249057465, 6.459788653031163, 2.7661043529576568, 6.5686542961214265, 5.1479451777184995, 1.708634863971373, 3.325543367647506, -2.0226607512277797, 4.160647674747845, -3.4614547447226154, 1.5320061143983823, 1.5852726534890413, 0.40295869959383424], Energy: -34.76784611343173
Eval count: 175, θ = [0.8003411856580308, -6.304410203681738, -6.761930518591782, -0.4717422484698741, 5.035990977955212, 6.225503251148241, 4.611484166467379, -5.080309892894849, -3.1474024155781115, -2.455006514611278, 0.20185370091305613, -3.046191802505421, -4.1960567249057465, 6.459788653031163, 2.7661043529576568, 6.5686542961214265, 5.1479451777184995, 1.708634863971373, 3.325543367647506, -2.0226607512277797, 4.160647674747845, -3.4614547447226154, 1.5320061143983823, 1.5852726385878801, 0.40295871449499543], Energy: -34.7678461134305
Eval count: 176, θ = [2.121365649604811, -6.554493264443492, -5.508670407158274, 1.2554916835815166, 5.458128570610172, 5.990258751087855, 3.9674808673711417, -4.394011700873892, -1.8709113252040697, -4.704269623194046, 0.6665490719452838, -2.968785833164408, -4.275094869444232, 7.195423557386437, 3.3427175058617267, 7.387678512898751, 4.167089569958264, 1.6350657524711947, 2.9454193053030977, -1.4654484733165467, 4.416461427296652, -3.4143192045568718, 1.56451186184477, 1.585609512481714, 0.402795093788669], Energy: -25.408206520025747
Eval count: 177, θ = [1.1921971988765006, -6.378592441663003, -6.390175472265968, 0.04060784116221794, 5.161209820302162, 6.155722581341547, 4.420453211196925, -4.87673298668003, -2.7687563547107477, -3.1222063269261344, 0.3396964740209297, -3.023230838970606, -4.219501841219871, 6.678000327888246, 2.9371453423056204, 6.81160177595604, 4.856993587880728, 1.6868120291070172, 3.2127870155405476, -1.8573746511609195, 4.2365298101178, -3.4474729106579654, 1.5416483072181673, 1.585372565625265, 0.402910169138645], Energy: -31.82840415228454
Eval count: 178, θ = [0.9138652024357639, -6.325901428379367, -6.654229922728349, -0.32331007387150024, 5.072267940614855, 6.205287198152571, 4.55614087546345, -5.02133193329466, -3.0377054342464413, -2.648299969687348, 0.24178792358444093, -3.0395398162614176, -4.2028489743239446, 6.523006429464165, 2.8156563809715607, 6.639038245445884, 5.063654029817099, 1.7023126032743103, 3.2928768943088675, -1.9747759635400763, 4.1826313741636465, -3.4574040885851685, 1.5347995395916232, 1.5853015882997283, 0.4029446399085843], Energy: -35.091389744355226
Eval count: 179, θ = [0.913865217336925, -6.325901428379367, -6.654229922728349, -0.32331007387150024, 5.072267940614855, 6.205287198152571, 4.55614087546345, -5.02133193329466, -3.0377054342464413, -2.648299969687348, 0.24178792358444093, -3.0395398162614176, -4.2028489743239446, 6.523006429464165, 2.8156563809715607, 6.639038245445884, 5.063654029817099, 1.7023126032743103, 3.2928768943088675, -1.9747759635400763, 4.1826313741636465, -3.4574040885851685, 1.5347995395916232, 1.5853015882997283, 0.4029446399085843], Energy: -35.091389707968915
Eval count: 180, θ = [0.9138652024357639, -6.3259014134782054, -6.654229922728349, -0.32331007387150024, 5.072267940614855, 6.205287198152571, 4.55614087546345, -5.02133193329466, -3.0377054342464413, -2.648299969687348, 0.24178792358444093, -3.0395398162614176, -4.2028489743239446, 6.523006429464165, 2.8156563809715607, 6.639038245445884, 5.063654029817099, 1.7023126032743103, 3.2928768943088675, -1.9747759635400763, 4.1826313741636465, -3.4574040885851685, 1.5347995395916232, 1.5853015882997283, 0.4029446399085843], Energy: -35.091389743842626
Eval count: 181, θ = [0.9138652024357639, -6.325901428379367, -6.654229907827188, -0.32331007387150024, 5.072267940614855, 6.205287198152571, 4.55614087546345, -5.02133193329466, -3.0377054342464413, -2.648299969687348, 0.24178792358444093, -3.0395398162614176, -4.2028489743239446, 6.523006429464165, 2.8156563809715607, 6.639038245445884, 5.063654029817099, 1.7023126032743103, 3.2928768943088675, -1.9747759635400763, 4.1826313741636465, -3.4574040885851685, 1.5347995395916232, 1.5853015882997283, 0.4029446399085843], Energy: -35.091389741378826
Eval count: 182, θ = [0.9138652024357639, -6.325901428379367, -6.654229922728349, -0.32331005897033904, 5.072267940614855, 6.205287198152571, 4.55614087546345, -5.02133193329466, -3.0377054342464413, -2.648299969687348, 0.24178792358444093, -3.0395398162614176, -4.2028489743239446, 6.523006429464165, 2.8156563809715607, 6.639038245445884, 5.063654029817099, 1.7023126032743103, 3.2928768943088675, -1.9747759635400763, 4.1826313741636465, -3.4574040885851685, 1.5347995395916232, 1.5853015882997283, 0.4029446399085843], Energy: -35.09138975242144
Eval count: 183, θ = [0.9138652024357639, -6.325901428379367, -6.654229922728349, -0.32331007387150024, 5.072267955516017, 6.205287198152571, 4.55614087546345, -5.02133193329466, -3.0377054342464413, -2.648299969687348, 0.24178792358444093, -3.0395398162614176, -4.2028489743239446, 6.523006429464165, 2.8156563809715607, 6.639038245445884, 5.063654029817099, 1.7023126032743103, 3.2928768943088675, -1.9747759635400763, 4.1826313741636465, -3.4574040885851685, 1.5347995395916232, 1.5853015882997283, 0.4029446399085843], Energy: -35.091389959458716
Eval count: 184, θ = [0.9138652024357639, -6.325901428379367, -6.654229922728349, -0.32331007387150024, 5.072267940614855, 6.205287213053732, 4.55614087546345, -5.02133193329466, -3.0377054342464413, -2.648299969687348, 0.24178792358444093, -3.0395398162614176, -4.2028489743239446, 6.523006429464165, 2.8156563809715607, 6.639038245445884, 5.063654029817099, 1.7023126032743103, 3.2928768943088675, -1.9747759635400763, 4.1826313741636465, -3.4574040885851685, 1.5347995395916232, 1.5853015882997283, 0.4029446399085843], Energy: -35.0913897788964
Eval count: 185, θ = [0.9138652024357639, -6.325901428379367, -6.654229922728349, -0.32331007387150024, 5.072267940614855, 6.205287198152571, 4.5561408903646115, -5.02133193329466, -3.0377054342464413, -2.648299969687348, 0.24178792358444093, -3.0395398162614176, -4.2028489743239446, 6.523006429464165, 2.8156563809715607, 6.639038245445884, 5.063654029817099, 1.7023126032743103, 3.2928768943088675, -1.9747759635400763, 4.1826313741636465, -3.4574040885851685, 1.5347995395916232, 1.5853015882997283, 0.4029446399085843], Energy: -35.091389746215704
Eval count: 186, θ = [0.9138652024357639, -6.325901428379367, -6.654229922728349, -0.32331007387150024, 5.072267940614855, 6.205287198152571, 4.55614087546345, -5.021331918393499, -3.0377054342464413, -2.648299969687348, 0.24178792358444093, -3.0395398162614176, -4.2028489743239446, 6.523006429464165, 2.8156563809715607, 6.639038245445884, 5.063654029817099, 1.7023126032743103, 3.2928768943088675, -1.9747759635400763, 4.1826313741636465, -3.4574040885851685, 1.5347995395916232, 1.5853015882997283, 0.4029446399085843], Energy: -35.0913897568681
Eval count: 187, θ = [0.9138652024357639, -6.325901428379367, -6.654229922728349, -0.32331007387150024, 5.072267940614855, 6.205287198152571, 4.55614087546345, -5.02133193329466, -3.03770541934528, -2.648299969687348, 0.24178792358444093, -3.0395398162614176, -4.2028489743239446, 6.523006429464165, 2.8156563809715607, 6.639038245445884, 5.063654029817099, 1.7023126032743103, 3.2928768943088675, -1.9747759635400763, 4.1826313741636465, -3.4574040885851685, 1.5347995395916232, 1.5853015882997283, 0.4029446399085843], Energy: -35.09138962730184
Eval count: 188, θ = [0.9138652024357639, -6.325901428379367, -6.654229922728349, -0.32331007387150024, 5.072267940614855, 6.205287198152571, 4.55614087546345, -5.02133193329466, -3.0377054342464413, -2.6482999547861867, 0.24178792358444093, -3.0395398162614176, -4.2028489743239446, 6.523006429464165, 2.8156563809715607, 6.639038245445884, 5.063654029817099, 1.7023126032743103, 3.2928768943088675, -1.9747759635400763, 4.1826313741636465, -3.4574040885851685, 1.5347995395916232, 1.5853015882997283, 0.4029446399085843], Energy: -35.09138974422475
Eval count: 189, θ = [0.9138652024357639, -6.325901428379367, -6.654229922728349, -0.32331007387150024, 5.072267940614855, 6.205287198152571, 4.55614087546345, -5.02133193329466, -3.0377054342464413, -2.648299969687348, 0.24178793848560212, -3.0395398162614176, -4.2028489743239446, 6.523006429464165, 2.8156563809715607, 6.639038245445884, 5.063654029817099, 1.7023126032743103, 3.2928768943088675, -1.9747759635400763, 4.1826313741636465, -3.4574040885851685, 1.5347995395916232, 1.5853015882997283, 0.4029446399085843], Energy: -35.091389725054725
Eval count: 190, θ = [0.9138652024357639, -6.325901428379367, -6.654229922728349, -0.32331007387150024, 5.072267940614855, 6.205287198152571, 4.55614087546345, -5.02133193329466, -3.0377054342464413, -2.648299969687348, 0.24178792358444093, -3.0395398013602564, -4.2028489743239446, 6.523006429464165, 2.8156563809715607, 6.639038245445884, 5.063654029817099, 1.7023126032743103, 3.2928768943088675, -1.9747759635400763, 4.1826313741636465, -3.4574040885851685, 1.5347995395916232, 1.5853015882997283, 0.4029446399085843], Energy: -35.09138974303603
Eval count: 191, θ = [0.9138652024357639, -6.325901428379367, -6.654229922728349, -0.32331007387150024, 5.072267940614855, 6.205287198152571, 4.55614087546345, -5.02133193329466, -3.0377054342464413, -2.648299969687348, 0.24178792358444093, -3.0395398162614176, -4.202848959422783, 6.523006429464165, 2.8156563809715607, 6.639038245445884, 5.063654029817099, 1.7023126032743103, 3.2928768943088675, -1.9747759635400763, 4.1826313741636465, -3.4574040885851685, 1.5347995395916232, 1.5853015882997283, 0.4029446399085843], Energy: -35.09138974934724
Eval count: 192, θ = [0.9138652024357639, -6.325901428379367, -6.654229922728349, -0.32331007387150024, 5.072267940614855, 6.205287198152571, 4.55614087546345, -5.02133193329466, -3.0377054342464413, -2.648299969687348, 0.24178792358444093, -3.0395398162614176, -4.2028489743239446, 6.523006444365326, 2.8156563809715607, 6.639038245445884, 5.063654029817099, 1.7023126032743103, 3.2928768943088675, -1.9747759635400763, 4.1826313741636465, -3.4574040885851685, 1.5347995395916232, 1.5853015882997283, 0.4029446399085843], Energy: -35.091389751772496
Eval count: 193, θ = [0.9138652024357639, -6.325901428379367, -6.654229922728349, -0.32331007387150024, 5.072267940614855, 6.205287198152571, 4.55614087546345, -5.02133193329466, -3.0377054342464413, -2.648299969687348, 0.24178792358444093, -3.0395398162614176, -4.2028489743239446, 6.523006429464165, 2.815656395872722, 6.639038245445884, 5.063654029817099, 1.7023126032743103, 3.2928768943088675, -1.9747759635400763, 4.1826313741636465, -3.4574040885851685, 1.5347995395916232, 1.5853015882997283, 0.4029446399085843], Energy: -35.091389742807415
Eval count: 194, θ = [0.9138652024357639, -6.325901428379367, -6.654229922728349, -0.32331007387150024, 5.072267940614855, 6.205287198152571, 4.55614087546345, -5.02133193329466, -3.0377054342464413, -2.648299969687348, 0.24178792358444093, -3.0395398162614176, -4.2028489743239446, 6.523006429464165, 2.8156563809715607, 6.6390382603470455, 5.063654029817099, 1.7023126032743103, 3.2928768943088675, -1.9747759635400763, 4.1826313741636465, -3.4574040885851685, 1.5347995395916232, 1.5853015882997283, 0.4029446399085843], Energy: -35.09138974470061
Eval count: 195, θ = [0.9138652024357639, -6.325901428379367, -6.654229922728349, -0.32331007387150024, 5.072267940614855, 6.205287198152571, 4.55614087546345, -5.02133193329466, -3.0377054342464413, -2.648299969687348, 0.24178792358444093, -3.0395398162614176, -4.2028489743239446, 6.523006429464165, 2.8156563809715607, 6.639038245445884, 5.06365404471826, 1.7023126032743103, 3.2928768943088675, -1.9747759635400763, 4.1826313741636465, -3.4574040885851685, 1.5347995395916232, 1.5853015882997283, 0.4029446399085843], Energy: -35.09138972158702
Eval count: 196, θ = [0.9138652024357639, -6.325901428379367, -6.654229922728349, -0.32331007387150024, 5.072267940614855, 6.205287198152571, 4.55614087546345, -5.02133193329466, -3.0377054342464413, -2.648299969687348, 0.24178792358444093, -3.0395398162614176, -4.2028489743239446, 6.523006429464165, 2.8156563809715607, 6.639038245445884, 5.063654029817099, 1.7023126181754715, 3.2928768943088675, -1.9747759635400763, 4.1826313741636465, -3.4574040885851685, 1.5347995395916232, 1.5853015882997283, 0.4029446399085843], Energy: -35.0913897468092
Eval count: 197, θ = [0.9138652024357639, -6.325901428379367, -6.654229922728349, -0.32331007387150024, 5.072267940614855, 6.205287198152571, 4.55614087546345, -5.02133193329466, -3.0377054342464413, -2.648299969687348, 0.24178792358444093, -3.0395398162614176, -4.2028489743239446, 6.523006429464165, 2.8156563809715607, 6.639038245445884, 5.063654029817099, 1.7023126032743103, 3.2928769092100287, -1.9747759635400763, 4.1826313741636465, -3.4574040885851685, 1.5347995395916232, 1.5853015882997283, 0.4029446399085843], Energy: -35.09138974437317
Eval count: 198, θ = [0.9138652024357639, -6.325901428379367, -6.654229922728349, -0.32331007387150024, 5.072267940614855, 6.205287198152571, 4.55614087546345, -5.02133193329466, -3.0377054342464413, -2.648299969687348, 0.24178792358444093, -3.0395398162614176, -4.2028489743239446, 6.523006429464165, 2.8156563809715607, 6.639038245445884, 5.063654029817099, 1.7023126032743103, 3.2928768943088675, -1.9747759486389151, 4.1826313741636465, -3.4574040885851685, 1.5347995395916232, 1.5853015882997283, 0.4029446399085843], Energy: -35.09138974438744
Eval count: 199, θ = [0.9138652024357639, -6.325901428379367, -6.654229922728349, -0.32331007387150024, 5.072267940614855, 6.205287198152571, 4.55614087546345, -5.02133193329466, -3.0377054342464413, -2.648299969687348, 0.24178792358444093, -3.0395398162614176, -4.2028489743239446, 6.523006429464165, 2.8156563809715607, 6.639038245445884, 5.063654029817099, 1.7023126032743103, 3.2928768943088675, -1.9747759635400763, 4.182631389064808, -3.4574040885851685, 1.5347995395916232, 1.5853015882997283, 0.4029446399085843], Energy: -35.09138974646278
Eval count: 200, θ = [0.9138652024357639, -6.325901428379367, -6.654229922728349, -0.32331007387150024, 5.072267940614855, 6.205287198152571, 4.55614087546345, -5.02133193329466, -3.0377054342464413, -2.648299969687348, 0.24178792358444093, -3.0395398162614176, -4.2028489743239446, 6.523006429464165, 2.8156563809715607, 6.639038245445884, 5.063654029817099, 1.7023126032743103, 3.2928768943088675, -1.9747759635400763, 4.1826313741636465, -3.4574040736840073, 1.5347995395916232, 1.5853015882997283, 0.4029446399085843], Energy: -35.091389745404214
Eval count: 201, θ = [0.9138652024357639, -6.325901428379367, -6.654229922728349, -0.32331007387150024, 5.072267940614855, 6.205287198152571, 4.55614087546345, -5.02133193329466, -3.0377054342464413, -2.648299969687348, 0.24178792358444093, -3.0395398162614176, -4.2028489743239446, 6.523006429464165, 2.8156563809715607, 6.639038245445884, 5.063654029817099, 1.7023126032743103, 3.2928768943088675, -1.9747759635400763, 4.1826313741636465, -3.4574040885851685, 1.5347995544927844, 1.5853015882997283, 0.4029446399085843], Energy: -35.091389744107076
Eval count: 202, θ = [0.9138652024357639, -6.325901428379367, -6.654229922728349, -0.32331007387150024, 5.072267940614855, 6.205287198152571, 4.55614087546345, -5.02133193329466, -3.0377054342464413, -2.648299969687348, 0.24178792358444093, -3.0395398162614176, -4.2028489743239446, 6.523006429464165, 2.8156563809715607, 6.639038245445884, 5.063654029817099, 1.7023126032743103, 3.2928768943088675, -1.9747759635400763, 4.1826313741636465, -3.4574040885851685, 1.5347995395916232, 1.5853016032008895, 0.4029446399085843], Energy: -35.09138974428661
Eval count: 203, θ = [0.9138652024357639, -6.325901428379367, -6.654229922728349, -0.32331007387150024, 5.072267940614855, 6.205287198152571, 4.55614087546345, -5.02133193329466, -3.0377054342464413, -2.648299969687348, 0.24178792358444093, -3.0395398162614176, -4.2028489743239446, 6.523006429464165, 2.8156563809715607, 6.639038245445884, 5.063654029817099, 1.7023126032743103, 3.2928768943088675, -1.9747759635400763, 4.1826313741636465, -3.4574040885851685, 1.5347995395916232, 1.5853015882997283, 0.4029446548097455], Energy: -35.09138974435612
Eval count: 204, θ = [3.873841644944295, -5.427083285315733, -3.087274050660003, 2.8084238619274755, 6.407218541299225, 4.493349487239021, 2.888952187396299, -2.728042556286549, -4.509819707223343, -7.467050555515104, 0.1847282607085029, -2.936975990096532, -4.154557502798799, 8.477011652448962, 3.8209539752349215, 8.329150992504673, 1.230544939650608, 2.1546723905934346, 2.538545247231196, -0.8486479975298515, 4.818377150461693, -3.2947106461093547, 1.587703873648951, 1.5820577852335849, 0.4026738399145509], Energy: -25.51650905969131
Eval count: 205, θ = [2.0300029608593744, -5.986978167699861, -5.309214444134781, 0.8575934106574128, 5.575646531625318, 5.559755601421159, 3.927483086690151, -4.156586245487338, -3.5928052320648853, -4.465337902837301, 0.22027206173360026, -3.000865400685999, -4.184639391975589, 7.25981601288165, 3.1947305476763592, 7.276340159709322, 3.618278409169989, 1.872886879396406, 3.008436105664032, -1.5501394949418403, 4.422356209636736, -3.3960562036535973, 1.5547485243124601, 1.5840784261721457, 0.40284252757620864], Energy: -23.87501281282789
Eval count: 206, θ = [1.1911344562745454, -6.24170662456775, -6.320103211812338, -0.029951816308925128, 5.197316488855901, 6.044925215230437, 4.399970658393386, -4.80651311741903, -3.175602486456697, -3.0996857848512476, 0.236442985725241, -3.029932376437509, -4.198325377418151, 6.70604355178495, 2.9098254121315175, 6.797355823096353, 4.704596004202407, 1.744686406962541, 3.222216543797783, -1.8692884142547108, 4.2421834552187, -3.44216413979642, 1.5397552362040197, 1.5849977322139728, 0.4029192733174159], Energy: -32.75389118899449
Eval count: 207, θ = [0.9888194294239961, -6.303141038077328, -6.563905413298998, -0.24400650478914257, 5.1060723280095655, 6.161936526190877, 4.51392336401201, -4.963259939867479, -3.0749831590907024, -2.7703231452852295, 0.2403430259624009, -3.036942636028243, -4.201626109889515, 6.572486874280027, 2.841113105217407, 6.681836253112253, 4.96658983542388, 1.7137675181486771, 3.273775274212341, -1.9462595030811571, 4.198730094592337, -3.453284271602269, 1.536139213585864, 1.5852194468516299, 0.4029377825552859], Energy: -35.37063043805036
Eval count: 208, θ = [0.9888194443251573, -6.303141038077328, -6.563905413298998, -0.24400650478914257, 5.1060723280095655, 6.161936526190877, 4.51392336401201, -4.963259939867479, -3.0749831590907024, -2.7703231452852295, 0.2403430259624009, -3.036942636028243, -4.201626109889515, 6.572486874280027, 2.841113105217407, 6.681836253112253, 4.96658983542388, 1.7137675181486771, 3.273775274212341, -1.9462595030811571, 4.198730094592337, -3.453284271602269, 1.536139213585864, 1.5852194468516299, 0.4029377825552859], Energy: -35.37063035045611
Eval count: 209, θ = [0.9888194294239961, -6.303141023176167, -6.563905413298998, -0.24400650478914257, 5.1060723280095655, 6.161936526190877, 4.51392336401201, -4.963259939867479, -3.0749831590907024, -2.7703231452852295, 0.2403430259624009, -3.036942636028243, -4.201626109889515, 6.572486874280027, 2.841113105217407, 6.681836253112253, 4.96658983542388, 1.7137675181486771, 3.273775274212341, -1.9462595030811571, 4.198730094592337, -3.453284271602269, 1.536139213585864, 1.5852194468516299, 0.4029377825552859], Energy: -35.37063040720743
Eval count: 210, θ = [0.9888194294239961, -6.303141038077328, -6.563905398397837, -0.24400650478914257, 5.1060723280095655, 6.161936526190877, 4.51392336401201, -4.963259939867479, -3.0749831590907024, -2.7703231452852295, 0.2403430259624009, -3.036942636028243, -4.201626109889515, 6.572486874280027, 2.841113105217407, 6.681836253112253, 4.96658983542388, 1.7137675181486771, 3.273775274212341, -1.9462595030811571, 4.198730094592337, -3.453284271602269, 1.536139213585864, 1.5852194468516299, 0.4029377825552859], Energy: -35.37063043624883
Eval count: 211, θ = [0.9888194294239961, -6.303141038077328, -6.563905413298998, -0.24400648988798138, 5.1060723280095655, 6.161936526190877, 4.51392336401201, -4.963259939867479, -3.0749831590907024, -2.7703231452852295, 0.2403430259624009, -3.036942636028243, -4.201626109889515, 6.572486874280027, 2.841113105217407, 6.681836253112253, 4.96658983542388, 1.7137675181486771, 3.273775274212341, -1.9462595030811571, 4.198730094592337, -3.453284271602269, 1.536139213585864, 1.5852194468516299, 0.4029377825552859], Energy: -35.37063044087561
Eval count: 212, θ = [0.9888194294239961, -6.303141038077328, -6.563905413298998, -0.24400650478914257, 5.106072342910727, 6.161936526190877, 4.51392336401201, -4.963259939867479, -3.0749831590907024, -2.7703231452852295, 0.2403430259624009, -3.036942636028243, -4.201626109889515, 6.572486874280027, 2.841113105217407, 6.681836253112253, 4.96658983542388, 1.7137675181486771, 3.273775274212341, -1.9462595030811571, 4.198730094592337, -3.453284271602269, 1.536139213585864, 1.5852194468516299, 0.4029377825552859], Energy: -35.370630511758314
Eval count: 213, θ = [0.9888194294239961, -6.303141038077328, -6.563905413298998, -0.24400650478914257, 5.1060723280095655, 6.161936541092039, 4.51392336401201, -4.963259939867479, -3.0749831590907024, -2.7703231452852295, 0.2403430259624009, -3.036942636028243, -4.201626109889515, 6.572486874280027, 2.841113105217407, 6.681836253112253, 4.96658983542388, 1.7137675181486771, 3.273775274212341, -1.9462595030811571, 4.198730094592337, -3.453284271602269, 1.536139213585864, 1.5852194468516299, 0.4029377825552859], Energy: -35.37063049281244
Eval count: 214, θ = [0.9888194294239961, -6.303141038077328, -6.563905413298998, -0.24400650478914257, 5.1060723280095655, 6.161936526190877, 4.513923378913171, -4.963259939867479, -3.0749831590907024, -2.7703231452852295, 0.2403430259624009, -3.036942636028243, -4.201626109889515, 6.572486874280027, 2.841113105217407, 6.681836253112253, 4.96658983542388, 1.7137675181486771, 3.273775274212341, -1.9462595030811571, 4.198730094592337, -3.453284271602269, 1.536139213585864, 1.5852194468516299, 0.4029377825552859], Energy: -35.37063043664942
Eval count: 215, θ = [0.9888194294239961, -6.303141038077328, -6.563905413298998, -0.24400650478914257, 5.1060723280095655, 6.161936526190877, 4.51392336401201, -4.963259924966318, -3.0749831590907024, -2.7703231452852295, 0.2403430259624009, -3.036942636028243, -4.201626109889515, 6.572486874280027, 2.841113105217407, 6.681836253112253, 4.96658983542388, 1.7137675181486771, 3.273775274212341, -1.9462595030811571, 4.198730094592337, -3.453284271602269, 1.536139213585864, 1.5852194468516299, 0.4029377825552859], Energy: -35.370630460303246
Eval count: 216, θ = [0.9888194294239961, -6.303141038077328, -6.563905413298998, -0.24400650478914257, 5.1060723280095655, 6.161936526190877, 4.51392336401201, -4.963259939867479, -3.074983144189541, -2.7703231452852295, 0.2403430259624009, -3.036942636028243, -4.201626109889515, 6.572486874280027, 2.841113105217407, 6.681836253112253, 4.96658983542388, 1.7137675181486771, 3.273775274212341, -1.9462595030811571, 4.198730094592337, -3.453284271602269, 1.536139213585864, 1.5852194468516299, 0.4029377825552859], Energy: -35.37063041586476
Eval count: 217, θ = [0.9888194294239961, -6.303141038077328, -6.563905413298998, -0.24400650478914257, 5.1060723280095655, 6.161936526190877, 4.51392336401201, -4.963259939867479, -3.0749831590907024, -2.7703231303840683, 0.2403430259624009, -3.036942636028243, -4.201626109889515, 6.572486874280027, 2.841113105217407, 6.681836253112253, 4.96658983542388, 1.7137675181486771, 3.273775274212341, -1.9462595030811571, 4.198730094592337, -3.453284271602269, 1.536139213585864, 1.5852194468516299, 0.4029377825552859], Energy: -35.370630435811535
Eval count: 218, θ = [0.9888194294239961, -6.303141038077328, -6.563905413298998, -0.24400650478914257, 5.1060723280095655, 6.161936526190877, 4.51392336401201, -4.963259939867479, -3.0749831590907024, -2.7703231452852295, 0.2403430408635621, -3.036942636028243, -4.201626109889515, 6.572486874280027, 2.841113105217407, 6.681836253112253, 4.96658983542388, 1.7137675181486771, 3.273775274212341, -1.9462595030811571, 4.198730094592337, -3.453284271602269, 1.536139213585864, 1.5852194468516299, 0.4029377825552859], Energy: -35.3706304294425
Eval count: 219, θ = [0.9888194294239961, -6.303141038077328, -6.563905413298998, -0.24400650478914257, 5.1060723280095655, 6.161936526190877, 4.51392336401201, -4.963259939867479, -3.0749831590907024, -2.7703231452852295, 0.2403430259624009, -3.036942621127082, -4.201626109889515, 6.572486874280027, 2.841113105217407, 6.681836253112253, 4.96658983542388, 1.7137675181486771, 3.273775274212341, -1.9462595030811571, 4.198730094592337, -3.453284271602269, 1.536139213585864, 1.5852194468516299, 0.4029377825552859], Energy: -35.37063043826884
Eval count: 220, θ = [0.9888194294239961, -6.303141038077328, -6.563905413298998, -0.24400650478914257, 5.1060723280095655, 6.161936526190877, 4.51392336401201, -4.963259939867479, -3.0749831590907024, -2.7703231452852295, 0.2403430259624009, -3.036942636028243, -4.201626094988354, 6.572486874280027, 2.841113105217407, 6.681836253112253, 4.96658983542388, 1.7137675181486771, 3.273775274212341, -1.9462595030811571, 4.198730094592337, -3.453284271602269, 1.536139213585864, 1.5852194468516299, 0.4029377825552859], Energy: -35.37063044475884
Eval count: 221, θ = [0.9888194294239961, -6.303141038077328, -6.563905413298998, -0.24400650478914257, 5.1060723280095655, 6.161936526190877, 4.51392336401201, -4.963259939867479, -3.0749831590907024, -2.7703231452852295, 0.2403430259624009, -3.036942636028243, -4.201626109889515, 6.572486889181188, 2.841113105217407, 6.681836253112253, 4.96658983542388, 1.7137675181486771, 3.273775274212341, -1.9462595030811571, 4.198730094592337, -3.453284271602269, 1.536139213585864, 1.5852194468516299, 0.4029377825552859], Energy: -35.37063044098575
Eval count: 222, θ = [0.9888194294239961, -6.303141038077328, -6.563905413298998, -0.24400650478914257, 5.1060723280095655, 6.161936526190877, 4.51392336401201, -4.963259939867479, -3.0749831590907024, -2.7703231452852295, 0.2403430259624009, -3.036942636028243, -4.201626109889515, 6.572486874280027, 2.841113120118568, 6.681836253112253, 4.96658983542388, 1.7137675181486771, 3.273775274212341, -1.9462595030811571, 4.198730094592337, -3.453284271602269, 1.536139213585864, 1.5852194468516299, 0.4029377825552859], Energy: -35.37063043572059
Eval count: 223, θ = [0.9888194294239961, -6.303141038077328, -6.563905413298998, -0.24400650478914257, 5.1060723280095655, 6.161936526190877, 4.51392336401201, -4.963259939867479, -3.0749831590907024, -2.7703231452852295, 0.2403430259624009, -3.036942636028243, -4.201626109889515, 6.572486874280027, 2.841113105217407, 6.681836268013414, 4.96658983542388, 1.7137675181486771, 3.273775274212341, -1.9462595030811571, 4.198730094592337, -3.453284271602269, 1.536139213585864, 1.5852194468516299, 0.4029377825552859], Energy: -35.37063043855778
Eval count: 224, θ = [0.9888194294239961, -6.303141038077328, -6.563905413298998, -0.24400650478914257, 5.1060723280095655, 6.161936526190877, 4.51392336401201, -4.963259939867479, -3.0749831590907024, -2.7703231452852295, 0.2403430259624009, -3.036942636028243, -4.201626109889515, 6.572486874280027, 2.841113105217407, 6.681836253112253, 4.966589850325041, 1.7137675181486771, 3.273775274212341, -1.9462595030811571, 4.198730094592337, -3.453284271602269, 1.536139213585864, 1.5852194468516299, 0.4029377825552859], Energy: -35.370630421916644
Eval count: 225, θ = [0.9888194294239961, -6.303141038077328, -6.563905413298998, -0.24400650478914257, 5.1060723280095655, 6.161936526190877, 4.51392336401201, -4.963259939867479, -3.0749831590907024, -2.7703231452852295, 0.2403430259624009, -3.036942636028243, -4.201626109889515, 6.572486874280027, 2.841113105217407, 6.681836253112253, 4.96658983542388, 1.7137675330498383, 3.273775274212341, -1.9462595030811571, 4.198730094592337, -3.453284271602269, 1.536139213585864, 1.5852194468516299, 0.4029377825552859], Energy: -35.370630438946314
Eval count: 226, θ = [0.9888194294239961, -6.303141038077328, -6.563905413298998, -0.24400650478914257, 5.1060723280095655, 6.161936526190877, 4.51392336401201, -4.963259939867479, -3.0749831590907024, -2.7703231452852295, 0.2403430259624009, -3.036942636028243, -4.201626109889515, 6.572486874280027, 2.841113105217407, 6.681836253112253, 4.96658983542388, 1.7137675181486771, 3.273775289113502, -1.9462595030811571, 4.198730094592337, -3.453284271602269, 1.536139213585864, 1.5852194468516299, 0.4029377825552859], Energy: -35.37063043827708
Eval count: 227, θ = [0.9888194294239961, -6.303141038077328, -6.563905413298998, -0.24400650478914257, 5.1060723280095655, 6.161936526190877, 4.51392336401201, -4.963259939867479, -3.0749831590907024, -2.7703231452852295, 0.2403430259624009, -3.036942636028243, -4.201626109889515, 6.572486874280027, 2.841113105217407, 6.681836253112253, 4.96658983542388, 1.7137675181486771, 3.273775274212341, -1.946259488179996, 4.198730094592337, -3.453284271602269, 1.536139213585864, 1.5852194468516299, 0.4029377825552859], Energy: -35.37063043807005
Eval count: 228, θ = [0.9888194294239961, -6.303141038077328, -6.563905413298998, -0.24400650478914257, 5.1060723280095655, 6.161936526190877, 4.51392336401201, -4.963259939867479, -3.0749831590907024, -2.7703231452852295, 0.2403430259624009, -3.036942636028243, -4.201626109889515, 6.572486874280027, 2.841113105217407, 6.681836253112253, 4.96658983542388, 1.7137675181486771, 3.273775274212341, -1.9462595030811571, 4.198730109493498, -3.453284271602269, 1.536139213585864, 1.5852194468516299, 0.4029377825552859], Energy: -35.37063044046732
Eval count: 229, θ = [0.9888194294239961, -6.303141038077328, -6.563905413298998, -0.24400650478914257, 5.1060723280095655, 6.161936526190877, 4.51392336401201, -4.963259939867479, -3.0749831590907024, -2.7703231452852295, 0.2403430259624009, -3.036942636028243, -4.201626109889515, 6.572486874280027, 2.841113105217407, 6.681836253112253, 4.96658983542388, 1.7137675181486771, 3.273775274212341, -1.9462595030811571, 4.198730094592337, -3.453284256701108, 1.536139213585864, 1.5852194468516299, 0.4029377825552859], Energy: -35.370630439275885
Eval count: 230, θ = [0.9888194294239961, -6.303141038077328, -6.563905413298998, -0.24400650478914257, 5.1060723280095655, 6.161936526190877, 4.51392336401201, -4.963259939867479, -3.0749831590907024, -2.7703231452852295, 0.2403430259624009, -3.036942636028243, -4.201626109889515, 6.572486874280027, 2.841113105217407, 6.681836253112253, 4.96658983542388, 1.7137675181486771, 3.273775274212341, -1.9462595030811571, 4.198730094592337, -3.453284271602269, 1.5361392284870252, 1.5852194468516299, 0.4029377825552859], Energy: -35.37063043779323
Eval count: 231, θ = [0.9888194294239961, -6.303141038077328, -6.563905413298998, -0.24400650478914257, 5.1060723280095655, 6.161936526190877, 4.51392336401201, -4.963259939867479, -3.0749831590907024, -2.7703231452852295, 0.2403430259624009, -3.036942636028243, -4.201626109889515, 6.572486874280027, 2.841113105217407, 6.681836253112253, 4.96658983542388, 1.7137675181486771, 3.273775274212341, -1.9462595030811571, 4.198730094592337, -3.453284271602269, 1.536139213585864, 1.585219461752791, 0.4029377825552859], Energy: -35.37063043797849
Eval count: 232, θ = [0.9888194294239961, -6.303141038077328, -6.563905413298998, -0.24400650478914257, 5.1060723280095655, 6.161936526190877, 4.51392336401201, -4.963259939867479, -3.0749831590907024, -2.7703231452852295, 0.2403430259624009, -3.036942636028243, -4.201626109889515, 6.572486874280027, 2.841113105217407, 6.681836253112253, 4.96658983542388, 1.7137675181486771, 3.273775274212341, -1.9462595030811571, 4.198730094592337, -3.453284271602269, 1.536139213585864, 1.5852194468516299, 0.4029377974564471], Energy: -35.370630438050625
Eval count: 233, θ = [1.1810108446742957, -6.411147500883468, -6.169097677877463, -0.7851051720864506, 5.309718238630022, 6.882896134283828, 3.8343092224937982, -3.2341821836894598, -2.869869995107521, -3.8237793111651524, -0.26199538480412965, -2.9986765093113474, -3.799148722008055, 7.108103513951564, 2.8349508217818142, 7.005310174294965, 3.0372356302579684, 2.1422407743206775, 3.176829903368178, -1.7497808282903184, 4.440965285882075, -3.355217576290959, 1.530561134402216, 1.5806810278326129, 0.4029156889227279], Energy: -29.878659508005754
Eval count: 234, θ = [1.0453581279239772, -6.334914282624661, -6.447761227101151, -0.4031864263752416, 5.165980699704154, 6.3740277783393955, 4.31399508421044, -4.454601393322848, -3.014643152115265, -3.080227937172328, 0.09256556194664403, -3.025685541124233, -4.083225672196425, 6.730054097886362, 2.8393002901924347, 6.776995521691121, 4.399014142391586, 1.839815397105519, 3.245255971797149, -1.8884595824072405, 4.2699906263313805, -3.424435098959075, 1.534498259244784, 1.5838843388071389, 0.4029312830702369], Energy: -34.390187244838486
Eval count: 235, θ = [1.0086634113076771, -6.314292828017863, -6.523141066259674, -0.2998755566775825, 5.127098999548329, 6.23637642447265, 4.4437524321073925, -4.7847306979427735, -3.0538049919759755, -2.8790936907528715, 0.1884760145782253, -3.0329916149884126, -4.160069862523787, 6.627789900590529, 2.8404768424545837, 6.71523530282232, 4.7673818227004485, 1.7580078684371934, 3.263765554578231, -1.9259728567811583, 4.223741153183498, -3.4431587739435123, 1.5355632705754965, 1.5847508499339338, 0.402935501362634], Energy: -35.928902063894306
Eval count: 236, θ = [1.0086634262088383, -6.314292828017863, -6.523141066259674, -0.2998755566775825, 5.127098999548329, 6.23637642447265, 4.4437524321073925, -4.7847306979427735, -3.0538049919759755, -2.8790936907528715, 0.1884760145782253, -3.0329916149884126, -4.160069862523787, 6.627789900590529, 2.8404768424545837, 6.71523530282232, 4.7673818227004485, 1.7580078684371934, 3.263765554578231, -1.9259728567811583, 4.223741153183498, -3.4431587739435123, 1.5355632705754965, 1.5847508499339338, 0.402935501362634], Energy: -35.928901941908094
Eval count: 237, θ = [1.0086634113076771, -6.314292813116702, -6.523141066259674, -0.2998755566775825, 5.127098999548329, 6.23637642447265, 4.4437524321073925, -4.7847306979427735, -3.0538049919759755, -2.8790936907528715, 0.1884760145782253, -3.0329916149884126, -4.160069862523787, 6.627789900590529, 2.8404768424545837, 6.71523530282232, 4.7673818227004485, 1.7580078684371934, 3.263765554578231, -1.9259728567811583, 4.223741153183498, -3.4431587739435123, 1.5355632705754965, 1.5847508499339338, 0.402935501362634], Energy: -35.92890205487138
Eval count: 238, θ = [1.0086634113076771, -6.314292828017863, -6.523141051358513, -0.2998755566775825, 5.127098999548329, 6.23637642447265, 4.4437524321073925, -4.7847306979427735, -3.0538049919759755, -2.8790936907528715, 0.1884760145782253, -3.0329916149884126, -4.160069862523787, 6.627789900590529, 2.8404768424545837, 6.71523530282232, 4.7673818227004485, 1.7580078684371934, 3.263765554578231, -1.9259728567811583, 4.223741153183498, -3.4431587739435123, 1.5355632705754965, 1.5847508499339338, 0.402935501362634], Energy: -35.9289020620187
Eval count: 239, θ = [1.0086634113076771, -6.314292828017863, -6.523141066259674, -0.2998755417764213, 5.127098999548329, 6.23637642447265, 4.4437524321073925, -4.7847306979427735, -3.0538049919759755, -2.8790936907528715, 0.1884760145782253, -3.0329916149884126, -4.160069862523787, 6.627789900590529, 2.8404768424545837, 6.71523530282232, 4.7673818227004485, 1.7580078684371934, 3.263765554578231, -1.9259728567811583, 4.223741153183498, -3.4431587739435123, 1.5355632705754965, 1.5847508499339338, 0.402935501362634], Energy: -35.92890206805683
Eval count: 240, θ = [1.0086634113076771, -6.314292828017863, -6.523141066259674, -0.2998755566775825, 5.12709901444949, 6.23637642447265, 4.4437524321073925, -4.7847306979427735, -3.0538049919759755, -2.8790936907528715, 0.1884760145782253, -3.0329916149884126, -4.160069862523787, 6.627789900590529, 2.8404768424545837, 6.71523530282232, 4.7673818227004485, 1.7580078684371934, 3.263765554578231, -1.9259728567811583, 4.223741153183498, -3.4431587739435123, 1.5355632705754965, 1.5847508499339338, 0.402935501362634], Energy: -35.928902051872086
Eval count: 241, θ = [1.0086634113076771, -6.314292828017863, -6.523141066259674, -0.2998755566775825, 5.127098999548329, 6.236376439373811, 4.4437524321073925, -4.7847306979427735, -3.0538049919759755, -2.8790936907528715, 0.1884760145782253, -3.0329916149884126, -4.160069862523787, 6.627789900590529, 2.8404768424545837, 6.71523530282232, 4.7673818227004485, 1.7580078684371934, 3.263765554578231, -1.9259728567811583, 4.223741153183498, -3.4431587739435123, 1.5355632705754965, 1.5847508499339338, 0.402935501362634], Energy: -35.928902022313736
Eval count: 242, θ = [1.0086634113076771, -6.314292828017863, -6.523141066259674, -0.2998755566775825, 5.127098999548329, 6.23637642447265, 4.443752447008554, -4.7847306979427735, -3.0538049919759755, -2.8790936907528715, 0.1884760145782253, -3.0329916149884126, -4.160069862523787, 6.627789900590529, 2.8404768424545837, 6.71523530282232, 4.7673818227004485, 1.7580078684371934, 3.263765554578231, -1.9259728567811583, 4.223741153183498, -3.4431587739435123, 1.5355632705754965, 1.5847508499339338, 0.402935501362634], Energy: -35.928902056407686
Eval count: 243, θ = [1.0086634113076771, -6.314292828017863, -6.523141066259674, -0.2998755566775825, 5.127098999548329, 6.23637642447265, 4.4437524321073925, -4.784730683041612, -3.0538049919759755, -2.8790936907528715, 0.1884760145782253, -3.0329916149884126, -4.160069862523787, 6.627789900590529, 2.8404768424545837, 6.71523530282232, 4.7673818227004485, 1.7580078684371934, 3.263765554578231, -1.9259728567811583, 4.223741153183498, -3.4431587739435123, 1.5355632705754965, 1.5847508499339338, 0.402935501362634], Energy: -35.928902074634905
Eval count: 244, θ = [1.0086634113076771, -6.314292828017863, -6.523141066259674, -0.2998755566775825, 5.127098999548329, 6.23637642447265, 4.4437524321073925, -4.7847306979427735, -3.0538049770748144, -2.8790936907528715, 0.1884760145782253, -3.0329916149884126, -4.160069862523787, 6.627789900590529, 2.8404768424545837, 6.71523530282232, 4.7673818227004485, 1.7580078684371934, 3.263765554578231, -1.9259728567811583, 4.223741153183498, -3.4431587739435123, 1.5355632705754965, 1.5847508499339338, 0.402935501362634], Energy: -35.928902098844155
Eval count: 245, θ = [1.0086634113076771, -6.314292828017863, -6.523141066259674, -0.2998755566775825, 5.127098999548329, 6.23637642447265, 4.4437524321073925, -4.7847306979427735, -3.0538049919759755, -2.8790936758517103, 0.1884760145782253, -3.0329916149884126, -4.160069862523787, 6.627789900590529, 2.8404768424545837, 6.71523530282232, 4.7673818227004485, 1.7580078684371934, 3.263765554578231, -1.9259728567811583, 4.223741153183498, -3.4431587739435123, 1.5355632705754965, 1.5847508499339338, 0.402935501362634], Energy: -35.92890205588953
Eval count: 246, θ = [1.0086634113076771, -6.314292828017863, -6.523141066259674, -0.2998755566775825, 5.127098999548329, 6.23637642447265, 4.4437524321073925, -4.7847306979427735, -3.0538049919759755, -2.8790936907528715, 0.1884760294793865, -3.0329916149884126, -4.160069862523787, 6.627789900590529, 2.8404768424545837, 6.71523530282232, 4.7673818227004485, 1.7580078684371934, 3.263765554578231, -1.9259728567811583, 4.223741153183498, -3.4431587739435123, 1.5355632705754965, 1.5847508499339338, 0.402935501362634], Energy: -35.92890205523858
Eval count: 247, θ = [1.0086634113076771, -6.314292828017863, -6.523141066259674, -0.2998755566775825, 5.127098999548329, 6.23637642447265, 4.4437524321073925, -4.7847306979427735, -3.0538049919759755, -2.8790936907528715, 0.1884760145782253, -3.0329916000872514, -4.160069862523787, 6.627789900590529, 2.8404768424545837, 6.71523530282232, 4.7673818227004485, 1.7580078684371934, 3.263765554578231, -1.9259728567811583, 4.223741153183498, -3.4431587739435123, 1.5355632705754965, 1.5847508499339338, 0.402935501362634], Energy: -35.92890206413928
Eval count: 248, θ = [1.0086634113076771, -6.314292828017863, -6.523141066259674, -0.2998755566775825, 5.127098999548329, 6.23637642447265, 4.4437524321073925, -4.7847306979427735, -3.0538049919759755, -2.8790936907528715, 0.1884760145782253, -3.0329916149884126, -4.160069847622625, 6.627789900590529, 2.8404768424545837, 6.71523530282232, 4.7673818227004485, 1.7580078684371934, 3.263765554578231, -1.9259728567811583, 4.223741153183498, -3.4431587739435123, 1.5355632705754965, 1.5847508499339338, 0.402935501362634], Energy: -35.92890207807867
Eval count: 249, θ = [1.0086634113076771, -6.314292828017863, -6.523141066259674, -0.2998755566775825, 5.127098999548329, 6.23637642447265, 4.4437524321073925, -4.7847306979427735, -3.0538049919759755, -2.8790936907528715, 0.1884760145782253, -3.0329916149884126, -4.160069862523787, 6.62778991549169, 2.8404768424545837, 6.71523530282232, 4.7673818227004485, 1.7580078684371934, 3.263765554578231, -1.9259728567811583, 4.223741153183498, -3.4431587739435123, 1.5355632705754965, 1.5847508499339338, 0.402935501362634], Energy: -35.92890206067689
Eval count: 250, θ = [1.0086634113076771, -6.314292828017863, -6.523141066259674, -0.2998755566775825, 5.127098999548329, 6.23637642447265, 4.4437524321073925, -4.7847306979427735, -3.0538049919759755, -2.8790936907528715, 0.1884760145782253, -3.0329916149884126, -4.160069862523787, 6.627789900590529, 2.840476857355745, 6.71523530282232, 4.7673818227004485, 1.7580078684371934, 3.263765554578231, -1.9259728567811583, 4.223741153183498, -3.4431587739435123, 1.5355632705754965, 1.5847508499339338, 0.402935501362634], Energy: -35.92890205996431
Eval count: 251, θ = [1.0086634113076771, -6.314292828017863, -6.523141066259674, -0.2998755566775825, 5.127098999548329, 6.23637642447265, 4.4437524321073925, -4.7847306979427735, -3.0538049919759755, -2.8790936907528715, 0.1884760145782253, -3.0329916149884126, -4.160069862523787, 6.627789900590529, 2.8404768424545837, 6.715235317723481, 4.7673818227004485, 1.7580078684371934, 3.263765554578231, -1.9259728567811583, 4.223741153183498, -3.4431587739435123, 1.5355632705754965, 1.5847508499339338, 0.402935501362634], Energy: -35.92890206443991
Eval count: 252, θ = [1.0086634113076771, -6.314292828017863, -6.523141066259674, -0.2998755566775825, 5.127098999548329, 6.23637642447265, 4.4437524321073925, -4.7847306979427735, -3.0538049919759755, -2.8790936907528715, 0.1884760145782253, -3.0329916149884126, -4.160069862523787, 6.627789900590529, 2.8404768424545837, 6.71523530282232, 4.76738183760161, 1.7580078684371934, 3.263765554578231, -1.9259728567811583, 4.223741153183498, -3.4431587739435123, 1.5355632705754965, 1.5847508499339338, 0.402935501362634], Energy: -35.92890204456501
Eval count: 253, θ = [1.0086634113076771, -6.314292828017863, -6.523141066259674, -0.2998755566775825, 5.127098999548329, 6.23637642447265, 4.4437524321073925, -4.7847306979427735, -3.0538049919759755, -2.8790936907528715, 0.1884760145782253, -3.0329916149884126, -4.160069862523787, 6.627789900590529, 2.8404768424545837, 6.71523530282232, 4.7673818227004485, 1.7580078833383546, 3.263765554578231, -1.9259728567811583, 4.223741153183498, -3.4431587739435123, 1.5355632705754965, 1.5847508499339338, 0.402935501362634], Energy: -35.928902064605786
Eval count: 254, θ = [1.0086634113076771, -6.314292828017863, -6.523141066259674, -0.2998755566775825, 5.127098999548329, 6.23637642447265, 4.4437524321073925, -4.7847306979427735, -3.0538049919759755, -2.8790936907528715, 0.1884760145782253, -3.0329916149884126, -4.160069862523787, 6.627789900590529, 2.8404768424545837, 6.71523530282232, 4.7673818227004485, 1.7580078684371934, 3.2637655694793923, -1.9259728567811583, 4.223741153183498, -3.4431587739435123, 1.5355632705754965, 1.5847508499339338, 0.402935501362634], Energy: -35.92890206394287
Eval count: 255, θ = [1.0086634113076771, -6.314292828017863, -6.523141066259674, -0.2998755566775825, 5.127098999548329, 6.23637642447265, 4.4437524321073925, -4.7847306979427735, -3.0538049919759755, -2.8790936907528715, 0.1884760145782253, -3.0329916149884126, -4.160069862523787, 6.627789900590529, 2.8404768424545837, 6.71523530282232, 4.7673818227004485, 1.7580078684371934, 3.263765554578231, -1.925972841879997, 4.223741153183498, -3.4431587739435123, 1.5355632705754965, 1.5847508499339338, 0.402935501362634], Energy: -35.92890206391122
Eval count: 256, θ = [1.0086634113076771, -6.314292828017863, -6.523141066259674, -0.2998755566775825, 5.127098999548329, 6.23637642447265, 4.4437524321073925, -4.7847306979427735, -3.0538049919759755, -2.8790936907528715, 0.1884760145782253, -3.0329916149884126, -4.160069862523787, 6.627789900590529, 2.8404768424545837, 6.71523530282232, 4.7673818227004485, 1.7580078684371934, 3.263765554578231, -1.9259728567811583, 4.2237411680846595, -3.4431587739435123, 1.5355632705754965, 1.5847508499339338, 0.402935501362634], Energy: -35.92890206938096
Eval count: 257, θ = [1.0086634113076771, -6.314292828017863, -6.523141066259674, -0.2998755566775825, 5.127098999548329, 6.23637642447265, 4.4437524321073925, -4.7847306979427735, -3.0538049919759755, -2.8790936907528715, 0.1884760145782253, -3.0329916149884126, -4.160069862523787, 6.627789900590529, 2.8404768424545837, 6.71523530282232, 4.7673818227004485, 1.7580078684371934, 3.263765554578231, -1.9259728567811583, 4.223741153183498, -3.443158759042351, 1.5355632705754965, 1.5847508499339338, 0.402935501362634], Energy: -35.928902066380004
Eval count: 258, θ = [1.0086634113076771, -6.314292828017863, -6.523141066259674, -0.2998755566775825, 5.127098999548329, 6.23637642447265, 4.4437524321073925, -4.7847306979427735, -3.0538049919759755, -2.8790936907528715, 0.1884760145782253, -3.0329916149884126, -4.160069862523787, 6.627789900590529, 2.8404768424545837, 6.71523530282232, 4.7673818227004485, 1.7580078684371934, 3.263765554578231, -1.9259728567811583, 4.223741153183498, -3.4431587739435123, 1.5355632854766577, 1.5847508499339338, 0.402935501362634], Energy: -35.92890206337916
Eval count: 259, θ = [1.0086634113076771, -6.314292828017863, -6.523141066259674, -0.2998755566775825, 5.127098999548329, 6.23637642447265, 4.4437524321073925, -4.7847306979427735, -3.0538049919759755, -2.8790936907528715, 0.1884760145782253, -3.0329916149884126, -4.160069862523787, 6.627789900590529, 2.8404768424545837, 6.71523530282232, 4.7673818227004485, 1.7580078684371934, 3.263765554578231, -1.9259728567811583, 4.223741153183498, -3.4431587739435123, 1.5355632705754965, 1.584750864835095, 0.402935501362634], Energy: -35.92890206375088
Eval count: 260, θ = [1.0086634113076771, -6.314292828017863, -6.523141066259674, -0.2998755566775825, 5.127098999548329, 6.23637642447265, 4.4437524321073925, -4.7847306979427735, -3.0538049919759755, -2.8790936907528715, 0.1884760145782253, -3.0329916149884126, -4.160069862523787, 6.627789900590529, 2.8404768424545837, 6.71523530282232, 4.7673818227004485, 1.7580078684371934, 3.263765554578231, -1.9259728567811583, 4.223741153183498, -3.4431587739435123, 1.5355632705754965, 1.5847508499339338, 0.4029355162637952], Energy: -35.92890206389504
Eval count: 261, θ = [0.992806751213406, -6.3808297729727155, -6.4500951995325115, -0.7617692301248112, 5.343918945938618, 6.472714371301756, 3.94493998991647, -3.624630603446351, -2.7029038817015367, -4.73419147045207, -0.9956583625881906, -3.0240212237669453, -3.0250143774497866, 6.269927039725215, 2.473693270235647, 7.011887650607558, 2.893687485223925, 1.6220850887575453, 3.0670637793558364, -1.9383169353205185, 4.767420124656068, -3.1312862886664505, 1.5167401306560708, 1.5699862233919295, 0.40295081840704167], Energy: -27.50386838450249
Eval count: 262, θ = [1.0051416111636375, -6.329070834289853, -6.506917413710411, -0.4024631883734331, 5.175255201036424, 6.28886761809327, 4.332965058201877, -4.527069837735912, -2.975869060111319, -3.2911151119670645, -0.07452291428028499, -3.030999270767875, -3.9079714668300642, 6.548307748141718, 2.7590133797964755, 6.7811224615902095, 4.35123006385718, 1.7278191110186636, 3.2200776445018, -1.928714504601033, 4.344493484926746, -3.373891188144184, 1.5313826085391413, 1.5814715929168077, 0.4029389033129111], Energy: -36.08447244760223
Eval count: 263, θ = [1.0051416260647987, -6.329070834289853, -6.506917413710411, -0.4024631883734331, 5.175255201036424, 6.28886761809327, 4.332965058201877, -4.527069837735912, -2.975869060111319, -3.2911151119670645, -0.07452291428028499, -3.030999270767875, -3.9079714668300642, 6.548307748141718, 2.7590133797964755, 6.7811224615902095, 4.35123006385718, 1.7278191110186636, 3.2200776445018, -1.928714504601033, 4.344493484926746, -3.373891188144184, 1.5313826085391413, 1.5814715929168077, 0.4029389033129111], Energy: -36.084472337612986
Eval count: 264, θ = [1.0051416111636375, -6.329070819388692, -6.506917413710411, -0.4024631883734331, 5.175255201036424, 6.28886761809327, 4.332965058201877, -4.527069837735912, -2.975869060111319, -3.2911151119670645, -0.07452291428028499, -3.030999270767875, -3.9079714668300642, 6.548307748141718, 2.7590133797964755, 6.7811224615902095, 4.35123006385718, 1.7278191110186636, 3.2200776445018, -1.928714504601033, 4.344493484926746, -3.373891188144184, 1.5313826085391413, 1.5814715929168077, 0.4029389033129111], Energy: -36.08447244489615
Eval count: 265, θ = [1.0051416111636375, -6.329070834289853, -6.50691739880925, -0.4024631883734331, 5.175255201036424, 6.28886761809327, 4.332965058201877, -4.527069837735912, -2.975869060111319, -3.2911151119670645, -0.07452291428028499, -3.030999270767875, -3.9079714668300642, 6.548307748141718, 2.7590133797964755, 6.7811224615902095, 4.35123006385718, 1.7278191110186636, 3.2200776445018, -1.928714504601033, 4.344493484926746, -3.373891188144184, 1.5313826085391413, 1.5814715929168077, 0.4029389033129111], Energy: -36.08447244795289
Eval count: 266, θ = [1.0051416111636375, -6.329070834289853, -6.506917413710411, -0.4024631734722719, 5.175255201036424, 6.28886761809327, 4.332965058201877, -4.527069837735912, -2.975869060111319, -3.2911151119670645, -0.07452291428028499, -3.030999270767875, -3.9079714668300642, 6.548307748141718, 2.7590133797964755, 6.7811224615902095, 4.35123006385718, 1.7278191110186636, 3.2200776445018, -1.928714504601033, 4.344493484926746, -3.373891188144184, 1.5313826085391413, 1.5814715929168077, 0.4029389033129111], Energy: -36.084472453671715
Eval count: 267, θ = [1.0051416111636375, -6.329070834289853, -6.506917413710411, -0.4024631883734331, 5.175255215937585, 6.28886761809327, 4.332965058201877, -4.527069837735912, -2.975869060111319, -3.2911151119670645, -0.07452291428028499, -3.030999270767875, -3.9079714668300642, 6.548307748141718, 2.7590133797964755, 6.7811224615902095, 4.35123006385718, 1.7278191110186636, 3.2200776445018, -1.928714504601033, 4.344493484926746, -3.373891188144184, 1.5313826085391413, 1.5814715929168077, 0.4029389033129111], Energy: -36.08447219414347
Eval count: 268, θ = [1.0051416111636375, -6.329070834289853, -6.506917413710411, -0.4024631883734331, 5.175255201036424, 6.288867632994431, 4.332965058201877, -4.527069837735912, -2.975869060111319, -3.2911151119670645, -0.07452291428028499, -3.030999270767875, -3.9079714668300642, 6.548307748141718, 2.7590133797964755, 6.7811224615902095, 4.35123006385718, 1.7278191110186636, 3.2200776445018, -1.928714504601033, 4.344493484926746, -3.373891188144184, 1.5313826085391413, 1.5814715929168077, 0.4029389033129111], Energy: -36.0844722861738
Eval count: 269, θ = [1.0051416111636375, -6.329070834289853, -6.506917413710411, -0.4024631883734331, 5.175255201036424, 6.28886761809327, 4.332965073103038, -4.527069837735912, -2.975869060111319, -3.2911151119670645, -0.07452291428028499, -3.030999270767875, -3.9079714668300642, 6.548307748141718, 2.7590133797964755, 6.7811224615902095, 4.35123006385718, 1.7278191110186636, 3.2200776445018, -1.928714504601033, 4.344493484926746, -3.373891188144184, 1.5313826085391413, 1.5814715929168077, 0.4029389033129111], Energy: -36.08447244908593
Eval count: 270, θ = [1.0051416111636375, -6.329070834289853, -6.506917413710411, -0.4024631883734331, 5.175255201036424, 6.28886761809327, 4.332965058201877, -4.527069822834751, -2.975869060111319, -3.2911151119670645, -0.07452291428028499, -3.030999270767875, -3.9079714668300642, 6.548307748141718, 2.7590133797964755, 6.7811224615902095, 4.35123006385718, 1.7278191110186636, 3.2200776445018, -1.928714504601033, 4.344493484926746, -3.373891188144184, 1.5313826085391413, 1.5814715929168077, 0.4029389033129111], Energy: -36.08447244656563
Eval count: 271, θ = [1.0051416111636375, -6.329070834289853, -6.506917413710411, -0.4024631883734331, 5.175255201036424, 6.28886761809327, 4.332965058201877, -4.527069837735912, -2.9758690452101577, -3.2911151119670645, -0.07452291428028499, -3.030999270767875, -3.9079714668300642, 6.548307748141718, 2.7590133797964755, 6.7811224615902095, 4.35123006385718, 1.7278191110186636, 3.2200776445018, -1.928714504601033, 4.344493484926746, -3.373891188144184, 1.5313826085391413, 1.5814715929168077, 0.4029389033129111], Energy: -36.08447246601828
Eval count: 272, θ = [1.0051416111636375, -6.329070834289853, -6.506917413710411, -0.4024631883734331, 5.175255201036424, 6.28886761809327, 4.332965058201877, -4.527069837735912, -2.975869060111319, -3.2911150970659033, -0.07452291428028499, -3.030999270767875, -3.9079714668300642, 6.548307748141718, 2.7590133797964755, 6.7811224615902095, 4.35123006385718, 1.7278191110186636, 3.2200776445018, -1.928714504601033, 4.344493484926746, -3.373891188144184, 1.5313826085391413, 1.5814715929168077, 0.4029389033129111], Energy: -36.084472493605915
Eval count: 273, θ = [1.0051416111636375, -6.329070834289853, -6.506917413710411, -0.4024631883734331, 5.175255201036424, 6.28886761809327, 4.332965058201877, -4.527069837735912, -2.975869060111319, -3.2911151119670645, -0.07452289937912379, -3.030999270767875, -3.9079714668300642, 6.548307748141718, 2.7590133797964755, 6.7811224615902095, 4.35123006385718, 1.7278191110186636, 3.2200776445018, -1.928714504601033, 4.344493484926746, -3.373891188144184, 1.5313826085391413, 1.5814715929168077, 0.4029389033129111], Energy: -36.084472452812854
Eval count: 274, θ = [1.0051416111636375, -6.329070834289853, -6.506917413710411, -0.4024631883734331, 5.175255201036424, 6.28886761809327, 4.332965058201877, -4.527069837735912, -2.975869060111319, -3.2911151119670645, -0.07452291428028499, -3.0309992558667136, -3.9079714668300642, 6.548307748141718, 2.7590133797964755, 6.7811224615902095, 4.35123006385718, 1.7278191110186636, 3.2200776445018, -1.928714504601033, 4.344493484926746, -3.373891188144184, 1.5313826085391413, 1.5814715929168077, 0.4029389033129111], Energy: -36.08447244827327
Eval count: 275, θ = [1.0051416111636375, -6.329070834289853, -6.506917413710411, -0.4024631883734331, 5.175255201036424, 6.28886761809327, 4.332965058201877, -4.527069837735912, -2.975869060111319, -3.2911151119670645, -0.07452291428028499, -3.030999270767875, -3.907971451928903, 6.548307748141718, 2.7590133797964755, 6.7811224615902095, 4.35123006385718, 1.7278191110186636, 3.2200776445018, -1.928714504601033, 4.344493484926746, -3.373891188144184, 1.5313826085391413, 1.5814715929168077, 0.4029389033129111], Energy: -36.084472449892935
Eval count: 276, θ = [1.0051416111636375, -6.329070834289853, -6.506917413710411, -0.4024631883734331, 5.175255201036424, 6.28886761809327, 4.332965058201877, -4.527069837735912, -2.975869060111319, -3.2911151119670645, -0.07452291428028499, -3.030999270767875, -3.9079714668300642, 6.548307763042879, 2.7590133797964755, 6.7811224615902095, 4.35123006385718, 1.7278191110186636, 3.2200776445018, -1.928714504601033, 4.344493484926746, -3.373891188144184, 1.5313826085391413, 1.5814715929168077, 0.4029389033129111], Energy: -36.08447245140122
Eval count: 277, θ = [1.0051416111636375, -6.329070834289853, -6.506917413710411, -0.4024631883734331, 5.175255201036424, 6.28886761809327, 4.332965058201877, -4.527069837735912, -2.975869060111319, -3.2911151119670645, -0.07452291428028499, -3.030999270767875, -3.9079714668300642, 6.548307748141718, 2.7590133946976367, 6.7811224615902095, 4.35123006385718, 1.7278191110186636, 3.2200776445018, -1.928714504601033, 4.344493484926746, -3.373891188144184, 1.5313826085391413, 1.5814715929168077, 0.4029389033129111], Energy: -36.08447243941895
Eval count: 278, θ = [1.0051416111636375, -6.329070834289853, -6.506917413710411, -0.4024631883734331, 5.175255201036424, 6.28886761809327, 4.332965058201877, -4.527069837735912, -2.975869060111319, -3.2911151119670645, -0.07452291428028499, -3.030999270767875, -3.9079714668300642, 6.548307748141718, 2.7590133797964755, 6.781122476491371, 4.35123006385718, 1.7278191110186636, 3.2200776445018, -1.928714504601033, 4.344493484926746, -3.373891188144184, 1.5313826085391413, 1.5814715929168077, 0.4029389033129111], Energy: -36.08447244937888
Eval count: 279, θ = [1.0051416111636375, -6.329070834289853, -6.506917413710411, -0.4024631883734331, 5.175255201036424, 6.28886761809327, 4.332965058201877, -4.527069837735912, -2.975869060111319, -3.2911151119670645, -0.07452291428028499, -3.030999270767875, -3.9079714668300642, 6.548307748141718, 2.7590133797964755, 6.7811224615902095, 4.351230078758341, 1.7278191110186636, 3.2200776445018, -1.928714504601033, 4.344493484926746, -3.373891188144184, 1.5313826085391413, 1.5814715929168077, 0.4029389033129111], Energy: -36.08447244904114
Eval count: 280, θ = [1.0051416111636375, -6.329070834289853, -6.506917413710411, -0.4024631883734331, 5.175255201036424, 6.28886761809327, 4.332965058201877, -4.527069837735912, -2.975869060111319, -3.2911151119670645, -0.07452291428028499, -3.030999270767875, -3.9079714668300642, 6.548307748141718, 2.7590133797964755, 6.7811224615902095, 4.35123006385718, 1.7278191259198248, 3.2200776445018, -1.928714504601033, 4.344493484926746, -3.373891188144184, 1.5313826085391413, 1.5814715929168077, 0.4029389033129111], Energy: -36.08447244169054
Eval count: 281, θ = [1.0051416111636375, -6.329070834289853, -6.506917413710411, -0.4024631883734331, 5.175255201036424, 6.28886761809327, 4.332965058201877, -4.527069837735912, -2.975869060111319, -3.2911151119670645, -0.07452291428028499, -3.030999270767875, -3.9079714668300642, 6.548307748141718, 2.7590133797964755, 6.7811224615902095, 4.35123006385718, 1.7278191110186636, 3.220077659402961, -1.928714504601033, 4.344493484926746, -3.373891188144184, 1.5313826085391413, 1.5814715929168077, 0.4029389033129111], Energy: -36.08447244706372
Eval count: 282, θ = [1.0051416111636375, -6.329070834289853, -6.506917413710411, -0.4024631883734331, 5.175255201036424, 6.28886761809327, 4.332965058201877, -4.527069837735912, -2.975869060111319, -3.2911151119670645, -0.07452291428028499, -3.030999270767875, -3.9079714668300642, 6.548307748141718, 2.7590133797964755, 6.7811224615902095, 4.35123006385718, 1.7278191110186636, 3.2200776445018, -1.9287144896998718, 4.344493484926746, -3.373891188144184, 1.5313826085391413, 1.5814715929168077, 0.4029389033129111], Energy: -36.08447244731913
Eval count: 283, θ = [1.0051416111636375, -6.329070834289853, -6.506917413710411, -0.4024631883734331, 5.175255201036424, 6.28886761809327, 4.332965058201877, -4.527069837735912, -2.975869060111319, -3.2911151119670645, -0.07452291428028499, -3.030999270767875, -3.9079714668300642, 6.548307748141718, 2.7590133797964755, 6.7811224615902095, 4.35123006385718, 1.7278191110186636, 3.2200776445018, -1.928714504601033, 4.344493499827907, -3.373891188144184, 1.5313826085391413, 1.5814715929168077, 0.4029389033129111], Energy: -36.0844724540852
Eval count: 284, θ = [1.0051416111636375, -6.329070834289853, -6.506917413710411, -0.4024631883734331, 5.175255201036424, 6.28886761809327, 4.332965058201877, -4.527069837735912, -2.975869060111319, -3.2911151119670645, -0.07452291428028499, -3.030999270767875, -3.9079714668300642, 6.548307748141718, 2.7590133797964755, 6.7811224615902095, 4.35123006385718, 1.7278191110186636, 3.2200776445018, -1.928714504601033, 4.344493484926746, -3.373891173243023, 1.5313826085391413, 1.5814715929168077, 0.4029389033129111], Energy: -36.084472451120675
Eval count: 285, θ = [1.0051416111636375, -6.329070834289853, -6.506917413710411, -0.4024631883734331, 5.175255201036424, 6.28886761809327, 4.332965058201877, -4.527069837735912, -2.975869060111319, -3.2911151119670645, -0.07452291428028499, -3.030999270767875, -3.9079714668300642, 6.548307748141718, 2.7590133797964755, 6.7811224615902095, 4.35123006385718, 1.7278191110186636, 3.2200776445018, -1.928714504601033, 4.344493484926746, -3.373891188144184, 1.5313826234403025, 1.5814715929168077, 0.4029389033129111], Energy: -36.08447244526307
Eval count: 286, θ = [1.0051416111636375, -6.329070834289853, -6.506917413710411, -0.4024631883734331, 5.175255201036424, 6.28886761809327, 4.332965058201877, -4.527069837735912, -2.975869060111319, -3.2911151119670645, -0.07452291428028499, -3.030999270767875, -3.9079714668300642, 6.548307748141718, 2.7590133797964755, 6.7811224615902095, 4.35123006385718, 1.7278191110186636, 3.2200776445018, -1.928714504601033, 4.344493484926746, -3.373891188144184, 1.5313826085391413, 1.581471607817969, 0.4029389033129111], Energy: -36.08447244728998
Eval count: 287, θ = [1.0051416111636375, -6.329070834289853, -6.506917413710411, -0.4024631883734331, 5.175255201036424, 6.28886761809327, 4.332965058201877, -4.527069837735912, -2.975869060111319, -3.2911151119670645, -0.07452291428028499, -3.030999270767875, -3.9079714668300642, 6.548307748141718, 2.7590133797964755, 6.7811224615902095, 4.35123006385718, 1.7278191110186636, 3.2200776445018, -1.928714504601033, 4.344493484926746, -3.373891188144184, 1.5313826085391413, 1.5814715929168077, 0.4029389182140723], Energy: -36.08447244760501
Eval count: 288, θ = [0.856753383208252, -6.372647180461806, -6.531654604191491, -0.45819418187382, 5.178786021242673, 6.208412671688197, 4.634352388290936, -4.0923118563276315, -2.95971919730997, -2.5711566736279305, -0.3069088859050869, -3.0197744960239015, -3.651848463750533, 6.368798234998447, 2.3737947172682943, 6.831082474534104, 4.286700832483923, 1.3844015270271097, 3.1559739579342496, -2.0492288276514357, 4.587578240512276, -3.1968912009541905, 1.4748611596437222, 1.5699666745510275, 0.40301019442683145], Energy: -36.22512937582435
Eval count: 289, θ = [0.9285836821250365, -6.351553175806843, -6.519680070826542, -0.43121647631576343, 5.177076856881518, 6.247358502696757, 4.488459804301472, -4.302765179959233, -2.967536862420404, -2.9196670005327707, -0.1944177938833151, -3.0252080734460645, -3.7758299420939405, 6.455693416409767, 2.560267539667943, 6.806898327900011, 4.317937501607063, 1.5506396986886104, 3.187004633556304, -1.9908914516497016, 4.469908187460143, -3.28257159597816, 1.5022215009949806, 1.5755358611139647, 0.4029756845327949], Energy: -37.370560154891706
Eval count: 290, θ = [0.9285836970261977, -6.351553175806843, -6.519680070826542, -0.43121647631576343, 5.177076856881518, 6.247358502696757, 4.488459804301472, -4.302765179959233, -2.967536862420404, -2.9196670005327707, -0.1944177938833151, -3.0252080734460645, -3.7758299420939405, 6.455693416409767, 2.560267539667943, 6.806898327900011, 4.317937501607063, 1.5506396986886104, 3.187004633556304, -1.9908914516497016, 4.469908187460143, -3.28257159597816, 1.5022215009949806, 1.5755358611139647, 0.4029756845327949], Energy: -37.37056010464164
Eval count: 291, θ = [0.9285836821250365, -6.351553160905682, -6.519680070826542, -0.43121647631576343, 5.177076856881518, 6.247358502696757, 4.488459804301472, -4.302765179959233, -2.967536862420404, -2.9196670005327707, -0.1944177938833151, -3.0252080734460645, -3.7758299420939405, 6.455693416409767, 2.560267539667943, 6.806898327900011, 4.317937501607063, 1.5506396986886104, 3.187004633556304, -1.9908914516497016, 4.469908187460143, -3.28257159597816, 1.5022215009949806, 1.5755358611139647, 0.4029756845327949], Energy: -37.37056017959537
Eval count: 292, θ = [0.9285836821250365, -6.351553175806843, -6.519680055925381, -0.43121647631576343, 5.177076856881518, 6.247358502696757, 4.488459804301472, -4.302765179959233, -2.967536862420404, -2.9196670005327707, -0.1944177938833151, -3.0252080734460645, -3.7758299420939405, 6.455693416409767, 2.560267539667943, 6.806898327900011, 4.317937501607063, 1.5506396986886104, 3.187004633556304, -1.9908914516497016, 4.469908187460143, -3.28257159597816, 1.5022215009949806, 1.5755358611139647, 0.4029756845327949], Energy: -37.370560153843044
Eval count: 293, θ = [0.9285836821250365, -6.351553175806843, -6.519680070826542, -0.43121646141460224, 5.177076856881518, 6.247358502696757, 4.488459804301472, -4.302765179959233, -2.967536862420404, -2.9196670005327707, -0.1944177938833151, -3.0252080734460645, -3.7758299420939405, 6.455693416409767, 2.560267539667943, 6.806898327900011, 4.317937501607063, 1.5506396986886104, 3.187004633556304, -1.9908914516497016, 4.469908187460143, -3.28257159597816, 1.5022215009949806, 1.5755358611139647, 0.4029756845327949], Energy: -37.37056016414771
Eval count: 294, θ = [0.9285836821250365, -6.351553175806843, -6.519680070826542, -0.43121647631576343, 5.177076871782679, 6.247358502696757, 4.488459804301472, -4.302765179959233, -2.967536862420404, -2.9196670005327707, -0.1944177938833151, -3.0252080734460645, -3.7758299420939405, 6.455693416409767, 2.560267539667943, 6.806898327900011, 4.317937501607063, 1.5506396986886104, 3.187004633556304, -1.9908914516497016, 4.469908187460143, -3.28257159597816, 1.5022215009949806, 1.5755358611139647, 0.4029756845327949], Energy: -37.37055985637842
Eval count: 295, θ = [0.9285836821250365, -6.351553175806843, -6.519680070826542, -0.43121647631576343, 5.177076856881518, 6.2473585175979185, 4.488459804301472, -4.302765179959233, -2.967536862420404, -2.9196670005327707, -0.1944177938833151, -3.0252080734460645, -3.7758299420939405, 6.455693416409767, 2.560267539667943, 6.806898327900011, 4.317937501607063, 1.5506396986886104, 3.187004633556304, -1.9908914516497016, 4.469908187460143, -3.28257159597816, 1.5022215009949806, 1.5755358611139647, 0.4029756845327949], Energy: -37.370560058076286
Eval count: 296, θ = [0.9285836821250365, -6.351553175806843, -6.519680070826542, -0.43121647631576343, 5.177076856881518, 6.247358502696757, 4.4884598192026335, -4.302765179959233, -2.967536862420404, -2.9196670005327707, -0.1944177938833151, -3.0252080734460645, -3.7758299420939405, 6.455693416409767, 2.560267539667943, 6.806898327900011, 4.317937501607063, 1.5506396986886104, 3.187004633556304, -1.9908914516497016, 4.469908187460143, -3.28257159597816, 1.5022215009949806, 1.5755358611139647, 0.4029756845327949], Energy: -37.370560139680414
Eval count: 297, θ = [0.9285836821250365, -6.351553175806843, -6.519680070826542, -0.43121647631576343, 5.177076856881518, 6.247358502696757, 4.488459804301472, -4.302765165058072, -2.967536862420404, -2.9196670005327707, -0.1944177938833151, -3.0252080734460645, -3.7758299420939405, 6.455693416409767, 2.560267539667943, 6.806898327900011, 4.317937501607063, 1.5506396986886104, 3.187004633556304, -1.9908914516497016, 4.469908187460143, -3.28257159597816, 1.5022215009949806, 1.5755358611139647, 0.4029756845327949], Energy: -37.37056015590774
Eval count: 298, θ = [0.9285836821250365, -6.351553175806843, -6.519680070826542, -0.43121647631576343, 5.177076856881518, 6.247358502696757, 4.488459804301472, -4.302765179959233, -2.9675368475192427, -2.9196670005327707, -0.1944177938833151, -3.0252080734460645, -3.7758299420939405, 6.455693416409767, 2.560267539667943, 6.806898327900011, 4.317937501607063, 1.5506396986886104, 3.187004633556304, -1.9908914516497016, 4.469908187460143, -3.28257159597816, 1.5022215009949806, 1.5755358611139647, 0.4029756845327949], Energy: -37.370560207426365
Eval count: 299, θ = [0.9285836821250365, -6.351553175806843, -6.519680070826542, -0.43121647631576343, 5.177076856881518, 6.247358502696757, 4.488459804301472, -4.302765179959233, -2.967536862420404, -2.9196669856316095, -0.1944177938833151, -3.0252080734460645, -3.7758299420939405, 6.455693416409767, 2.560267539667943, 6.806898327900011, 4.317937501607063, 1.5506396986886104, 3.187004633556304, -1.9908914516497016, 4.469908187460143, -3.28257159597816, 1.5022215009949806, 1.5755358611139647, 0.4029756845327949], Energy: -37.37056015396225
Eval count: 300, θ = [0.9285836821250365, -6.351553175806843, -6.519680070826542, -0.43121647631576343, 5.177076856881518, 6.247358502696757, 4.488459804301472, -4.302765179959233, -2.967536862420404, -2.9196670005327707, -0.1944177789821539, -3.0252080734460645, -3.7758299420939405, 6.455693416409767, 2.560267539667943, 6.806898327900011, 4.317937501607063, 1.5506396986886104, 3.187004633556304, -1.9908914516497016, 4.469908187460143, -3.28257159597816, 1.5022215009949806, 1.5755358611139647, 0.4029756845327949], Energy: -37.37056015212161
Eval count: 301, θ = [0.9285836821250365, -6.351553175806843, -6.519680070826542, -0.43121647631576343, 5.177076856881518, 6.247358502696757, 4.488459804301472, -4.302765179959233, -2.967536862420404, -2.9196670005327707, -0.1944177938833151, -3.0252080585449033, -3.7758299420939405, 6.455693416409767, 2.560267539667943, 6.806898327900011, 4.317937501607063, 1.5506396986886104, 3.187004633556304, -1.9908914516497016, 4.469908187460143, -3.28257159597816, 1.5022215009949806, 1.5755358611139647, 0.4029756845327949], Energy: -37.37056015150421
Eval count: 302, θ = [0.9285836821250365, -6.351553175806843, -6.519680070826542, -0.43121647631576343, 5.177076856881518, 6.247358502696757, 4.488459804301472, -4.302765179959233, -2.967536862420404, -2.9196670005327707, -0.1944177938833151, -3.0252080734460645, -3.7758299271927793, 6.455693416409767, 2.560267539667943, 6.806898327900011, 4.317937501607063, 1.5506396986886104, 3.187004633556304, -1.9908914516497016, 4.469908187460143, -3.28257159597816, 1.5022215009949806, 1.5755358611139647, 0.4029756845327949], Energy: -37.37056014315648
Eval count: 303, θ = [0.9285836821250365, -6.351553175806843, -6.519680070826542, -0.43121647631576343, 5.177076856881518, 6.247358502696757, 4.488459804301472, -4.302765179959233, -2.967536862420404, -2.9196670005327707, -0.1944177938833151, -3.0252080734460645, -3.7758299420939405, 6.455693431310928, 2.560267539667943, 6.806898327900011, 4.317937501607063, 1.5506396986886104, 3.187004633556304, -1.9908914516497016, 4.469908187460143, -3.28257159597816, 1.5022215009949806, 1.5755358611139647, 0.4029756845327949], Energy: -37.37056017505462
Eval count: 304, θ = [0.9285836821250365, -6.351553175806843, -6.519680070826542, -0.43121647631576343, 5.177076856881518, 6.247358502696757, 4.488459804301472, -4.302765179959233, -2.967536862420404, -2.9196670005327707, -0.1944177938833151, -3.0252080734460645, -3.7758299420939405, 6.455693416409767, 2.560267554569104, 6.806898327900011, 4.317937501607063, 1.5506396986886104, 3.187004633556304, -1.9908914516497016, 4.469908187460143, -3.28257159597816, 1.5022215009949806, 1.5755358611139647, 0.4029756845327949], Energy: -37.3705601564803
Eval count: 305, θ = [0.9285836821250365, -6.351553175806843, -6.519680070826542, -0.43121647631576343, 5.177076856881518, 6.247358502696757, 4.488459804301472, -4.302765179959233, -2.967536862420404, -2.9196670005327707, -0.1944177938833151, -3.0252080734460645, -3.7758299420939405, 6.455693416409767, 2.560267539667943, 6.806898342801172, 4.317937501607063, 1.5506396986886104, 3.187004633556304, -1.9908914516497016, 4.469908187460143, -3.28257159597816, 1.5022215009949806, 1.5755358611139647, 0.4029756845327949], Energy: -37.37056015462457
Eval count: 306, θ = [0.9285836821250365, -6.351553175806843, -6.519680070826542, -0.43121647631576343, 5.177076856881518, 6.247358502696757, 4.488459804301472, -4.302765179959233, -2.967536862420404, -2.9196670005327707, -0.1944177938833151, -3.0252080734460645, -3.7758299420939405, 6.455693416409767, 2.560267539667943, 6.806898327900011, 4.317937516508224, 1.5506396986886104, 3.187004633556304, -1.9908914516497016, 4.469908187460143, -3.28257159597816, 1.5022215009949806, 1.5755358611139647, 0.4029756845327949], Energy: -37.370560159428464
Eval count: 307, θ = [0.9285836821250365, -6.351553175806843, -6.519680070826542, -0.43121647631576343, 5.177076856881518, 6.247358502696757, 4.488459804301472, -4.302765179959233, -2.967536862420404, -2.9196670005327707, -0.1944177938833151, -3.0252080734460645, -3.7758299420939405, 6.455693416409767, 2.560267539667943, 6.806898327900011, 4.317937501607063, 1.5506397135897716, 3.187004633556304, -1.9908914516497016, 4.469908187460143, -3.28257159597816, 1.5022215009949806, 1.5755358611139647, 0.4029756845327949], Energy: -37.37056015867479
Eval count: 308, θ = [0.9285836821250365, -6.351553175806843, -6.519680070826542, -0.43121647631576343, 5.177076856881518, 6.247358502696757, 4.488459804301472, -4.302765179959233, -2.967536862420404, -2.9196670005327707, -0.1944177938833151, -3.0252080734460645, -3.7758299420939405, 6.455693416409767, 2.560267539667943, 6.806898327900011, 4.317937501607063, 1.5506396986886104, 3.187004648457465, -1.9908914516497016, 4.469908187460143, -3.28257159597816, 1.5022215009949806, 1.5755358611139647, 0.4029756845327949], Energy: -37.37056015487269
Eval count: 309, θ = [0.9285836821250365, -6.351553175806843, -6.519680070826542, -0.43121647631576343, 5.177076856881518, 6.247358502696757, 4.488459804301472, -4.302765179959233, -2.967536862420404, -2.9196670005327707, -0.1944177938833151, -3.0252080734460645, -3.7758299420939405, 6.455693416409767, 2.560267539667943, 6.806898327900011, 4.317937501607063, 1.5506396986886104, 3.187004633556304, -1.9908914367485404, 4.469908187460143, -3.28257159597816, 1.5022215009949806, 1.5755358611139647, 0.4029756845327949], Energy: -37.370560154934246
Eval count: 310, θ = [0.9285836821250365, -6.351553175806843, -6.519680070826542, -0.43121647631576343, 5.177076856881518, 6.247358502696757, 4.488459804301472, -4.302765179959233, -2.967536862420404, -2.9196670005327707, -0.1944177938833151, -3.0252080734460645, -3.7758299420939405, 6.455693416409767, 2.560267539667943, 6.806898327900011, 4.317937501607063, 1.5506396986886104, 3.187004633556304, -1.9908914516497016, 4.469908202361304, -3.28257159597816, 1.5022215009949806, 1.5755358611139647, 0.4029756845327949], Energy: -37.37056014983269
Eval count: 311, θ = [0.9285836821250365, -6.351553175806843, -6.519680070826542, -0.43121647631576343, 5.177076856881518, 6.247358502696757, 4.488459804301472, -4.302765179959233, -2.967536862420404, -2.9196670005327707, -0.1944177938833151, -3.0252080734460645, -3.7758299420939405, 6.455693416409767, 2.560267539667943, 6.806898327900011, 4.317937501607063, 1.5506396986886104, 3.187004633556304, -1.9908914516497016, 4.469908187460143, -3.282571581076999, 1.5022215009949806, 1.5755358611139647, 0.4029756845327949], Energy: -37.3705601532941
Eval count: 312, θ = [0.9285836821250365, -6.351553175806843, -6.519680070826542, -0.43121647631576343, 5.177076856881518, 6.247358502696757, 4.488459804301472, -4.302765179959233, -2.967536862420404, -2.9196670005327707, -0.1944177938833151, -3.0252080734460645, -3.7758299420939405, 6.455693416409767, 2.560267539667943, 6.806898327900011, 4.317937501607063, 1.5506396986886104, 3.187004633556304, -1.9908914516497016, 4.469908187460143, -3.28257159597816, 1.5022215158961418, 1.5755358611139647, 0.4029756845327949], Energy: -37.37056015372068
Eval count: 313, θ = [0.9285836821250365, -6.351553175806843, -6.519680070826542, -0.43121647631576343, 5.177076856881518, 6.247358502696757, 4.488459804301472, -4.302765179959233, -2.967536862420404, -2.9196670005327707, -0.1944177938833151, -3.0252080734460645, -3.7758299420939405, 6.455693416409767, 2.560267539667943, 6.806898327900011, 4.317937501607063, 1.5506396986886104, 3.187004633556304, -1.9908914516497016, 4.469908187460143, -3.28257159597816, 1.5022215009949806, 1.575535876015126, 0.4029756845327949], Energy: -37.37056015466946
Eval count: 314, θ = [0.9285836821250365, -6.351553175806843, -6.519680070826542, -0.43121647631576343, 5.177076856881518, 6.247358502696757, 4.488459804301472, -4.302765179959233, -2.967536862420404, -2.9196670005327707, -0.1944177938833151, -3.0252080734460645, -3.7758299420939405, 6.455693416409767, 2.560267539667943, 6.806898327900011, 4.317937501607063, 1.5506396986886104, 3.187004633556304, -1.9908914516497016, 4.469908187460143, -3.28257159597816, 1.5022215009949806, 1.5755358611139647, 0.4029756994339561], Energy: -37.370560154893525
Eval count: 315, θ = [0.8074954430646903, -6.387727325746742, -7.146531128664056, 0.11988175647539712, 5.0948717920312285, 6.0472820357915475, 4.31486384592597, -3.5908586572259242, -2.8611721000264057, -2.3583011401553584, -0.9878976886548065, -3.28651006007342, -4.397187787693216, 7.529557213888118, 2.2944994774633747, 6.68324676138814, 4.795478693895765, 1.3819874996099946, 3.1709627716519404, -2.223731776950617, 4.224616211255193, -3.26311309114977, 1.3954596473651713, 1.5532893400408738, 0.40315902629614747], Energy: -32.83759743674558
Eval count: 316, θ = [0.8927748286455716, -6.3622507864500735, -6.705055775830926, -0.26824279675819807, 5.152766741007863, 6.18819083336987, 4.437123090791272, -4.092236423727773, -2.93608211321023, -2.753656923925657, -0.4290698584542867, -3.10248167677569, -3.9595811653675055, 6.773262089298305, 2.4816732048848444, 6.770331433690547, 4.459158504718299, 1.5007649797839449, 3.1822606494424965, -2.059748222195817, 4.3973691489558835, -3.2768172241767664, 1.4706493218676528, 1.5689570024261517, 0.4030299033272171], Energy: -37.860799703617765
Eval count: 317, θ = [0.8927748435467328, -6.3622507864500735, -6.705055775830926, -0.26824279675819807, 5.152766741007863, 6.18819083336987, 4.437123090791272, -4.092236423727773, -2.93608211321023, -2.753656923925657, -0.4290698584542867, -3.10248167677569, -3.9595811653675055, 6.773262089298305, 2.4816732048848444, 6.770331433690547, 4.459158504718299, 1.5007649797839449, 3.1822606494424965, -2.059748222195817, 4.3973691489558835, -3.2768172241767664, 1.4706493218676528, 1.5689570024261517, 0.4030299033272171], Energy: -37.860799705015125
Eval count: 318, θ = [0.8927748286455716, -6.362250771548912, -6.705055775830926, -0.26824279675819807, 5.152766741007863, 6.18819083336987, 4.437123090791272, -4.092236423727773, -2.93608211321023, -2.753656923925657, -0.4290698584542867, -3.10248167677569, -3.9595811653675055, 6.773262089298305, 2.4816732048848444, 6.770331433690547, 4.459158504718299, 1.5007649797839449, 3.1822606494424965, -2.059748222195817, 4.3973691489558835, -3.2768172241767664, 1.4706493218676528, 1.5689570024261517, 0.4030299033272171], Energy: -37.860799754524834
Eval count: 319, θ = [0.8927748286455716, -6.3622507864500735, -6.705055760929765, -0.26824279675819807, 5.152766741007863, 6.18819083336987, 4.437123090791272, -4.092236423727773, -2.93608211321023, -2.753656923925657, -0.4290698584542867, -3.10248167677569, -3.9595811653675055, 6.773262089298305, 2.4816732048848444, 6.770331433690547, 4.459158504718299, 1.5007649797839449, 3.1822606494424965, -2.059748222195817, 4.3973691489558835, -3.2768172241767664, 1.4706493218676528, 1.5689570024261517, 0.4030299033272171], Energy: -37.860799703433656
Eval count: 320, θ = [0.8927748286455716, -6.3622507864500735, -6.705055775830926, -0.26824278185703687, 5.152766741007863, 6.18819083336987, 4.437123090791272, -4.092236423727773, -2.93608211321023, -2.753656923925657, -0.4290698584542867, -3.10248167677569, -3.9595811653675055, 6.773262089298305, 2.4816732048848444, 6.770331433690547, 4.459158504718299, 1.5007649797839449, 3.1822606494424965, -2.059748222195817, 4.3973691489558835, -3.2768172241767664, 1.4706493218676528, 1.5689570024261517, 0.4030299033272171], Energy: -37.860799717812014
Eval count: 321, θ = [0.8927748286455716, -6.3622507864500735, -6.705055775830926, -0.26824279675819807, 5.152766755909024, 6.18819083336987, 4.437123090791272, -4.092236423727773, -2.93608211321023, -2.753656923925657, -0.4290698584542867, -3.10248167677569, -3.9595811653675055, 6.773262089298305, 2.4816732048848444, 6.770331433690547, 4.459158504718299, 1.5007649797839449, 3.1822606494424965, -2.059748222195817, 4.3973691489558835, -3.2768172241767664, 1.4706493218676528, 1.5689570024261517, 0.4030299033272171], Energy: -37.86079949438964
Eval count: 322, θ = [0.8927748286455716, -6.3622507864500735, -6.705055775830926, -0.26824279675819807, 5.152766741007863, 6.188190848271031, 4.437123090791272, -4.092236423727773, -2.93608211321023, -2.753656923925657, -0.4290698584542867, -3.10248167677569, -3.9595811653675055, 6.773262089298305, 2.4816732048848444, 6.770331433690547, 4.459158504718299, 1.5007649797839449, 3.1822606494424965, -2.059748222195817, 4.3973691489558835, -3.2768172241767664, 1.4706493218676528, 1.5689570024261517, 0.4030299033272171], Energy: -37.86079966755654
Eval count: 323, θ = [0.8927748286455716, -6.3622507864500735, -6.705055775830926, -0.26824279675819807, 5.152766741007863, 6.18819083336987, 4.437123105692433, -4.092236423727773, -2.93608211321023, -2.753656923925657, -0.4290698584542867, -3.10248167677569, -3.9595811653675055, 6.773262089298305, 2.4816732048848444, 6.770331433690547, 4.459158504718299, 1.5007649797839449, 3.1822606494424965, -2.059748222195817, 4.3973691489558835, -3.2768172241767664, 1.4706493218676528, 1.5689570024261517, 0.4030299033272171], Energy: -37.86079966532989
Eval count: 324, θ = [0.8927748286455716, -6.3622507864500735, -6.705055775830926, -0.26824279675819807, 5.152766741007863, 6.18819083336987, 4.437123090791272, -4.092236408826611, -2.93608211321023, -2.753656923925657, -0.4290698584542867, -3.10248167677569, -3.9595811653675055, 6.773262089298305, 2.4816732048848444, 6.770331433690547, 4.459158504718299, 1.5007649797839449, 3.1822606494424965, -2.059748222195817, 4.3973691489558835, -3.2768172241767664, 1.4706493218676528, 1.5689570024261517, 0.4030299033272171], Energy: -37.86079969632325
Eval count: 325, θ = [0.8927748286455716, -6.3622507864500735, -6.705055775830926, -0.26824279675819807, 5.152766741007863, 6.18819083336987, 4.437123090791272, -4.092236423727773, -2.9360820983090687, -2.753656923925657, -0.4290698584542867, -3.10248167677569, -3.9595811653675055, 6.773262089298305, 2.4816732048848444, 6.770331433690547, 4.459158504718299, 1.5007649797839449, 3.1822606494424965, -2.059748222195817, 4.3973691489558835, -3.2768172241767664, 1.4706493218676528, 1.5689570024261517, 0.4030299033272171], Energy: -37.8607996905562
Eval count: 326, θ = [0.8927748286455716, -6.3622507864500735, -6.705055775830926, -0.26824279675819807, 5.152766741007863, 6.18819083336987, 4.437123090791272, -4.092236423727773, -2.93608211321023, -2.753656909024496, -0.4290698584542867, -3.10248167677569, -3.9595811653675055, 6.773262089298305, 2.4816732048848444, 6.770331433690547, 4.459158504718299, 1.5007649797839449, 3.1822606494424965, -2.059748222195817, 4.3973691489558835, -3.2768172241767664, 1.4706493218676528, 1.5689570024261517, 0.4030299033272171], Energy: -37.86079966352491
Eval count: 327, θ = [0.8927748286455716, -6.3622507864500735, -6.705055775830926, -0.26824279675819807, 5.152766741007863, 6.18819083336987, 4.437123090791272, -4.092236423727773, -2.93608211321023, -2.753656923925657, -0.4290698435531255, -3.10248167677569, -3.9595811653675055, 6.773262089298305, 2.4816732048848444, 6.770331433690547, 4.459158504718299, 1.5007649797839449, 3.1822606494424965, -2.059748222195817, 4.3973691489558835, -3.2768172241767664, 1.4706493218676528, 1.5689570024261517, 0.4030299033272171], Energy: -37.86079971644402
Eval count: 328, θ = [0.8927748286455716, -6.3622507864500735, -6.705055775830926, -0.26824279675819807, 5.152766741007863, 6.18819083336987, 4.437123090791272, -4.092236423727773, -2.93608211321023, -2.753656923925657, -0.4290698584542867, -3.102481661874529, -3.9595811653675055, 6.773262089298305, 2.4816732048848444, 6.770331433690547, 4.459158504718299, 1.5007649797839449, 3.1822606494424965, -2.059748222195817, 4.3973691489558835, -3.2768172241767664, 1.4706493218676528, 1.5689570024261517, 0.4030299033272171], Energy: -37.86079969306257
Eval count: 329, θ = [0.8927748286455716, -6.3622507864500735, -6.705055775830926, -0.26824279675819807, 5.152766741007863, 6.18819083336987, 4.437123090791272, -4.092236423727773, -2.93608211321023, -2.753656923925657, -0.4290698584542867, -3.10248167677569, -3.9595811504663443, 6.773262089298305, 2.4816732048848444, 6.770331433690547, 4.459158504718299, 1.5007649797839449, 3.1822606494424965, -2.059748222195817, 4.3973691489558835, -3.2768172241767664, 1.4706493218676528, 1.5689570024261517, 0.4030299033272171], Energy: -37.86079971650776
Eval count: 330, θ = [0.8927748286455716, -6.3622507864500735, -6.705055775830926, -0.26824279675819807, 5.152766741007863, 6.18819083336987, 4.437123090791272, -4.092236423727773, -2.93608211321023, -2.753656923925657, -0.4290698584542867, -3.10248167677569, -3.9595811653675055, 6.773262104199466, 2.4816732048848444, 6.770331433690547, 4.459158504718299, 1.5007649797839449, 3.1822606494424965, -2.059748222195817, 4.3973691489558835, -3.2768172241767664, 1.4706493218676528, 1.5689570024261517, 0.4030299033272171], Energy: -37.86079966749272
Eval count: 331, θ = [0.8927748286455716, -6.3622507864500735, -6.705055775830926, -0.26824279675819807, 5.152766741007863, 6.18819083336987, 4.437123090791272, -4.092236423727773, -2.93608211321023, -2.753656923925657, -0.4290698584542867, -3.10248167677569, -3.9595811653675055, 6.773262089298305, 2.4816732197860056, 6.770331433690547, 4.459158504718299, 1.5007649797839449, 3.1822606494424965, -2.059748222195817, 4.3973691489558835, -3.2768172241767664, 1.4706493218676528, 1.5689570024261517, 0.4030299033272171], Energy: -37.860799708511536
Eval count: 332, θ = [0.8927748286455716, -6.3622507864500735, -6.705055775830926, -0.26824279675819807, 5.152766741007863, 6.18819083336987, 4.437123090791272, -4.092236423727773, -2.93608211321023, -2.753656923925657, -0.4290698584542867, -3.10248167677569, -3.9595811653675055, 6.773262089298305, 2.4816732048848444, 6.770331448591708, 4.459158504718299, 1.5007649797839449, 3.1822606494424965, -2.059748222195817, 4.3973691489558835, -3.2768172241767664, 1.4706493218676528, 1.5689570024261517, 0.4030299033272171], Energy: -37.860799704055765
Eval count: 333, θ = [0.8927748286455716, -6.3622507864500735, -6.705055775830926, -0.26824279675819807, 5.152766741007863, 6.18819083336987, 4.437123090791272, -4.092236423727773, -2.93608211321023, -2.753656923925657, -0.4290698584542867, -3.10248167677569, -3.9595811653675055, 6.773262089298305, 2.4816732048848444, 6.770331433690547, 4.45915851961946, 1.5007649797839449, 3.1822606494424965, -2.059748222195817, 4.3973691489558835, -3.2768172241767664, 1.4706493218676528, 1.5689570024261517, 0.4030299033272171], Energy: -37.860799686852765
Eval count: 334, θ = [0.8927748286455716, -6.3622507864500735, -6.705055775830926, -0.26824279675819807, 5.152766741007863, 6.18819083336987, 4.437123090791272, -4.092236423727773, -2.93608211321023, -2.753656923925657, -0.4290698584542867, -3.10248167677569, -3.9595811653675055, 6.773262089298305, 2.4816732048848444, 6.770331433690547, 4.459158504718299, 1.500764994685106, 3.1822606494424965, -2.059748222195817, 4.3973691489558835, -3.2768172241767664, 1.4706493218676528, 1.5689570024261517, 0.4030299033272171], Energy: -37.86079970741
Eval count: 335, θ = [0.8927748286455716, -6.3622507864500735, -6.705055775830926, -0.26824279675819807, 5.152766741007863, 6.18819083336987, 4.437123090791272, -4.092236423727773, -2.93608211321023, -2.753656923925657, -0.4290698584542867, -3.10248167677569, -3.9595811653675055, 6.773262089298305, 2.4816732048848444, 6.770331433690547, 4.459158504718299, 1.5007649797839449, 3.1822606643436577, -2.059748222195817, 4.3973691489558835, -3.2768172241767664, 1.4706493218676528, 1.5689570024261517, 0.4030299033272171], Energy: -37.860799703309254
Eval count: 336, θ = [0.8927748286455716, -6.3622507864500735, -6.705055775830926, -0.26824279675819807, 5.152766741007863, 6.18819083336987, 4.437123090791272, -4.092236423727773, -2.93608211321023, -2.753656923925657, -0.4290698584542867, -3.10248167677569, -3.9595811653675055, 6.773262089298305, 2.4816732048848444, 6.770331433690547, 4.459158504718299, 1.5007649797839449, 3.1822606494424965, -2.059748207294656, 4.3973691489558835, -3.2768172241767664, 1.4706493218676528, 1.5689570024261517, 0.4030299033272171], Energy: -37.860799703682346
Eval count: 337, θ = [0.8927748286455716, -6.3622507864500735, -6.705055775830926, -0.26824279675819807, 5.152766741007863, 6.18819083336987, 4.437123090791272, -4.092236423727773, -2.93608211321023, -2.753656923925657, -0.4290698584542867, -3.10248167677569, -3.9595811653675055, 6.773262089298305, 2.4816732048848444, 6.770331433690547, 4.459158504718299, 1.5007649797839449, 3.1822606494424965, -2.059748222195817, 4.397369163857045, -3.2768172241767664, 1.4706493218676528, 1.5689570024261517, 0.4030299033272171], Energy: -37.86079969608878
Eval count: 338, θ = [0.8927748286455716, -6.3622507864500735, -6.705055775830926, -0.26824279675819807, 5.152766741007863, 6.18819083336987, 4.437123090791272, -4.092236423727773, -2.93608211321023, -2.753656923925657, -0.4290698584542867, -3.10248167677569, -3.9595811653675055, 6.773262089298305, 2.4816732048848444, 6.770331433690547, 4.459158504718299, 1.5007649797839449, 3.1822606494424965, -2.059748222195817, 4.3973691489558835, -3.276817209275605, 1.4706493218676528, 1.5689570024261517, 0.4030299033272171], Energy: -37.86079969643889
Eval count: 339, θ = [0.8927748286455716, -6.3622507864500735, -6.705055775830926, -0.26824279675819807, 5.152766741007863, 6.18819083336987, 4.437123090791272, -4.092236423727773, -2.93608211321023, -2.753656923925657, -0.4290698584542867, -3.10248167677569, -3.9595811653675055, 6.773262089298305, 2.4816732048848444, 6.770331433690547, 4.459158504718299, 1.5007649797839449, 3.1822606494424965, -2.059748222195817, 4.3973691489558835, -3.2768172241767664, 1.470649336768814, 1.5689570024261517, 0.4030299033272171], Energy: -37.86079970100271
Eval count: 340, θ = [0.8927748286455716, -6.3622507864500735, -6.705055775830926, -0.26824279675819807, 5.152766741007863, 6.18819083336987, 4.437123090791272, -4.092236423727773, -2.93608211321023, -2.753656923925657, -0.4290698584542867, -3.10248167677569, -3.9595811653675055, 6.773262089298305, 2.4816732048848444, 6.770331433690547, 4.459158504718299, 1.5007649797839449, 3.1822606494424965, -2.059748222195817, 4.3973691489558835, -3.2768172241767664, 1.4706493218676528, 1.5689570173273129, 0.4030299033272171], Energy: -37.860799702753674
Eval count: 341, θ = [0.8927748286455716, -6.3622507864500735, -6.705055775830926, -0.26824279675819807, 5.152766741007863, 6.18819083336987, 4.437123090791272, -4.092236423727773, -2.93608211321023, -2.753656923925657, -0.4290698584542867, -3.10248167677569, -3.9595811653675055, 6.773262089298305, 2.4816732048848444, 6.770331433690547, 4.459158504718299, 1.5007649797839449, 3.1822606494424965, -2.059748222195817, 4.3973691489558835, -3.2768172241767664, 1.4706493218676528, 1.5689570024261517, 0.4030299182283783], Energy: -37.86079970361534
Eval count: 342, θ = [0.8788309353061454, -6.31604566654364, -7.624913885564041, 0.7855937977671285, 5.015426072373255, 6.006596179514315, 3.034847887735796, -3.4143541454028985, -3.0598897135967906, -2.3958709641727927, -0.038524794655920125, -3.769743628706238, -4.393653504479679, 6.454396573464391, 2.435969666804097, 6.552885174383448, 4.852871482630625, 1.5277622889573936, 3.259764250314701, -2.2906534917794468, 3.6922680226025797, -3.6521010622301837, 1.2350674959158703, 1.5135434384207005, 0.40312183371373816], Energy: -32.02213511174959
Eval count: 343, θ = [0.8889047631945874, -6.349426761347782, -6.960358294548571, 0.02424485329600562, 5.114648450530482, 6.137790046526306, 4.0479278578664575, -3.9040932185756128, -2.970444360909766, -2.654355025382611, -0.3206758165847262, -3.2876772576699507, -4.080056008507335, 6.684762386503688, 2.4689883915828146, 6.709980193537933, 4.568431787031376, 1.508257962622983, 3.2037714284452514, -2.123834950666343, 4.201671473842843, -3.3809755808572985, 1.4052646360196996, 1.553577214704524, 0.40305541819627916], Energy: -38.35926017850755
Eval count: 344, θ = [0.8889047780957486, -6.349426761347782, -6.960358294548571, 0.02424485329600562, 5.114648450530482, 6.137790046526306, 4.0479278578664575, -3.9040932185756128, -2.970444360909766, -2.654355025382611, -0.3206758165847262, -3.2876772576699507, -4.080056008507335, 6.684762386503688, 2.4689883915828146, 6.709980193537933, 4.568431787031376, 1.508257962622983, 3.2037714284452514, -2.123834950666343, 4.201671473842843, -3.3809755808572985, 1.4052646360196996, 1.553577214704524, 0.40305541819627916], Energy: -38.35926017404167
Eval count: 345, θ = [0.8889047631945874, -6.349426746446621, -6.960358294548571, 0.02424485329600562, 5.114648450530482, 6.137790046526306, 4.0479278578664575, -3.9040932185756128, -2.970444360909766, -2.654355025382611, -0.3206758165847262, -3.2876772576699507, -4.080056008507335, 6.684762386503688, 2.4689883915828146, 6.709980193537933, 4.568431787031376, 1.508257962622983, 3.2037714284452514, -2.123834950666343, 4.201671473842843, -3.3809755808572985, 1.4052646360196996, 1.553577214704524, 0.40305541819627916], Energy: -38.35926013923425
Eval count: 346, θ = [0.8889047631945874, -6.349426761347782, -6.9603582796474095, 0.02424485329600562, 5.114648450530482, 6.137790046526306, 4.0479278578664575, -3.9040932185756128, -2.970444360909766, -2.654355025382611, -0.3206758165847262, -3.2876772576699507, -4.080056008507335, 6.684762386503688, 2.4689883915828146, 6.709980193537933, 4.568431787031376, 1.508257962622983, 3.2037714284452514, -2.123834950666343, 4.201671473842843, -3.3809755808572985, 1.4052646360196996, 1.553577214704524, 0.40305541819627916], Energy: -38.35926018082159
Eval count: 347, θ = [0.8889047631945874, -6.349426761347782, -6.960358294548571, 0.024244868197166813, 5.114648450530482, 6.137790046526306, 4.0479278578664575, -3.9040932185756128, -2.970444360909766, -2.654355025382611, -0.3206758165847262, -3.2876772576699507, -4.080056008507335, 6.684762386503688, 2.4689883915828146, 6.709980193537933, 4.568431787031376, 1.508257962622983, 3.2037714284452514, -2.123834950666343, 4.201671473842843, -3.3809755808572985, 1.4052646360196996, 1.553577214704524, 0.40305541819627916], Energy: -38.359260183115545
Eval count: 348, θ = [0.8889047631945874, -6.349426761347782, -6.960358294548571, 0.02424485329600562, 5.114648465431643, 6.137790046526306, 4.0479278578664575, -3.9040932185756128, -2.970444360909766, -2.654355025382611, -0.3206758165847262, -3.2876772576699507, -4.080056008507335, 6.684762386503688, 2.4689883915828146, 6.709980193537933, 4.568431787031376, 1.508257962622983, 3.2037714284452514, -2.123834950666343, 4.201671473842843, -3.3809755808572985, 1.4052646360196996, 1.553577214704524, 0.40305541819627916], Energy: -38.359260178067125
Eval count: 349, θ = [0.8889047631945874, -6.349426761347782, -6.960358294548571, 0.02424485329600562, 5.114648450530482, 6.137790061427467, 4.0479278578664575, -3.9040932185756128, -2.970444360909766, -2.654355025382611, -0.3206758165847262, -3.2876772576699507, -4.080056008507335, 6.684762386503688, 2.4689883915828146, 6.709980193537933, 4.568431787031376, 1.508257962622983, 3.2037714284452514, -2.123834950666343, 4.201671473842843, -3.3809755808572985, 1.4052646360196996, 1.553577214704524, 0.40305541819627916], Energy: -38.359260190780006
Eval count: 350, θ = [0.8889047631945874, -6.349426761347782, -6.960358294548571, 0.02424485329600562, 5.114648450530482, 6.137790046526306, 4.047927872767619, -3.9040932185756128, -2.970444360909766, -2.654355025382611, -0.3206758165847262, -3.2876772576699507, -4.080056008507335, 6.684762386503688, 2.4689883915828146, 6.709980193537933, 4.568431787031376, 1.508257962622983, 3.2037714284452514, -2.123834950666343, 4.201671473842843, -3.3809755808572985, 1.4052646360196996, 1.553577214704524, 0.40305541819627916], Energy: -38.35926017111048
Eval count: 351, θ = [0.8889047631945874, -6.349426761347782, -6.960358294548571, 0.02424485329600562, 5.114648450530482, 6.137790046526306, 4.0479278578664575, -3.9040932036744516, -2.970444360909766, -2.654355025382611, -0.3206758165847262, -3.2876772576699507, -4.080056008507335, 6.684762386503688, 2.4689883915828146, 6.709980193537933, 4.568431787031376, 1.508257962622983, 3.2037714284452514, -2.123834950666343, 4.201671473842843, -3.3809755808572985, 1.4052646360196996, 1.553577214704524, 0.40305541819627916], Energy: -38.35926014144878
Eval count: 352, θ = [0.8889047631945874, -6.349426761347782, -6.960358294548571, 0.02424485329600562, 5.114648450530482, 6.137790046526306, 4.0479278578664575, -3.9040932185756128, -2.970444346008605, -2.654355025382611, -0.3206758165847262, -3.2876772576699507, -4.080056008507335, 6.684762386503688, 2.4689883915828146, 6.709980193537933, 4.568431787031376, 1.508257962622983, 3.2037714284452514, -2.123834950666343, 4.201671473842843, -3.3809755808572985, 1.4052646360196996, 1.553577214704524, 0.40305541819627916], Energy: -38.35926017908409
Eval count: 353, θ = [0.8889047631945874, -6.349426761347782, -6.960358294548571, 0.02424485329600562, 5.114648450530482, 6.137790046526306, 4.0479278578664575, -3.9040932185756128, -2.970444360909766, -2.6543550104814497, -0.3206758165847262, -3.2876772576699507, -4.080056008507335, 6.684762386503688, 2.4689883915828146, 6.709980193537933, 4.568431787031376, 1.508257962622983, 3.2037714284452514, -2.123834950666343, 4.201671473842843, -3.3809755808572985, 1.4052646360196996, 1.553577214704524, 0.40305541819627916], Energy: -38.35926014377143
Eval count: 354, θ = [0.8889047631945874, -6.349426761347782, -6.960358294548571, 0.02424485329600562, 5.114648450530482, 6.137790046526306, 4.0479278578664575, -3.9040932185756128, -2.970444360909766, -2.654355025382611, -0.320675801683565, -3.2876772576699507, -4.080056008507335, 6.684762386503688, 2.4689883915828146, 6.709980193537933, 4.568431787031376, 1.508257962622983, 3.2037714284452514, -2.123834950666343, 4.201671473842843, -3.3809755808572985, 1.4052646360196996, 1.553577214704524, 0.40305541819627916], Energy: -38.359260173230815
Eval count: 355, θ = [0.8889047631945874, -6.349426761347782, -6.960358294548571, 0.02424485329600562, 5.114648450530482, 6.137790046526306, 4.0479278578664575, -3.9040932185756128, -2.970444360909766, -2.654355025382611, -0.3206758165847262, -3.2876772427687895, -4.080056008507335, 6.684762386503688, 2.4689883915828146, 6.709980193537933, 4.568431787031376, 1.508257962622983, 3.2037714284452514, -2.123834950666343, 4.201671473842843, -3.3809755808572985, 1.4052646360196996, 1.553577214704524, 0.40305541819627916], Energy: -38.35926018025388
Eval count: 356, θ = [0.8889047631945874, -6.349426761347782, -6.960358294548571, 0.02424485329600562, 5.114648450530482, 6.137790046526306, 4.0479278578664575, -3.9040932185756128, -2.970444360909766, -2.654355025382611, -0.3206758165847262, -3.2876772576699507, -4.080055993606174, 6.684762386503688, 2.4689883915828146, 6.709980193537933, 4.568431787031376, 1.508257962622983, 3.2037714284452514, -2.123834950666343, 4.201671473842843, -3.3809755808572985, 1.4052646360196996, 1.553577214704524, 0.40305541819627916], Energy: -38.35926019507759
Eval count: 357, θ = [0.8889047631945874, -6.349426761347782, -6.960358294548571, 0.02424485329600562, 5.114648450530482, 6.137790046526306, 4.0479278578664575, -3.9040932185756128, -2.970444360909766, -2.654355025382611, -0.3206758165847262, -3.2876772576699507, -4.080056008507335, 6.684762401404849, 2.4689883915828146, 6.709980193537933, 4.568431787031376, 1.508257962622983, 3.2037714284452514, -2.123834950666343, 4.201671473842843, -3.3809755808572985, 1.4052646360196996, 1.553577214704524, 0.40305541819627916], Energy: -38.359260166683505
Eval count: 358, θ = [0.8889047631945874, -6.349426761347782, -6.960358294548571, 0.02424485329600562, 5.114648450530482, 6.137790046526306, 4.0479278578664575, -3.9040932185756128, -2.970444360909766, -2.654355025382611, -0.3206758165847262, -3.2876772576699507, -4.080056008507335, 6.684762386503688, 2.4689884064839758, 6.709980193537933, 4.568431787031376, 1.508257962622983, 3.2037714284452514, -2.123834950666343, 4.201671473842843, -3.3809755808572985, 1.4052646360196996, 1.553577214704524, 0.40305541819627916], Energy: -38.35926018593564
Eval count: 359, θ = [0.8889047631945874, -6.349426761347782, -6.960358294548571, 0.02424485329600562, 5.114648450530482, 6.137790046526306, 4.0479278578664575, -3.9040932185756128, -2.970444360909766, -2.654355025382611, -0.3206758165847262, -3.2876772576699507, -4.080056008507335, 6.684762386503688, 2.4689883915828146, 6.709980208439094, 4.568431787031376, 1.508257962622983, 3.2037714284452514, -2.123834950666343, 4.201671473842843, -3.3809755808572985, 1.4052646360196996, 1.553577214704524, 0.40305541819627916], Energy: -38.35926017546653
Eval count: 360, θ = [0.8889047631945874, -6.349426761347782, -6.960358294548571, 0.02424485329600562, 5.114648450530482, 6.137790046526306, 4.0479278578664575, -3.9040932185756128, -2.970444360909766, -2.654355025382611, -0.3206758165847262, -3.2876772576699507, -4.080056008507335, 6.684762386503688, 2.4689883915828146, 6.709980193537933, 4.568431801932538, 1.508257962622983, 3.2037714284452514, -2.123834950666343, 4.201671473842843, -3.3809755808572985, 1.4052646360196996, 1.553577214704524, 0.40305541819627916], Energy: -38.35926015752665
Eval count: 361, θ = [0.8889047631945874, -6.349426761347782, -6.960358294548571, 0.02424485329600562, 5.114648450530482, 6.137790046526306, 4.0479278578664575, -3.9040932185756128, -2.970444360909766, -2.654355025382611, -0.3206758165847262, -3.2876772576699507, -4.080056008507335, 6.684762386503688, 2.4689883915828146, 6.709980193537933, 4.568431787031376, 1.5082579775241443, 3.2037714284452514, -2.123834950666343, 4.201671473842843, -3.3809755808572985, 1.4052646360196996, 1.553577214704524, 0.40305541819627916], Energy: -38.35926018003347
Eval count: 362, θ = [0.8889047631945874, -6.349426761347782, -6.960358294548571, 0.02424485329600562, 5.114648450530482, 6.137790046526306, 4.0479278578664575, -3.9040932185756128, -2.970444360909766, -2.654355025382611, -0.3206758165847262, -3.2876772576699507, -4.080056008507335, 6.684762386503688, 2.4689883915828146, 6.709980193537933, 4.568431787031376, 1.508257962622983, 3.2037714433464126, -2.123834950666343, 4.201671473842843, -3.3809755808572985, 1.4052646360196996, 1.553577214704524, 0.40305541819627916], Energy: -38.35926017811202
Eval count: 363, θ = [0.8889047631945874, -6.349426761347782, -6.960358294548571, 0.02424485329600562, 5.114648450530482, 6.137790046526306, 4.0479278578664575, -3.9040932185756128, -2.970444360909766, -2.654355025382611, -0.3206758165847262, -3.2876772576699507, -4.080056008507335, 6.684762386503688, 2.4689883915828146, 6.709980193537933, 4.568431787031376, 1.508257962622983, 3.2037714284452514, -2.123834935765182, 4.201671473842843, -3.3809755808572985, 1.4052646360196996, 1.553577214704524, 0.40305541819627916], Energy: -38.359260178539905
Eval count: 364, θ = [0.8889047631945874, -6.349426761347782, -6.960358294548571, 0.02424485329600562, 5.114648450530482, 6.137790046526306, 4.0479278578664575, -3.9040932185756128, -2.970444360909766, -2.654355025382611, -0.3206758165847262, -3.2876772576699507, -4.080056008507335, 6.684762386503688, 2.4689883915828146, 6.709980193537933, 4.568431787031376, 1.508257962622983, 3.2037714284452514, -2.123834950666343, 4.2016714887440045, -3.3809755808572985, 1.4052646360196996, 1.553577214704524, 0.40305541819627916], Energy: -38.359260195051604
Eval count: 365, θ = [0.8889047631945874, -6.349426761347782, -6.960358294548571, 0.02424485329600562, 5.114648450530482, 6.137790046526306, 4.0479278578664575, -3.9040932185756128, -2.970444360909766, -2.654355025382611, -0.3206758165847262, -3.2876772576699507, -4.080056008507335, 6.684762386503688, 2.4689883915828146, 6.709980193537933, 4.568431787031376, 1.508257962622983, 3.2037714284452514, -2.123834950666343, 4.201671473842843, -3.3809755659561374, 1.4052646360196996, 1.553577214704524, 0.40305541819627916], Energy: -38.359260181483975
Eval count: 366, θ = [0.8889047631945874, -6.349426761347782, -6.960358294548571, 0.02424485329600562, 5.114648450530482, 6.137790046526306, 4.0479278578664575, -3.9040932185756128, -2.970444360909766, -2.654355025382611, -0.3206758165847262, -3.2876772576699507, -4.080056008507335, 6.684762386503688, 2.4689883915828146, 6.709980193537933, 4.568431787031376, 1.508257962622983, 3.2037714284452514, -2.123834950666343, 4.201671473842843, -3.3809755808572985, 1.4052646509208608, 1.553577214704524, 0.40305541819627916], Energy: -38.359260177176274
Eval count: 367, θ = [0.8889047631945874, -6.349426761347782, -6.960358294548571, 0.02424485329600562, 5.114648450530482, 6.137790046526306, 4.0479278578664575, -3.9040932185756128, -2.970444360909766, -2.654355025382611, -0.3206758165847262, -3.2876772576699507, -4.080056008507335, 6.684762386503688, 2.4689883915828146, 6.709980193537933, 4.568431787031376, 1.508257962622983, 3.2037714284452514, -2.123834950666343, 4.201671473842843, -3.3809755808572985, 1.4052646360196996, 1.5535772296056851, 0.40305541819627916], Energy: -38.35926017722144
Eval count: 368, θ = [0.8889047631945874, -6.349426761347782, -6.960358294548571, 0.02424485329600562, 5.114648450530482, 6.137790046526306, 4.0479278578664575, -3.9040932185756128, -2.970444360909766, -2.654355025382611, -0.3206758165847262, -3.2876772576699507, -4.080056008507335, 6.684762386503688, 2.4689883915828146, 6.709980193537933, 4.568431787031376, 1.508257962622983, 3.2037714284452514, -2.123834950666343, 4.201671473842843, -3.3809755808572985, 1.4052646360196996, 1.553577214704524, 0.40305543309744035], Energy: -38.35926017847642
Eval count: 369, θ = [0.8927643943773342, -6.408509942508142, -7.308538805760645, 0.44693124406634177, 5.023241857014519, 6.28592215734088, 3.5363206376836995, -5.101608487765784, -2.9600540430750435, -2.5219957695268356, -0.17555881119653827, -3.430764527002735, -4.057220866683586, 6.7124049287572625, 2.7560323830814526, 6.378447771619593, 4.182299624095224, 1.7713638554234734, 3.3174421675112877, -2.223310015501567, 4.525069867221791, -3.4445742944668383, 1.2408634085966779, 1.4805247927921665, 0.40176849032587925], Energy: -34.920666013662284
Eval count: 370, θ = [0.8899837511119236, -6.365943893573988, -7.057694684183192, 0.14240990245986646, 5.089095073718349, 6.179201453515894, 3.9049043452917904, -4.238867305814244, -2.9675396721273084, -2.6173530345047267, -0.2801073042061845, -3.3276783425987007, -4.073672278831654, 6.6924900598703525, 2.549233623291864, 6.617297898127386, 4.460485737635408, 1.5818111250548532, 3.235548908779433, -2.1516439272113654, 4.29207984252368, -3.398755062961592, 1.359305079371481, 1.5331548798120265, 0.4026956481672536], Energy: -38.584006688470495
Eval count: 371, θ = [0.8899837660130848, -6.365943893573988, -7.057694684183192, 0.14240990245986646, 5.089095073718349, 6.179201453515894, 3.9049043452917904, -4.238867305814244, -2.9675396721273084, -2.6173530345047267, -0.2801073042061845, -3.3276783425987007, -4.073672278831654, 6.6924900598703525, 2.549233623291864, 6.617297898127386, 4.460485737635408, 1.5818111250548532, 3.235548908779433, -2.1516439272113654, 4.29207984252368, -3.398755062961592, 1.359305079371481, 1.5331548798120265, 0.4026956481672536], Energy: -38.584006668625264
Eval count: 372, θ = [0.8899837511119236, -6.365943878672827, -7.057694684183192, 0.14240990245986646, 5.089095073718349, 6.179201453515894, 3.9049043452917904, -4.238867305814244, -2.9675396721273084, -2.6173530345047267, -0.2801073042061845, -3.3276783425987007, -4.073672278831654, 6.6924900598703525, 2.549233623291864, 6.617297898127386, 4.460485737635408, 1.5818111250548532, 3.235548908779433, -2.1516439272113654, 4.29207984252368, -3.398755062961592, 1.359305079371481, 1.5331548798120265, 0.4026956481672536], Energy: -38.5840066996749
Eval count: 373, θ = [0.8899837511119236, -6.365943893573988, -7.05769466928203, 0.14240990245986646, 5.089095073718349, 6.179201453515894, 3.9049043452917904, -4.238867305814244, -2.9675396721273084, -2.6173530345047267, -0.2801073042061845, -3.3276783425987007, -4.073672278831654, 6.6924900598703525, 2.549233623291864, 6.617297898127386, 4.460485737635408, 1.5818111250548532, 3.235548908779433, -2.1516439272113654, 4.29207984252368, -3.398755062961592, 1.359305079371481, 1.5331548798120265, 0.4026956481672536], Energy: -38.584006694811
Eval count: 374, θ = [0.8899837511119236, -6.365943893573988, -7.057694684183192, 0.14240991736102765, 5.089095073718349, 6.179201453515894, 3.9049043452917904, -4.238867305814244, -2.9675396721273084, -2.6173530345047267, -0.2801073042061845, -3.3276783425987007, -4.073672278831654, 6.6924900598703525, 2.549233623291864, 6.617297898127386, 4.460485737635408, 1.5818111250548532, 3.235548908779433, -2.1516439272113654, 4.29207984252368, -3.398755062961592, 1.359305079371481, 1.5331548798120265, 0.4026956481672536], Energy: -38.584006688338036
Eval count: 375, θ = [0.8899837511119236, -6.365943893573988, -7.057694684183192, 0.14240990245986646, 5.08909508861951, 6.179201453515894, 3.9049043452917904, -4.238867305814244, -2.9675396721273084, -2.6173530345047267, -0.2801073042061845, -3.3276783425987007, -4.073672278831654, 6.6924900598703525, 2.549233623291864, 6.617297898127386, 4.460485737635408, 1.5818111250548532, 3.235548908779433, -2.1516439272113654, 4.29207984252368, -3.398755062961592, 1.359305079371481, 1.5331548798120265, 0.4026956481672536], Energy: -38.584006826639495
Eval count: 376, θ = [0.8899837511119236, -6.365943893573988, -7.057694684183192, 0.14240990245986646, 5.089095073718349, 6.179201468417055, 3.9049043452917904, -4.238867305814244, -2.9675396721273084, -2.6173530345047267, -0.2801073042061845, -3.3276783425987007, -4.073672278831654, 6.6924900598703525, 2.549233623291864, 6.617297898127386, 4.460485737635408, 1.5818111250548532, 3.235548908779433, -2.1516439272113654, 4.29207984252368, -3.398755062961592, 1.359305079371481, 1.5331548798120265, 0.4026956481672536], Energy: -38.584006561543625
Eval count: 377, θ = [0.8899837511119236, -6.365943893573988, -7.057694684183192, 0.14240990245986646, 5.089095073718349, 6.179201453515894, 3.9049043601929516, -4.238867305814244, -2.9675396721273084, -2.6173530345047267, -0.2801073042061845, -3.3276783425987007, -4.073672278831654, 6.6924900598703525, 2.549233623291864, 6.617297898127386, 4.460485737635408, 1.5818111250548532, 3.235548908779433, -2.1516439272113654, 4.29207984252368, -3.398755062961592, 1.359305079371481, 1.5331548798120265, 0.4026956481672536], Energy: -38.58400669405856
Eval count: 378, θ = [0.8899837511119236, -6.365943893573988, -7.057694684183192, 0.14240990245986646, 5.089095073718349, 6.179201453515894, 3.9049043452917904, -4.238867290913083, -2.9675396721273084, -2.6173530345047267, -0.2801073042061845, -3.3276783425987007, -4.073672278831654, 6.6924900598703525, 2.549233623291864, 6.617297898127386, 4.460485737635408, 1.5818111250548532, 3.235548908779433, -2.1516439272113654, 4.29207984252368, -3.398755062961592, 1.359305079371481, 1.5331548798120265, 0.4026956481672536], Energy: -38.584006690156706
Eval count: 379, θ = [0.8899837511119236, -6.365943893573988, -7.057694684183192, 0.14240990245986646, 5.089095073718349, 6.179201453515894, 3.9049043452917904, -4.238867305814244, -2.967539657226147, -2.6173530345047267, -0.2801073042061845, -3.3276783425987007, -4.073672278831654, 6.6924900598703525, 2.549233623291864, 6.617297898127386, 4.460485737635408, 1.5818111250548532, 3.235548908779433, -2.1516439272113654, 4.29207984252368, -3.398755062961592, 1.359305079371481, 1.5331548798120265, 0.4026956481672536], Energy: -38.58400668216336
Eval count: 380, θ = [0.8899837511119236, -6.365943893573988, -7.057694684183192, 0.14240990245986646, 5.089095073718349, 6.179201453515894, 3.9049043452917904, -4.238867305814244, -2.9675396721273084, -2.6173530196035655, -0.2801073042061845, -3.3276783425987007, -4.073672278831654, 6.6924900598703525, 2.549233623291864, 6.617297898127386, 4.460485737635408, 1.5818111250548532, 3.235548908779433, -2.1516439272113654, 4.29207984252368, -3.398755062961592, 1.359305079371481, 1.5331548798120265, 0.4026956481672536], Energy: -38.584006621923415
Eval count: 381, θ = [0.8899837511119236, -6.365943893573988, -7.057694684183192, 0.14240990245986646, 5.089095073718349, 6.179201453515894, 3.9049043452917904, -4.238867305814244, -2.9675396721273084, -2.6173530345047267, -0.2801072893050233, -3.3276783425987007, -4.073672278831654, 6.6924900598703525, 2.549233623291864, 6.617297898127386, 4.460485737635408, 1.5818111250548532, 3.235548908779433, -2.1516439272113654, 4.29207984252368, -3.398755062961592, 1.359305079371481, 1.5331548798120265, 0.4026956481672536], Energy: -38.58400668416845
Eval count: 382, θ = [0.8899837511119236, -6.365943893573988, -7.057694684183192, 0.14240990245986646, 5.089095073718349, 6.179201453515894, 3.9049043452917904, -4.238867305814244, -2.9675396721273084, -2.6173530345047267, -0.2801073042061845, -3.3276783276975395, -4.073672278831654, 6.6924900598703525, 2.549233623291864, 6.617297898127386, 4.460485737635408, 1.5818111250548532, 3.235548908779433, -2.1516439272113654, 4.29207984252368, -3.398755062961592, 1.359305079371481, 1.5331548798120265, 0.4026956481672536], Energy: -38.58400669655381
Eval count: 383, θ = [0.8899837511119236, -6.365943893573988, -7.057694684183192, 0.14240990245986646, 5.089095073718349, 6.179201453515894, 3.9049043452917904, -4.238867305814244, -2.9675396721273084, -2.6173530345047267, -0.2801073042061845, -3.3276783425987007, -4.073672263930493, 6.6924900598703525, 2.549233623291864, 6.617297898127386, 4.460485737635408, 1.5818111250548532, 3.235548908779433, -2.1516439272113654, 4.29207984252368, -3.398755062961592, 1.359305079371481, 1.5331548798120265, 0.4026956481672536], Energy: -38.584006703186546
Eval count: 384, θ = [0.8899837511119236, -6.365943893573988, -7.057694684183192, 0.14240990245986646, 5.089095073718349, 6.179201453515894, 3.9049043452917904, -4.238867305814244, -2.9675396721273084, -2.6173530345047267, -0.2801073042061845, -3.3276783425987007, -4.073672278831654, 6.692490074771514, 2.549233623291864, 6.617297898127386, 4.460485737635408, 1.5818111250548532, 3.235548908779433, -2.1516439272113654, 4.29207984252368, -3.398755062961592, 1.359305079371481, 1.5331548798120265, 0.4026956481672536], Energy: -38.584006673786135
Eval count: 385, θ = [0.8899837511119236, -6.365943893573988, -7.057694684183192, 0.14240990245986646, 5.089095073718349, 6.179201453515894, 3.9049043452917904, -4.238867305814244, -2.9675396721273084, -2.6173530345047267, -0.2801073042061845, -3.3276783425987007, -4.073672278831654, 6.6924900598703525, 2.549233638193025, 6.617297898127386, 4.460485737635408, 1.5818111250548532, 3.235548908779433, -2.1516439272113654, 4.29207984252368, -3.398755062961592, 1.359305079371481, 1.5331548798120265, 0.4026956481672536], Energy: -38.58400669148365
Eval count: 386, θ = [0.8899837511119236, -6.365943893573988, -7.057694684183192, 0.14240990245986646, 5.089095073718349, 6.179201453515894, 3.9049043452917904, -4.238867305814244, -2.9675396721273084, -2.6173530345047267, -0.2801073042061845, -3.3276783425987007, -4.073672278831654, 6.6924900598703525, 2.549233623291864, 6.617297913028547, 4.460485737635408, 1.5818111250548532, 3.235548908779433, -2.1516439272113654, 4.29207984252368, -3.398755062961592, 1.359305079371481, 1.5331548798120265, 0.4026956481672536], Energy: -38.58400669082983
Eval count: 387, θ = [0.8899837511119236, -6.365943893573988, -7.057694684183192, 0.14240990245986646, 5.089095073718349, 6.179201453515894, 3.9049043452917904, -4.238867305814244, -2.9675396721273084, -2.6173530345047267, -0.2801073042061845, -3.3276783425987007, -4.073672278831654, 6.6924900598703525, 2.549233623291864, 6.617297898127386, 4.460485752536569, 1.5818111250548532, 3.235548908779433, -2.1516439272113654, 4.29207984252368, -3.398755062961592, 1.359305079371481, 1.5331548798120265, 0.4026956481672536], Energy: -38.58400667502493
Eval count: 388, θ = [0.8899837511119236, -6.365943893573988, -7.057694684183192, 0.14240990245986646, 5.089095073718349, 6.179201453515894, 3.9049043452917904, -4.238867305814244, -2.9675396721273084, -2.6173530345047267, -0.2801073042061845, -3.3276783425987007, -4.073672278831654, 6.6924900598703525, 2.549233623291864, 6.617297898127386, 4.460485737635408, 1.5818111399560144, 3.235548908779433, -2.1516439272113654, 4.29207984252368, -3.398755062961592, 1.359305079371481, 1.5331548798120265, 0.4026956481672536], Energy: -38.58400668855733
Eval count: 389, θ = [0.8899837511119236, -6.365943893573988, -7.057694684183192, 0.14240990245986646, 5.089095073718349, 6.179201453515894, 3.9049043452917904, -4.238867305814244, -2.9675396721273084, -2.6173530345047267, -0.2801073042061845, -3.3276783425987007, -4.073672278831654, 6.6924900598703525, 2.549233623291864, 6.617297898127386, 4.460485737635408, 1.5818111250548532, 3.2355489236805943, -2.1516439272113654, 4.29207984252368, -3.398755062961592, 1.359305079371481, 1.5331548798120265, 0.4026956481672536], Energy: -38.584006688556514
Eval count: 390, θ = [0.8899837511119236, -6.365943893573988, -7.057694684183192, 0.14240990245986646, 5.089095073718349, 6.179201453515894, 3.9049043452917904, -4.238867305814244, -2.9675396721273084, -2.6173530345047267, -0.2801073042061845, -3.3276783425987007, -4.073672278831654, 6.6924900598703525, 2.549233623291864, 6.617297898127386, 4.460485737635408, 1.5818111250548532, 3.235548908779433, -2.1516439123102042, 4.29207984252368, -3.398755062961592, 1.359305079371481, 1.5331548798120265, 0.4026956481672536], Energy: -38.58400668845512
Eval count: 391, θ = [0.8899837511119236, -6.365943893573988, -7.057694684183192, 0.14240990245986646, 5.089095073718349, 6.179201453515894, 3.9049043452917904, -4.238867305814244, -2.9675396721273084, -2.6173530345047267, -0.2801073042061845, -3.3276783425987007, -4.073672278831654, 6.6924900598703525, 2.549233623291864, 6.617297898127386, 4.460485737635408, 1.5818111250548532, 3.235548908779433, -2.1516439272113654, 4.2920798574248415, -3.398755062961592, 1.359305079371481, 1.5331548798120265, 0.4026956481672536], Energy: -38.584006696564366
Eval count: 392, θ = [0.8899837511119236, -6.365943893573988, -7.057694684183192, 0.14240990245986646, 5.089095073718349, 6.179201453515894, 3.9049043452917904, -4.238867305814244, -2.9675396721273084, -2.6173530345047267, -0.2801073042061845, -3.3276783425987007, -4.073672278831654, 6.6924900598703525, 2.549233623291864, 6.617297898127386, 4.460485737635408, 1.5818111250548532, 3.235548908779433, -2.1516439272113654, 4.29207984252368, -3.3987550480604307, 1.359305079371481, 1.5331548798120265, 0.4026956481672536], Energy: -38.58400669298045
Eval count: 393, θ = [0.8899837511119236, -6.365943893573988, -7.057694684183192, 0.14240990245986646, 5.089095073718349, 6.179201453515894, 3.9049043452917904, -4.238867305814244, -2.9675396721273084, -2.6173530345047267, -0.2801073042061845, -3.3276783425987007, -4.073672278831654, 6.6924900598703525, 2.549233623291864, 6.617297898127386, 4.460485737635408, 1.5818111250548532, 3.235548908779433, -2.1516439272113654, 4.29207984252368, -3.398755062961592, 1.3593050942726421, 1.5331548798120265, 0.4026956481672536], Energy: -38.58400668762583
Eval count: 394, θ = [0.8899837511119236, -6.365943893573988, -7.057694684183192, 0.14240990245986646, 5.089095073718349, 6.179201453515894, 3.9049043452917904, -4.238867305814244, -2.9675396721273084, -2.6173530345047267, -0.2801073042061845, -3.3276783425987007, -4.073672278831654, 6.6924900598703525, 2.549233623291864, 6.617297898127386, 4.460485737635408, 1.5818111250548532, 3.235548908779433, -2.1516439272113654, 4.29207984252368, -3.398755062961592, 1.359305079371481, 1.5331548947131877, 0.4026956481672536], Energy: -38.584006686881935
Eval count: 395, θ = [0.8899837511119236, -6.365943893573988, -7.057694684183192, 0.14240990245986646, 5.089095073718349, 6.179201453515894, 3.9049043452917904, -4.238867305814244, -2.9675396721273084, -2.6173530345047267, -0.2801073042061845, -3.3276783425987007, -4.073672278831654, 6.6924900598703525, 2.549233623291864, 6.617297898127386, 4.460485737635408, 1.5818111250548532, 3.235548908779433, -2.1516439272113654, 4.29207984252368, -3.398755062961592, 1.359305079371481, 1.5331548798120265, 0.4026956630684148], Energy: -38.58400668842815
Eval count: 396, θ = [0.9031693751326674, -6.3507598762927255, -7.187317023781798, 0.126064737524427, 5.065730027525482, 6.1077197215697705, 4.353876425922211, -4.913022260938488, -3.0489111288249218, -3.647862913141701, 0.2610865017108603, -2.9668681390400677, -4.013399525819134, 6.6482728092204555, 2.969506235636792, 6.349627758981725, 4.2692041194039865, 1.6925371034491616, 3.3805287972846187, -2.264089357356558, 5.035063283436204, -3.243618478421977, 1.1398379863975792, 1.3882123295410713, 0.39932461176335377], Energy: -35.527346027644704
Eval count: 397, θ = [0.8943260020874652, -6.360943537599294, -7.100381532351206, 0.1370271607500588, 5.081400565330658, 6.155661299497537, 4.0527585122270295, -4.4608780356021605, -2.99433668125411, -2.9567175210680383, -0.10188294956030097, -3.2088573860840133, -4.053823432834267, 6.6779285647550495, 2.687636565623387, 6.529149554067215, 4.397493436925039, 1.618275079050817, 3.2832932598473192, -2.1886741260077973, 4.536756967097996, -3.347665938586474, 1.287030820901351, 1.4854228248617725, 0.40158550835965773], Energy: -39.16616623388979
Eval count: 398, θ = [0.8943260169886263, -6.360943537599294, -7.100381532351206, 0.1370271607500588, 5.081400565330658, 6.155661299497537, 4.0527585122270295, -4.4608780356021605, -2.99433668125411, -2.9567175210680383, -0.10188294956030097, -3.2088573860840133, -4.053823432834267, 6.6779285647550495, 2.687636565623387, 6.529149554067215, 4.397493436925039, 1.618275079050817, 3.2832932598473192, -2.1886741260077973, 4.536756967097996, -3.347665938586474, 1.287030820901351, 1.4854228248617725, 0.40158550835965773], Energy: -39.16616620219081
Eval count: 399, θ = [0.8943260020874652, -6.360943522698133, -7.100381532351206, 0.1370271607500588, 5.081400565330658, 6.155661299497537, 4.0527585122270295, -4.4608780356021605, -2.99433668125411, -2.9567175210680383, -0.10188294956030097, -3.2088573860840133, -4.053823432834267, 6.6779285647550495, 2.687636565623387, 6.529149554067215, 4.397493436925039, 1.618275079050817, 3.2832932598473192, -2.1886741260077973, 4.536756967097996, -3.347665938586474, 1.287030820901351, 1.4854228248617725, 0.40158550835965773], Energy: -39.16616623697672
Eval count: 400, θ = [0.8943260020874652, -6.360943537599294, -7.100381517450045, 0.1370271607500588, 5.081400565330658, 6.155661299497537, 4.0527585122270295, -4.4608780356021605, -2.99433668125411, -2.9567175210680383, -0.10188294956030097, -3.2088573860840133, -4.053823432834267, 6.6779285647550495, 2.687636565623387, 6.529149554067215, 4.397493436925039, 1.618275079050817, 3.2832932598473192, -2.1886741260077973, 4.536756967097996, -3.347665938586474, 1.287030820901351, 1.4854228248617725, 0.40158550835965773], Energy: -39.16616624154142
Eval count: 401, θ = [0.8943260020874652, -6.360943537599294, -7.100381532351206, 0.13702717565122, 5.081400565330658, 6.155661299497537, 4.0527585122270295, -4.4608780356021605, -2.99433668125411, -2.9567175210680383, -0.10188294956030097, -3.2088573860840133, -4.053823432834267, 6.6779285647550495, 2.687636565623387, 6.529149554067215, 4.397493436925039, 1.618275079050817, 3.2832932598473192, -2.1886741260077973, 4.536756967097996, -3.347665938586474, 1.287030820901351, 1.4854228248617725, 0.40158550835965773], Energy: -39.16616623474171
Eval count: 402, θ = [0.8943260020874652, -6.360943537599294, -7.100381532351206, 0.1370271607500588, 5.081400580231819, 6.155661299497537, 4.0527585122270295, -4.4608780356021605, -2.99433668125411, -2.9567175210680383, -0.10188294956030097, -3.2088573860840133, -4.053823432834267, 6.6779285647550495, 2.687636565623387, 6.529149554067215, 4.397493436925039, 1.618275079050817, 3.2832932598473192, -2.1886741260077973, 4.536756967097996, -3.347665938586474, 1.287030820901351, 1.4854228248617725, 0.40158550835965773], Energy: -39.16616638448938
Eval count: 403, θ = [0.8943260020874652, -6.360943537599294, -7.100381532351206, 0.1370271607500588, 5.081400565330658, 6.1556613143986985, 4.0527585122270295, -4.4608780356021605, -2.99433668125411, -2.9567175210680383, -0.10188294956030097, -3.2088573860840133, -4.053823432834267, 6.6779285647550495, 2.687636565623387, 6.529149554067215, 4.397493436925039, 1.618275079050817, 3.2832932598473192, -2.1886741260077973, 4.536756967097996, -3.347665938586474, 1.287030820901351, 1.4854228248617725, 0.40158550835965773], Energy: -39.16616616649158
Eval count: 404, θ = [0.8943260020874652, -6.360943537599294, -7.100381532351206, 0.1370271607500588, 5.081400565330658, 6.155661299497537, 4.052758527128191, -4.4608780356021605, -2.99433668125411, -2.9567175210680383, -0.10188294956030097, -3.2088573860840133, -4.053823432834267, 6.6779285647550495, 2.687636565623387, 6.529149554067215, 4.397493436925039, 1.618275079050817, 3.2832932598473192, -2.1886741260077973, 4.536756967097996, -3.347665938586474, 1.287030820901351, 1.4854228248617725, 0.40158550835965773], Energy: -39.16616621589232
Eval count: 405, θ = [0.8943260020874652, -6.360943537599294, -7.100381532351206, 0.1370271607500588, 5.081400565330658, 6.155661299497537, 4.0527585122270295, -4.460878020700999, -2.99433668125411, -2.9567175210680383, -0.10188294956030097, -3.2088573860840133, -4.053823432834267, 6.6779285647550495, 2.687636565623387, 6.529149554067215, 4.397493436925039, 1.618275079050817, 3.2832932598473192, -2.1886741260077973, 4.536756967097996, -3.347665938586474, 1.287030820901351, 1.4854228248617725, 0.40158550835965773], Energy: -39.16616625677936
Eval count: 406, θ = [0.8943260020874652, -6.360943537599294, -7.100381532351206, 0.1370271607500588, 5.081400565330658, 6.155661299497537, 4.0527585122270295, -4.4608780356021605, -2.994336666352949, -2.9567175210680383, -0.10188294956030097, -3.2088573860840133, -4.053823432834267, 6.6779285647550495, 2.687636565623387, 6.529149554067215, 4.397493436925039, 1.618275079050817, 3.2832932598473192, -2.1886741260077973, 4.536756967097996, -3.347665938586474, 1.287030820901351, 1.4854228248617725, 0.40158550835965773], Energy: -39.166166342196824
Eval count: 407, θ = [0.8943260020874652, -6.360943537599294, -7.100381532351206, 0.1370271607500588, 5.081400565330658, 6.155661299497537, 4.0527585122270295, -4.4608780356021605, -2.99433668125411, -2.956717506166877, -0.10188294956030097, -3.2088573860840133, -4.053823432834267, 6.6779285647550495, 2.687636565623387, 6.529149554067215, 4.397493436925039, 1.618275079050817, 3.2832932598473192, -2.1886741260077973, 4.536756967097996, -3.347665938586474, 1.287030820901351, 1.4854228248617725, 0.40158550835965773], Energy: -39.16616622673274
Eval count: 408, θ = [0.8943260020874652, -6.360943537599294, -7.100381532351206, 0.1370271607500588, 5.081400565330658, 6.155661299497537, 4.0527585122270295, -4.4608780356021605, -2.99433668125411, -2.9567175210680383, -0.10188293465913978, -3.2088573860840133, -4.053823432834267, 6.6779285647550495, 2.687636565623387, 6.529149554067215, 4.397493436925039, 1.618275079050817, 3.2832932598473192, -2.1886741260077973, 4.536756967097996, -3.347665938586474, 1.287030820901351, 1.4854228248617725, 0.40158550835965773], Energy: -39.166166226747556
Eval count: 409, θ = [0.8943260020874652, -6.360943537599294, -7.100381532351206, 0.1370271607500588, 5.081400565330658, 6.155661299497537, 4.0527585122270295, -4.4608780356021605, -2.99433668125411, -2.9567175210680383, -0.10188294956030097, -3.208857371182852, -4.053823432834267, 6.6779285647550495, 2.687636565623387, 6.529149554067215, 4.397493436925039, 1.618275079050817, 3.2832932598473192, -2.1886741260077973, 4.536756967097996, -3.347665938586474, 1.287030820901351, 1.4854228248617725, 0.40158550835965773], Energy: -39.16616623471934
Eval count: 410, θ = [0.8943260020874652, -6.360943537599294, -7.100381532351206, 0.1370271607500588, 5.081400565330658, 6.155661299497537, 4.0527585122270295, -4.4608780356021605, -2.99433668125411, -2.9567175210680383, -0.10188294956030097, -3.2088573860840133, -4.053823417933105, 6.6779285647550495, 2.687636565623387, 6.529149554067215, 4.397493436925039, 1.618275079050817, 3.2832932598473192, -2.1886741260077973, 4.536756967097996, -3.347665938586474, 1.287030820901351, 1.4854228248617725, 0.40158550835965773], Energy: -39.166166250087755
Eval count: 411, θ = [0.8943260020874652, -6.360943537599294, -7.100381532351206, 0.1370271607500588, 5.081400565330658, 6.155661299497537, 4.0527585122270295, -4.4608780356021605, -2.99433668125411, -2.9567175210680383, -0.10188294956030097, -3.2088573860840133, -4.053823432834267, 6.677928579656211, 2.687636565623387, 6.529149554067215, 4.397493436925039, 1.618275079050817, 3.2832932598473192, -2.1886741260077973, 4.536756967097996, -3.347665938586474, 1.287030820901351, 1.4854228248617725, 0.40158550835965773], Energy: -39.16616620753224
Eval count: 412, θ = [0.8943260020874652, -6.360943537599294, -7.100381532351206, 0.1370271607500588, 5.081400565330658, 6.155661299497537, 4.0527585122270295, -4.4608780356021605, -2.99433668125411, -2.9567175210680383, -0.10188294956030097, -3.2088573860840133, -4.053823432834267, 6.6779285647550495, 2.6876365805245483, 6.529149554067215, 4.397493436925039, 1.618275079050817, 3.2832932598473192, -2.1886741260077973, 4.536756967097996, -3.347665938586474, 1.287030820901351, 1.4854228248617725, 0.40158550835965773], Energy: -39.166166226756026
Eval count: 413, θ = [0.8943260020874652, -6.360943537599294, -7.100381532351206, 0.1370271607500588, 5.081400565330658, 6.155661299497537, 4.0527585122270295, -4.4608780356021605, -2.99433668125411, -2.9567175210680383, -0.10188294956030097, -3.2088573860840133, -4.053823432834267, 6.6779285647550495, 2.687636565623387, 6.529149568968376, 4.397493436925039, 1.618275079050817, 3.2832932598473192, -2.1886741260077973, 4.536756967097996, -3.347665938586474, 1.287030820901351, 1.4854228248617725, 0.40158550835965773], Energy: -39.16616624163738
Eval count: 414, θ = [0.8943260020874652, -6.360943537599294, -7.100381532351206, 0.1370271607500588, 5.081400565330658, 6.155661299497537, 4.0527585122270295, -4.4608780356021605, -2.99433668125411, -2.9567175210680383, -0.10188294956030097, -3.2088573860840133, -4.053823432834267, 6.6779285647550495, 2.687636565623387, 6.529149554067215, 4.3974934518262, 1.618275079050817, 3.2832932598473192, -2.1886741260077973, 4.536756967097996, -3.347665938586474, 1.287030820901351, 1.4854228248617725, 0.40158550835965773], Energy: -39.166166223616685
Eval count: 415, θ = [0.8943260020874652, -6.360943537599294, -7.100381532351206, 0.1370271607500588, 5.081400565330658, 6.155661299497537, 4.0527585122270295, -4.4608780356021605, -2.99433668125411, -2.9567175210680383, -0.10188294956030097, -3.2088573860840133, -4.053823432834267, 6.6779285647550495, 2.687636565623387, 6.529149554067215, 4.397493436925039, 1.618275093951978, 3.2832932598473192, -2.1886741260077973, 4.536756967097996, -3.347665938586474, 1.287030820901351, 1.4854228248617725, 0.40158550835965773], Energy: -39.166166234695005
Eval count: 416, θ = [0.8943260020874652, -6.360943537599294, -7.100381532351206, 0.1370271607500588, 5.081400565330658, 6.155661299497537, 4.0527585122270295, -4.4608780356021605, -2.99433668125411, -2.9567175210680383, -0.10188294956030097, -3.2088573860840133, -4.053823432834267, 6.6779285647550495, 2.687636565623387, 6.529149554067215, 4.397493436925039, 1.618275079050817, 3.2832932747484804, -2.1886741260077973, 4.536756967097996, -3.347665938586474, 1.287030820901351, 1.4854228248617725, 0.40158550835965773], Energy: -39.16616623436894
Eval count: 417, θ = [0.8943260020874652, -6.360943537599294, -7.100381532351206, 0.1370271607500588, 5.081400565330658, 6.155661299497537, 4.0527585122270295, -4.4608780356021605, -2.99433668125411, -2.9567175210680383, -0.10188294956030097, -3.2088573860840133, -4.053823432834267, 6.6779285647550495, 2.687636565623387, 6.529149554067215, 4.397493436925039, 1.618275079050817, 3.2832932598473192, -2.188674111106636, 4.536756967097996, -3.347665938586474, 1.287030820901351, 1.4854228248617725, 0.40158550835965773], Energy: -39.16616623365428
Eval count: 418, θ = [0.8943260020874652, -6.360943537599294, -7.100381532351206, 0.1370271607500588, 5.081400565330658, 6.155661299497537, 4.0527585122270295, -4.4608780356021605, -2.99433668125411, -2.9567175210680383, -0.10188294956030097, -3.2088573860840133, -4.053823432834267, 6.6779285647550495, 2.687636565623387, 6.529149554067215, 4.397493436925039, 1.618275079050817, 3.2832932598473192, -2.1886741260077973, 4.536756981999157, -3.347665938586474, 1.287030820901351, 1.4854228248617725, 0.40158550835965773], Energy: -39.16616622483667
Eval count: 419, θ = [0.8943260020874652, -6.360943537599294, -7.100381532351206, 0.1370271607500588, 5.081400565330658, 6.155661299497537, 4.0527585122270295, -4.4608780356021605, -2.99433668125411, -2.9567175210680383, -0.10188294956030097, -3.2088573860840133, -4.053823432834267, 6.6779285647550495, 2.687636565623387, 6.529149554067215, 4.397493436925039, 1.618275079050817, 3.2832932598473192, -2.1886741260077973, 4.536756967097996, -3.347665923685313, 1.287030820901351, 1.4854228248617725, 0.40158550835965773], Energy: -39.16616623596521
Eval count: 420, θ = [0.8943260020874652, -6.360943537599294, -7.100381532351206, 0.1370271607500588, 5.081400565330658, 6.155661299497537, 4.0527585122270295, -4.4608780356021605, -2.99433668125411, -2.9567175210680383, -0.10188294956030097, -3.2088573860840133, -4.053823432834267, 6.6779285647550495, 2.687636565623387, 6.529149554067215, 4.397493436925039, 1.618275079050817, 3.2832932598473192, -2.1886741260077973, 4.536756967097996, -3.347665938586474, 1.2870308358025122, 1.4854228248617725, 0.40158550835965773], Energy: -39.16616623291751
Eval count: 421, θ = [0.8943260020874652, -6.360943537599294, -7.100381532351206, 0.1370271607500588, 5.081400565330658, 6.155661299497537, 4.0527585122270295, -4.4608780356021605, -2.99433668125411, -2.9567175210680383, -0.10188294956030097, -3.2088573860840133, -4.053823432834267, 6.6779285647550495, 2.687636565623387, 6.529149554067215, 4.397493436925039, 1.618275079050817, 3.2832932598473192, -2.1886741260077973, 4.536756967097996, -3.347665938586474, 1.287030820901351, 1.4854228397629337, 0.40158550835965773], Energy: -39.16616623273103
Eval count: 422, θ = [0.8943260020874652, -6.360943537599294, -7.100381532351206, 0.1370271607500588, 5.081400565330658, 6.155661299497537, 4.0527585122270295, -4.4608780356021605, -2.99433668125411, -2.9567175210680383, -0.10188294956030097, -3.2088573860840133, -4.053823432834267, 6.6779285647550495, 2.687636565623387, 6.529149554067215, 4.397493436925039, 1.618275079050817, 3.2832932598473192, -2.1886741260077973, 4.536756967097996, -3.347665938586474, 1.287030820901351, 1.4854228248617725, 0.4015855232608189], Energy: -39.1661662338213
Eval count: 423, θ = [1.0012815495471987, -6.4241446722119555, -6.970930045801042, 0.4076077727137708, 5.131532812849449, 6.105219807474917, 3.891674054097748, -4.1743535149092565, -2.8344540587901084, -3.170939766461105, -0.7771962816235888, -2.952789396665957, -3.652271252540307, 6.3737490957425615, 2.6547956943857076, 6.842349699466381, 3.8186190603867827, 1.4294766552602067, 3.2569991873769255, -2.2393734523806104, 4.803336317778859, -3.0316802196188486, 1.107146145340652, 1.3441644045017664, 0.396286741755443], Energy: -34.98010424937106
Eval count: 424, θ = [0.921300457101232, -6.376883020897905, -7.067733545562795, 0.2052682638846154, 5.094044042808474, 6.14293982978692, 4.012132611351143, -4.388615839041654, -2.9540138863213654, -3.0107449040186878, -0.2721986510698101, -3.144276402441033, -3.9525509745066865, 6.601213746329405, 2.679354016238586, 6.608139409507444, 4.251499879793913, 1.5706596471245093, 3.2766618293902092, -2.2014606221826365, 4.603988942187902, -3.267973554565964, 1.2416634584426165, 1.449797100008639, 0.4002491462467187], Energy: -39.78170764324641
Eval count: 425, θ = [0.9213004720023932, -6.376883020897905, -7.067733545562795, 0.2052682638846154, 5.094044042808474, 6.14293982978692, 4.012132611351143, -4.388615839041654, -2.9540138863213654, -3.0107449040186878, -0.2721986510698101, -3.144276402441033, -3.9525509745066865, 6.601213746329405, 2.679354016238586, 6.608139409507444, 4.251499879793913, 1.5706596471245093, 3.2766618293902092, -2.2014606221826365, 4.603988942187902, -3.267973554565964, 1.2416634584426165, 1.449797100008639, 0.4002491462467187], Energy: -39.781707581762134
Eval count: 426, θ = [0.921300457101232, -6.376883005996744, -7.067733545562795, 0.2052682638846154, 5.094044042808474, 6.14293982978692, 4.012132611351143, -4.388615839041654, -2.9540138863213654, -3.0107449040186878, -0.2721986510698101, -3.144276402441033, -3.9525509745066865, 6.601213746329405, 2.679354016238586, 6.608139409507444, 4.251499879793913, 1.5706596471245093, 3.2766618293902092, -2.2014606221826365, 4.603988942187902, -3.267973554565964, 1.2416634584426165, 1.449797100008639, 0.4002491462467187], Energy: -39.781707667516876
Eval count: 427, θ = [0.921300457101232, -6.376883020897905, -7.067733530661634, 0.2052682638846154, 5.094044042808474, 6.14293982978692, 4.012132611351143, -4.388615839041654, -2.9540138863213654, -3.0107449040186878, -0.2721986510698101, -3.144276402441033, -3.9525509745066865, 6.601213746329405, 2.679354016238586, 6.608139409507444, 4.251499879793913, 1.5706596471245093, 3.2766618293902092, -2.2014606221826365, 4.603988942187902, -3.267973554565964, 1.2416634584426165, 1.449797100008639, 0.4002491462467187], Energy: -39.781707652821844
Eval count: 428, θ = [0.921300457101232, -6.376883020897905, -7.067733545562795, 0.20526827878577658, 5.094044042808474, 6.14293982978692, 4.012132611351143, -4.388615839041654, -2.9540138863213654, -3.0107449040186878, -0.2721986510698101, -3.144276402441033, -3.9525509745066865, 6.601213746329405, 2.679354016238586, 6.608139409507444, 4.251499879793913, 1.5706596471245093, 3.2766618293902092, -2.2014606221826365, 4.603988942187902, -3.267973554565964, 1.2416634584426165, 1.449797100008639, 0.4002491462467187], Energy: -39.78170763946757
Eval count: 429, θ = [0.921300457101232, -6.376883020897905, -7.067733545562795, 0.2052682638846154, 5.0940440577096355, 6.14293982978692, 4.012132611351143, -4.388615839041654, -2.9540138863213654, -3.0107449040186878, -0.2721986510698101, -3.144276402441033, -3.9525509745066865, 6.601213746329405, 2.679354016238586, 6.608139409507444, 4.251499879793913, 1.5706596471245093, 3.2766618293902092, -2.2014606221826365, 4.603988942187902, -3.267973554565964, 1.2416634584426165, 1.449797100008639, 0.4002491462467187], Energy: -39.781707714982744
Eval count: 430, θ = [0.921300457101232, -6.376883020897905, -7.067733545562795, 0.2052682638846154, 5.094044042808474, 6.142939844688081, 4.012132611351143, -4.388615839041654, -2.9540138863213654, -3.0107449040186878, -0.2721986510698101, -3.144276402441033, -3.9525509745066865, 6.601213746329405, 2.679354016238586, 6.608139409507444, 4.251499879793913, 1.5706596471245093, 3.2766618293902092, -2.2014606221826365, 4.603988942187902, -3.267973554565964, 1.2416634584426165, 1.449797100008639, 0.4002491462467187], Energy: -39.78170759651115
Eval count: 431, θ = [0.921300457101232, -6.376883020897905, -7.067733545562795, 0.2052682638846154, 5.094044042808474, 6.14293982978692, 4.0121326262523045, -4.388615839041654, -2.9540138863213654, -3.0107449040186878, -0.2721986510698101, -3.144276402441033, -3.9525509745066865, 6.601213746329405, 2.679354016238586, 6.608139409507444, 4.251499879793913, 1.5706596471245093, 3.2766618293902092, -2.2014606221826365, 4.603988942187902, -3.267973554565964, 1.2416634584426165, 1.449797100008639, 0.4002491462467187], Energy: -39.78170762751725
Eval count: 432, θ = [0.921300457101232, -6.376883020897905, -7.067733545562795, 0.2052682638846154, 5.094044042808474, 6.14293982978692, 4.012132611351143, -4.3886158241404924, -2.9540138863213654, -3.0107449040186878, -0.2721986510698101, -3.144276402441033, -3.9525509745066865, 6.601213746329405, 2.679354016238586, 6.608139409507444, 4.251499879793913, 1.5706596471245093, 3.2766618293902092, -2.2014606221826365, 4.603988942187902, -3.267973554565964, 1.2416634584426165, 1.449797100008639, 0.4002491462467187], Energy: -39.78170765811624
Eval count: 433, θ = [0.921300457101232, -6.376883020897905, -7.067733545562795, 0.2052682638846154, 5.094044042808474, 6.14293982978692, 4.012132611351143, -4.388615839041654, -2.954013871420204, -3.0107449040186878, -0.2721986510698101, -3.144276402441033, -3.9525509745066865, 6.601213746329405, 2.679354016238586, 6.608139409507444, 4.251499879793913, 1.5706596471245093, 3.2766618293902092, -2.2014606221826365, 4.603988942187902, -3.267973554565964, 1.2416634584426165, 1.449797100008639, 0.4002491462467187], Energy: -39.78170770032234
Eval count: 434, θ = [0.921300457101232, -6.376883020897905, -7.067733545562795, 0.2052682638846154, 5.094044042808474, 6.14293982978692, 4.012132611351143, -4.388615839041654, -2.9540138863213654, -3.0107448891175266, -0.2721986510698101, -3.144276402441033, -3.9525509745066865, 6.601213746329405, 2.679354016238586, 6.608139409507444, 4.251499879793913, 1.5706596471245093, 3.2766618293902092, -2.2014606221826365, 4.603988942187902, -3.267973554565964, 1.2416634584426165, 1.449797100008639, 0.4002491462467187], Energy: -39.781707656332074
Eval count: 435, θ = [0.921300457101232, -6.376883020897905, -7.067733545562795, 0.2052682638846154, 5.094044042808474, 6.14293982978692, 4.012132611351143, -4.388615839041654, -2.9540138863213654, -3.0107449040186878, -0.2721986361686489, -3.144276402441033, -3.9525509745066865, 6.601213746329405, 2.679354016238586, 6.608139409507444, 4.251499879793913, 1.5706596471245093, 3.2766618293902092, -2.2014606221826365, 4.603988942187902, -3.267973554565964, 1.2416634584426165, 1.449797100008639, 0.4002491462467187], Energy: -39.78170764046203
Eval count: 436, θ = [0.921300457101232, -6.376883020897905, -7.067733545562795, 0.2052682638846154, 5.094044042808474, 6.14293982978692, 4.012132611351143, -4.388615839041654, -2.9540138863213654, -3.0107449040186878, -0.2721986510698101, -3.144276387539872, -3.9525509745066865, 6.601213746329405, 2.679354016238586, 6.608139409507444, 4.251499879793913, 1.5706596471245093, 3.2766618293902092, -2.2014606221826365, 4.603988942187902, -3.267973554565964, 1.2416634584426165, 1.449797100008639, 0.4002491462467187], Energy: -39.78170764369174
Eval count: 437, θ = [0.921300457101232, -6.376883020897905, -7.067733545562795, 0.2052682638846154, 5.094044042808474, 6.14293982978692, 4.012132611351143, -4.388615839041654, -2.9540138863213654, -3.0107449040186878, -0.2721986510698101, -3.144276402441033, -3.9525509596055253, 6.601213746329405, 2.679354016238586, 6.608139409507444, 4.251499879793913, 1.5706596471245093, 3.2766618293902092, -2.2014606221826365, 4.603988942187902, -3.267973554565964, 1.2416634584426165, 1.449797100008639, 0.4002491462467187], Energy: -39.78170764041446
Eval count: 438, θ = [0.921300457101232, -6.376883020897905, -7.067733545562795, 0.2052682638846154, 5.094044042808474, 6.14293982978692, 4.012132611351143, -4.388615839041654, -2.9540138863213654, -3.0107449040186878, -0.2721986510698101, -3.144276402441033, -3.9525509745066865, 6.601213761230566, 2.679354016238586, 6.608139409507444, 4.251499879793913, 1.5706596471245093, 3.2766618293902092, -2.2014606221826365, 4.603988942187902, -3.267973554565964, 1.2416634584426165, 1.449797100008639, 0.4002491462467187], Energy: -39.78170763273038
Eval count: 439, θ = [0.921300457101232, -6.376883020897905, -7.067733545562795, 0.2052682638846154, 5.094044042808474, 6.14293982978692, 4.012132611351143, -4.388615839041654, -2.9540138863213654, -3.0107449040186878, -0.2721986510698101, -3.144276402441033, -3.9525509745066865, 6.601213746329405, 2.6793540311397472, 6.608139409507444, 4.251499879793913, 1.5706596471245093, 3.2766618293902092, -2.2014606221826365, 4.603988942187902, -3.267973554565964, 1.2416634584426165, 1.449797100008639, 0.4002491462467187], Energy: -39.78170763644165
Eval count: 440, θ = [0.921300457101232, -6.376883020897905, -7.067733545562795, 0.2052682638846154, 5.094044042808474, 6.14293982978692, 4.012132611351143, -4.388615839041654, -2.9540138863213654, -3.0107449040186878, -0.2721986510698101, -3.144276402441033, -3.9525509745066865, 6.601213746329405, 2.679354016238586, 6.608139424408606, 4.251499879793913, 1.5706596471245093, 3.2766618293902092, -2.2014606221826365, 4.603988942187902, -3.267973554565964, 1.2416634584426165, 1.449797100008639, 0.4002491462467187], Energy: -39.78170764667372
Eval count: 441, θ = [0.921300457101232, -6.376883020897905, -7.067733545562795, 0.2052682638846154, 5.094044042808474, 6.14293982978692, 4.012132611351143, -4.388615839041654, -2.9540138863213654, -3.0107449040186878, -0.2721986510698101, -3.144276402441033, -3.9525509745066865, 6.601213746329405, 2.679354016238586, 6.608139409507444, 4.251499894695074, 1.5706596471245093, 3.2766618293902092, -2.2014606221826365, 4.603988942187902, -3.267973554565964, 1.2416634584426165, 1.449797100008639, 0.4002491462467187], Energy: -39.78170765708967
Eval count: 442, θ = [0.921300457101232, -6.376883020897905, -7.067733545562795, 0.2052682638846154, 5.094044042808474, 6.14293982978692, 4.012132611351143, -4.388615839041654, -2.9540138863213654, -3.0107449040186878, -0.2721986510698101, -3.144276402441033, -3.9525509745066865, 6.601213746329405, 2.679354016238586, 6.608139409507444, 4.251499879793913, 1.5706596620256705, 3.2766618293902092, -2.2014606221826365, 4.603988942187902, -3.267973554565964, 1.2416634584426165, 1.449797100008639, 0.4002491462467187], Energy: -39.781707653382796
Eval count: 443, θ = [0.921300457101232, -6.376883020897905, -7.067733545562795, 0.2052682638846154, 5.094044042808474, 6.14293982978692, 4.012132611351143, -4.388615839041654, -2.9540138863213654, -3.0107449040186878, -0.2721986510698101, -3.144276402441033, -3.9525509745066865, 6.601213746329405, 2.679354016238586, 6.608139409507444, 4.251499879793913, 1.5706596471245093, 3.2766618442913704, -2.2014606221826365, 4.603988942187902, -3.267973554565964, 1.2416634584426165, 1.449797100008639, 0.4002491462467187], Energy: -39.78170764324269
Eval count: 444, θ = [0.921300457101232, -6.376883020897905, -7.067733545562795, 0.2052682638846154, 5.094044042808474, 6.14293982978692, 4.012132611351143, -4.388615839041654, -2.9540138863213654, -3.0107449040186878, -0.2721986510698101, -3.144276402441033, -3.9525509745066865, 6.601213746329405, 2.679354016238586, 6.608139409507444, 4.251499879793913, 1.5706596471245093, 3.2766618293902092, -2.2014606072814753, 4.603988942187902, -3.267973554565964, 1.2416634584426165, 1.449797100008639, 0.4002491462467187], Energy: -39.781707643248076
Eval count: 445, θ = [0.921300457101232, -6.376883020897905, -7.067733545562795, 0.2052682638846154, 5.094044042808474, 6.14293982978692, 4.012132611351143, -4.388615839041654, -2.9540138863213654, -3.0107449040186878, -0.2721986510698101, -3.144276402441033, -3.9525509745066865, 6.601213746329405, 2.679354016238586, 6.608139409507444, 4.251499879793913, 1.5706596471245093, 3.2766618293902092, -2.2014606221826365, 4.603988957089063, -3.267973554565964, 1.2416634584426165, 1.449797100008639, 0.4002491462467187], Energy: -39.7817076208759
Eval count: 446, θ = [0.921300457101232, -6.376883020897905, -7.067733545562795, 0.2052682638846154, 5.094044042808474, 6.14293982978692, 4.012132611351143, -4.388615839041654, -2.9540138863213654, -3.0107449040186878, -0.2721986510698101, -3.144276402441033, -3.9525509745066865, 6.601213746329405, 2.679354016238586, 6.608139409507444, 4.251499879793913, 1.5706596471245093, 3.2766618293902092, -2.2014606221826365, 4.603988942187902, -3.2679735396648026, 1.2416634584426165, 1.449797100008639, 0.4002491462467187], Energy: -39.78170764414476
Eval count: 447, θ = [0.921300457101232, -6.376883020897905, -7.067733545562795, 0.2052682638846154, 5.094044042808474, 6.14293982978692, 4.012132611351143, -4.388615839041654, -2.9540138863213654, -3.0107449040186878, -0.2721986510698101, -3.144276402441033, -3.9525509745066865, 6.601213746329405, 2.679354016238586, 6.608139409507444, 4.251499879793913, 1.5706596471245093, 3.2766618293902092, -2.2014606221826365, 4.603988942187902, -3.267973554565964, 1.2416634733437777, 1.449797100008639, 0.4002491462467187], Energy: -39.781707642563184
Eval count: 448, θ = [0.921300457101232, -6.376883020897905, -7.067733545562795, 0.2052682638846154, 5.094044042808474, 6.14293982978692, 4.012132611351143, -4.388615839041654, -2.9540138863213654, -3.0107449040186878, -0.2721986510698101, -3.144276402441033, -3.9525509745066865, 6.601213746329405, 2.679354016238586, 6.608139409507444, 4.251499879793913, 1.5706596471245093, 3.2766618293902092, -2.2014606221826365, 4.603988942187902, -3.267973554565964, 1.2416634584426165, 1.4497971149098001, 0.4002491462467187], Energy: -39.7817076424332
Eval count: 449, θ = [0.921300457101232, -6.376883020897905, -7.067733545562795, 0.2052682638846154, 5.094044042808474, 6.14293982978692, 4.012132611351143, -4.388615839041654, -2.9540138863213654, -3.0107449040186878, -0.2721986510698101, -3.144276402441033, -3.9525509745066865, 6.601213746329405, 2.679354016238586, 6.608139409507444, 4.251499879793913, 1.5706596471245093, 3.2766618293902092, -2.2014606221826365, 4.603988942187902, -3.267973554565964, 1.2416634584426165, 1.449797100008639, 0.4002491611478799], Energy: -39.781707643175245
Eval count: 450, θ = [0.7349653480583921, -6.384406593128438, -6.480310809768328, -0.3982134831713955, 5.202096751123274, 6.109221191712567, 3.4409138172940033, -4.583245541002269, -2.892724136724394, -3.151779510169966, -1.23751866854588, -2.7311425376827176, -3.8691417749688, 5.958333628906656, 2.5088276154548, 6.9408061729877994, 4.701986799986429, 1.9706620118248526, 3.1916098631510996, -2.2560301537649994, 3.929602276784965, -2.822978533290702, 1.0711736603678113, 1.2676005941098474, 0.3911424222940989], Energy: -34.72670336845673
Eval count: 451, θ = [0.8751336368654666, -6.378747078661801, -6.922192321554443, 0.055748221875274784, 5.120815433269357, 6.134585621551179, 3.8706061136557266, -4.436837746921024, -2.938828595334212, -3.045687966239512, -0.5113685849900871, -3.0419173947071814, -3.9318853171281334, 6.441932272394291, 2.6371039983494335, 6.690561700974161, 4.363113567466213, 1.6697651638457631, 3.2555891563108883, -2.2149808963159114, 4.436901332606518, -3.1577205525495677, 1.1994225093258193, 1.4046556697187615, 0.3979928431280151], Energy: -40.00231939234915
Eval count: 452, θ = [0.8751336517666278, -6.378747078661801, -6.922192321554443, 0.055748221875274784, 5.120815433269357, 6.134585621551179, 3.8706061136557266, -4.436837746921024, -2.938828595334212, -3.045687966239512, -0.5113685849900871, -3.0419173947071814, -3.9318853171281334, 6.441932272394291, 2.6371039983494335, 6.690561700974161, 4.363113567466213, 1.6697651638457631, 3.2555891563108883, -2.2149808963159114, 4.436901332606518, -3.1577205525495677, 1.1994225093258193, 1.4046556697187615, 0.3979928431280151], Energy: -40.00231939179564
Eval count: 453, θ = [0.8751336368654666, -6.37874706376064, -6.922192321554443, 0.055748221875274784, 5.120815433269357, 6.134585621551179, 3.8706061136557266, -4.436837746921024, -2.938828595334212, -3.045687966239512, -0.5113685849900871, -3.0419173947071814, -3.9318853171281334, 6.441932272394291, 2.6371039983494335, 6.690561700974161, 4.363113567466213, 1.6697651638457631, 3.2555891563108883, -2.2149808963159114, 4.436901332606518, -3.1577205525495677, 1.1994225093258193, 1.4046556697187615, 0.3979928431280151], Energy: -40.00231941043325
Eval count: 454, θ = [0.8751336368654666, -6.378747078661801, -6.922192306653282, 0.055748221875274784, 5.120815433269357, 6.134585621551179, 3.8706061136557266, -4.436837746921024, -2.938828595334212, -3.045687966239512, -0.5113685849900871, -3.0419173947071814, -3.9318853171281334, 6.441932272394291, 2.6371039983494335, 6.690561700974161, 4.363113567466213, 1.6697651638457631, 3.2555891563108883, -2.2149808963159114, 4.436901332606518, -3.1577205525495677, 1.1994225093258193, 1.4046556697187615, 0.3979928431280151], Energy: -40.00231939749938
Eval count: 455, θ = [0.8751336368654666, -6.378747078661801, -6.922192321554443, 0.05574823677643598, 5.120815433269357, 6.134585621551179, 3.8706061136557266, -4.436837746921024, -2.938828595334212, -3.045687966239512, -0.5113685849900871, -3.0419173947071814, -3.9318853171281334, 6.441932272394291, 2.6371039983494335, 6.690561700974161, 4.363113567466213, 1.6697651638457631, 3.2555891563108883, -2.2149808963159114, 4.436901332606518, -3.1577205525495677, 1.1994225093258193, 1.4046556697187615, 0.3979928431280151], Energy: -40.002319395629975
Eval count: 456, θ = [0.8751336368654666, -6.378747078661801, -6.922192321554443, 0.055748221875274784, 5.120815448170518, 6.134585621551179, 3.8706061136557266, -4.436837746921024, -2.938828595334212, -3.045687966239512, -0.5113685849900871, -3.0419173947071814, -3.9318853171281334, 6.441932272394291, 2.6371039983494335, 6.690561700974161, 4.363113567466213, 1.6697651638457631, 3.2555891563108883, -2.2149808963159114, 4.436901332606518, -3.1577205525495677, 1.1994225093258193, 1.4046556697187615, 0.3979928431280151], Energy: -40.00231928178513
Eval count: 457, θ = [0.8751336368654666, -6.378747078661801, -6.922192321554443, 0.055748221875274784, 5.120815433269357, 6.13458563645234, 3.8706061136557266, -4.436837746921024, -2.938828595334212, -3.045687966239512, -0.5113685849900871, -3.0419173947071814, -3.9318853171281334, 6.441932272394291, 2.6371039983494335, 6.690561700974161, 4.363113567466213, 1.6697651638457631, 3.2555891563108883, -2.2149808963159114, 4.436901332606518, -3.1577205525495677, 1.1994225093258193, 1.4046556697187615, 0.3979928431280151], Energy: -40.00231935287998
Eval count: 458, θ = [0.8751336368654666, -6.378747078661801, -6.922192321554443, 0.055748221875274784, 5.120815433269357, 6.134585621551179, 3.870606128556888, -4.436837746921024, -2.938828595334212, -3.045687966239512, -0.5113685849900871, -3.0419173947071814, -3.9318853171281334, 6.441932272394291, 2.6371039983494335, 6.690561700974161, 4.363113567466213, 1.6697651638457631, 3.2555891563108883, -2.2149808963159114, 4.436901332606518, -3.1577205525495677, 1.1994225093258193, 1.4046556697187615, 0.3979928431280151], Energy: -40.002319394562306
Eval count: 459, θ = [0.8751336368654666, -6.378747078661801, -6.922192321554443, 0.055748221875274784, 5.120815433269357, 6.134585621551179, 3.8706061136557266, -4.436837732019863, -2.938828595334212, -3.045687966239512, -0.5113685849900871, -3.0419173947071814, -3.9318853171281334, 6.441932272394291, 2.6371039983494335, 6.690561700974161, 4.363113567466213, 1.6697651638457631, 3.2555891563108883, -2.2149808963159114, 4.436901332606518, -3.1577205525495677, 1.1994225093258193, 1.4046556697187615, 0.3979928431280151], Energy: -40.00231941192552
Eval count: 460, θ = [0.8751336368654666, -6.378747078661801, -6.922192321554443, 0.055748221875274784, 5.120815433269357, 6.134585621551179, 3.8706061136557266, -4.436837746921024, -2.938828580433051, -3.045687966239512, -0.5113685849900871, -3.0419173947071814, -3.9318853171281334, 6.441932272394291, 2.6371039983494335, 6.690561700974161, 4.363113567466213, 1.6697651638457631, 3.2555891563108883, -2.2149808963159114, 4.436901332606518, -3.1577205525495677, 1.1994225093258193, 1.4046556697187615, 0.3979928431280151], Energy: -40.002319422086195
Eval count: 461, θ = [0.8751336368654666, -6.378747078661801, -6.922192321554443, 0.055748221875274784, 5.120815433269357, 6.134585621551179, 3.8706061136557266, -4.436837746921024, -2.938828595334212, -3.045687951338351, -0.5113685849900871, -3.0419173947071814, -3.9318853171281334, 6.441932272394291, 2.6371039983494335, 6.690561700974161, 4.363113567466213, 1.6697651638457631, 3.2555891563108883, -2.2149808963159114, 4.436901332606518, -3.1577205525495677, 1.1994225093258193, 1.4046556697187615, 0.3979928431280151], Energy: -40.00231940862233
Eval count: 462, θ = [0.8751336368654666, -6.378747078661801, -6.922192321554443, 0.055748221875274784, 5.120815433269357, 6.134585621551179, 3.8706061136557266, -4.436837746921024, -2.938828595334212, -3.045687966239512, -0.5113685700889259, -3.0419173947071814, -3.9318853171281334, 6.441932272394291, 2.6371039983494335, 6.690561700974161, 4.363113567466213, 1.6697651638457631, 3.2555891563108883, -2.2149808963159114, 4.436901332606518, -3.1577205525495677, 1.1994225093258193, 1.4046556697187615, 0.3979928431280151], Energy: -40.00231939466247
Eval count: 463, θ = [0.8751336368654666, -6.378747078661801, -6.922192321554443, 0.055748221875274784, 5.120815433269357, 6.134585621551179, 3.8706061136557266, -4.436837746921024, -2.938828595334212, -3.045687966239512, -0.5113685849900871, -3.04191737980602, -3.9318853171281334, 6.441932272394291, 2.6371039983494335, 6.690561700974161, 4.363113567466213, 1.6697651638457631, 3.2555891563108883, -2.2149808963159114, 4.436901332606518, -3.1577205525495677, 1.1994225093258193, 1.4046556697187615, 0.3979928431280151], Energy: -40.00231939074244
Eval count: 464, θ = [0.8751336368654666, -6.378747078661801, -6.922192321554443, 0.055748221875274784, 5.120815433269357, 6.134585621551179, 3.8706061136557266, -4.436837746921024, -2.938828595334212, -3.045687966239512, -0.5113685849900871, -3.0419173947071814, -3.931885302226972, 6.441932272394291, 2.6371039983494335, 6.690561700974161, 4.363113567466213, 1.6697651638457631, 3.2555891563108883, -2.2149808963159114, 4.436901332606518, -3.1577205525495677, 1.1994225093258193, 1.4046556697187615, 0.3979928431280151], Energy: -40.00231938271694
Eval count: 465, θ = [0.8751336368654666, -6.378747078661801, -6.922192321554443, 0.055748221875274784, 5.120815433269357, 6.134585621551179, 3.8706061136557266, -4.436837746921024, -2.938828595334212, -3.045687966239512, -0.5113685849900871, -3.0419173947071814, -3.9318853171281334, 6.441932287295452, 2.6371039983494335, 6.690561700974161, 4.363113567466213, 1.6697651638457631, 3.2555891563108883, -2.2149808963159114, 4.436901332606518, -3.1577205525495677, 1.1994225093258193, 1.4046556697187615, 0.3979928431280151], Energy: -40.0023194339248
Eval count: 466, θ = [0.8751336368654666, -6.378747078661801, -6.922192321554443, 0.055748221875274784, 5.120815433269357, 6.134585621551179, 3.8706061136557266, -4.436837746921024, -2.938828595334212, -3.045687966239512, -0.5113685849900871, -3.0419173947071814, -3.9318853171281334, 6.441932272394291, 2.6371040132505947, 6.690561700974161, 4.363113567466213, 1.6697651638457631, 3.2555891563108883, -2.2149808963159114, 4.436901332606518, -3.1577205525495677, 1.1994225093258193, 1.4046556697187615, 0.3979928431280151], Energy: -40.00231938877864
Eval count: 467, θ = [0.8751336368654666, -6.378747078661801, -6.922192321554443, 0.055748221875274784, 5.120815433269357, 6.134585621551179, 3.8706061136557266, -4.436837746921024, -2.938828595334212, -3.045687966239512, -0.5113685849900871, -3.0419173947071814, -3.9318853171281334, 6.441932272394291, 2.6371039983494335, 6.690561715875322, 4.363113567466213, 1.6697651638457631, 3.2555891563108883, -2.2149808963159114, 4.436901332606518, -3.1577205525495677, 1.1994225093258193, 1.4046556697187615, 0.3979928431280151], Energy: -40.00231939399641
Eval count: 468, θ = [0.8751336368654666, -6.378747078661801, -6.922192321554443, 0.055748221875274784, 5.120815433269357, 6.134585621551179, 3.8706061136557266, -4.436837746921024, -2.938828595334212, -3.045687966239512, -0.5113685849900871, -3.0419173947071814, -3.9318853171281334, 6.441932272394291, 2.6371039983494335, 6.690561700974161, 4.363113582367374, 1.6697651638457631, 3.2555891563108883, -2.2149808963159114, 4.436901332606518, -3.1577205525495677, 1.1994225093258193, 1.4046556697187615, 0.3979928431280151], Energy: -40.00231939309934
Eval count: 469, θ = [0.8751336368654666, -6.378747078661801, -6.922192321554443, 0.055748221875274784, 5.120815433269357, 6.134585621551179, 3.8706061136557266, -4.436837746921024, -2.938828595334212, -3.045687966239512, -0.5113685849900871, -3.0419173947071814, -3.9318853171281334, 6.441932272394291, 2.6371039983494335, 6.690561700974161, 4.363113567466213, 1.6697651787469243, 3.2555891563108883, -2.2149808963159114, 4.436901332606518, -3.1577205525495677, 1.1994225093258193, 1.4046556697187615, 0.3979928431280151], Energy: -40.002319385734104
Eval count: 470, θ = [0.8751336368654666, -6.378747078661801, -6.922192321554443, 0.055748221875274784, 5.120815433269357, 6.134585621551179, 3.8706061136557266, -4.436837746921024, -2.938828595334212, -3.045687966239512, -0.5113685849900871, -3.0419173947071814, -3.9318853171281334, 6.441932272394291, 2.6371039983494335, 6.690561700974161, 4.363113567466213, 1.6697651638457631, 3.2555891712120495, -2.2149808963159114, 4.436901332606518, -3.1577205525495677, 1.1994225093258193, 1.4046556697187615, 0.3979928431280151], Energy: -40.002319395470735
Eval count: 471, θ = [0.8751336368654666, -6.378747078661801, -6.922192321554443, 0.055748221875274784, 5.120815433269357, 6.134585621551179, 3.8706061136557266, -4.436837746921024, -2.938828595334212, -3.045687966239512, -0.5113685849900871, -3.0419173947071814, -3.9318853171281334, 6.441932272394291, 2.6371039983494335, 6.690561700974161, 4.363113567466213, 1.6697651638457631, 3.2555891563108883, -2.2149808814147502, 4.436901332606518, -3.1577205525495677, 1.1994225093258193, 1.4046556697187615, 0.3979928431280151], Energy: -40.00231939116535
Eval count: 472, θ = [0.8751336368654666, -6.378747078661801, -6.922192321554443, 0.055748221875274784, 5.120815433269357, 6.134585621551179, 3.8706061136557266, -4.436837746921024, -2.938828595334212, -3.045687966239512, -0.5113685849900871, -3.0419173947071814, -3.9318853171281334, 6.441932272394291, 2.6371039983494335, 6.690561700974161, 4.363113567466213, 1.6697651638457631, 3.2555891563108883, -2.2149808963159114, 4.436901347507679, -3.1577205525495677, 1.1994225093258193, 1.4046556697187615, 0.3979928431280151], Energy: -40.00231939457185
Eval count: 473, θ = [0.8751336368654666, -6.378747078661801, -6.922192321554443, 0.055748221875274784, 5.120815433269357, 6.134585621551179, 3.8706061136557266, -4.436837746921024, -2.938828595334212, -3.045687966239512, -0.5113685849900871, -3.0419173947071814, -3.9318853171281334, 6.441932272394291, 2.6371039983494335, 6.690561700974161, 4.363113567466213, 1.6697651638457631, 3.2555891563108883, -2.2149808963159114, 4.436901332606518, -3.1577205376484065, 1.1994225093258193, 1.4046556697187615, 0.3979928431280151], Energy: -40.00231938856125
Eval count: 474, θ = [0.8751336368654666, -6.378747078661801, -6.922192321554443, 0.055748221875274784, 5.120815433269357, 6.134585621551179, 3.8706061136557266, -4.436837746921024, -2.938828595334212, -3.045687966239512, -0.5113685849900871, -3.0419173947071814, -3.9318853171281334, 6.441932272394291, 2.6371039983494335, 6.690561700974161, 4.363113567466213, 1.6697651638457631, 3.2555891563108883, -2.2149808963159114, 4.436901332606518, -3.1577205525495677, 1.1994225242269805, 1.4046556697187615, 0.3979928431280151], Energy: -40.00231939219945
Eval count: 475, θ = [0.8751336368654666, -6.378747078661801, -6.922192321554443, 0.055748221875274784, 5.120815433269357, 6.134585621551179, 3.8706061136557266, -4.436837746921024, -2.938828595334212, -3.045687966239512, -0.5113685849900871, -3.0419173947071814, -3.9318853171281334, 6.441932272394291, 2.6371039983494335, 6.690561700974161, 4.363113567466213, 1.6697651638457631, 3.2555891563108883, -2.2149808963159114, 4.436901332606518, -3.1577205525495677, 1.1994225093258193, 1.4046556846199227, 0.3979928431280151], Energy: -40.00231939221788
Eval count: 476, θ = [0.8751336368654666, -6.378747078661801, -6.922192321554443, 0.055748221875274784, 5.120815433269357, 6.134585621551179, 3.8706061136557266, -4.436837746921024, -2.938828595334212, -3.045687966239512, -0.5113685849900871, -3.0419173947071814, -3.9318853171281334, 6.441932272394291, 2.6371039983494335, 6.690561700974161, 4.363113567466213, 1.6697651638457631, 3.2555891563108883, -2.2149808963159114, 4.436901332606518, -3.1577205525495677, 1.1994225093258193, 1.4046556697187615, 0.3979928580291763], Energy: -40.0023193923161
Eval count: 477, θ = [0.8680173044094999, -6.361536599927823, -6.7713352503508455, -0.008969661743356908, 5.141160518858646, 6.102374644977662, 3.5507424876960183, -4.223550455140748, -2.9270637115142666, -2.9427547887243835, -0.4302686179636923, -3.1053812346000433, -3.769319122900006, 6.88354957212466, 2.435741678207976, 6.784819376022733, 4.395659931412344, 1.4631891927797276, 3.3200209286248423, -2.285120354514146, 4.334602535353045, -3.2375511379749393, 1.1487500960629893, 1.356317919607603, 0.3945704063118869], Energy: -38.55635636961637
Eval count: 478, θ = [0.8732184375898526, -6.3741152691435925, -6.8815925666556765, 0.03833087317879083, 5.126290851038835, 6.125916768686007, 3.784522082516951, -4.379436315882938, -2.9356623440230116, -3.017985839022516, -0.489542370565402, -3.0589972460129737, -3.888134317669979, 6.560783539922284, 2.5829119026235605, 6.71592901371441, 4.371872682226407, 1.6141699323704235, 3.2729295046470246, -2.2338573386918705, 4.409369934430795, -3.1792051417427447, 1.185785180016785, 1.391646661979096, 0.39707177197912746], Energy: -40.24509422430246
Eval count: 479, θ = [0.8732184524910138, -6.3741152691435925, -6.8815925666556765, 0.03833087317879083, 5.126290851038835, 6.125916768686007, 3.784522082516951, -4.379436315882938, -2.9356623440230116, -3.017985839022516, -0.489542370565402, -3.0589972460129737, -3.888134317669979, 6.560783539922284, 2.5829119026235605, 6.71592901371441, 4.371872682226407, 1.6141699323704235, 3.2729295046470246, -2.2338573386918705, 4.409369934430795, -3.1792051417427447, 1.185785180016785, 1.391646661979096, 0.39707177197912746], Energy: -40.24509422759198
Eval count: 480, θ = [0.8732184375898526, -6.374115254242431, -6.8815925666556765, 0.03833087317879083, 5.126290851038835, 6.125916768686007, 3.784522082516951, -4.379436315882938, -2.9356623440230116, -3.017985839022516, -0.489542370565402, -3.0589972460129737, -3.888134317669979, 6.560783539922284, 2.5829119026235605, 6.71592901371441, 4.371872682226407, 1.6141699323704235, 3.2729295046470246, -2.2338573386918705, 4.409369934430795, -3.1792051417427447, 1.185785180016785, 1.391646661979096, 0.39707177197912746], Energy: -40.245094237954575
Eval count: 481, θ = [0.8732184375898526, -6.3741152691435925, -6.881592551754515, 0.03833087317879083, 5.126290851038835, 6.125916768686007, 3.784522082516951, -4.379436315882938, -2.9356623440230116, -3.017985839022516, -0.489542370565402, -3.0589972460129737, -3.888134317669979, 6.560783539922284, 2.5829119026235605, 6.71592901371441, 4.371872682226407, 1.6141699323704235, 3.2729295046470246, -2.2338573386918705, 4.409369934430795, -3.1792051417427447, 1.185785180016785, 1.391646661979096, 0.39707177197912746], Energy: -40.2450942272645
Eval count: 482, θ = [0.8732184375898526, -6.3741152691435925, -6.8815925666556765, 0.038330888079952025, 5.126290851038835, 6.125916768686007, 3.784522082516951, -4.379436315882938, -2.9356623440230116, -3.017985839022516, -0.489542370565402, -3.0589972460129737, -3.888134317669979, 6.560783539922284, 2.5829119026235605, 6.71592901371441, 4.371872682226407, 1.6141699323704235, 3.2729295046470246, -2.2338573386918705, 4.409369934430795, -3.1792051417427447, 1.185785180016785, 1.391646661979096, 0.39707177197912746], Energy: -40.24509423018802
Eval count: 483, θ = [0.8732184375898526, -6.3741152691435925, -6.8815925666556765, 0.03833087317879083, 5.126290865939996, 6.125916768686007, 3.784522082516951, -4.379436315882938, -2.9356623440230116, -3.017985839022516, -0.489542370565402, -3.0589972460129737, -3.888134317669979, 6.560783539922284, 2.5829119026235605, 6.71592901371441, 4.371872682226407, 1.6141699323704235, 3.2729295046470246, -2.2338573386918705, 4.409369934430795, -3.1792051417427447, 1.185785180016785, 1.391646661979096, 0.39707177197912746], Energy: -40.24509408170145
Eval count: 484, θ = [0.8732184375898526, -6.3741152691435925, -6.8815925666556765, 0.03833087317879083, 5.126290851038835, 6.125916783587169, 3.784522082516951, -4.379436315882938, -2.9356623440230116, -3.017985839022516, -0.489542370565402, -3.0589972460129737, -3.888134317669979, 6.560783539922284, 2.5829119026235605, 6.71592901371441, 4.371872682226407, 1.6141699323704235, 3.2729295046470246, -2.2338573386918705, 4.409369934430795, -3.1792051417427447, 1.185785180016785, 1.391646661979096, 0.39707177197912746], Energy: -40.24509419454969
Eval count: 485, θ = [0.8732184375898526, -6.3741152691435925, -6.8815925666556765, 0.03833087317879083, 5.126290851038835, 6.125916768686007, 3.784522097418112, -4.379436315882938, -2.9356623440230116, -3.017985839022516, -0.489542370565402, -3.0589972460129737, -3.888134317669979, 6.560783539922284, 2.5829119026235605, 6.71592901371441, 4.371872682226407, 1.6141699323704235, 3.2729295046470246, -2.2338573386918705, 4.409369934430795, -3.1792051417427447, 1.185785180016785, 1.391646661979096, 0.39707177197912746], Energy: -40.245094238068354
Eval count: 486, θ = [0.8732184375898526, -6.3741152691435925, -6.8815925666556765, 0.03833087317879083, 5.126290851038835, 6.125916768686007, 3.784522082516951, -4.3794363009817765, -2.9356623440230116, -3.017985839022516, -0.489542370565402, -3.0589972460129737, -3.888134317669979, 6.560783539922284, 2.5829119026235605, 6.71592901371441, 4.371872682226407, 1.6141699323704235, 3.2729295046470246, -2.2338573386918705, 4.409369934430795, -3.1792051417427447, 1.185785180016785, 1.391646661979096, 0.39707177197912746], Energy: -40.24509423580589
Eval count: 487, θ = [0.8732184375898526, -6.3741152691435925, -6.8815925666556765, 0.03833087317879083, 5.126290851038835, 6.125916768686007, 3.784522082516951, -4.379436315882938, -2.9356623291218504, -3.017985839022516, -0.489542370565402, -3.0589972460129737, -3.888134317669979, 6.560783539922284, 2.5829119026235605, 6.71592901371441, 4.371872682226407, 1.6141699323704235, 3.2729295046470246, -2.2338573386918705, 4.409369934430795, -3.1792051417427447, 1.185785180016785, 1.391646661979096, 0.39707177197912746], Energy: -40.245094271489975
Eval count: 488, θ = [0.8732184375898526, -6.3741152691435925, -6.8815925666556765, 0.03833087317879083, 5.126290851038835, 6.125916768686007, 3.784522082516951, -4.379436315882938, -2.9356623440230116, -3.0179858241213546, -0.489542370565402, -3.0589972460129737, -3.888134317669979, 6.560783539922284, 2.5829119026235605, 6.71592901371441, 4.371872682226407, 1.6141699323704235, 3.2729295046470246, -2.2338573386918705, 4.409369934430795, -3.1792051417427447, 1.185785180016785, 1.391646661979096, 0.39707177197912746], Energy: -40.24509423168338
Eval count: 489, θ = [0.8732184375898526, -6.3741152691435925, -6.8815925666556765, 0.03833087317879083, 5.126290851038835, 6.125916768686007, 3.784522082516951, -4.379436315882938, -2.9356623440230116, -3.017985839022516, -0.4895423556642408, -3.0589972460129737, -3.888134317669979, 6.560783539922284, 2.5829119026235605, 6.71592901371441, 4.371872682226407, 1.6141699323704235, 3.2729295046470246, -2.2338573386918705, 4.409369934430795, -3.1792051417427447, 1.185785180016785, 1.391646661979096, 0.39707177197912746], Energy: -40.24509422727568
Eval count: 490, θ = [0.8732184375898526, -6.3741152691435925, -6.8815925666556765, 0.03833087317879083, 5.126290851038835, 6.125916768686007, 3.784522082516951, -4.379436315882938, -2.9356623440230116, -3.017985839022516, -0.489542370565402, -3.0589972311118125, -3.888134317669979, 6.560783539922284, 2.5829119026235605, 6.71592901371441, 4.371872682226407, 1.6141699323704235, 3.2729295046470246, -2.2338573386918705, 4.409369934430795, -3.1792051417427447, 1.185785180016785, 1.391646661979096, 0.39707177197912746], Energy: -40.24509422205792
Eval count: 491, θ = [0.8732184375898526, -6.3741152691435925, -6.8815925666556765, 0.03833087317879083, 5.126290851038835, 6.125916768686007, 3.784522082516951, -4.379436315882938, -2.9356623440230116, -3.017985839022516, -0.489542370565402, -3.0589972460129737, -3.888134302768818, 6.560783539922284, 2.5829119026235605, 6.71592901371441, 4.371872682226407, 1.6141699323704235, 3.2729295046470246, -2.2338573386918705, 4.409369934430795, -3.1792051417427447, 1.185785180016785, 1.391646661979096, 0.39707177197912746], Energy: -40.24509420630353
Eval count: 492, θ = [0.8732184375898526, -6.3741152691435925, -6.8815925666556765, 0.03833087317879083, 5.126290851038835, 6.125916768686007, 3.784522082516951, -4.379436315882938, -2.9356623440230116, -3.017985839022516, -0.489542370565402, -3.0589972460129737, -3.888134317669979, 6.560783554823445, 2.5829119026235605, 6.71592901371441, 4.371872682226407, 1.6141699323704235, 3.2729295046470246, -2.2338573386918705, 4.409369934430795, -3.1792051417427447, 1.185785180016785, 1.391646661979096, 0.39707177197912746], Energy: -40.245094236093365
Eval count: 493, θ = [0.8732184375898526, -6.3741152691435925, -6.8815925666556765, 0.03833087317879083, 5.126290851038835, 6.125916768686007, 3.784522082516951, -4.379436315882938, -2.9356623440230116, -3.017985839022516, -0.489542370565402, -3.0589972460129737, -3.888134317669979, 6.560783539922284, 2.5829119175247217, 6.71592901371441, 4.371872682226407, 1.6141699323704235, 3.2729295046470246, -2.2338573386918705, 4.409369934430795, -3.1792051417427447, 1.185785180016785, 1.391646661979096, 0.39707177197912746], Energy: -40.24509422361112
Eval count: 494, θ = [0.8732184375898526, -6.3741152691435925, -6.8815925666556765, 0.03833087317879083, 5.126290851038835, 6.125916768686007, 3.784522082516951, -4.379436315882938, -2.9356623440230116, -3.017985839022516, -0.489542370565402, -3.0589972460129737, -3.888134317669979, 6.560783539922284, 2.5829119026235605, 6.715929028615571, 4.371872682226407, 1.6141699323704235, 3.2729295046470246, -2.2338573386918705, 4.409369934430795, -3.1792051417427447, 1.185785180016785, 1.391646661979096, 0.39707177197912746], Energy: -40.24509422625093
Eval count: 495, θ = [0.8732184375898526, -6.3741152691435925, -6.8815925666556765, 0.03833087317879083, 5.126290851038835, 6.125916768686007, 3.784522082516951, -4.379436315882938, -2.9356623440230116, -3.017985839022516, -0.489542370565402, -3.0589972460129737, -3.888134317669979, 6.560783539922284, 2.5829119026235605, 6.71592901371441, 4.371872697127568, 1.6141699323704235, 3.2729295046470246, -2.2338573386918705, 4.409369934430795, -3.1792051417427447, 1.185785180016785, 1.391646661979096, 0.39707177197912746], Energy: -40.2450942215782
Eval count: 496, θ = [0.8732184375898526, -6.3741152691435925, -6.8815925666556765, 0.03833087317879083, 5.126290851038835, 6.125916768686007, 3.784522082516951, -4.379436315882938, -2.9356623440230116, -3.017985839022516, -0.489542370565402, -3.0589972460129737, -3.888134317669979, 6.560783539922284, 2.5829119026235605, 6.71592901371441, 4.371872682226407, 1.6141699472715847, 3.2729295046470246, -2.2338573386918705, 4.409369934430795, -3.1792051417427447, 1.185785180016785, 1.391646661979096, 0.39707177197912746], Energy: -40.245094222961995
Eval count: 497, θ = [0.8732184375898526, -6.3741152691435925, -6.8815925666556765, 0.03833087317879083, 5.126290851038835, 6.125916768686007, 3.784522082516951, -4.379436315882938, -2.9356623440230116, -3.017985839022516, -0.489542370565402, -3.0589972460129737, -3.888134317669979, 6.560783539922284, 2.5829119026235605, 6.71592901371441, 4.371872682226407, 1.6141699323704235, 3.272929519548186, -2.2338573386918705, 4.409369934430795, -3.1792051417427447, 1.185785180016785, 1.391646661979096, 0.39707177197912746], Energy: -40.2450942256781
Eval count: 498, θ = [0.8732184375898526, -6.3741152691435925, -6.8815925666556765, 0.03833087317879083, 5.126290851038835, 6.125916768686007, 3.784522082516951, -4.379436315882938, -2.9356623440230116, -3.017985839022516, -0.489542370565402, -3.0589972460129737, -3.888134317669979, 6.560783539922284, 2.5829119026235605, 6.71592901371441, 4.371872682226407, 1.6141699323704235, 3.2729295046470246, -2.2338573237907093, 4.409369934430795, -3.1792051417427447, 1.185785180016785, 1.391646661979096, 0.39707177197912746], Energy: -40.245094223806184
Eval count: 499, θ = [0.8732184375898526, -6.3741152691435925, -6.8815925666556765, 0.03833087317879083, 5.126290851038835, 6.125916768686007, 3.784522082516951, -4.379436315882938, -2.9356623440230116, -3.017985839022516, -0.489542370565402, -3.0589972460129737, -3.888134317669979, 6.560783539922284, 2.5829119026235605, 6.71592901371441, 4.371872682226407, 1.6141699323704235, 3.2729295046470246, -2.2338573386918705, 4.409369949331956, -3.1792051417427447, 1.185785180016785, 1.391646661979096, 0.39707177197912746], Energy: -40.24509423081743
Eval count: 500, θ = [0.8732184375898526, -6.3741152691435925, -6.8815925666556765, 0.03833087317879083, 5.126290851038835, 6.125916768686007, 3.784522082516951, -4.379436315882938, -2.9356623440230116, -3.017985839022516, -0.489542370565402, -3.0589972460129737, -3.888134317669979, 6.560783539922284, 2.5829119026235605, 6.71592901371441, 4.371872682226407, 1.6141699323704235, 3.2729295046470246, -2.2338573386918705, 4.409369934430795, -3.1792051268415835, 1.185785180016785, 1.391646661979096, 0.39707177197912746], Energy: -40.24509421720809
Eval count: 501, θ = [0.8732184375898526, -6.3741152691435925, -6.8815925666556765, 0.03833087317879083, 5.126290851038835, 6.125916768686007, 3.784522082516951, -4.379436315882938, -2.9356623440230116, -3.017985839022516, -0.489542370565402, -3.0589972460129737, -3.888134317669979, 6.560783539922284, 2.5829119026235605, 6.71592901371441, 4.371872682226407, 1.6141699323704235, 3.2729295046470246, -2.2338573386918705, 4.409369934430795, -3.1792051417427447, 1.185785194917946, 1.391646661979096, 0.39707177197912746], Energy: -40.24509422368622
Eval count: 502, θ = [0.8732184375898526, -6.3741152691435925, -6.8815925666556765, 0.03833087317879083, 5.126290851038835, 6.125916768686007, 3.784522082516951, -4.379436315882938, -2.9356623440230116, -3.017985839022516, -0.489542370565402, -3.0589972460129737, -3.888134317669979, 6.560783539922284, 2.5829119026235605, 6.71592901371441, 4.371872682226407, 1.6141699323704235, 3.2729295046470246, -2.2338573386918705, 4.409369934430795, -3.1792051417427447, 1.185785180016785, 1.3916466768802571, 0.39707177197912746], Energy: -40.24509422365715
Eval count: 503, θ = [0.8732184375898526, -6.3741152691435925, -6.8815925666556765, 0.03833087317879083, 5.126290851038835, 6.125916768686007, 3.784522082516951, -4.379436315882938, -2.9356623440230116, -3.017985839022516, -0.489542370565402, -3.0589972460129737, -3.888134317669979, 6.560783539922284, 2.5829119026235605, 6.71592901371441, 4.371872682226407, 1.6141699323704235, 3.2729295046470246, -2.2338573386918705, 4.409369934430795, -3.1792051417427447, 1.185785180016785, 1.391646661979096, 0.39707178688028866], Energy: -40.24509422414985
Eval count: 504, θ = [0.8814820902065424, -6.383027526175391, -6.941985685315804, 0.2383039531454211, 5.112703341701055, 6.055531108004679, 3.9580570432915625, -3.9437237735219117, -2.8629401890441706, -2.776568574471499, -0.47156968103421787, -3.3840218664581343, -4.539956361355343, 6.759357187391753, 2.3345043604911315, 6.891124391979559, 4.059666292636071, 1.5639079991079134, 3.3904411795618894, -2.329920213070597, 4.4069441837385925, -3.7595163370052775, 1.0846487194710057, 1.2862295985859817, 0.38212505151813203], Energy: -36.38769739153757
Eval count: 505, θ = [0.8748701478669365, -6.375896620225764, -6.893663734138517, 0.07830080011568849, 5.123575026710999, 6.111848326497152, 3.8192076497158762, -4.292347601309125, -2.921126891442679, -2.969732191946519, -0.48595005160156524, -3.1239620419447753, -4.018418251218989, 6.600473753136344, 2.5332610630642343, 6.750946459413145, 4.309469949902432, 1.6041237511517066, 3.2964173314153244, -2.253058053462613, 4.408885083780144, -3.295195734472415, 1.165570374407221, 1.370576264291426, 0.3940842732374373], Energy: -40.50372755040719
Eval count: 506, θ = [0.8748701627680977, -6.375896620225764, -6.893663734138517, 0.07830080011568849, 5.123575026710999, 6.111848326497152, 3.8192076497158762, -4.292347601309125, -2.921126891442679, -2.969732191946519, -0.48595005160156524, -3.1239620419447753, -4.018418251218989, 6.600473753136344, 2.5332610630642343, 6.750946459413145, 4.309469949902432, 1.6041237511517066, 3.2964173314153244, -2.253058053462613, 4.408885083780144, -3.295195734472415, 1.165570374407221, 1.370576264291426, 0.3940842732374373], Energy: -40.50372755511817
Eval count: 507, θ = [0.8748701478669365, -6.375896605324603, -6.893663734138517, 0.07830080011568849, 5.123575026710999, 6.111848326497152, 3.8192076497158762, -4.292347601309125, -2.921126891442679, -2.969732191946519, -0.48595005160156524, -3.1239620419447753, -4.018418251218989, 6.600473753136344, 2.5332610630642343, 6.750946459413145, 4.309469949902432, 1.6041237511517066, 3.2964173314153244, -2.253058053462613, 4.408885083780144, -3.295195734472415, 1.165570374407221, 1.370576264291426, 0.3940842732374373], Energy: -40.503727566897005
Eval count: 508, θ = [0.8748701478669365, -6.375896620225764, -6.893663719237356, 0.07830080011568849, 5.123575026710999, 6.111848326497152, 3.8192076497158762, -4.292347601309125, -2.921126891442679, -2.969732191946519, -0.48595005160156524, -3.1239620419447753, -4.018418251218989, 6.600473753136344, 2.5332610630642343, 6.750946459413145, 4.309469949902432, 1.6041237511517066, 3.2964173314153244, -2.253058053462613, 4.408885083780144, -3.295195734472415, 1.165570374407221, 1.370576264291426, 0.3940842732374373], Energy: -40.50372755302579
Eval count: 509, θ = [0.8748701478669365, -6.375896620225764, -6.893663734138517, 0.07830081501684968, 5.123575026710999, 6.111848326497152, 3.8192076497158762, -4.292347601309125, -2.921126891442679, -2.969732191946519, -0.48595005160156524, -3.1239620419447753, -4.018418251218989, 6.600473753136344, 2.5332610630642343, 6.750946459413145, 4.309469949902432, 1.6041237511517066, 3.2964173314153244, -2.253058053462613, 4.408885083780144, -3.295195734472415, 1.165570374407221, 1.370576264291426, 0.3940842732374373], Energy: -40.503727553755
Eval count: 510, θ = [0.8748701478669365, -6.375896620225764, -6.893663734138517, 0.07830080011568849, 5.123575041612161, 6.111848326497152, 3.8192076497158762, -4.292347601309125, -2.921126891442679, -2.969732191946519, -0.48595005160156524, -3.1239620419447753, -4.018418251218989, 6.600473753136344, 2.5332610630642343, 6.750946459413145, 4.309469949902432, 1.6041237511517066, 3.2964173314153244, -2.253058053462613, 4.408885083780144, -3.295195734472415, 1.165570374407221, 1.370576264291426, 0.3940842732374373], Energy: -40.503727416541956
Eval count: 511, θ = [0.8748701478669365, -6.375896620225764, -6.893663734138517, 0.07830080011568849, 5.123575026710999, 6.111848341398313, 3.8192076497158762, -4.292347601309125, -2.921126891442679, -2.969732191946519, -0.48595005160156524, -3.1239620419447753, -4.018418251218989, 6.600473753136344, 2.5332610630642343, 6.750946459413145, 4.309469949902432, 1.6041237511517066, 3.2964173314153244, -2.253058053462613, 4.408885083780144, -3.295195734472415, 1.165570374407221, 1.370576264291426, 0.3940842732374373], Energy: -40.50372755340971
Eval count: 512, θ = [0.8748701478669365, -6.375896620225764, -6.893663734138517, 0.07830080011568849, 5.123575026710999, 6.111848326497152, 3.8192076646170374, -4.292347601309125, -2.921126891442679, -2.969732191946519, -0.48595005160156524, -3.1239620419447753, -4.018418251218989, 6.600473753136344, 2.5332610630642343, 6.750946459413145, 4.309469949902432, 1.6041237511517066, 3.2964173314153244, -2.253058053462613, 4.408885083780144, -3.295195734472415, 1.165570374407221, 1.370576264291426, 0.3940842732374373], Energy: -40.50372755644558
Eval count: 513, θ = [0.8748701478669365, -6.375896620225764, -6.893663734138517, 0.07830080011568849, 5.123575026710999, 6.111848326497152, 3.8192076497158762, -4.292347586407963, -2.921126891442679, -2.969732191946519, -0.48595005160156524, -3.1239620419447753, -4.018418251218989, 6.600473753136344, 2.5332610630642343, 6.750946459413145, 4.309469949902432, 1.6041237511517066, 3.2964173314153244, -2.253058053462613, 4.408885083780144, -3.295195734472415, 1.165570374407221, 1.370576264291426, 0.3940842732374373], Energy: -40.503727546282185
Eval count: 514, θ = [0.8748701478669365, -6.375896620225764, -6.893663734138517, 0.07830080011568849, 5.123575026710999, 6.111848326497152, 3.8192076497158762, -4.292347601309125, -2.9211268765415177, -2.969732191946519, -0.48595005160156524, -3.1239620419447753, -4.018418251218989, 6.600473753136344, 2.5332610630642343, 6.750946459413145, 4.309469949902432, 1.6041237511517066, 3.2964173314153244, -2.253058053462613, 4.408885083780144, -3.295195734472415, 1.165570374407221, 1.370576264291426, 0.3940842732374373], Energy: -40.50372759199985
Eval count: 515, θ = [0.8748701478669365, -6.375896620225764, -6.893663734138517, 0.07830080011568849, 5.123575026710999, 6.111848326497152, 3.8192076497158762, -4.292347601309125, -2.921126891442679, -2.969732177045358, -0.48595005160156524, -3.1239620419447753, -4.018418251218989, 6.600473753136344, 2.5332610630642343, 6.750946459413145, 4.309469949902432, 1.6041237511517066, 3.2964173314153244, -2.253058053462613, 4.408885083780144, -3.295195734472415, 1.165570374407221, 1.370576264291426, 0.3940842732374373], Energy: -40.50372754746122
Eval count: 516, θ = [0.8748701478669365, -6.375896620225764, -6.893663734138517, 0.07830080011568849, 5.123575026710999, 6.111848326497152, 3.8192076497158762, -4.292347601309125, -2.921126891442679, -2.969732191946519, -0.48595003670040404, -3.1239620419447753, -4.018418251218989, 6.600473753136344, 2.5332610630642343, 6.750946459413145, 4.309469949902432, 1.6041237511517066, 3.2964173314153244, -2.253058053462613, 4.408885083780144, -3.295195734472415, 1.165570374407221, 1.370576264291426, 0.3940842732374373], Energy: -40.503727553086996
Eval count: 517, θ = [0.8748701478669365, -6.375896620225764, -6.893663734138517, 0.07830080011568849, 5.123575026710999, 6.111848326497152, 3.8192076497158762, -4.292347601309125, -2.921126891442679, -2.969732191946519, -0.48595005160156524, -3.123962027043614, -4.018418251218989, 6.600473753136344, 2.5332610630642343, 6.750946459413145, 4.309469949902432, 1.6041237511517066, 3.2964173314153244, -2.253058053462613, 4.408885083780144, -3.295195734472415, 1.165570374407221, 1.370576264291426, 0.3940842732374373], Energy: -40.50372754956642
Eval count: 518, θ = [0.8748701478669365, -6.375896620225764, -6.893663734138517, 0.07830080011568849, 5.123575026710999, 6.111848326497152, 3.8192076497158762, -4.292347601309125, -2.921126891442679, -2.969732191946519, -0.48595005160156524, -3.1239620419447753, -4.018418236317828, 6.600473753136344, 2.5332610630642343, 6.750946459413145, 4.309469949902432, 1.6041237511517066, 3.2964173314153244, -2.253058053462613, 4.408885083780144, -3.295195734472415, 1.165570374407221, 1.370576264291426, 0.3940842732374373], Energy: -40.5037275616488
Eval count: 519, θ = [0.8748701478669365, -6.375896620225764, -6.893663734138517, 0.07830080011568849, 5.123575026710999, 6.111848326497152, 3.8192076497158762, -4.292347601309125, -2.921126891442679, -2.969732191946519, -0.48595005160156524, -3.1239620419447753, -4.018418251218989, 6.600473768037506, 2.5332610630642343, 6.750946459413145, 4.309469949902432, 1.6041237511517066, 3.2964173314153244, -2.253058053462613, 4.408885083780144, -3.295195734472415, 1.165570374407221, 1.370576264291426, 0.3940842732374373], Energy: -40.50372755356076
Eval count: 520, θ = [0.8748701478669365, -6.375896620225764, -6.893663734138517, 0.07830080011568849, 5.123575026710999, 6.111848326497152, 3.8192076497158762, -4.292347601309125, -2.921126891442679, -2.969732191946519, -0.48595005160156524, -3.1239620419447753, -4.018418251218989, 6.600473753136344, 2.5332610779653955, 6.750946459413145, 4.309469949902432, 1.6041237511517066, 3.2964173314153244, -2.253058053462613, 4.408885083780144, -3.295195734472415, 1.165570374407221, 1.370576264291426, 0.3940842732374373], Energy: -40.503727555288236
Eval count: 521, θ = [0.8748701478669365, -6.375896620225764, -6.893663734138517, 0.07830080011568849, 5.123575026710999, 6.111848326497152, 3.8192076497158762, -4.292347601309125, -2.921126891442679, -2.969732191946519, -0.48595005160156524, -3.1239620419447753, -4.018418251218989, 6.600473753136344, 2.5332610630642343, 6.750946474314306, 4.309469949902432, 1.6041237511517066, 3.2964173314153244, -2.253058053462613, 4.408885083780144, -3.295195734472415, 1.165570374407221, 1.370576264291426, 0.3940842732374373], Energy: -40.50372755123321
Eval count: 522, θ = [0.8748701478669365, -6.375896620225764, -6.893663734138517, 0.07830080011568849, 5.123575026710999, 6.111848326497152, 3.8192076497158762, -4.292347601309125, -2.921126891442679, -2.969732191946519, -0.48595005160156524, -3.1239620419447753, -4.018418251218989, 6.600473753136344, 2.5332610630642343, 6.750946459413145, 4.3094699648035935, 1.6041237511517066, 3.2964173314153244, -2.253058053462613, 4.408885083780144, -3.295195734472415, 1.165570374407221, 1.370576264291426, 0.3940842732374373], Energy: -40.503727554775764
Eval count: 523, θ = [0.8748701478669365, -6.375896620225764, -6.893663734138517, 0.07830080011568849, 5.123575026710999, 6.111848326497152, 3.8192076497158762, -4.292347601309125, -2.921126891442679, -2.969732191946519, -0.48595005160156524, -3.1239620419447753, -4.018418251218989, 6.600473753136344, 2.5332610630642343, 6.750946459413145, 4.309469949902432, 1.6041237660528678, 3.2964173314153244, -2.253058053462613, 4.408885083780144, -3.295195734472415, 1.165570374407221, 1.370576264291426, 0.3940842732374373], Energy: -40.50372755203218
Eval count: 524, θ = [0.8748701478669365, -6.375896620225764, -6.893663734138517, 0.07830080011568849, 5.123575026710999, 6.111848326497152, 3.8192076497158762, -4.292347601309125, -2.921126891442679, -2.969732191946519, -0.48595005160156524, -3.1239620419447753, -4.018418251218989, 6.600473753136344, 2.5332610630642343, 6.750946459413145, 4.309469949902432, 1.6041237511517066, 3.2964173463164856, -2.253058053462613, 4.408885083780144, -3.295195734472415, 1.165570374407221, 1.370576264291426, 0.3940842732374373], Energy: -40.503727551834714
Eval count: 525, θ = [0.8748701478669365, -6.375896620225764, -6.893663734138517, 0.07830080011568849, 5.123575026710999, 6.111848326497152, 3.8192076497158762, -4.292347601309125, -2.921126891442679, -2.969732191946519, -0.48595005160156524, -3.1239620419447753, -4.018418251218989, 6.600473753136344, 2.5332610630642343, 6.750946459413145, 4.309469949902432, 1.6041237511517066, 3.2964173314153244, -2.2530580385614516, 4.408885083780144, -3.295195734472415, 1.165570374407221, 1.370576264291426, 0.3940842732374373], Energy: -40.50372754989641
Eval count: 526, θ = [0.8748701478669365, -6.375896620225764, -6.893663734138517, 0.07830080011568849, 5.123575026710999, 6.111848326497152, 3.8192076497158762, -4.292347601309125, -2.921126891442679, -2.969732191946519, -0.48595005160156524, -3.1239620419447753, -4.018418251218989, 6.600473753136344, 2.5332610630642343, 6.750946459413145, 4.309469949902432, 1.6041237511517066, 3.2964173314153244, -2.253058053462613, 4.4088850986813055, -3.295195734472415, 1.165570374407221, 1.370576264291426, 0.3940842732374373], Energy: -40.50372755467289
Eval count: 527, θ = [0.8748701478669365, -6.375896620225764, -6.893663734138517, 0.07830080011568849, 5.123575026710999, 6.111848326497152, 3.8192076497158762, -4.292347601309125, -2.921126891442679, -2.969732191946519, -0.48595005160156524, -3.1239620419447753, -4.018418251218989, 6.600473753136344, 2.5332610630642343, 6.750946459413145, 4.309469949902432, 1.6041237511517066, 3.2964173314153244, -2.253058053462613, 4.408885083780144, -3.295195719571254, 1.165570374407221, 1.370576264291426, 0.3940842732374373], Energy: -40.50372754554693
Eval count: 528, θ = [0.8748701478669365, -6.375896620225764, -6.893663734138517, 0.07830080011568849, 5.123575026710999, 6.111848326497152, 3.8192076497158762, -4.292347601309125, -2.921126891442679, -2.969732191946519, -0.48595005160156524, -3.1239620419447753, -4.018418251218989, 6.600473753136344, 2.5332610630642343, 6.750946459413145, 4.309469949902432, 1.6041237511517066, 3.2964173314153244, -2.253058053462613, 4.408885083780144, -3.295195734472415, 1.1655703893083822, 1.370576264291426, 0.3940842732374373], Energy: -40.50372754727723
Eval count: 529, θ = [0.8748701478669365, -6.375896620225764, -6.893663734138517, 0.07830080011568849, 5.123575026710999, 6.111848326497152, 3.8192076497158762, -4.292347601309125, -2.921126891442679, -2.969732191946519, -0.48595005160156524, -3.1239620419447753, -4.018418251218989, 6.600473753136344, 2.5332610630642343, 6.750946459413145, 4.309469949902432, 1.6041237511517066, 3.2964173314153244, -2.253058053462613, 4.408885083780144, -3.295195734472415, 1.165570374407221, 1.3705762791925873, 0.3940842732374373], Energy: -40.503727546897274
Eval count: 530, θ = [0.8748701478669365, -6.375896620225764, -6.893663734138517, 0.07830080011568849, 5.123575026710999, 6.111848326497152, 3.8192076497158762, -4.292347601309125, -2.921126891442679, -2.969732191946519, -0.48595005160156524, -3.1239620419447753, -4.018418251218989, 6.600473753136344, 2.5332610630642343, 6.750946459413145, 4.309469949902432, 1.6041237511517066, 3.2964173314153244, -2.253058053462613, 4.408885083780144, -3.295195734472415, 1.165570374407221, 1.370576264291426, 0.39408428813859847], Energy: -40.50372754949087
Eval count: 531, θ = [0.9132019767890821, -6.388178441864569, -6.957043975915143, 0.36029945170832933, 5.0771199243742045, 6.082028052683452, 4.215137954414836, -4.0575955435742985, -2.8742634162843483, -2.838665968475018, -0.573861851707771, -3.350366910148072, -3.689798016344448, 6.763387829079883, 2.7084240926130447, 6.912922661951038, 4.425661637040681, 1.8953883429946798, 3.454398007232966, -2.3103743872060893, 4.335643733674898, -3.9014882550845513, 0.9092587822967286, 1.0869946706530347, 0.3272533210262727], Energy: -38.14479857916943
Eval count: 532, θ = [0.8819846673753557, -6.378176168635147, -6.905427325369293, 0.13064072139047672, 5.1149527996705935, 6.1063135809407925, 3.892693678323494, -4.248776810627883, -2.912428868999674, -2.9454058493220456, -0.5022667845742126, -3.1659835654913033, -3.957425203466825, 6.630711166901561, 2.5657719248185726, 6.78100980064312, 4.3310355273378365, 1.6581834628598897, 3.3257390891206686, -2.2636961624711147, 4.395291236870176, -3.4077257150915146, 1.1179980598691437, 1.317942543519409, 0.3816802182616553], Energy: -40.64830091858776
Eval count: 533, θ = [0.8819846822765169, -6.378176168635147, -6.905427325369293, 0.13064072139047672, 5.1149527996705935, 6.1063135809407925, 3.892693678323494, -4.248776810627883, -2.912428868999674, -2.9454058493220456, -0.5022667845742126, -3.1659835654913033, -3.957425203466825, 6.630711166901561, 2.5657719248185726, 6.78100980064312, 4.3310355273378365, 1.6581834628598897, 3.3257390891206686, -2.2636961624711147, 4.395291236870176, -3.4077257150915146, 1.1179980598691437, 1.317942543519409, 0.3816802182616553], Energy: -40.64830091660907
Eval count: 534, θ = [0.8819846673753557, -6.378176153733985, -6.905427325369293, 0.13064072139047672, 5.1149527996705935, 6.1063135809407925, 3.892693678323494, -4.248776810627883, -2.912428868999674, -2.9454058493220456, -0.5022667845742126, -3.1659835654913033, -3.957425203466825, 6.630711166901561, 2.5657719248185726, 6.78100980064312, 4.3310355273378365, 1.6581834628598897, 3.3257390891206686, -2.2636961624711147, 4.395291236870176, -3.4077257150915146, 1.1179980598691437, 1.317942543519409, 0.3816802182616553], Energy: -40.648300939523494
Eval count: 535, θ = [0.8819846673753557, -6.378176168635147, -6.905427310468132, 0.13064072139047672, 5.1149527996705935, 6.1063135809407925, 3.892693678323494, -4.248776810627883, -2.912428868999674, -2.9454058493220456, -0.5022667845742126, -3.1659835654913033, -3.957425203466825, 6.630711166901561, 2.5657719248185726, 6.78100980064312, 4.3310355273378365, 1.6581834628598897, 3.3257390891206686, -2.2636961624711147, 4.395291236870176, -3.4077257150915146, 1.1179980598691437, 1.317942543519409, 0.3816802182616553], Energy: -40.648300923041184
Eval count: 536, θ = [0.8819846673753557, -6.378176168635147, -6.905427325369293, 0.13064073629163792, 5.1149527996705935, 6.1063135809407925, 3.892693678323494, -4.248776810627883, -2.912428868999674, -2.9454058493220456, -0.5022667845742126, -3.1659835654913033, -3.957425203466825, 6.630711166901561, 2.5657719248185726, 6.78100980064312, 4.3310355273378365, 1.6581834628598897, 3.3257390891206686, -2.2636961624711147, 4.395291236870176, -3.4077257150915146, 1.1179980598691437, 1.317942543519409, 0.3816802182616553], Energy: -40.64830091975582
Eval count: 537, θ = [0.8819846673753557, -6.378176168635147, -6.905427325369293, 0.13064072139047672, 5.114952814571755, 6.1063135809407925, 3.892693678323494, -4.248776810627883, -2.912428868999674, -2.9454058493220456, -0.5022667845742126, -3.1659835654913033, -3.957425203466825, 6.630711166901561, 2.5657719248185726, 6.78100980064312, 4.3310355273378365, 1.6581834628598897, 3.3257390891206686, -2.2636961624711147, 4.395291236870176, -3.4077257150915146, 1.1179980598691437, 1.317942543519409, 0.3816802182616553], Energy: -40.64830085812044
Eval count: 538, θ = [0.8819846673753557, -6.378176168635147, -6.905427325369293, 0.13064072139047672, 5.1149527996705935, 6.106313595841954, 3.892693678323494, -4.248776810627883, -2.912428868999674, -2.9454058493220456, -0.5022667845742126, -3.1659835654913033, -3.957425203466825, 6.630711166901561, 2.5657719248185726, 6.78100980064312, 4.3310355273378365, 1.6581834628598897, 3.3257390891206686, -2.2636961624711147, 4.395291236870176, -3.4077257150915146, 1.1179980598691437, 1.317942543519409, 0.3816802182616553], Energy: -40.648300946372466
Eval count: 539, θ = [0.8819846673753557, -6.378176168635147, -6.905427325369293, 0.13064072139047672, 5.1149527996705935, 6.1063135809407925, 3.8926936932246554, -4.248776810627883, -2.912428868999674, -2.9454058493220456, -0.5022667845742126, -3.1659835654913033, -3.957425203466825, 6.630711166901561, 2.5657719248185726, 6.78100980064312, 4.3310355273378365, 1.6581834628598897, 3.3257390891206686, -2.2636961624711147, 4.395291236870176, -3.4077257150915146, 1.1179980598691437, 1.317942543519409, 0.3816802182616553], Energy: -40.64830091654741
Eval count: 540, θ = [0.8819846673753557, -6.378176168635147, -6.905427325369293, 0.13064072139047672, 5.1149527996705935, 6.1063135809407925, 3.892693678323494, -4.248776795726722, -2.912428868999674, -2.9454058493220456, -0.5022667845742126, -3.1659835654913033, -3.957425203466825, 6.630711166901561, 2.5657719248185726, 6.78100980064312, 4.3310355273378365, 1.6581834628598897, 3.3257390891206686, -2.2636961624711147, 4.395291236870176, -3.4077257150915146, 1.1179980598691437, 1.317942543519409, 0.3816802182616553], Energy: -40.64830090848876
Eval count: 541, θ = [0.8819846673753557, -6.378176168635147, -6.905427325369293, 0.13064072139047672, 5.1149527996705935, 6.1063135809407925, 3.892693678323494, -4.248776810627883, -2.9124288540985126, -2.9454058493220456, -0.5022667845742126, -3.1659835654913033, -3.957425203466825, 6.630711166901561, 2.5657719248185726, 6.78100980064312, 4.3310355273378365, 1.6581834628598897, 3.3257390891206686, -2.2636961624711147, 4.395291236870176, -3.4077257150915146, 1.1179980598691437, 1.317942543519409, 0.3816802182616553], Energy: -40.64830095291915
Eval count: 542, θ = [0.8819846673753557, -6.378176168635147, -6.905427325369293, 0.13064072139047672, 5.1149527996705935, 6.1063135809407925, 3.892693678323494, -4.248776810627883, -2.912428868999674, -2.9454058344208844, -0.5022667845742126, -3.1659835654913033, -3.957425203466825, 6.630711166901561, 2.5657719248185726, 6.78100980064312, 4.3310355273378365, 1.6581834628598897, 3.3257390891206686, -2.2636961624711147, 4.395291236870176, -3.4077257150915146, 1.1179980598691437, 1.317942543519409, 0.3816802182616553], Energy: -40.6483009043606
Eval count: 543, θ = [0.8819846673753557, -6.378176168635147, -6.905427325369293, 0.13064072139047672, 5.1149527996705935, 6.1063135809407925, 3.892693678323494, -4.248776810627883, -2.912428868999674, -2.9454058493220456, -0.5022667696730514, -3.1659835654913033, -3.957425203466825, 6.630711166901561, 2.5657719248185726, 6.78100980064312, 4.3310355273378365, 1.6581834628598897, 3.3257390891206686, -2.2636961624711147, 4.395291236870176, -3.4077257150915146, 1.1179980598691437, 1.317942543519409, 0.3816802182616553], Energy: -40.64830092369241
Eval count: 544, θ = [0.8819846673753557, -6.378176168635147, -6.905427325369293, 0.13064072139047672, 5.1149527996705935, 6.1063135809407925, 3.892693678323494, -4.248776810627883, -2.912428868999674, -2.9454058493220456, -0.5022667845742126, -3.165983550590142, -3.957425203466825, 6.630711166901561, 2.5657719248185726, 6.78100980064312, 4.3310355273378365, 1.6581834628598897, 3.3257390891206686, -2.2636961624711147, 4.395291236870176, -3.4077257150915146, 1.1179980598691437, 1.317942543519409, 0.3816802182616553], Energy: -40.64830091634273
Eval count: 545, θ = [0.8819846673753557, -6.378176168635147, -6.905427325369293, 0.13064072139047672, 5.1149527996705935, 6.1063135809407925, 3.892693678323494, -4.248776810627883, -2.912428868999674, -2.9454058493220456, -0.5022667845742126, -3.1659835654913033, -3.9574251885656637, 6.630711166901561, 2.5657719248185726, 6.78100980064312, 4.3310355273378365, 1.6581834628598897, 3.3257390891206686, -2.2636961624711147, 4.395291236870176, -3.4077257150915146, 1.1179980598691437, 1.317942543519409, 0.3816802182616553], Energy: -40.64830091883197
Eval count: 546, θ = [0.8819846673753557, -6.378176168635147, -6.905427325369293, 0.13064072139047672, 5.1149527996705935, 6.1063135809407925, 3.892693678323494, -4.248776810627883, -2.912428868999674, -2.9454058493220456, -0.5022667845742126, -3.1659835654913033, -3.957425203466825, 6.630711181802722, 2.5657719248185726, 6.78100980064312, 4.3310355273378365, 1.6581834628598897, 3.3257390891206686, -2.2636961624711147, 4.395291236870176, -3.4077257150915146, 1.1179980598691437, 1.317942543519409, 0.3816802182616553], Energy: -40.64830091685116
Eval count: 547, θ = [0.8819846673753557, -6.378176168635147, -6.905427325369293, 0.13064072139047672, 5.1149527996705935, 6.1063135809407925, 3.892693678323494, -4.248776810627883, -2.912428868999674, -2.9454058493220456, -0.5022667845742126, -3.1659835654913033, -3.957425203466825, 6.630711166901561, 2.565771939719734, 6.78100980064312, 4.3310355273378365, 1.6581834628598897, 3.3257390891206686, -2.2636961624711147, 4.395291236870176, -3.4077257150915146, 1.1179980598691437, 1.317942543519409, 0.3816802182616553], Energy: -40.64830091672376
Eval count: 548, θ = [0.8819846673753557, -6.378176168635147, -6.905427325369293, 0.13064072139047672, 5.1149527996705935, 6.1063135809407925, 3.892693678323494, -4.248776810627883, -2.912428868999674, -2.9454058493220456, -0.5022667845742126, -3.1659835654913033, -3.957425203466825, 6.630711166901561, 2.5657719248185726, 6.781009815544281, 4.3310355273378365, 1.6581834628598897, 3.3257390891206686, -2.2636961624711147, 4.395291236870176, -3.4077257150915146, 1.1179980598691437, 1.317942543519409, 0.3816802182616553], Energy: -40.648300918701686
Eval count: 549, θ = [0.8819846673753557, -6.378176168635147, -6.905427325369293, 0.13064072139047672, 5.1149527996705935, 6.1063135809407925, 3.892693678323494, -4.248776810627883, -2.912428868999674, -2.9454058493220456, -0.5022667845742126, -3.1659835654913033, -3.957425203466825, 6.630711166901561, 2.5657719248185726, 6.78100980064312, 4.331035542238998, 1.6581834628598897, 3.3257390891206686, -2.2636961624711147, 4.395291236870176, -3.4077257150915146, 1.1179980598691437, 1.317942543519409, 0.3816802182616553], Energy: -40.64830091520949
Eval count: 550, θ = [0.8819846673753557, -6.378176168635147, -6.905427325369293, 0.13064072139047672, 5.1149527996705935, 6.1063135809407925, 3.892693678323494, -4.248776810627883, -2.912428868999674, -2.9454058493220456, -0.5022667845742126, -3.1659835654913033, -3.957425203466825, 6.630711166901561, 2.5657719248185726, 6.78100980064312, 4.3310355273378365, 1.658183477761051, 3.3257390891206686, -2.2636961624711147, 4.395291236870176, -3.4077257150915146, 1.1179980598691437, 1.317942543519409, 0.3816802182616553], Energy: -40.64830092015867
Eval count: 551, θ = [0.8819846673753557, -6.378176168635147, -6.905427325369293, 0.13064072139047672, 5.1149527996705935, 6.1063135809407925, 3.892693678323494, -4.248776810627883, -2.912428868999674, -2.9454058493220456, -0.5022667845742126, -3.1659835654913033, -3.957425203466825, 6.630711166901561, 2.5657719248185726, 6.78100980064312, 4.3310355273378365, 1.6581834628598897, 3.32573910402183, -2.2636961624711147, 4.395291236870176, -3.4077257150915146, 1.1179980598691437, 1.317942543519409, 0.3816802182616553], Energy: -40.64830092213777
Eval count: 552, θ = [0.8819846673753557, -6.378176168635147, -6.905427325369293, 0.13064072139047672, 5.1149527996705935, 6.1063135809407925, 3.892693678323494, -4.248776810627883, -2.912428868999674, -2.9454058493220456, -0.5022667845742126, -3.1659835654913033, -3.957425203466825, 6.630711166901561, 2.5657719248185726, 6.78100980064312, 4.3310355273378365, 1.6581834628598897, 3.3257390891206686, -2.2636961475699535, 4.395291236870176, -3.4077257150915146, 1.1179980598691437, 1.317942543519409, 0.3816802182616553], Energy: -40.64830091722181
Eval count: 553, θ = [0.8819846673753557, -6.378176168635147, -6.905427325369293, 0.13064072139047672, 5.1149527996705935, 6.1063135809407925, 3.892693678323494, -4.248776810627883, -2.912428868999674, -2.9454058493220456, -0.5022667845742126, -3.1659835654913033, -3.957425203466825, 6.630711166901561, 2.5657719248185726, 6.78100980064312, 4.3310355273378365, 1.6581834628598897, 3.3257390891206686, -2.2636961624711147, 4.395291251771337, -3.4077257150915146, 1.1179980598691437, 1.317942543519409, 0.3816802182616553], Energy: -40.64830092434682
Eval count: 554, θ = [0.8819846673753557, -6.378176168635147, -6.905427325369293, 0.13064072139047672, 5.1149527996705935, 6.1063135809407925, 3.892693678323494, -4.248776810627883, -2.912428868999674, -2.9454058493220456, -0.5022667845742126, -3.1659835654913033, -3.957425203466825, 6.630711166901561, 2.5657719248185726, 6.78100980064312, 4.3310355273378365, 1.6581834628598897, 3.3257390891206686, -2.2636961624711147, 4.395291236870176, -3.4077257001903534, 1.1179980598691437, 1.317942543519409, 0.3816802182616553], Energy: -40.64830091827332
Eval count: 555, θ = [0.8819846673753557, -6.378176168635147, -6.905427325369293, 0.13064072139047672, 5.1149527996705935, 6.1063135809407925, 3.892693678323494, -4.248776810627883, -2.912428868999674, -2.9454058493220456, -0.5022667845742126, -3.1659835654913033, -3.957425203466825, 6.630711166901561, 2.5657719248185726, 6.78100980064312, 4.3310355273378365, 1.6581834628598897, 3.3257390891206686, -2.2636961624711147, 4.395291236870176, -3.4077257150915146, 1.1179980747703049, 1.317942543519409, 0.3816802182616553], Energy: -40.64830091241725
Eval count: 556, θ = [0.8819846673753557, -6.378176168635147, -6.905427325369293, 0.13064072139047672, 5.1149527996705935, 6.1063135809407925, 3.892693678323494, -4.248776810627883, -2.912428868999674, -2.9454058493220456, -0.5022667845742126, -3.1659835654913033, -3.957425203466825, 6.630711166901561, 2.5657719248185726, 6.78100980064312, 4.3310355273378365, 1.6581834628598897, 3.3257390891206686, -2.2636961624711147, 4.395291236870176, -3.4077257150915146, 1.1179980598691437, 1.3179425584205702, 0.3816802182616553], Energy: -40.64830091210784
Eval count: 557, θ = [0.8819846673753557, -6.378176168635147, -6.905427325369293, 0.13064072139047672, 5.1149527996705935, 6.1063135809407925, 3.892693678323494, -4.248776810627883, -2.912428868999674, -2.9454058493220456, -0.5022667845742126, -3.1659835654913033, -3.957425203466825, 6.630711166901561, 2.5657719248185726, 6.78100980064312, 4.3310355273378365, 1.6581834628598897, 3.3257390891206686, -2.2636961624711147, 4.395291236870176, -3.4077257150915146, 1.1179980598691437, 1.317942543519409, 0.3816802331628165], Energy: -40.648300916545566
Eval count: 558, θ = [0.881381140626453, -6.371632297860319, -6.900047019069969, 0.24898885130350554, 5.0808341674950235, 6.11073723915873, 4.081145019863275, -4.259868399009845, -2.8634073654359025, -3.0084515651893886, -0.3974917183387051, -3.4719774857390893, -3.872834611535237, 6.825758505291109, 2.3596480599426557, 7.049181266992256, 4.343487715512778, 1.8900847204902411, 3.7066902792901817, -2.4091922796783525, 4.503817642715539, -3.8308973261169674, 0.4510790984708424, 0.6250951481496432, 0.18409738012153382], Energy: -38.60677766523407
Eval count: 559, θ = [0.8818734658852863, -6.376970442157727, -6.904435988898121, 0.15244669505641636, 5.108666346346109, 6.10712865232957, 3.9274163646384137, -4.25082046678323, -2.9033965199751313, -2.957022198654848, -0.4829616858214267, -3.222363800411486, -3.941839150511007, 6.666649184068876, 2.527793026692265, 6.830421142735834, 4.3333298778073, 1.700911917637349, 3.3959304104955765, -2.2905042286623507, 4.415287530429374, -3.4856962669960985, 0.9951163774948271, 1.1902834747276112, 0.34527502817972244], Energy: -40.84253538634417
Eval count: 560, θ = [0.8818734807864475, -6.376970442157727, -6.904435988898121, 0.15244669505641636, 5.108666346346109, 6.10712865232957, 3.9274163646384137, -4.25082046678323, -2.9033965199751313, -2.957022198654848, -0.4829616858214267, -3.222363800411486, -3.941839150511007, 6.666649184068876, 2.527793026692265, 6.830421142735834, 4.3333298778073, 1.700911917637349, 3.3959304104955765, -2.2905042286623507, 4.415287530429374, -3.4856962669960985, 0.9951163774948271, 1.1902834747276112, 0.34527502817972244], Energy: -40.84253538886333
Eval count: 561, θ = [0.8818734658852863, -6.376970427256566, -6.904435988898121, 0.15244669505641636, 5.108666346346109, 6.10712865232957, 3.9274163646384137, -4.25082046678323, -2.9033965199751313, -2.957022198654848, -0.4829616858214267, -3.222363800411486, -3.941839150511007, 6.666649184068876, 2.527793026692265, 6.830421142735834, 4.3333298778073, 1.700911917637349, 3.3959304104955765, -2.2905042286623507, 4.415287530429374, -3.4856962669960985, 0.9951163774948271, 1.1902834747276112, 0.34527502817972244], Energy: -40.84253540295568
Eval count: 562, θ = [0.8818734658852863, -6.376970442157727, -6.90443597399696, 0.15244669505641636, 5.108666346346109, 6.10712865232957, 3.9274163646384137, -4.25082046678323, -2.9033965199751313, -2.957022198654848, -0.4829616858214267, -3.222363800411486, -3.941839150511007, 6.666649184068876, 2.527793026692265, 6.830421142735834, 4.3333298778073, 1.700911917637349, 3.3959304104955765, -2.2905042286623507, 4.415287530429374, -3.4856962669960985, 0.9951163774948271, 1.1902834747276112, 0.34527502817972244], Energy: -40.84253539028237
Eval count: 563, θ = [0.8818734658852863, -6.376970442157727, -6.904435988898121, 0.15244670995757756, 5.108666346346109, 6.10712865232957, 3.9274163646384137, -4.25082046678323, -2.9033965199751313, -2.957022198654848, -0.4829616858214267, -3.222363800411486, -3.941839150511007, 6.666649184068876, 2.527793026692265, 6.830421142735834, 4.3333298778073, 1.700911917637349, 3.3959304104955765, -2.2905042286623507, 4.415287530429374, -3.4856962669960985, 0.9951163774948271, 1.1902834747276112, 0.34527502817972244], Energy: -40.84253538750604
Eval count: 564, θ = [0.8818734658852863, -6.376970442157727, -6.904435988898121, 0.15244669505641636, 5.10866636124727, 6.10712865232957, 3.9274163646384137, -4.25082046678323, -2.9033965199751313, -2.957022198654848, -0.4829616858214267, -3.222363800411486, -3.941839150511007, 6.666649184068876, 2.527793026692265, 6.830421142735834, 4.3333298778073, 1.700911917637349, 3.3959304104955765, -2.2905042286623507, 4.415287530429374, -3.4856962669960985, 0.9951163774948271, 1.1902834747276112, 0.34527502817972244], Energy: -40.842535367165645
Eval count: 565, θ = [0.8818734658852863, -6.376970442157727, -6.904435988898121, 0.15244669505641636, 5.108666346346109, 6.1071286672307314, 3.9274163646384137, -4.25082046678323, -2.9033965199751313, -2.957022198654848, -0.4829616858214267, -3.222363800411486, -3.941839150511007, 6.666649184068876, 2.527793026692265, 6.830421142735834, 4.3333298778073, 1.700911917637349, 3.3959304104955765, -2.2905042286623507, 4.415287530429374, -3.4856962669960985, 0.9951163774948271, 1.1902834747276112, 0.34527502817972244], Energy: -40.84253541324654
Eval count: 566, θ = [0.8818734658852863, -6.376970442157727, -6.904435988898121, 0.15244669505641636, 5.108666346346109, 6.10712865232957, 3.927416379539575, -4.25082046678323, -2.9033965199751313, -2.957022198654848, -0.4829616858214267, -3.222363800411486, -3.941839150511007, 6.666649184068876, 2.527793026692265, 6.830421142735834, 4.3333298778073, 1.700911917637349, 3.3959304104955765, -2.2905042286623507, 4.415287530429374, -3.4856962669960985, 0.9951163774948271, 1.1902834747276112, 0.34527502817972244], Energy: -40.84253538170268
Eval count: 567, θ = [0.8818734658852863, -6.376970442157727, -6.904435988898121, 0.15244669505641636, 5.108666346346109, 6.10712865232957, 3.9274163646384137, -4.250820451882069, -2.9033965199751313, -2.957022198654848, -0.4829616858214267, -3.222363800411486, -3.941839150511007, 6.666649184068876, 2.527793026692265, 6.830421142735834, 4.3333298778073, 1.700911917637349, 3.3959304104955765, -2.2905042286623507, 4.415287530429374, -3.4856962669960985, 0.9951163774948271, 1.1902834747276112, 0.34527502817972244], Energy: -40.842535377121415
Eval count: 568, θ = [0.8818734658852863, -6.376970442157727, -6.904435988898121, 0.15244669505641636, 5.108666346346109, 6.10712865232957, 3.9274163646384137, -4.25082046678323, -2.90339650507397, -2.957022198654848, -0.4829616858214267, -3.222363800411486, -3.941839150511007, 6.666649184068876, 2.527793026692265, 6.830421142735834, 4.3333298778073, 1.700911917637349, 3.3959304104955765, -2.2905042286623507, 4.415287530429374, -3.4856962669960985, 0.9951163774948271, 1.1902834747276112, 0.34527502817972244], Energy: -40.842535420451235
Eval count: 569, θ = [0.8818734658852863, -6.376970442157727, -6.904435988898121, 0.15244669505641636, 5.108666346346109, 6.10712865232957, 3.9274163646384137, -4.25082046678323, -2.9033965199751313, -2.9570221837536868, -0.4829616858214267, -3.222363800411486, -3.941839150511007, 6.666649184068876, 2.527793026692265, 6.830421142735834, 4.3333298778073, 1.700911917637349, 3.3959304104955765, -2.2905042286623507, 4.415287530429374, -3.4856962669960985, 0.9951163774948271, 1.1902834747276112, 0.34527502817972244], Energy: -40.842535371439546
Eval count: 570, θ = [0.8818734658852863, -6.376970442157727, -6.904435988898121, 0.15244669505641636, 5.108666346346109, 6.10712865232957, 3.9274163646384137, -4.25082046678323, -2.9033965199751313, -2.957022198654848, -0.4829616709202655, -3.222363800411486, -3.941839150511007, 6.666649184068876, 2.527793026692265, 6.830421142735834, 4.3333298778073, 1.700911917637349, 3.3959304104955765, -2.2905042286623507, 4.415287530429374, -3.4856962669960985, 0.9951163774948271, 1.1902834747276112, 0.34527502817972244], Energy: -40.84253539041386
Eval count: 571, θ = [0.8818734658852863, -6.376970442157727, -6.904435988898121, 0.15244669505641636, 5.108666346346109, 6.10712865232957, 3.9274163646384137, -4.25082046678323, -2.9033965199751313, -2.957022198654848, -0.4829616858214267, -3.222363785510325, -3.941839150511007, 6.666649184068876, 2.527793026692265, 6.830421142735834, 4.3333298778073, 1.700911917637349, 3.3959304104955765, -2.2905042286623507, 4.415287530429374, -3.4856962669960985, 0.9951163774948271, 1.1902834747276112, 0.34527502817972244], Energy: -40.84253538541352
Eval count: 572, θ = [0.8818734658852863, -6.376970442157727, -6.904435988898121, 0.15244669505641636, 5.108666346346109, 6.10712865232957, 3.9274163646384137, -4.25082046678323, -2.9033965199751313, -2.957022198654848, -0.4829616858214267, -3.222363800411486, -3.941839135609846, 6.666649184068876, 2.527793026692265, 6.830421142735834, 4.3333298778073, 1.700911917637349, 3.3959304104955765, -2.2905042286623507, 4.415287530429374, -3.4856962669960985, 0.9951163774948271, 1.1902834747276112, 0.34527502817972244], Energy: -40.84253538589881
Eval count: 573, θ = [0.8818734658852863, -6.376970442157727, -6.904435988898121, 0.15244669505641636, 5.108666346346109, 6.10712865232957, 3.9274163646384137, -4.25082046678323, -2.9033965199751313, -2.957022198654848, -0.4829616858214267, -3.222363800411486, -3.941839150511007, 6.666649198970037, 2.527793026692265, 6.830421142735834, 4.3333298778073, 1.700911917637349, 3.3959304104955765, -2.2905042286623507, 4.415287530429374, -3.4856962669960985, 0.9951163774948271, 1.1902834747276112, 0.34527502817972244], Energy: -40.84253537547101
Eval count: 574, θ = [0.8818734658852863, -6.376970442157727, -6.904435988898121, 0.15244669505641636, 5.108666346346109, 6.10712865232957, 3.9274163646384137, -4.25082046678323, -2.9033965199751313, -2.957022198654848, -0.4829616858214267, -3.222363800411486, -3.941839150511007, 6.666649184068876, 2.527793041593426, 6.830421142735834, 4.3333298778073, 1.700911917637349, 3.3959304104955765, -2.2905042286623507, 4.415287530429374, -3.4856962669960985, 0.9951163774948271, 1.1902834747276112, 0.34527502817972244], Energy: -40.84253538633274
Eval count: 575, θ = [0.8818734658852863, -6.376970442157727, -6.904435988898121, 0.15244669505641636, 5.108666346346109, 6.10712865232957, 3.9274163646384137, -4.25082046678323, -2.9033965199751313, -2.957022198654848, -0.4829616858214267, -3.222363800411486, -3.941839150511007, 6.666649184068876, 2.527793026692265, 6.830421157636995, 4.3333298778073, 1.700911917637349, 3.3959304104955765, -2.2905042286623507, 4.415287530429374, -3.4856962669960985, 0.9951163774948271, 1.1902834747276112, 0.34527502817972244], Energy: -40.842535384217584
Eval count: 576, θ = [0.8818734658852863, -6.376970442157727, -6.904435988898121, 0.15244669505641636, 5.108666346346109, 6.10712865232957, 3.9274163646384137, -4.25082046678323, -2.9033965199751313, -2.957022198654848, -0.4829616858214267, -3.222363800411486, -3.941839150511007, 6.666649184068876, 2.527793026692265, 6.830421142735834, 4.333329892708461, 1.700911917637349, 3.3959304104955765, -2.2905042286623507, 4.415287530429374, -3.4856962669960985, 0.9951163774948271, 1.1902834747276112, 0.34527502817972244], Energy: -40.84253538055264
Eval count: 577, θ = [0.8818734658852863, -6.376970442157727, -6.904435988898121, 0.15244669505641636, 5.108666346346109, 6.10712865232957, 3.9274163646384137, -4.25082046678323, -2.9033965199751313, -2.957022198654848, -0.4829616858214267, -3.222363800411486, -3.941839150511007, 6.666649184068876, 2.527793026692265, 6.830421142735834, 4.3333298778073, 1.7009119325385103, 3.3959304104955765, -2.2905042286623507, 4.415287530429374, -3.4856962669960985, 0.9951163774948271, 1.1902834747276112, 0.34527502817972244], Energy: -40.842535386631084
Eval count: 578, θ = [0.8818734658852863, -6.376970442157727, -6.904435988898121, 0.15244669505641636, 5.108666346346109, 6.10712865232957, 3.9274163646384137, -4.25082046678323, -2.9033965199751313, -2.957022198654848, -0.4829616858214267, -3.222363800411486, -3.941839150511007, 6.666649184068876, 2.527793026692265, 6.830421142735834, 4.3333298778073, 1.700911917637349, 3.3959304253967377, -2.2905042286623507, 4.415287530429374, -3.4856962669960985, 0.9951163774948271, 1.1902834747276112, 0.34527502817972244], Energy: -40.84253539095771
Eval count: 579, θ = [0.8818734658852863, -6.376970442157727, -6.904435988898121, 0.15244669505641636, 5.108666346346109, 6.10712865232957, 3.9274163646384137, -4.25082046678323, -2.9033965199751313, -2.957022198654848, -0.4829616858214267, -3.222363800411486, -3.941839150511007, 6.666649184068876, 2.527793026692265, 6.830421142735834, 4.3333298778073, 1.700911917637349, 3.3959304104955765, -2.2905042137611895, 4.415287530429374, -3.4856962669960985, 0.9951163774948271, 1.1902834747276112, 0.34527502817972244], Energy: -40.842535383828945
Eval count: 580, θ = [0.8818734658852863, -6.376970442157727, -6.904435988898121, 0.15244669505641636, 5.108666346346109, 6.10712865232957, 3.9274163646384137, -4.25082046678323, -2.9033965199751313, -2.957022198654848, -0.4829616858214267, -3.222363800411486, -3.941839150511007, 6.666649184068876, 2.527793026692265, 6.830421142735834, 4.3333298778073, 1.700911917637349, 3.3959304104955765, -2.2905042286623507, 4.415287545330536, -3.4856962669960985, 0.9951163774948271, 1.1902834747276112, 0.34527502817972244], Energy: -40.84253537632751
Eval count: 581, θ = [0.8818734658852863, -6.376970442157727, -6.904435988898121, 0.15244669505641636, 5.108666346346109, 6.10712865232957, 3.9274163646384137, -4.25082046678323, -2.9033965199751313, -2.957022198654848, -0.4829616858214267, -3.222363800411486, -3.941839150511007, 6.666649184068876, 2.527793026692265, 6.830421142735834, 4.3333298778073, 1.700911917637349, 3.3959304104955765, -2.2905042286623507, 4.415287530429374, -3.4856962520949373, 0.9951163774948271, 1.1902834747276112, 0.34527502817972244], Energy: -40.842535387945354
Eval count: 582, θ = [0.8818734658852863, -6.376970442157727, -6.904435988898121, 0.15244669505641636, 5.108666346346109, 6.10712865232957, 3.9274163646384137, -4.25082046678323, -2.9033965199751313, -2.957022198654848, -0.4829616858214267, -3.222363800411486, -3.941839150511007, 6.666649184068876, 2.527793026692265, 6.830421142735834, 4.3333298778073, 1.700911917637349, 3.3959304104955765, -2.2905042286623507, 4.415287530429374, -3.4856962669960985, 0.9951163923959883, 1.1902834747276112, 0.34527502817972244], Energy: -40.842535378978646
Eval count: 583, θ = [0.8818734658852863, -6.376970442157727, -6.904435988898121, 0.15244669505641636, 5.108666346346109, 6.10712865232957, 3.9274163646384137, -4.25082046678323, -2.9033965199751313, -2.957022198654848, -0.4829616858214267, -3.222363800411486, -3.941839150511007, 6.666649184068876, 2.527793026692265, 6.830421142735834, 4.3333298778073, 1.700911917637349, 3.3959304104955765, -2.2905042286623507, 4.415287530429374, -3.4856962669960985, 0.9951163774948271, 1.1902834896287724, 0.34527502817972244], Energy: -40.84253537916665
Eval count: 584, θ = [0.8818734658852863, -6.376970442157727, -6.904435988898121, 0.15244669505641636, 5.108666346346109, 6.10712865232957, 3.9274163646384137, -4.25082046678323, -2.9033965199751313, -2.957022198654848, -0.4829616858214267, -3.222363800411486, -3.941839150511007, 6.666649184068876, 2.527793026692265, 6.830421142735834, 4.3333298778073, 1.700911917637349, 3.3959304104955765, -2.2905042286623507, 4.415287530429374, -3.4856962669960985, 0.9951163774948271, 1.1902834747276112, 0.34527504308088364], Energy: -40.842535382076505
Eval count: 585, θ = [0.9292048212086684, -6.392787575514182, -6.8521145731301205, 1.1640710295323413, 4.852497069566083, 6.118697216771429, 5.829611331213009, -4.6447365531787534, -2.4776435524211813, -3.438521770371527, 0.2665274337939065, -5.022750306860667, -3.359800223403652, 8.049640578208983, 1.4608699616935323, 8.24130618894187, 3.5897080453788015, 2.659874648126451, 6.58409252061646, -3.653540725392365, 3.1681592692373233, -6.138545501903777, -4.281449778114884, -4.189478423835829, -1.6075660934309197], Energy: -25.16685600617736
Eval count: 586, θ = [0.8901736844155078, -6.379744198845725, -6.895260693119712, 0.3298492433094986, 5.063743462488764, 6.109157362732903, 4.260992992685167, -4.319899190122412, -2.82873475196862, -3.0414599173753634, -0.35152823253602283, -3.5380868837732673, -3.8397704424615644, 6.909176166834311, 2.340693068664052, 7.077839669514141, 4.2029253358112, 1.8690795133255576, 3.9550194550195727, -2.5295318396451636, 4.1965860579618095, -3.950910673535329, 0.06979632524828905, 0.24686659825002522, 0.002816884874372927], Energy: -35.43999271333118
Eval count: 587, θ = [0.8827682319732234, -6.377269453974293, -6.903446889216056, 0.17157074384049742, 5.103823645771234, 6.107347347929516, 3.963376026835005, -4.2582671742183225, -2.895347958622871, -2.9661246104743446, -0.4687931194888592, -3.2563988450482606, -3.9308361126669227, 6.692793666747025, 2.507623594178102, 6.857092935349792, 4.31927222842539, 1.7190404357195972, 3.456200379937441, -2.316271477995525, 4.391711445024709, -3.53584652184487, 0.8953665937724066, 1.0885828478361412, 0.30835793593066263], Energy: -40.96984115883286
Eval count: 588, θ = [0.8827682468743846, -6.377269453974293, -6.903446889216056, 0.17157074384049742, 5.103823645771234, 6.107347347929516, 3.963376026835005, -4.2582671742183225, -2.895347958622871, -2.9661246104743446, -0.4687931194888592, -3.2563988450482606, -3.9308361126669227, 6.692793666747025, 2.507623594178102, 6.857092935349792, 4.31927222842539, 1.7190404357195972, 3.456200379937441, -2.316271477995525, 4.391711445024709, -3.53584652184487, 0.8953665937724066, 1.0885828478361412, 0.30835793593066263], Energy: -40.969841165306335
Eval count: 589, θ = [0.8827682319732234, -6.377269439073132, -6.903446889216056, 0.17157074384049742, 5.103823645771234, 6.107347347929516, 3.963376026835005, -4.2582671742183225, -2.895347958622871, -2.9661246104743446, -0.4687931194888592, -3.2563988450482606, -3.9308361126669227, 6.692793666747025, 2.507623594178102, 6.857092935349792, 4.31927222842539, 1.7190404357195972, 3.456200379937441, -2.316271477995525, 4.391711445024709, -3.53584652184487, 0.8953665937724066, 1.0885828478361412, 0.30835793593066263], Energy: -40.969841175060864
Eval count: 590, θ = [0.8827682319732234, -6.377269453974293, -6.903446874314895, 0.17157074384049742, 5.103823645771234, 6.107347347929516, 3.963376026835005, -4.2582671742183225, -2.895347958622871, -2.9661246104743446, -0.4687931194888592, -3.2563988450482606, -3.9308361126669227, 6.692793666747025, 2.507623594178102, 6.857092935349792, 4.31927222842539, 1.7190404357195972, 3.456200379937441, -2.316271477995525, 4.391711445024709, -3.53584652184487, 0.8953665937724066, 1.0885828478361412, 0.30835793593066263], Energy: -40.96984116168632
Eval count: 591, θ = [0.8827682319732234, -6.377269453974293, -6.903446889216056, 0.1715707587416586, 5.103823645771234, 6.107347347929516, 3.963376026835005, -4.2582671742183225, -2.895347958622871, -2.9661246104743446, -0.4687931194888592, -3.2563988450482606, -3.9308361126669227, 6.692793666747025, 2.507623594178102, 6.857092935349792, 4.31927222842539, 1.7190404357195972, 3.456200379937441, -2.316271477995525, 4.391711445024709, -3.53584652184487, 0.8953665937724066, 1.0885828478361412, 0.30835793593066263], Energy: -40.96984115990542
Eval count: 592, θ = [0.8827682319732234, -6.377269453974293, -6.903446889216056, 0.17157074384049742, 5.103823660672395, 6.107347347929516, 3.963376026835005, -4.2582671742183225, -2.895347958622871, -2.9661246104743446, -0.4687931194888592, -3.2563988450482606, -3.9308361126669227, 6.692793666747025, 2.507623594178102, 6.857092935349792, 4.31927222842539, 1.7190404357195972, 3.456200379937441, -2.316271477995525, 4.391711445024709, -3.53584652184487, 0.8953665937724066, 1.0885828478361412, 0.30835793593066263], Energy: -40.96984116344042
Eval count: 593, θ = [0.8827682319732234, -6.377269453974293, -6.903446889216056, 0.17157074384049742, 5.103823645771234, 6.107347362830677, 3.963376026835005, -4.2582671742183225, -2.895347958622871, -2.9661246104743446, -0.4687931194888592, -3.2563988450482606, -3.9308361126669227, 6.692793666747025, 2.507623594178102, 6.857092935349792, 4.31927222842539, 1.7190404357195972, 3.456200379937441, -2.316271477995525, 4.391711445024709, -3.53584652184487, 0.8953665937724066, 1.0885828478361412, 0.30835793593066263], Energy: -40.969841186642675
Eval count: 594, θ = [0.8827682319732234, -6.377269453974293, -6.903446889216056, 0.17157074384049742, 5.103823645771234, 6.107347347929516, 3.9633760417361663, -4.2582671742183225, -2.895347958622871, -2.9661246104743446, -0.4687931194888592, -3.2563988450482606, -3.9308361126669227, 6.692793666747025, 2.507623594178102, 6.857092935349792, 4.31927222842539, 1.7190404357195972, 3.456200379937441, -2.316271477995525, 4.391711445024709, -3.53584652184487, 0.8953665937724066, 1.0885828478361412, 0.30835793593066263], Energy: -40.96984115059426
Eval count: 595, θ = [0.8827682319732234, -6.377269453974293, -6.903446889216056, 0.17157074384049742, 5.103823645771234, 6.107347347929516, 3.963376026835005, -4.258267159317161, -2.895347958622871, -2.9661246104743446, -0.4687931194888592, -3.2563988450482606, -3.9308361126669227, 6.692793666747025, 2.507623594178102, 6.857092935349792, 4.31927222842539, 1.7190404357195972, 3.456200379937441, -2.316271477995525, 4.391711445024709, -3.53584652184487, 0.8953665937724066, 1.0885828478361412, 0.30835793593066263], Energy: -40.96984115239004
Eval count: 596, θ = [0.8827682319732234, -6.377269453974293, -6.903446889216056, 0.17157074384049742, 5.103823645771234, 6.107347347929516, 3.963376026835005, -4.2582671742183225, -2.89534794372171, -2.9661246104743446, -0.4687931194888592, -3.2563988450482606, -3.9308361126669227, 6.692793666747025, 2.507623594178102, 6.857092935349792, 4.31927222842539, 1.7190404357195972, 3.456200379937441, -2.316271477995525, 4.391711445024709, -3.53584652184487, 0.8953665937724066, 1.0885828478361412, 0.30835793593066263], Energy: -40.969841187485194
Eval count: 597, θ = [0.8827682319732234, -6.377269453974293, -6.903446889216056, 0.17157074384049742, 5.103823645771234, 6.107347347929516, 3.963376026835005, -4.2582671742183225, -2.895347958622871, -2.9661245955731834, -0.4687931194888592, -3.2563988450482606, -3.9308361126669227, 6.692793666747025, 2.507623594178102, 6.857092935349792, 4.31927222842539, 1.7190404357195972, 3.456200379937441, -2.316271477995525, 4.391711445024709, -3.53584652184487, 0.8953665937724066, 1.0885828478361412, 0.30835793593066263], Energy: -40.96984114320934
Eval count: 598, θ = [0.8827682319732234, -6.377269453974293, -6.903446889216056, 0.17157074384049742, 5.103823645771234, 6.107347347929516, 3.963376026835005, -4.2582671742183225, -2.895347958622871, -2.9661246104743446, -0.468793104587698, -3.2563988450482606, -3.9308361126669227, 6.692793666747025, 2.507623594178102, 6.857092935349792, 4.31927222842539, 1.7190404357195972, 3.456200379937441, -2.316271477995525, 4.391711445024709, -3.53584652184487, 0.8953665937724066, 1.0885828478361412, 0.30835793593066263], Energy: -40.96984116261144
Eval count: 599, θ = [0.8827682319732234, -6.377269453974293, -6.903446889216056, 0.17157074384049742, 5.103823645771234, 6.107347347929516, 3.963376026835005, -4.2582671742183225, -2.895347958622871, -2.9661246104743446, -0.4687931194888592, -3.2563988301470994, -3.9308361126669227, 6.692793666747025, 2.507623594178102, 6.857092935349792, 4.31927222842539, 1.7190404357195972, 3.456200379937441, -2.316271477995525, 4.391711445024709, -3.53584652184487, 0.8953665937724066, 1.0885828478361412, 0.30835793593066263], Energy: -40.96984115822253
Eval count: 600, θ = [0.8827682319732234, -6.377269453974293, -6.903446889216056, 0.17157074384049742, 5.103823645771234, 6.107347347929516, 3.963376026835005, -4.2582671742183225, -2.895347958622871, -2.9661246104743446, -0.4687931194888592, -3.2563988450482606, -3.9308360977657615, 6.692793666747025, 2.507623594178102, 6.857092935349792, 4.31927222842539, 1.7190404357195972, 3.456200379937441, -2.316271477995525, 4.391711445024709, -3.53584652184487, 0.8953665937724066, 1.0885828478361412, 0.30835793593066263], Energy: -40.96984115758524
Eval count: 601, θ = [0.8827682319732234, -6.377269453974293, -6.903446889216056, 0.17157074384049742, 5.103823645771234, 6.107347347929516, 3.963376026835005, -4.2582671742183225, -2.895347958622871, -2.9661246104743446, -0.4687931194888592, -3.2563988450482606, -3.9308361126669227, 6.692793681648186, 2.507623594178102, 6.857092935349792, 4.31927222842539, 1.7190404357195972, 3.456200379937441, -2.316271477995525, 4.391711445024709, -3.53584652184487, 0.8953665937724066, 1.0885828478361412, 0.30835793593066263], Energy: -40.9698411410865
Eval count: 602, θ = [0.8827682319732234, -6.377269453974293, -6.903446889216056, 0.17157074384049742, 5.103823645771234, 6.107347347929516, 3.963376026835005, -4.2582671742183225, -2.895347958622871, -2.9661246104743446, -0.4687931194888592, -3.2563988450482606, -3.9308361126669227, 6.692793666747025, 2.507623609079263, 6.857092935349792, 4.31927222842539, 1.7190404357195972, 3.456200379937441, -2.316271477995525, 4.391711445024709, -3.53584652184487, 0.8953665937724066, 1.0885828478361412, 0.30835793593066263], Energy: -40.96984115801716
Eval count: 603, θ = [0.8827682319732234, -6.377269453974293, -6.903446889216056, 0.17157074384049742, 5.103823645771234, 6.107347347929516, 3.963376026835005, -4.2582671742183225, -2.895347958622871, -2.9661246104743446, -0.4687931194888592, -3.2563988450482606, -3.9308361126669227, 6.692793666747025, 2.507623594178102, 6.857092950250953, 4.31927222842539, 1.7190404357195972, 3.456200379937441, -2.316271477995525, 4.391711445024709, -3.53584652184487, 0.8953665937724066, 1.0885828478361412, 0.30835793593066263], Energy: -40.96984115464259
Eval count: 604, θ = [0.8827682319732234, -6.377269453974293, -6.903446889216056, 0.17157074384049742, 5.103823645771234, 6.107347347929516, 3.963376026835005, -4.2582671742183225, -2.895347958622871, -2.9661246104743446, -0.4687931194888592, -3.2563988450482606, -3.9308361126669227, 6.692793666747025, 2.507623594178102, 6.857092935349792, 4.319272243326552, 1.7190404357195972, 3.456200379937441, -2.316271477995525, 4.391711445024709, -3.53584652184487, 0.8953665937724066, 1.0885828478361412, 0.30835793593066263], Energy: -40.969841151446985
Eval count: 605, θ = [0.8827682319732234, -6.377269453974293, -6.903446889216056, 0.17157074384049742, 5.103823645771234, 6.107347347929516, 3.963376026835005, -4.2582671742183225, -2.895347958622871, -2.9661246104743446, -0.4687931194888592, -3.2563988450482606, -3.9308361126669227, 6.692793666747025, 2.507623594178102, 6.857092935349792, 4.31927222842539, 1.7190404506207584, 3.456200379937441, -2.316271477995525, 4.391711445024709, -3.53584652184487, 0.8953665937724066, 1.0885828478361412, 0.30835793593066263], Energy: -40.96984116069076
Eval count: 606, θ = [0.8827682319732234, -6.377269453974293, -6.903446889216056, 0.17157074384049742, 5.103823645771234, 6.107347347929516, 3.963376026835005, -4.2582671742183225, -2.895347958622871, -2.9661246104743446, -0.4687931194888592, -3.2563988450482606, -3.9308361126669227, 6.692793666747025, 2.507623594178102, 6.857092935349792, 4.31927222842539, 1.7190404357195972, 3.456200394838602, -2.316271477995525, 4.391711445024709, -3.53584652184487, 0.8953665937724066, 1.0885828478361412, 0.30835793593066263], Energy: -40.96984116387366
Eval count: 607, θ = [0.8827682319732234, -6.377269453974293, -6.903446889216056, 0.17157074384049742, 5.103823645771234, 6.107347347929516, 3.963376026835005, -4.2582671742183225, -2.895347958622871, -2.9661246104743446, -0.4687931194888592, -3.2563988450482606, -3.9308361126669227, 6.692793666747025, 2.507623594178102, 6.857092935349792, 4.31927222842539, 1.7190404357195972, 3.456200379937441, -2.3162714630943637, 4.391711445024709, -3.53584652184487, 0.8953665937724066, 1.0885828478361412, 0.30835793593066263], Energy: -40.96984115561536
Eval count: 608, θ = [0.8827682319732234, -6.377269453974293, -6.903446889216056, 0.17157074384049742, 5.103823645771234, 6.107347347929516, 3.963376026835005, -4.2582671742183225, -2.895347958622871, -2.9661246104743446, -0.4687931194888592, -3.2563988450482606, -3.9308361126669227, 6.692793666747025, 2.507623594178102, 6.857092935349792, 4.31927222842539, 1.7190404357195972, 3.456200379937441, -2.316271477995525, 4.39171145992587, -3.53584652184487, 0.8953665937724066, 1.0885828478361412, 0.30835793593066263], Energy: -40.96984115460546
Eval count: 609, θ = [0.8827682319732234, -6.377269453974293, -6.903446889216056, 0.17157074384049742, 5.103823645771234, 6.107347347929516, 3.963376026835005, -4.2582671742183225, -2.895347958622871, -2.9661246104743446, -0.4687931194888592, -3.2563988450482606, -3.9308361126669227, 6.692793666747025, 2.507623594178102, 6.857092935349792, 4.31927222842539, 1.7190404357195972, 3.456200379937441, -2.316271477995525, 4.391711445024709, -3.5358465069437086, 0.8953665937724066, 1.0885828478361412, 0.30835793593066263], Energy: -40.969841165664484
Eval count: 610, θ = [0.8827682319732234, -6.377269453974293, -6.903446889216056, 0.17157074384049742, 5.103823645771234, 6.107347347929516, 3.963376026835005, -4.2582671742183225, -2.895347958622871, -2.9661246104743446, -0.4687931194888592, -3.2563988450482606, -3.9308361126669227, 6.692793666747025, 2.507623594178102, 6.857092935349792, 4.31927222842539, 1.7190404357195972, 3.456200379937441, -2.316271477995525, 4.391711445024709, -3.53584652184487, 0.8953666086735678, 1.0885828478361412, 0.30835793593066263], Energy: -40.969841152633386
Eval count: 611, θ = [0.8827682319732234, -6.377269453974293, -6.903446889216056, 0.17157074384049742, 5.103823645771234, 6.107347347929516, 3.963376026835005, -4.2582671742183225, -2.895347958622871, -2.9661246104743446, -0.4687931194888592, -3.2563988450482606, -3.9308361126669227, 6.692793666747025, 2.507623594178102, 6.857092935349792, 4.31927222842539, 1.7190404357195972, 3.456200379937441, -2.316271477995525, 4.391711445024709, -3.53584652184487, 0.8953665937724066, 1.0885828627373024, 0.30835793593066263], Energy: -40.96984115424332
Eval count: 612, θ = [0.8827682319732234, -6.377269453974293, -6.903446889216056, 0.17157074384049742, 5.103823645771234, 6.107347347929516, 3.963376026835005, -4.2582671742183225, -2.895347958622871, -2.9661246104743446, -0.4687931194888592, -3.2563988450482606, -3.9308361126669227, 6.692793666747025, 2.507623594178102, 6.857092935349792, 4.31927222842539, 1.7190404357195972, 3.456200379937441, -2.316271477995525, 4.391711445024709, -3.53584652184487, 0.8953665937724066, 1.0885828478361412, 0.3083579508318238], Energy: -40.969841153049316
Eval count: 613, θ = [0.9244184239750414, -6.382974396260718, -6.9707513142281075, 0.5426476378277469, 5.046748622994818, 6.106059593890889, 4.093549553029361, -4.180511650043283, -2.8311758766534996, -3.0487312832909392, -0.35955379651564806, -3.4508998317374404, -3.868527859029812, 6.768271623986523, 2.46463977407187, 6.696676944397644, 4.27711922787472, 2.080142655330969, 4.240750466329427, -2.734779419157401, 4.492223058926643, -3.3143260235533565, -0.10805531404105972, 0.2660702445331633, -0.39928809789837094], Energy: -38.1674867835344
Eval count: 614, θ = [0.8901484034139137, -6.378280336520314, -6.915372841328938, 0.2373234082024095, 5.09371028415569, 6.107119165414101, 3.9864420175106687, -4.2444893482038, -2.8839770394535353, -2.9807620317737435, -0.4494365476974966, -3.290863287063003, -3.919795453022621, 6.706167921165738, 2.500007111604722, 6.828668156059377, 4.311802962238337, 1.7830256458773168, 3.5952180858132854, -2.390428647665478, 4.409521517601189, -3.496594379743169, 0.7175660759096172, 0.9428384050676795, 0.18296718025888126], Energy: -41.107315479362946
Eval count: 615, θ = [0.8901484183150749, -6.378280336520314, -6.915372841328938, 0.2373234082024095, 5.09371028415569, 6.107119165414101, 3.9864420175106687, -4.2444893482038, -2.8839770394535353, -2.9807620317737435, -0.4494365476974966, -3.290863287063003, -3.919795453022621, 6.706167921165738, 2.500007111604722, 6.828668156059377, 4.311802962238337, 1.7830256458773168, 3.5952180858132854, -2.390428647665478, 4.409521517601189, -3.496594379743169, 0.7175660759096172, 0.9428384050676795, 0.18296718025888126], Energy: -41.10731548383811
Eval count: 616, θ = [0.8901484034139137, -6.378280321619153, -6.915372841328938, 0.2373234082024095, 5.09371028415569, 6.107119165414101, 3.9864420175106687, -4.2444893482038, -2.8839770394535353, -2.9807620317737435, -0.4494365476974966, -3.290863287063003, -3.919795453022621, 6.706167921165738, 2.500007111604722, 6.828668156059377, 4.311802962238337, 1.7830256458773168, 3.5952180858132854, -2.390428647665478, 4.409521517601189, -3.496594379743169, 0.7175660759096172, 0.9428384050676795, 0.18296718025888126], Energy: -41.10731549500294
Eval count: 617, θ = [0.8901484034139137, -6.378280336520314, -6.9153728264277765, 0.2373234082024095, 5.09371028415569, 6.107119165414101, 3.9864420175106687, -4.2444893482038, -2.8839770394535353, -2.9807620317737435, -0.4494365476974966, -3.290863287063003, -3.919795453022621, 6.706167921165738, 2.500007111604722, 6.828668156059377, 4.311802962238337, 1.7830256458773168, 3.5952180858132854, -2.390428647665478, 4.409521517601189, -3.496594379743169, 0.7175660759096172, 0.9428384050676795, 0.18296718025888126], Energy: -41.10731547984425
Eval count: 618, θ = [0.8901484034139137, -6.378280336520314, -6.915372841328938, 0.23732342310357069, 5.09371028415569, 6.107119165414101, 3.9864420175106687, -4.2444893482038, -2.8839770394535353, -2.9807620317737435, -0.4494365476974966, -3.290863287063003, -3.919795453022621, 6.706167921165738, 2.500007111604722, 6.828668156059377, 4.311802962238337, 1.7830256458773168, 3.5952180858132854, -2.390428647665478, 4.409521517601189, -3.496594379743169, 0.7175660759096172, 0.9428384050676795, 0.18296718025888126], Energy: -41.10731547792085
Eval count: 619, θ = [0.8901484034139137, -6.378280336520314, -6.915372841328938, 0.2373234082024095, 5.093710299056851, 6.107119165414101, 3.9864420175106687, -4.2444893482038, -2.8839770394535353, -2.9807620317737435, -0.4494365476974966, -3.290863287063003, -3.919795453022621, 6.706167921165738, 2.500007111604722, 6.828668156059377, 4.311802962238337, 1.7830256458773168, 3.5952180858132854, -2.390428647665478, 4.409521517601189, -3.496594379743169, 0.7175660759096172, 0.9428384050676795, 0.18296718025888126], Energy: -41.107315527978656
Eval count: 620, θ = [0.8901484034139137, -6.378280336520314, -6.915372841328938, 0.2373234082024095, 5.09371028415569, 6.107119180315262, 3.9864420175106687, -4.2444893482038, -2.8839770394535353, -2.9807620317737435, -0.4494365476974966, -3.290863287063003, -3.919795453022621, 6.706167921165738, 2.500007111604722, 6.828668156059377, 4.311802962238337, 1.7830256458773168, 3.5952180858132854, -2.390428647665478, 4.409521517601189, -3.496594379743169, 0.7175660759096172, 0.9428384050676795, 0.18296718025888126], Energy: -41.10731549974958
Eval count: 621, θ = [0.8901484034139137, -6.378280336520314, -6.915372841328938, 0.2373234082024095, 5.09371028415569, 6.107119165414101, 3.98644203241183, -4.2444893482038, -2.8839770394535353, -2.9807620317737435, -0.4494365476974966, -3.290863287063003, -3.919795453022621, 6.706167921165738, 2.500007111604722, 6.828668156059377, 4.311802962238337, 1.7830256458773168, 3.5952180858132854, -2.390428647665478, 4.409521517601189, -3.496594379743169, 0.7175660759096172, 0.9428384050676795, 0.18296718025888126], Energy: -41.10731546551706
Eval count: 622, θ = [0.8901484034139137, -6.378280336520314, -6.915372841328938, 0.2373234082024095, 5.09371028415569, 6.107119165414101, 3.9864420175106687, -4.244489333302639, -2.8839770394535353, -2.9807620317737435, -0.4494365476974966, -3.290863287063003, -3.919795453022621, 6.706167921165738, 2.500007111604722, 6.828668156059377, 4.311802962238337, 1.7830256458773168, 3.5952180858132854, -2.390428647665478, 4.409521517601189, -3.496594379743169, 0.7175660759096172, 0.9428384050676795, 0.18296718025888126], Energy: -41.10731547333863
Eval count: 623, θ = [0.8901484034139137, -6.378280336520314, -6.915372841328938, 0.2373234082024095, 5.09371028415569, 6.107119165414101, 3.9864420175106687, -4.2444893482038, -2.883977024552374, -2.9807620317737435, -0.4494365476974966, -3.290863287063003, -3.919795453022621, 6.706167921165738, 2.500007111604722, 6.828668156059377, 4.311802962238337, 1.7830256458773168, 3.5952180858132854, -2.390428647665478, 4.409521517601189, -3.496594379743169, 0.7175660759096172, 0.9428384050676795, 0.18296718025888126], Energy: -41.10731550354568
Eval count: 624, θ = [0.8901484034139137, -6.378280336520314, -6.915372841328938, 0.2373234082024095, 5.09371028415569, 6.107119165414101, 3.9864420175106687, -4.2444893482038, -2.8839770394535353, -2.9807620168725824, -0.4494365476974966, -3.290863287063003, -3.919795453022621, 6.706167921165738, 2.500007111604722, 6.828668156059377, 4.311802962238337, 1.7830256458773168, 3.5952180858132854, -2.390428647665478, 4.409521517601189, -3.496594379743169, 0.7175660759096172, 0.9428384050676795, 0.18296718025888126], Energy: -41.10731546676749
Eval count: 625, θ = [0.8901484034139137, -6.378280336520314, -6.915372841328938, 0.2373234082024095, 5.09371028415569, 6.107119165414101, 3.9864420175106687, -4.2444893482038, -2.8839770394535353, -2.9807620317737435, -0.4494365327963354, -3.290863287063003, -3.919795453022621, 6.706167921165738, 2.500007111604722, 6.828668156059377, 4.311802962238337, 1.7830256458773168, 3.5952180858132854, -2.390428647665478, 4.409521517601189, -3.496594379743169, 0.7175660759096172, 0.9428384050676795, 0.18296718025888126], Energy: -41.107315482169135
Eval count: 626, θ = [0.8901484034139137, -6.378280336520314, -6.915372841328938, 0.2373234082024095, 5.09371028415569, 6.107119165414101, 3.9864420175106687, -4.2444893482038, -2.8839770394535353, -2.9807620317737435, -0.4494365476974966, -3.290863272161842, -3.919795453022621, 6.706167921165738, 2.500007111604722, 6.828668156059377, 4.311802962238337, 1.7830256458773168, 3.5952180858132854, -2.390428647665478, 4.409521517601189, -3.496594379743169, 0.7175660759096172, 0.9428384050676795, 0.18296718025888126], Energy: -41.10731547995657
Eval count: 627, θ = [0.8901484034139137, -6.378280336520314, -6.915372841328938, 0.2373234082024095, 5.09371028415569, 6.107119165414101, 3.9864420175106687, -4.2444893482038, -2.8839770394535353, -2.9807620317737435, -0.4494365476974966, -3.290863287063003, -3.9197954381214597, 6.706167921165738, 2.500007111604722, 6.828668156059377, 4.311802962238337, 1.7830256458773168, 3.5952180858132854, -2.390428647665478, 4.409521517601189, -3.496594379743169, 0.7175660759096172, 0.9428384050676795, 0.18296718025888126], Energy: -41.10731547629301
Eval count: 628, θ = [0.8901484034139137, -6.378280336520314, -6.915372841328938, 0.2373234082024095, 5.09371028415569, 6.107119165414101, 3.9864420175106687, -4.2444893482038, -2.8839770394535353, -2.9807620317737435, -0.4494365476974966, -3.290863287063003, -3.919795453022621, 6.706167936066899, 2.500007111604722, 6.828668156059377, 4.311802962238337, 1.7830256458773168, 3.5952180858132854, -2.390428647665478, 4.409521517601189, -3.496594379743169, 0.7175660759096172, 0.9428384050676795, 0.18296718025888126], Energy: -41.107315454146196
Eval count: 629, θ = [0.8901484034139137, -6.378280336520314, -6.915372841328938, 0.2373234082024095, 5.09371028415569, 6.107119165414101, 3.9864420175106687, -4.2444893482038, -2.8839770394535353, -2.9807620317737435, -0.4494365476974966, -3.290863287063003, -3.919795453022621, 6.706167921165738, 2.500007126505883, 6.828668156059377, 4.311802962238337, 1.7830256458773168, 3.5952180858132854, -2.390428647665478, 4.409521517601189, -3.496594379743169, 0.7175660759096172, 0.9428384050676795, 0.18296718025888126], Energy: -41.10731547880634
Eval count: 630, θ = [0.8901484034139137, -6.378280336520314, -6.915372841328938, 0.2373234082024095, 5.09371028415569, 6.107119165414101, 3.9864420175106687, -4.2444893482038, -2.8839770394535353, -2.9807620317737435, -0.4494365476974966, -3.290863287063003, -3.919795453022621, 6.706167921165738, 2.500007111604722, 6.828668170960539, 4.311802962238337, 1.7830256458773168, 3.5952180858132854, -2.390428647665478, 4.409521517601189, -3.496594379743169, 0.7175660759096172, 0.9428384050676795, 0.18296718025888126], Energy: -41.10731548164909
Eval count: 631, θ = [0.8901484034139137, -6.378280336520314, -6.915372841328938, 0.2373234082024095, 5.09371028415569, 6.107119165414101, 3.9864420175106687, -4.2444893482038, -2.8839770394535353, -2.9807620317737435, -0.4494365476974966, -3.290863287063003, -3.919795453022621, 6.706167921165738, 2.500007111604722, 6.828668156059377, 4.311802977139498, 1.7830256458773168, 3.5952180858132854, -2.390428647665478, 4.409521517601189, -3.496594379743169, 0.7175660759096172, 0.9428384050676795, 0.18296718025888126], Energy: -41.107315470490605
Eval count: 632, θ = [0.8901484034139137, -6.378280336520314, -6.915372841328938, 0.2373234082024095, 5.09371028415569, 6.107119165414101, 3.9864420175106687, -4.2444893482038, -2.8839770394535353, -2.9807620317737435, -0.4494365476974966, -3.290863287063003, -3.919795453022621, 6.706167921165738, 2.500007111604722, 6.828668156059377, 4.311802962238337, 1.783025660778478, 3.5952180858132854, -2.390428647665478, 4.409521517601189, -3.496594379743169, 0.7175660759096172, 0.9428384050676795, 0.18296718025888126], Energy: -41.10731547866911
Eval count: 633, θ = [0.8901484034139137, -6.378280336520314, -6.915372841328938, 0.2373234082024095, 5.09371028415569, 6.107119165414101, 3.9864420175106687, -4.2444893482038, -2.8839770394535353, -2.9807620317737435, -0.4494365476974966, -3.290863287063003, -3.919795453022621, 6.706167921165738, 2.500007111604722, 6.828668156059377, 4.311802962238337, 1.7830256458773168, 3.5952181007144466, -2.390428647665478, 4.409521517601189, -3.496594379743169, 0.7175660759096172, 0.9428384050676795, 0.18296718025888126], Energy: -41.10731548537278
Eval count: 634, θ = [0.8901484034139137, -6.378280336520314, -6.915372841328938, 0.2373234082024095, 5.09371028415569, 6.107119165414101, 3.9864420175106687, -4.2444893482038, -2.8839770394535353, -2.9807620317737435, -0.4494365476974966, -3.290863287063003, -3.919795453022621, 6.706167921165738, 2.500007111604722, 6.828668156059377, 4.311802962238337, 1.7830256458773168, 3.5952180858132854, -2.390428632764317, 4.409521517601189, -3.496594379743169, 0.7175660759096172, 0.9428384050676795, 0.18296718025888126], Energy: -41.107315475069015
Eval count: 635, θ = [0.8901484034139137, -6.378280336520314, -6.915372841328938, 0.2373234082024095, 5.09371028415569, 6.107119165414101, 3.9864420175106687, -4.2444893482038, -2.8839770394535353, -2.9807620317737435, -0.4494365476974966, -3.290863287063003, -3.919795453022621, 6.706167921165738, 2.500007111604722, 6.828668156059377, 4.311802962238337, 1.7830256458773168, 3.5952180858132854, -2.390428647665478, 4.4095215325023505, -3.496594379743169, 0.7175660759096172, 0.9428384050676795, 0.18296718025888126], Energy: -41.10731545543148
Eval count: 636, θ = [0.8901484034139137, -6.378280336520314, -6.915372841328938, 0.2373234082024095, 5.09371028415569, 6.107119165414101, 3.9864420175106687, -4.2444893482038, -2.8839770394535353, -2.9807620317737435, -0.4494365476974966, -3.290863287063003, -3.919795453022621, 6.706167921165738, 2.500007111604722, 6.828668156059377, 4.311802962238337, 1.7830256458773168, 3.5952180858132854, -2.390428647665478, 4.409521517601189, -3.4965943648420077, 0.7175660759096172, 0.9428384050676795, 0.18296718025888126], Energy: -41.10731547943584
Eval count: 637, θ = [0.8901484034139137, -6.378280336520314, -6.915372841328938, 0.2373234082024095, 5.09371028415569, 6.107119165414101, 3.9864420175106687, -4.2444893482038, -2.8839770394535353, -2.9807620317737435, -0.4494365476974966, -3.290863287063003, -3.919795453022621, 6.706167921165738, 2.500007111604722, 6.828668156059377, 4.311802962238337, 1.7830256458773168, 3.5952180858132854, -2.390428647665478, 4.409521517601189, -3.496594379743169, 0.7175660908107784, 0.9428384050676795, 0.18296718025888126], Energy: -41.10731547988811
Eval count: 638, θ = [0.8901484034139137, -6.378280336520314, -6.915372841328938, 0.2373234082024095, 5.09371028415569, 6.107119165414101, 3.9864420175106687, -4.2444893482038, -2.8839770394535353, -2.9807620317737435, -0.4494365476974966, -3.290863287063003, -3.919795453022621, 6.706167921165738, 2.500007111604722, 6.828668156059377, 4.311802962238337, 1.7830256458773168, 3.5952180858132854, -2.390428647665478, 4.409521517601189, -3.496594379743169, 0.7175660759096172, 0.9428384199688407, 0.18296718025888126], Energy: -41.107315478648204
Eval count: 639, θ = [0.8901484034139137, -6.378280336520314, -6.915372841328938, 0.2373234082024095, 5.09371028415569, 6.107119165414101, 3.9864420175106687, -4.2444893482038, -2.8839770394535353, -2.9807620317737435, -0.4494365476974966, -3.290863287063003, -3.919795453022621, 6.706167921165738, 2.500007111604722, 6.828668156059377, 4.311802962238337, 1.7830256458773168, 3.5952180858132854, -2.390428647665478, 4.409521517601189, -3.496594379743169, 0.7175660759096172, 0.9428384050676795, 0.18296719516004245], Energy: -41.10731548031666
Eval count: 640, θ = [0.9004369130983335, -6.371902454355897, -6.936025923857174, 0.3303650387260493, 5.072568055144563, 6.117058516546406, 3.948758088828838, -4.345505904960597, -2.8579700465130733, -3.058762011448123, -0.3747097340625804, -3.2233574689798163, -3.9394361313535624, 6.687658065524055, 2.4910347947530376, 7.030580355544054, 4.232763632686072, 1.848332415287126, 4.139241169234908, -2.7173372284506923, 4.352563836248315, -3.444586898838425, 0.6139144995582452, 0.8161991188993437, 0.1492728083375075], Energy: -40.90828514550282
Eval count: 641, θ = [0.8941032650013265, -6.375828704364173, -6.923311802875165, 0.273088235361529, 5.085583296676152, 6.110939811863653, 3.971956467457461, -4.28331970481173, -2.8739800563588793, -3.010744909070377, -0.42071186221248175, -3.2649143231165176, -3.9273452504825386, 6.699052807382378, 2.49655818922867, 6.9062823904106585, 4.2814205630445565, 1.808129304391436, 3.8043383628295184, -2.5160909863714362, 4.387627214830429, -3.4766029140404395, 0.677722828407251, 0.8941587747143183, 0.17001519971833345], Energy: -41.26717761294549
Eval count: 642, θ = [0.8941032799024877, -6.375828704364173, -6.923311802875165, 0.273088235361529, 5.085583296676152, 6.110939811863653, 3.971956467457461, -4.28331970481173, -2.8739800563588793, -3.010744909070377, -0.42071186221248175, -3.2649143231165176, -3.9273452504825386, 6.699052807382378, 2.49655818922867, 6.9062823904106585, 4.2814205630445565, 1.808129304391436, 3.8043383628295184, -2.5160909863714362, 4.387627214830429, -3.4766029140404395, 0.677722828407251, 0.8941587747143183, 0.17001519971833345], Energy: -41.267177615295914
Eval count: 643, θ = [0.8941032650013265, -6.375828689463011, -6.923311802875165, 0.273088235361529, 5.085583296676152, 6.110939811863653, 3.971956467457461, -4.28331970481173, -2.8739800563588793, -3.010744909070377, -0.42071186221248175, -3.2649143231165176, -3.9273452504825386, 6.699052807382378, 2.49655818922867, 6.9062823904106585, 4.2814205630445565, 1.808129304391436, 3.8043383628295184, -2.5160909863714362, 4.387627214830429, -3.4766029140404395, 0.677722828407251, 0.8941587747143183, 0.17001519971833345], Energy: -41.26717762339288
Eval count: 644, θ = [0.8941032650013265, -6.375828704364173, -6.923311787974003, 0.273088235361529, 5.085583296676152, 6.110939811863653, 3.971956467457461, -4.28331970481173, -2.8739800563588793, -3.010744909070377, -0.42071186221248175, -3.2649143231165176, -3.9273452504825386, 6.699052807382378, 2.49655818922867, 6.9062823904106585, 4.2814205630445565, 1.808129304391436, 3.8043383628295184, -2.5160909863714362, 4.387627214830429, -3.4766029140404395, 0.677722828407251, 0.8941587747143183, 0.17001519971833345], Energy: -41.26717761153266
Eval count: 645, θ = [0.8941032650013265, -6.375828704364173, -6.923311802875165, 0.2730882502626902, 5.085583296676152, 6.110939811863653, 3.971956467457461, -4.28331970481173, -2.8739800563588793, -3.010744909070377, -0.42071186221248175, -3.2649143231165176, -3.9273452504825386, 6.699052807382378, 2.49655818922867, 6.9062823904106585, 4.2814205630445565, 1.808129304391436, 3.8043383628295184, -2.5160909863714362, 4.387627214830429, -3.4766029140404395, 0.677722828407251, 0.8941587747143183, 0.17001519971833345], Energy: -41.26717760930514
Eval count: 646, θ = [0.8941032650013265, -6.375828704364173, -6.923311802875165, 0.273088235361529, 5.085583311577313, 6.110939811863653, 3.971956467457461, -4.28331970481173, -2.8739800563588793, -3.010744909070377, -0.42071186221248175, -3.2649143231165176, -3.9273452504825386, 6.699052807382378, 2.49655818922867, 6.9062823904106585, 4.2814205630445565, 1.808129304391436, 3.8043383628295184, -2.5160909863714362, 4.387627214830429, -3.4766029140404395, 0.677722828407251, 0.8941587747143183, 0.17001519971833345], Energy: -41.26717769831598
Eval count: 647, θ = [0.8941032650013265, -6.375828704364173, -6.923311802875165, 0.273088235361529, 5.085583296676152, 6.110939826764814, 3.971956467457461, -4.28331970481173, -2.8739800563588793, -3.010744909070377, -0.42071186221248175, -3.2649143231165176, -3.9273452504825386, 6.699052807382378, 2.49655818922867, 6.9062823904106585, 4.2814205630445565, 1.808129304391436, 3.8043383628295184, -2.5160909863714362, 4.387627214830429, -3.4766029140404395, 0.677722828407251, 0.8941587747143183, 0.17001519971833345], Energy: -41.26717762039683
Eval count: 648, θ = [0.8941032650013265, -6.375828704364173, -6.923311802875165, 0.273088235361529, 5.085583296676152, 6.110939811863653, 3.971956482358622, -4.28331970481173, -2.8739800563588793, -3.010744909070377, -0.42071186221248175, -3.2649143231165176, -3.9273452504825386, 6.699052807382378, 2.49655818922867, 6.9062823904106585, 4.2814205630445565, 1.808129304391436, 3.8043383628295184, -2.5160909863714362, 4.387627214830429, -3.4766029140404395, 0.677722828407251, 0.8941587747143183, 0.17001519971833345], Energy: -41.26717759902044
Eval count: 649, θ = [0.8941032650013265, -6.375828704364173, -6.923311802875165, 0.273088235361529, 5.085583296676152, 6.110939811863653, 3.971956467457461, -4.283319689910569, -2.8739800563588793, -3.010744909070377, -0.42071186221248175, -3.2649143231165176, -3.9273452504825386, 6.699052807382378, 2.49655818922867, 6.9062823904106585, 4.2814205630445565, 1.808129304391436, 3.8043383628295184, -2.5160909863714362, 4.387627214830429, -3.4766029140404395, 0.677722828407251, 0.8941587747143183, 0.17001519971833345], Energy: -41.267177613104316
Eval count: 650, θ = [0.8941032650013265, -6.375828704364173, -6.923311802875165, 0.273088235361529, 5.085583296676152, 6.110939811863653, 3.971956467457461, -4.28331970481173, -2.873980041457718, -3.010744909070377, -0.42071186221248175, -3.2649143231165176, -3.9273452504825386, 6.699052807382378, 2.49655818922867, 6.9062823904106585, 4.2814205630445565, 1.808129304391436, 3.8043383628295184, -2.5160909863714362, 4.387627214830429, -3.4766029140404395, 0.677722828407251, 0.8941587747143183, 0.17001519971833345], Energy: -41.26717763864397
Eval count: 651, θ = [0.8941032650013265, -6.375828704364173, -6.923311802875165, 0.273088235361529, 5.085583296676152, 6.110939811863653, 3.971956467457461, -4.28331970481173, -2.8739800563588793, -3.010744894169216, -0.42071186221248175, -3.2649143231165176, -3.9273452504825386, 6.699052807382378, 2.49655818922867, 6.9062823904106585, 4.2814205630445565, 1.808129304391436, 3.8043383628295184, -2.5160909863714362, 4.387627214830429, -3.4766029140404395, 0.677722828407251, 0.8941587747143183, 0.17001519971833345], Energy: -41.26717760969852
Eval count: 652, θ = [0.8941032650013265, -6.375828704364173, -6.923311802875165, 0.273088235361529, 5.085583296676152, 6.110939811863653, 3.971956467457461, -4.28331970481173, -2.8739800563588793, -3.010744909070377, -0.42071184731132055, -3.2649143231165176, -3.9273452504825386, 6.699052807382378, 2.49655818922867, 6.9062823904106585, 4.2814205630445565, 1.808129304391436, 3.8043383628295184, -2.5160909863714362, 4.387627214830429, -3.4766029140404395, 0.677722828407251, 0.8941587747143183, 0.17001519971833345], Energy: -41.26717761459286
Eval count: 653, θ = [0.8941032650013265, -6.375828704364173, -6.923311802875165, 0.273088235361529, 5.085583296676152, 6.110939811863653, 3.971956467457461, -4.28331970481173, -2.8739800563588793, -3.010744909070377, -0.42071186221248175, -3.2649143082153564, -3.9273452504825386, 6.699052807382378, 2.49655818922867, 6.9062823904106585, 4.2814205630445565, 1.808129304391436, 3.8043383628295184, -2.5160909863714362, 4.387627214830429, -3.4766029140404395, 0.677722828407251, 0.8941587747143183, 0.17001519971833345], Energy: -41.26717761407335
Eval count: 654, θ = [0.8941032650013265, -6.375828704364173, -6.923311802875165, 0.273088235361529, 5.085583296676152, 6.110939811863653, 3.971956467457461, -4.28331970481173, -2.8739800563588793, -3.010744909070377, -0.42071186221248175, -3.2649143231165176, -3.9273452355813774, 6.699052807382378, 2.49655818922867, 6.9062823904106585, 4.2814205630445565, 1.808129304391436, 3.8043383628295184, -2.5160909863714362, 4.387627214830429, -3.4766029140404395, 0.677722828407251, 0.8941587747143183, 0.17001519971833345], Energy: -41.26717760818402
Eval count: 655, θ = [0.8941032650013265, -6.375828704364173, -6.923311802875165, 0.273088235361529, 5.085583296676152, 6.110939811863653, 3.971956467457461, -4.28331970481173, -2.8739800563588793, -3.010744909070377, -0.42071186221248175, -3.2649143231165176, -3.9273452504825386, 6.699052822283539, 2.49655818922867, 6.9062823904106585, 4.2814205630445565, 1.808129304391436, 3.8043383628295184, -2.5160909863714362, 4.387627214830429, -3.4766029140404395, 0.677722828407251, 0.8941587747143183, 0.17001519971833345], Energy: -41.26717759220677
Eval count: 656, θ = [0.8941032650013265, -6.375828704364173, -6.923311802875165, 0.273088235361529, 5.085583296676152, 6.110939811863653, 3.971956467457461, -4.28331970481173, -2.8739800563588793, -3.010744909070377, -0.42071186221248175, -3.2649143231165176, -3.9273452504825386, 6.699052807382378, 2.496558204129831, 6.9062823904106585, 4.2814205630445565, 1.808129304391436, 3.8043383628295184, -2.5160909863714362, 4.387627214830429, -3.4766029140404395, 0.677722828407251, 0.8941587747143183, 0.17001519971833345], Energy: -41.267177609773604
Eval count: 657, θ = [0.8941032650013265, -6.375828704364173, -6.923311802875165, 0.273088235361529, 5.085583296676152, 6.110939811863653, 3.971956467457461, -4.28331970481173, -2.8739800563588793, -3.010744909070377, -0.42071186221248175, -3.2649143231165176, -3.9273452504825386, 6.699052807382378, 2.49655818922867, 6.90628240531182, 4.2814205630445565, 1.808129304391436, 3.8043383628295184, -2.5160909863714362, 4.387627214830429, -3.4766029140404395, 0.677722828407251, 0.8941587747143183, 0.17001519971833345], Energy: -41.26717760514446
Eval count: 658, θ = [0.8941032650013265, -6.375828704364173, -6.923311802875165, 0.273088235361529, 5.085583296676152, 6.110939811863653, 3.971956467457461, -4.28331970481173, -2.8739800563588793, -3.010744909070377, -0.42071186221248175, -3.2649143231165176, -3.9273452504825386, 6.699052807382378, 2.49655818922867, 6.9062823904106585, 4.281420577945718, 1.808129304391436, 3.8043383628295184, -2.5160909863714362, 4.387627214830429, -3.4766029140404395, 0.677722828407251, 0.8941587747143183, 0.17001519971833345], Energy: -41.26717760737767
Eval count: 659, θ = [0.8941032650013265, -6.375828704364173, -6.923311802875165, 0.273088235361529, 5.085583296676152, 6.110939811863653, 3.971956467457461, -4.28331970481173, -2.8739800563588793, -3.010744909070377, -0.42071186221248175, -3.2649143231165176, -3.9273452504825386, 6.699052807382378, 2.49655818922867, 6.9062823904106585, 4.2814205630445565, 1.8081293192925971, 3.8043383628295184, -2.5160909863714362, 4.387627214830429, -3.4766029140404395, 0.677722828407251, 0.8941587747143183, 0.17001519971833345], Energy: -41.26717761325304
Eval count: 660, θ = [0.8941032650013265, -6.375828704364173, -6.923311802875165, 0.273088235361529, 5.085583296676152, 6.110939811863653, 3.971956467457461, -4.28331970481173, -2.8739800563588793, -3.010744909070377, -0.42071186221248175, -3.2649143231165176, -3.9273452504825386, 6.699052807382378, 2.49655818922867, 6.9062823904106585, 4.2814205630445565, 1.808129304391436, 3.8043383777306796, -2.5160909863714362, 4.387627214830429, -3.4766029140404395, 0.677722828407251, 0.8941587747143183, 0.17001519971833345], Energy: -41.26717761512111
Eval count: 661, θ = [0.8941032650013265, -6.375828704364173, -6.923311802875165, 0.273088235361529, 5.085583296676152, 6.110939811863653, 3.971956467457461, -4.28331970481173, -2.8739800563588793, -3.010744909070377, -0.42071186221248175, -3.2649143231165176, -3.9273452504825386, 6.699052807382378, 2.49655818922867, 6.9062823904106585, 4.2814205630445565, 1.808129304391436, 3.8043383628295184, -2.516090971470275, 4.387627214830429, -3.4766029140404395, 0.677722828407251, 0.8941587747143183, 0.17001519971833345], Energy: -41.26717760958013
Eval count: 662, θ = [0.8941032650013265, -6.375828704364173, -6.923311802875165, 0.273088235361529, 5.085583296676152, 6.110939811863653, 3.971956467457461, -4.28331970481173, -2.8739800563588793, -3.010744909070377, -0.42071186221248175, -3.2649143231165176, -3.9273452504825386, 6.699052807382378, 2.49655818922867, 6.9062823904106585, 4.2814205630445565, 1.808129304391436, 3.8043383628295184, -2.5160909863714362, 4.38762722973159, -3.4766029140404395, 0.677722828407251, 0.8941587747143183, 0.17001519971833345], Energy: -41.267177601583896
Eval count: 663, θ = [0.8941032650013265, -6.375828704364173, -6.923311802875165, 0.273088235361529, 5.085583296676152, 6.110939811863653, 3.971956467457461, -4.28331970481173, -2.8739800563588793, -3.010744909070377, -0.42071186221248175, -3.2649143231165176, -3.9273452504825386, 6.699052807382378, 2.49655818922867, 6.9062823904106585, 4.2814205630445565, 1.808129304391436, 3.8043383628295184, -2.5160909863714362, 4.387627214830429, -3.4766028991392783, 0.677722828407251, 0.8941587747143183, 0.17001519971833345], Energy: -41.26717761180133
Eval count: 664, θ = [0.8941032650013265, -6.375828704364173, -6.923311802875165, 0.273088235361529, 5.085583296676152, 6.110939811863653, 3.971956467457461, -4.28331970481173, -2.8739800563588793, -3.010744909070377, -0.42071186221248175, -3.2649143231165176, -3.9273452504825386, 6.699052807382378, 2.49655818922867, 6.9062823904106585, 4.2814205630445565, 1.808129304391436, 3.8043383628295184, -2.5160909863714362, 4.387627214830429, -3.4766029140404395, 0.6777228433084121, 0.8941587747143183, 0.17001519971833345], Energy: -41.267177614132976
Eval count: 665, θ = [0.8941032650013265, -6.375828704364173, -6.923311802875165, 0.273088235361529, 5.085583296676152, 6.110939811863653, 3.971956467457461, -4.28331970481173, -2.8739800563588793, -3.010744909070377, -0.42071186221248175, -3.2649143231165176, -3.9273452504825386, 6.699052807382378, 2.49655818922867, 6.9062823904106585, 4.2814205630445565, 1.808129304391436, 3.8043383628295184, -2.5160909863714362, 4.387627214830429, -3.4766029140404395, 0.677722828407251, 0.8941587896154795, 0.17001519971833345], Energy: -41.26717761297493
Eval count: 666, θ = [0.8941032650013265, -6.375828704364173, -6.923311802875165, 0.273088235361529, 5.085583296676152, 6.110939811863653, 3.971956467457461, -4.28331970481173, -2.8739800563588793, -3.010744909070377, -0.42071186221248175, -3.2649143231165176, -3.9273452504825386, 6.699052807382378, 2.49655818922867, 6.9062823904106585, 4.2814205630445565, 1.808129304391436, 3.8043383628295184, -2.5160909863714362, 4.387627214830429, -3.4766029140404395, 0.677722828407251, 0.8941587747143183, 0.17001521461949465], Energy: -41.26717761600926
Eval count: 667, θ = [0.8914696932467243, -6.369415510467256, -6.902677141427156, 0.3329036245223645, 5.074501527973673, 6.11429175041327, 3.762960453426012, -4.381086792750425, -2.8384339243424157, -3.0944438895094706, -0.3898656971652851, -3.046850557684385, -3.992849634287299, 6.60892697742874, 2.449131422380013, 6.564807156406169, 4.203992343997586, 1.7791844813308269, 4.365635041611434, -2.9855073833330446, 4.401467958536038, -3.7008210328687388, 0.6293726124376544, 0.7016693943245413, 0.4316560779043776], Energy: -39.95846643107482
Eval count: 668, θ = [0.8935933082979515, -6.374586873298791, -6.91931617074215, 0.28467070263786187, 5.083437457199705, 6.111588870895248, 3.9314871245782506, -4.302251021863057, -2.867097013104344, -3.0269521212209414, -0.4147389060506677, -3.222689128852876, -3.940029317116878, 6.681601119934797, 2.487374616526839, 6.840160180407137, 4.266427601768908, 1.8025245182214873, 3.9130261186982462, -2.6069873281500135, 4.390307293708112, -3.5200198182940707, 0.6683604418688022, 0.8568857254090408, 0.22067853155075517], Energy: -41.34681658168497
Eval count: 669, θ = [0.8935933231991127, -6.374586873298791, -6.91931617074215, 0.28467070263786187, 5.083437457199705, 6.111588870895248, 3.9314871245782506, -4.302251021863057, -2.867097013104344, -3.0269521212209414, -0.4147389060506677, -3.222689128852876, -3.940029317116878, 6.681601119934797, 2.487374616526839, 6.840160180407137, 4.266427601768908, 1.8025245182214873, 3.9130261186982462, -2.6069873281500135, 4.390307293708112, -3.5200198182940707, 0.6683604418688022, 0.8568857254090408, 0.22067853155075517], Energy: -41.346816578039906
Eval count: 670, θ = [0.8935933082979515, -6.37458685839763, -6.91931617074215, 0.28467070263786187, 5.083437457199705, 6.111588870895248, 3.9314871245782506, -4.302251021863057, -2.867097013104344, -3.0269521212209414, -0.4147389060506677, -3.222689128852876, -3.940029317116878, 6.681601119934797, 2.487374616526839, 6.840160180407137, 4.266427601768908, 1.8025245182214873, 3.9130261186982462, -2.6069873281500135, 4.390307293708112, -3.5200198182940707, 0.6683604418688022, 0.8568857254090408, 0.22067853155075517], Energy: -41.346816589046746
Eval count: 671, θ = [0.8935933082979515, -6.374586873298791, -6.919316155840989, 0.28467070263786187, 5.083437457199705, 6.111588870895248, 3.9314871245782506, -4.302251021863057, -2.867097013104344, -3.0269521212209414, -0.4147389060506677, -3.222689128852876, -3.940029317116878, 6.681601119934797, 2.487374616526839, 6.840160180407137, 4.266427601768908, 1.8025245182214873, 3.9130261186982462, -2.6069873281500135, 4.390307293708112, -3.5200198182940707, 0.6683604418688022, 0.8568857254090408, 0.22067853155075517], Energy: -41.34681657926959
Eval count: 672, θ = [0.8935933082979515, -6.374586873298791, -6.91931617074215, 0.28467071753902307, 5.083437457199705, 6.111588870895248, 3.9314871245782506, -4.302251021863057, -2.867097013104344, -3.0269521212209414, -0.4147389060506677, -3.222689128852876, -3.940029317116878, 6.681601119934797, 2.487374616526839, 6.840160180407137, 4.266427601768908, 1.8025245182214873, 3.9130261186982462, -2.6069873281500135, 4.390307293708112, -3.5200198182940707, 0.6683604418688022, 0.8568857254090408, 0.22067853155075517], Energy: -41.34681657700606
Eval count: 673, θ = [0.8935933082979515, -6.374586873298791, -6.91931617074215, 0.28467070263786187, 5.083437472100866, 6.111588870895248, 3.9314871245782506, -4.302251021863057, -2.867097013104344, -3.0269521212209414, -0.4147389060506677, -3.222689128852876, -3.940029317116878, 6.681601119934797, 2.487374616526839, 6.840160180407137, 4.266427601768908, 1.8025245182214873, 3.9130261186982462, -2.6069873281500135, 4.390307293708112, -3.5200198182940707, 0.6683604418688022, 0.8568857254090408, 0.22067853155075517], Energy: -41.346816676339685
Eval count: 674, θ = [0.8935933082979515, -6.374586873298791, -6.91931617074215, 0.28467070263786187, 5.083437457199705, 6.111588885796409, 3.9314871245782506, -4.302251021863057, -2.867097013104344, -3.0269521212209414, -0.4147389060506677, -3.222689128852876, -3.940029317116878, 6.681601119934797, 2.487374616526839, 6.840160180407137, 4.266427601768908, 1.8025245182214873, 3.9130261186982462, -2.6069873281500135, 4.390307293708112, -3.5200198182940707, 0.6683604418688022, 0.8568857254090408, 0.22067853155075517], Energy: -41.34681657869401
Eval count: 675, θ = [0.8935933082979515, -6.374586873298791, -6.91931617074215, 0.28467070263786187, 5.083437457199705, 6.111588870895248, 3.9314871394794118, -4.302251021863057, -2.867097013104344, -3.0269521212209414, -0.4147389060506677, -3.222689128852876, -3.940029317116878, 6.681601119934797, 2.487374616526839, 6.840160180407137, 4.266427601768908, 1.8025245182214873, 3.9130261186982462, -2.6069873281500135, 4.390307293708112, -3.5200198182940707, 0.6683604418688022, 0.8568857254090408, 0.22067853155075517], Energy: -41.34681657150402
Eval count: 676, θ = [0.8935933082979515, -6.374586873298791, -6.91931617074215, 0.28467070263786187, 5.083437457199705, 6.111588870895248, 3.9314871245782506, -4.302251006961896, -2.867097013104344, -3.0269521212209414, -0.4147389060506677, -3.222689128852876, -3.940029317116878, 6.681601119934797, 2.487374616526839, 6.840160180407137, 4.266427601768908, 1.8025245182214873, 3.9130261186982462, -2.6069873281500135, 4.390307293708112, -3.5200198182940707, 0.6683604418688022, 0.8568857254090408, 0.22067853155075517], Energy: -41.346816582612966
Eval count: 677, θ = [0.8935933082979515, -6.374586873298791, -6.91931617074215, 0.28467070263786187, 5.083437457199705, 6.111588870895248, 3.9314871245782506, -4.302251021863057, -2.867096998203183, -3.0269521212209414, -0.4147389060506677, -3.222689128852876, -3.940029317116878, 6.681601119934797, 2.487374616526839, 6.840160180407137, 4.266427601768908, 1.8025245182214873, 3.9130261186982462, -2.6069873281500135, 4.390307293708112, -3.5200198182940707, 0.6683604418688022, 0.8568857254090408, 0.22067853155075517], Energy: -41.34681660168089
Eval count: 678, θ = [0.8935933082979515, -6.374586873298791, -6.91931617074215, 0.28467070263786187, 5.083437457199705, 6.111588870895248, 3.9314871245782506, -4.302251021863057, -2.867097013104344, -3.02695210631978, -0.4147389060506677, -3.222689128852876, -3.940029317116878, 6.681601119934797, 2.487374616526839, 6.840160180407137, 4.266427601768908, 1.8025245182214873, 3.9130261186982462, -2.6069873281500135, 4.390307293708112, -3.5200198182940707, 0.6683604418688022, 0.8568857254090408, 0.22067853155075517], Energy: -41.346816586450686
Eval count: 679, θ = [0.8935933082979515, -6.374586873298791, -6.91931617074215, 0.28467070263786187, 5.083437457199705, 6.111588870895248, 3.9314871245782506, -4.302251021863057, -2.867097013104344, -3.0269521212209414, -0.4147388911495065, -3.222689128852876, -3.940029317116878, 6.681601119934797, 2.487374616526839, 6.840160180407137, 4.266427601768908, 1.8025245182214873, 3.9130261186982462, -2.6069873281500135, 4.390307293708112, -3.5200198182940707, 0.6683604418688022, 0.8568857254090408, 0.22067853155075517], Energy: -41.34681658251635
Eval count: 680, θ = [0.8935933082979515, -6.374586873298791, -6.91931617074215, 0.28467070263786187, 5.083437457199705, 6.111588870895248, 3.9314871245782506, -4.302251021863057, -2.867097013104344, -3.0269521212209414, -0.4147389060506677, -3.2226891139517146, -3.940029317116878, 6.681601119934797, 2.487374616526839, 6.840160180407137, 4.266427601768908, 1.8025245182214873, 3.9130261186982462, -2.6069873281500135, 4.390307293708112, -3.5200198182940707, 0.6683604418688022, 0.8568857254090408, 0.22067853155075517], Energy: -41.346816582827
Eval count: 681, θ = [0.8935933082979515, -6.374586873298791, -6.91931617074215, 0.28467070263786187, 5.083437457199705, 6.111588870895248, 3.9314871245782506, -4.302251021863057, -2.867097013104344, -3.0269521212209414, -0.4147389060506677, -3.222689128852876, -3.940029302215717, 6.681601119934797, 2.487374616526839, 6.840160180407137, 4.266427601768908, 1.8025245182214873, 3.9130261186982462, -2.6069873281500135, 4.390307293708112, -3.5200198182940707, 0.6683604418688022, 0.8568857254090408, 0.22067853155075517], Energy: -41.34681657473086
Eval count: 682, θ = [0.8935933082979515, -6.374586873298791, -6.91931617074215, 0.28467070263786187, 5.083437457199705, 6.111588870895248, 3.9314871245782506, -4.302251021863057, -2.867097013104344, -3.0269521212209414, -0.4147389060506677, -3.222689128852876, -3.940029317116878, 6.681601134835958, 2.487374616526839, 6.840160180407137, 4.266427601768908, 1.8025245182214873, 3.9130261186982462, -2.6069873281500135, 4.390307293708112, -3.5200198182940707, 0.6683604418688022, 0.8568857254090408, 0.22067853155075517], Energy: -41.34681656799062
Eval count: 683, θ = [0.8935933082979515, -6.374586873298791, -6.91931617074215, 0.28467070263786187, 5.083437457199705, 6.111588870895248, 3.9314871245782506, -4.302251021863057, -2.867097013104344, -3.0269521212209414, -0.4147389060506677, -3.222689128852876, -3.940029317116878, 6.681601119934797, 2.487374631428, 6.840160180407137, 4.266427601768908, 1.8025245182214873, 3.9130261186982462, -2.6069873281500135, 4.390307293708112, -3.5200198182940707, 0.6683604418688022, 0.8568857254090408, 0.22067853155075517], Energy: -41.3468165816783
Eval count: 684, θ = [0.8935933082979515, -6.374586873298791, -6.91931617074215, 0.28467070263786187, 5.083437457199705, 6.111588870895248, 3.9314871245782506, -4.302251021863057, -2.867097013104344, -3.0269521212209414, -0.4147389060506677, -3.222689128852876, -3.940029317116878, 6.681601119934797, 2.487374616526839, 6.840160195308298, 4.266427601768908, 1.8025245182214873, 3.9130261186982462, -2.6069873281500135, 4.390307293708112, -3.5200198182940707, 0.6683604418688022, 0.8568857254090408, 0.22067853155075517], Energy: -41.34681658519141
Eval count: 685, θ = [0.8935933082979515, -6.374586873298791, -6.91931617074215, 0.28467070263786187, 5.083437457199705, 6.111588870895248, 3.9314871245782506, -4.302251021863057, -2.867097013104344, -3.0269521212209414, -0.4147389060506677, -3.222689128852876, -3.940029317116878, 6.681601119934797, 2.487374616526839, 6.840160180407137, 4.266427616670069, 1.8025245182214873, 3.9130261186982462, -2.6069873281500135, 4.390307293708112, -3.5200198182940707, 0.6683604418688022, 0.8568857254090408, 0.22067853155075517], Energy: -41.346816582136526
Eval count: 686, θ = [0.8935933082979515, -6.374586873298791, -6.91931617074215, 0.28467070263786187, 5.083437457199705, 6.111588870895248, 3.9314871245782506, -4.302251021863057, -2.867097013104344, -3.0269521212209414, -0.4147389060506677, -3.222689128852876, -3.940029317116878, 6.681601119934797, 2.487374616526839, 6.840160180407137, 4.266427601768908, 1.8025245331226485, 3.9130261186982462, -2.6069873281500135, 4.390307293708112, -3.5200198182940707, 0.6683604418688022, 0.8568857254090408, 0.22067853155075517], Energy: -41.346816584123054
Eval count: 687, θ = [0.8935933082979515, -6.374586873298791, -6.91931617074215, 0.28467070263786187, 5.083437457199705, 6.111588870895248, 3.9314871245782506, -4.302251021863057, -2.867097013104344, -3.0269521212209414, -0.4147389060506677, -3.222689128852876, -3.940029317116878, 6.681601119934797, 2.487374616526839, 6.840160180407137, 4.266427601768908, 1.8025245182214873, 3.9130261335994074, -2.6069873281500135, 4.390307293708112, -3.5200198182940707, 0.6683604418688022, 0.8568857254090408, 0.22067853155075517], Energy: -41.346816581259475
Eval count: 688, θ = [0.8935933082979515, -6.374586873298791, -6.91931617074215, 0.28467070263786187, 5.083437457199705, 6.111588870895248, 3.9314871245782506, -4.302251021863057, -2.867097013104344, -3.0269521212209414, -0.4147389060506677, -3.222689128852876, -3.940029317116878, 6.681601119934797, 2.487374616526839, 6.840160180407137, 4.266427601768908, 1.8025245182214873, 3.9130261186982462, -2.6069873132488524, 4.390307293708112, -3.5200198182940707, 0.6683604418688022, 0.8568857254090408, 0.22067853155075517], Energy: -41.346816580940825
Eval count: 689, θ = [0.8935933082979515, -6.374586873298791, -6.91931617074215, 0.28467070263786187, 5.083437457199705, 6.111588870895248, 3.9314871245782506, -4.302251021863057, -2.867097013104344, -3.0269521212209414, -0.4147389060506677, -3.222689128852876, -3.940029317116878, 6.681601119934797, 2.487374616526839, 6.840160180407137, 4.266427601768908, 1.8025245182214873, 3.9130261186982462, -2.6069873281500135, 4.390307308609273, -3.5200198182940707, 0.6683604418688022, 0.8568857254090408, 0.22067853155075517], Energy: -41.34681657181585
Eval count: 690, θ = [0.8935933082979515, -6.374586873298791, -6.91931617074215, 0.28467070263786187, 5.083437457199705, 6.111588870895248, 3.9314871245782506, -4.302251021863057, -2.867097013104344, -3.0269521212209414, -0.4147389060506677, -3.222689128852876, -3.940029317116878, 6.681601119934797, 2.487374616526839, 6.840160180407137, 4.266427601768908, 1.8025245182214873, 3.9130261186982462, -2.6069873281500135, 4.390307293708112, -3.5200198033929095, 0.6683604418688022, 0.8568857254090408, 0.22067853155075517], Energy: -41.346816587331176
Eval count: 691, θ = [0.8935933082979515, -6.374586873298791, -6.91931617074215, 0.28467070263786187, 5.083437457199705, 6.111588870895248, 3.9314871245782506, -4.302251021863057, -2.867097013104344, -3.0269521212209414, -0.4147389060506677, -3.222689128852876, -3.940029317116878, 6.681601119934797, 2.487374616526839, 6.840160180407137, 4.266427601768908, 1.8025245182214873, 3.9130261186982462, -2.6069873281500135, 4.390307293708112, -3.5200198182940707, 0.6683604567699634, 0.8568857254090408, 0.22067853155075517], Energy: -41.34681658150833
Eval count: 692, θ = [0.8935933082979515, -6.374586873298791, -6.91931617074215, 0.28467070263786187, 5.083437457199705, 6.111588870895248, 3.9314871245782506, -4.302251021863057, -2.867097013104344, -3.0269521212209414, -0.4147389060506677, -3.222689128852876, -3.940029317116878, 6.681601119934797, 2.487374616526839, 6.840160180407137, 4.266427601768908, 1.8025245182214873, 3.9130261186982462, -2.6069873281500135, 4.390307293708112, -3.5200198182940707, 0.6683604418688022, 0.856885740310202, 0.22067853155075517], Energy: -41.34681658396908
Eval count: 693, θ = [0.8935933082979515, -6.374586873298791, -6.91931617074215, 0.28467070263786187, 5.083437457199705, 6.111588870895248, 3.9314871245782506, -4.302251021863057, -2.867097013104344, -3.0269521212209414, -0.4147389060506677, -3.222689128852876, -3.940029317116878, 6.681601119934797, 2.487374616526839, 6.840160180407137, 4.266427601768908, 1.8025245182214873, 3.9130261186982462, -2.6069873281500135, 4.390307293708112, -3.5200198182940707, 0.6683604418688022, 0.8568857254090408, 0.22067854645191637], Energy: -41.34681658077193
Eval count: 694, θ = [0.8854451854568439, -6.356639790809909, -6.884225431236685, 0.20360256759384243, 5.096623757709822, 6.108121246590848, 3.7415506084828065, -4.347586652450155, -2.8461364515762524, -3.010635189759349, -0.4041988230491501, -3.077972097967791, -4.049074756248354, 6.628094652503114, 2.6711459857741002, 6.909053434013677, 4.247401694666385, 1.7862267875559183, 3.935475109429206, -2.7258297596457965, 4.427997120497908, -3.4959036288562593, 0.6061941361628655, 0.861604251990491, 0.3273218034710524], Energy: -41.12633172301715
Eval count: 695, θ = [0.8910042694732605, -6.368884247766537, -6.90816620543868, 0.2589115734289395, 5.087627360155328, 6.110487044851555, 3.8711354308216537, -4.316656267098153, -2.8604368646699374, -3.0217674707342357, -0.4113898298721984, -3.1767057755257477, -3.9746781412782597, 6.664599618576251, 2.5457673554589775, 6.862050781693454, 4.260382183318061, 1.7973459687236033, 3.920159210541727, -2.6447491139212063, 4.402283110317352, -3.512356979628569, 0.6486073058153939, 0.8583850214742742, 0.2545640751020599], Energy: -41.404983969417444
Eval count: 696, θ = [0.8910042843744217, -6.368884247766537, -6.90816620543868, 0.2589115734289395, 5.087627360155328, 6.110487044851555, 3.8711354308216537, -4.316656267098153, -2.8604368646699374, -3.0217674707342357, -0.4113898298721984, -3.1767057755257477, -3.9746781412782597, 6.664599618576251, 2.5457673554589775, 6.862050781693454, 4.260382183318061, 1.7973459687236033, 3.920159210541727, -2.6447491139212063, 4.402283110317352, -3.512356979628569, 0.6486073058153939, 0.8583850214742742, 0.2545640751020599], Energy: -41.40498396466743
Eval count: 697, θ = [0.8910042694732605, -6.368884232865375, -6.90816620543868, 0.2589115734289395, 5.087627360155328, 6.110487044851555, 3.8711354308216537, -4.316656267098153, -2.8604368646699374, -3.0217674707342357, -0.4113898298721984, -3.1767057755257477, -3.9746781412782597, 6.664599618576251, 2.5457673554589775, 6.862050781693454, 4.260382183318061, 1.7973459687236033, 3.920159210541727, -2.6447491139212063, 4.402283110317352, -3.512356979628569, 0.6486073058153939, 0.8583850214742742, 0.2545640751020599], Energy: -41.4049839711307
Eval count: 698, θ = [0.8910042694732605, -6.368884247766537, -6.908166190537519, 0.2589115734289395, 5.087627360155328, 6.110487044851555, 3.8711354308216537, -4.316656267098153, -2.8604368646699374, -3.0217674707342357, -0.4113898298721984, -3.1767057755257477, -3.9746781412782597, 6.664599618576251, 2.5457673554589775, 6.862050781693454, 4.260382183318061, 1.7973459687236033, 3.920159210541727, -2.6447491139212063, 4.402283110317352, -3.512356979628569, 0.6486073058153939, 0.8583850214742742, 0.2545640751020599], Energy: -41.40498396617293
Eval count: 699, θ = [0.8910042694732605, -6.368884247766537, -6.90816620543868, 0.2589115883301007, 5.087627360155328, 6.110487044851555, 3.8711354308216537, -4.316656267098153, -2.8604368646699374, -3.0217674707342357, -0.4113898298721984, -3.1767057755257477, -3.9746781412782597, 6.664599618576251, 2.5457673554589775, 6.862050781693454, 4.260382183318061, 1.7973459687236033, 3.920159210541727, -2.6447491139212063, 4.402283110317352, -3.512356979628569, 0.6486073058153939, 0.8583850214742742, 0.2545640751020599], Energy: -41.40498396697426
Eval count: 700, θ = [0.8910042694732605, -6.368884247766537, -6.90816620543868, 0.2589115734289395, 5.087627375056489, 6.110487044851555, 3.8711354308216537, -4.316656267098153, -2.8604368646699374, -3.0217674707342357, -0.4113898298721984, -3.1767057755257477, -3.9746781412782597, 6.664599618576251, 2.5457673554589775, 6.862050781693454, 4.260382183318061, 1.7973459687236033, 3.920159210541727, -2.6447491139212063, 4.402283110317352, -3.512356979628569, 0.6486073058153939, 0.8583850214742742, 0.2545640751020599], Energy: -41.40498403071521
Eval count: 701, θ = [0.8910042694732605, -6.368884247766537, -6.90816620543868, 0.2589115734289395, 5.087627360155328, 6.1104870597527166, 3.8711354308216537, -4.316656267098153, -2.8604368646699374, -3.0217674707342357, -0.4113898298721984, -3.1767057755257477, -3.9746781412782597, 6.664599618576251, 2.5457673554589775, 6.862050781693454, 4.260382183318061, 1.7973459687236033, 3.920159210541727, -2.6447491139212063, 4.402283110317352, -3.512356979628569, 0.6486073058153939, 0.8583850214742742, 0.2545640751020599], Energy: -41.404983958181475
Eval count: 702, θ = [0.8910042694732605, -6.368884247766537, -6.90816620543868, 0.2589115734289395, 5.087627360155328, 6.110487044851555, 3.871135445722815, -4.316656267098153, -2.8604368646699374, -3.0217674707342357, -0.4113898298721984, -3.1767057755257477, -3.9746781412782597, 6.664599618576251, 2.5457673554589775, 6.862050781693454, 4.260382183318061, 1.7973459687236033, 3.920159210541727, -2.6447491139212063, 4.402283110317352, -3.512356979628569, 0.6486073058153939, 0.8583850214742742, 0.2545640751020599], Energy: -41.40498396575558
Eval count: 703, θ = [0.8910042694732605, -6.368884247766537, -6.90816620543868, 0.2589115734289395, 5.087627360155328, 6.110487044851555, 3.8711354308216537, -4.316656252196992, -2.8604368646699374, -3.0217674707342357, -0.4113898298721984, -3.1767057755257477, -3.9746781412782597, 6.664599618576251, 2.5457673554589775, 6.862050781693454, 4.260382183318061, 1.7973459687236033, 3.920159210541727, -2.6447491139212063, 4.402283110317352, -3.512356979628569, 0.6486073058153939, 0.8583850214742742, 0.2545640751020599], Energy: -41.4049839722346
Eval count: 704, θ = [0.8910042694732605, -6.368884247766537, -6.90816620543868, 0.2589115734289395, 5.087627360155328, 6.110487044851555, 3.8711354308216537, -4.316656267098153, -2.860436849768776, -3.0217674707342357, -0.4113898298721984, -3.1767057755257477, -3.9746781412782597, 6.664599618576251, 2.5457673554589775, 6.862050781693454, 4.260382183318061, 1.7973459687236033, 3.920159210541727, -2.6447491139212063, 4.402283110317352, -3.512356979628569, 0.6486073058153939, 0.8583850214742742, 0.2545640751020599], Energy: -41.40498397908939
Eval count: 705, θ = [0.8910042694732605, -6.368884247766537, -6.90816620543868, 0.2589115734289395, 5.087627360155328, 6.110487044851555, 3.8711354308216537, -4.316656267098153, -2.8604368646699374, -3.0217674558330745, -0.4113898298721984, -3.1767057755257477, -3.9746781412782597, 6.664599618576251, 2.5457673554589775, 6.862050781693454, 4.260382183318061, 1.7973459687236033, 3.920159210541727, -2.6447491139212063, 4.402283110317352, -3.512356979628569, 0.6486073058153939, 0.8583850214742742, 0.2545640751020599], Energy: -41.404983973718686
Eval count: 706, θ = [0.8910042694732605, -6.368884247766537, -6.90816620543868, 0.2589115734289395, 5.087627360155328, 6.110487044851555, 3.8711354308216537, -4.316656267098153, -2.8604368646699374, -3.0217674707342357, -0.4113898149710372, -3.1767057755257477, -3.9746781412782597, 6.664599618576251, 2.5457673554589775, 6.862050781693454, 4.260382183318061, 1.7973459687236033, 3.920159210541727, -2.6447491139212063, 4.402283110317352, -3.512356979628569, 0.6486073058153939, 0.8583850214742742, 0.2545640751020599], Energy: -41.404983969607756
Eval count: 707, θ = [0.8910042694732605, -6.368884247766537, -6.90816620543868, 0.2589115734289395, 5.087627360155328, 6.110487044851555, 3.8711354308216537, -4.316656267098153, -2.8604368646699374, -3.0217674707342357, -0.4113898298721984, -3.1767057606245865, -3.9746781412782597, 6.664599618576251, 2.5457673554589775, 6.862050781693454, 4.260382183318061, 1.7973459687236033, 3.920159210541727, -2.6447491139212063, 4.402283110317352, -3.512356979628569, 0.6486073058153939, 0.8583850214742742, 0.2545640751020599], Energy: -41.404983970776414
Eval count: 708, θ = [0.8910042694732605, -6.368884247766537, -6.90816620543868, 0.2589115734289395, 5.087627360155328, 6.110487044851555, 3.8711354308216537, -4.316656267098153, -2.8604368646699374, -3.0217674707342357, -0.4113898298721984, -3.1767057755257477, -3.9746781263770985, 6.664599618576251, 2.5457673554589775, 6.862050781693454, 4.260382183318061, 1.7973459687236033, 3.920159210541727, -2.6447491139212063, 4.402283110317352, -3.512356979628569, 0.6486073058153939, 0.8583850214742742, 0.2545640751020599], Energy: -41.404983969849326
Eval count: 709, θ = [0.8910042694732605, -6.368884247766537, -6.90816620543868, 0.2589115734289395, 5.087627360155328, 6.110487044851555, 3.8711354308216537, -4.316656267098153, -2.8604368646699374, -3.0217674707342357, -0.4113898298721984, -3.1767057755257477, -3.9746781412782597, 6.664599633477412, 2.5457673554589775, 6.862050781693454, 4.260382183318061, 1.7973459687236033, 3.920159210541727, -2.6447491139212063, 4.402283110317352, -3.512356979628569, 0.6486073058153939, 0.8583850214742742, 0.2545640751020599], Energy: -41.40498395887872
Eval count: 710, θ = [0.8910042694732605, -6.368884247766537, -6.90816620543868, 0.2589115734289395, 5.087627360155328, 6.110487044851555, 3.8711354308216537, -4.316656267098153, -2.8604368646699374, -3.0217674707342357, -0.4113898298721984, -3.1767057755257477, -3.9746781412782597, 6.664599618576251, 2.5457673703601387, 6.862050781693454, 4.260382183318061, 1.7973459687236033, 3.920159210541727, -2.6447491139212063, 4.402283110317352, -3.512356979628569, 0.6486073058153939, 0.8583850214742742, 0.2545640751020599], Energy: -41.404983959338345
Eval count: 711, θ = [0.8910042694732605, -6.368884247766537, -6.90816620543868, 0.2589115734289395, 5.087627360155328, 6.110487044851555, 3.8711354308216537, -4.316656267098153, -2.8604368646699374, -3.0217674707342357, -0.4113898298721984, -3.1767057755257477, -3.9746781412782597, 6.664599618576251, 2.5457673554589775, 6.862050796594615, 4.260382183318061, 1.7973459687236033, 3.920159210541727, -2.6447491139212063, 4.402283110317352, -3.512356979628569, 0.6486073058153939, 0.8583850214742742, 0.2545640751020599], Energy: -41.40498396747965
Eval count: 712, θ = [0.8910042694732605, -6.368884247766537, -6.90816620543868, 0.2589115734289395, 5.087627360155328, 6.110487044851555, 3.8711354308216537, -4.316656267098153, -2.8604368646699374, -3.0217674707342357, -0.4113898298721984, -3.1767057755257477, -3.9746781412782597, 6.664599618576251, 2.5457673554589775, 6.862050781693454, 4.260382198219222, 1.7973459687236033, 3.920159210541727, -2.6447491139212063, 4.402283110317352, -3.512356979628569, 0.6486073058153939, 0.8583850214742742, 0.2545640751020599], Energy: -41.40498397227751
Eval count: 713, θ = [0.8910042694732605, -6.368884247766537, -6.90816620543868, 0.2589115734289395, 5.087627360155328, 6.110487044851555, 3.8711354308216537, -4.316656267098153, -2.8604368646699374, -3.0217674707342357, -0.4113898298721984, -3.1767057755257477, -3.9746781412782597, 6.664599618576251, 2.5457673554589775, 6.862050781693454, 4.260382183318061, 1.7973459836247645, 3.920159210541727, -2.6447491139212063, 4.402283110317352, -3.512356979628569, 0.6486073058153939, 0.8583850214742742, 0.2545640751020599], Energy: -41.40498397345878
Eval count: 714, θ = [0.8910042694732605, -6.368884247766537, -6.90816620543868, 0.2589115734289395, 5.087627360155328, 6.110487044851555, 3.8711354308216537, -4.316656267098153, -2.8604368646699374, -3.0217674707342357, -0.4113898298721984, -3.1767057755257477, -3.9746781412782597, 6.664599618576251, 2.5457673554589775, 6.862050781693454, 4.260382183318061, 1.7973459687236033, 3.9201592254428883, -2.6447491139212063, 4.402283110317352, -3.512356979628569, 0.6486073058153939, 0.8583850214742742, 0.2545640751020599], Energy: -41.40498396978527
Eval count: 715, θ = [0.8910042694732605, -6.368884247766537, -6.90816620543868, 0.2589115734289395, 5.087627360155328, 6.110487044851555, 3.8711354308216537, -4.316656267098153, -2.8604368646699374, -3.0217674707342357, -0.4113898298721984, -3.1767057755257477, -3.9746781412782597, 6.664599618576251, 2.5457673554589775, 6.862050781693454, 4.260382183318061, 1.7973459687236033, 3.920159210541727, -2.644749099020045, 4.402283110317352, -3.512356979628569, 0.6486073058153939, 0.8583850214742742, 0.2545640751020599], Energy: -41.40498396904471
Eval count: 716, θ = [0.8910042694732605, -6.368884247766537, -6.90816620543868, 0.2589115734289395, 5.087627360155328, 6.110487044851555, 3.8711354308216537, -4.316656267098153, -2.8604368646699374, -3.0217674707342357, -0.4113898298721984, -3.1767057755257477, -3.9746781412782597, 6.664599618576251, 2.5457673554589775, 6.862050781693454, 4.260382183318061, 1.7973459687236033, 3.920159210541727, -2.6447491139212063, 4.4022831252185135, -3.512356979628569, 0.6486073058153939, 0.8583850214742742, 0.2545640751020599], Energy: -41.404983957020924
Eval count: 717, θ = [0.8910042694732605, -6.368884247766537, -6.90816620543868, 0.2589115734289395, 5.087627360155328, 6.110487044851555, 3.8711354308216537, -4.316656267098153, -2.8604368646699374, -3.0217674707342357, -0.4113898298721984, -3.1767057755257477, -3.9746781412782597, 6.664599618576251, 2.5457673554589775, 6.862050781693454, 4.260382183318061, 1.7973459687236033, 3.920159210541727, -2.6447491139212063, 4.402283110317352, -3.5123569647274078, 0.6486073058153939, 0.8583850214742742, 0.2545640751020599], Energy: -41.40498397403294
Eval count: 718, θ = [0.8910042694732605, -6.368884247766537, -6.90816620543868, 0.2589115734289395, 5.087627360155328, 6.110487044851555, 3.8711354308216537, -4.316656267098153, -2.8604368646699374, -3.0217674707342357, -0.4113898298721984, -3.1767057755257477, -3.9746781412782597, 6.664599618576251, 2.5457673554589775, 6.862050781693454, 4.260382183318061, 1.7973459687236033, 3.920159210541727, -2.6447491139212063, 4.402283110317352, -3.512356979628569, 0.6486073207165551, 0.8583850214742742, 0.2545640751020599], Energy: -41.4049839703606
Eval count: 719, θ = [0.8910042694732605, -6.368884247766537, -6.90816620543868, 0.2589115734289395, 5.087627360155328, 6.110487044851555, 3.8711354308216537, -4.316656267098153, -2.8604368646699374, -3.0217674707342357, -0.4113898298721984, -3.1767057755257477, -3.9746781412782597, 6.664599618576251, 2.5457673554589775, 6.862050781693454, 4.260382183318061, 1.7973459687236033, 3.920159210541727, -2.6447491139212063, 4.402283110317352, -3.512356979628569, 0.6486073058153939, 0.8583850363754354, 0.2545640751020599], Energy: -41.40498397167223
Eval count: 720, θ = [0.8910042694732605, -6.368884247766537, -6.90816620543868, 0.2589115734289395, 5.087627360155328, 6.110487044851555, 3.8711354308216537, -4.316656267098153, -2.8604368646699374, -3.0217674707342357, -0.4113898298721984, -3.1767057755257477, -3.9746781412782597, 6.664599618576251, 2.5457673554589775, 6.862050781693454, 4.260382183318061, 1.7973459687236033, 3.920159210541727, -2.6447491139212063, 4.402283110317352, -3.512356979628569, 0.6486073058153939, 0.8583850214742742, 0.2545640900032211], Energy: -41.40498396635736
Eval count: 721, θ = [0.8878950140517218, -6.361827139458345, -6.939517284586387, 0.23130633668664055, 5.105363209193722, 6.107524287028122, 3.7197860898490904, -4.370305786293271, -2.8304604707255985, -3.019525121112362, -0.39216338441840654, -2.9682872899121646, -4.017364991491519, 6.610517044390504, 2.2770591158792164, 6.92816340213041, 4.258846737737882, 1.9651475437561083, 3.869472460042463, -2.7286026881092402, 4.322967361560191, -3.4003442210453834, 0.6686242047580367, 1.0169966776861217, 0.29202388190272366], Energy: -40.38079820992388
Eval count: 722, θ = [0.8904746212336219, -6.367682099828969, -6.913506726441338, 0.254209140510729, 5.090648585480404, 6.109982351845382, 3.845353723901955, -4.325795231109381, -2.855330515357703, -3.021385496155482, -0.4081146878820718, -3.1412025861612767, -3.9819496619499146, 6.6553868855166955, 2.4999940667532843, 6.873312781202972, 4.2601206267913865, 1.8259302426976545, 3.911524941388743, -2.659033208321571, 4.388772014891147, -3.4932760897185022, 0.6520170981452726, 0.885403832446455, 0.26094519149144885], Energy: -41.45334599742142
Eval count: 723, θ = [0.8904746361347831, -6.367682099828969, -6.913506726441338, 0.254209140510729, 5.090648585480404, 6.109982351845382, 3.845353723901955, -4.325795231109381, -2.855330515357703, -3.021385496155482, -0.4081146878820718, -3.1412025861612767, -3.9819496619499146, 6.6553868855166955, 2.4999940667532843, 6.873312781202972, 4.2601206267913865, 1.8259302426976545, 3.911524941388743, -2.659033208321571, 4.388772014891147, -3.4932760897185022, 0.6520170981452726, 0.885403832446455, 0.26094519149144885], Energy: -41.45334599425832
Eval count: 724, θ = [0.8904746212336219, -6.367682084927808, -6.913506726441338, 0.254209140510729, 5.090648585480404, 6.109982351845382, 3.845353723901955, -4.325795231109381, -2.855330515357703, -3.021385496155482, -0.4081146878820718, -3.1412025861612767, -3.9819496619499146, 6.6553868855166955, 2.4999940667532843, 6.873312781202972, 4.2601206267913865, 1.8259302426976545, 3.911524941388743, -2.659033208321571, 4.388772014891147, -3.4932760897185022, 0.6520170981452726, 0.885403832446455, 0.26094519149144885], Energy: -41.45334599360855
Eval count: 725, θ = [0.8904746212336219, -6.367682099828969, -6.913506711540177, 0.254209140510729, 5.090648585480404, 6.109982351845382, 3.845353723901955, -4.325795231109381, -2.855330515357703, -3.021385496155482, -0.4081146878820718, -3.1412025861612767, -3.9819496619499146, 6.6553868855166955, 2.4999940667532843, 6.873312781202972, 4.2601206267913865, 1.8259302426976545, 3.911524941388743, -2.659033208321571, 4.388772014891147, -3.4932760897185022, 0.6520170981452726, 0.885403832446455, 0.26094519149144885], Energy: -41.453345994169524
Eval count: 726, θ = [0.8904746212336219, -6.367682099828969, -6.913506726441338, 0.2542091554118902, 5.090648585480404, 6.109982351845382, 3.845353723901955, -4.325795231109381, -2.855330515357703, -3.021385496155482, -0.4081146878820718, -3.1412025861612767, -3.9819496619499146, 6.6553868855166955, 2.4999940667532843, 6.873312781202972, 4.2601206267913865, 1.8259302426976545, 3.911524941388743, -2.659033208321571, 4.388772014891147, -3.4932760897185022, 0.6520170981452726, 0.885403832446455, 0.26094519149144885], Energy: -41.4533459949829
Eval count: 727, θ = [0.8904746212336219, -6.367682099828969, -6.913506726441338, 0.254209140510729, 5.090648600381566, 6.109982351845382, 3.845353723901955, -4.325795231109381, -2.855330515357703, -3.021385496155482, -0.4081146878820718, -3.1412025861612767, -3.9819496619499146, 6.6553868855166955, 2.4999940667532843, 6.873312781202972, 4.2601206267913865, 1.8259302426976545, 3.911524941388743, -2.659033208321571, 4.388772014891147, -3.4932760897185022, 0.6520170981452726, 0.885403832446455, 0.26094519149144885], Energy: -41.45334603394934
Eval count: 728, θ = [0.8904746212336219, -6.367682099828969, -6.913506726441338, 0.254209140510729, 5.090648585480404, 6.109982366746543, 3.845353723901955, -4.325795231109381, -2.855330515357703, -3.021385496155482, -0.4081146878820718, -3.1412025861612767, -3.9819496619499146, 6.6553868855166955, 2.4999940667532843, 6.873312781202972, 4.2601206267913865, 1.8259302426976545, 3.911524941388743, -2.659033208321571, 4.388772014891147, -3.4932760897185022, 0.6520170981452726, 0.885403832446455, 0.26094519149144885], Energy: -41.45334598476813
Eval count: 729, θ = [0.8904746212336219, -6.367682099828969, -6.913506726441338, 0.254209140510729, 5.090648585480404, 6.109982351845382, 3.8453537388031163, -4.325795231109381, -2.855330515357703, -3.021385496155482, -0.4081146878820718, -3.1412025861612767, -3.9819496619499146, 6.6553868855166955, 2.4999940667532843, 6.873312781202972, 4.2601206267913865, 1.8259302426976545, 3.911524941388743, -2.659033208321571, 4.388772014891147, -3.4932760897185022, 0.6520170981452726, 0.885403832446455, 0.26094519149144885], Energy: -41.45334599976721
Eval count: 730, θ = [0.8904746212336219, -6.367682099828969, -6.913506726441338, 0.254209140510729, 5.090648585480404, 6.109982351845382, 3.845353723901955, -4.32579521620822, -2.855330515357703, -3.021385496155482, -0.4081146878820718, -3.1412025861612767, -3.9819496619499146, 6.6553868855166955, 2.4999940667532843, 6.873312781202972, 4.2601206267913865, 1.8259302426976545, 3.911524941388743, -2.659033208321571, 4.388772014891147, -3.4932760897185022, 0.6520170981452726, 0.885403832446455, 0.26094519149144885], Energy: -41.453346000667885
Eval count: 731, θ = [0.8904746212336219, -6.367682099828969, -6.913506726441338, 0.254209140510729, 5.090648585480404, 6.109982351845382, 3.845353723901955, -4.325795231109381, -2.855330500456542, -3.021385496155482, -0.4081146878820718, -3.1412025861612767, -3.9819496619499146, 6.6553868855166955, 2.4999940667532843, 6.873312781202972, 4.2601206267913865, 1.8259302426976545, 3.911524941388743, -2.659033208321571, 4.388772014891147, -3.4932760897185022, 0.6520170981452726, 0.885403832446455, 0.26094519149144885], Energy: -41.45334600526529
Eval count: 732, θ = [0.8904746212336219, -6.367682099828969, -6.913506726441338, 0.254209140510729, 5.090648585480404, 6.109982351845382, 3.845353723901955, -4.325795231109381, -2.855330515357703, -3.021385481254321, -0.4081146878820718, -3.1412025861612767, -3.9819496619499146, 6.6553868855166955, 2.4999940667532843, 6.873312781202972, 4.2601206267913865, 1.8259302426976545, 3.911524941388743, -2.659033208321571, 4.388772014891147, -3.4932760897185022, 0.6520170981452726, 0.885403832446455, 0.26094519149144885], Energy: -41.45334600056773
Eval count: 733, θ = [0.8904746212336219, -6.367682099828969, -6.913506726441338, 0.254209140510729, 5.090648585480404, 6.109982351845382, 3.845353723901955, -4.325795231109381, -2.855330515357703, -3.021385496155482, -0.4081146729809106, -3.1412025861612767, -3.9819496619499146, 6.6553868855166955, 2.4999940667532843, 6.873312781202972, 4.2601206267913865, 1.8259302426976545, 3.911524941388743, -2.659033208321571, 4.388772014891147, -3.4932760897185022, 0.6520170981452726, 0.885403832446455, 0.26094519149144885], Energy: -41.45334599720457
Eval count: 734, θ = [0.8904746212336219, -6.367682099828969, -6.913506726441338, 0.254209140510729, 5.090648585480404, 6.109982351845382, 3.845353723901955, -4.325795231109381, -2.855330515357703, -3.021385496155482, -0.4081146878820718, -3.1412025712601155, -3.9819496619499146, 6.6553868855166955, 2.4999940667532843, 6.873312781202972, 4.2601206267913865, 1.8259302426976545, 3.911524941388743, -2.659033208321571, 4.388772014891147, -3.4932760897185022, 0.6520170981452726, 0.885403832446455, 0.26094519149144885], Energy: -41.45334599838662
Eval count: 735, θ = [0.8904746212336219, -6.367682099828969, -6.913506726441338, 0.254209140510729, 5.090648585480404, 6.109982351845382, 3.845353723901955, -4.325795231109381, -2.855330515357703, -3.021385496155482, -0.4081146878820718, -3.1412025861612767, -3.9819496470487534, 6.6553868855166955, 2.4999940667532843, 6.873312781202972, 4.2601206267913865, 1.8259302426976545, 3.911524941388743, -2.659033208321571, 4.388772014891147, -3.4932760897185022, 0.6520170981452726, 0.885403832446455, 0.26094519149144885], Energy: -41.45334599938229
Eval count: 736, θ = [0.8904746212336219, -6.367682099828969, -6.913506726441338, 0.254209140510729, 5.090648585480404, 6.109982351845382, 3.845353723901955, -4.325795231109381, -2.855330515357703, -3.021385496155482, -0.4081146878820718, -3.1412025861612767, -3.9819496619499146, 6.655386900417857, 2.4999940667532843, 6.873312781202972, 4.2601206267913865, 1.8259302426976545, 3.911524941388743, -2.659033208321571, 4.388772014891147, -3.4932760897185022, 0.6520170981452726, 0.885403832446455, 0.26094519149144885], Energy: -41.453345994231626
Eval count: 737, θ = [0.8904746212336219, -6.367682099828969, -6.913506726441338, 0.254209140510729, 5.090648585480404, 6.109982351845382, 3.845353723901955, -4.325795231109381, -2.855330515357703, -3.021385496155482, -0.4081146878820718, -3.1412025861612767, -3.9819496619499146, 6.6553868855166955, 2.4999940816544455, 6.873312781202972, 4.2601206267913865, 1.8259302426976545, 3.911524941388743, -2.659033208321571, 4.388772014891147, -3.4932760897185022, 0.6520170981452726, 0.885403832446455, 0.26094519149144885], Energy: -41.453345998004785
Eval count: 738, θ = [0.8904746212336219, -6.367682099828969, -6.913506726441338, 0.254209140510729, 5.090648585480404, 6.109982351845382, 3.845353723901955, -4.325795231109381, -2.855330515357703, -3.021385496155482, -0.4081146878820718, -3.1412025861612767, -3.9819496619499146, 6.6553868855166955, 2.4999940667532843, 6.873312796104133, 4.2601206267913865, 1.8259302426976545, 3.911524941388743, -2.659033208321571, 4.388772014891147, -3.4932760897185022, 0.6520170981452726, 0.885403832446455, 0.26094519149144885], Energy: -41.453345994633594
Eval count: 739, θ = [0.8904746212336219, -6.367682099828969, -6.913506726441338, 0.254209140510729, 5.090648585480404, 6.109982351845382, 3.845353723901955, -4.325795231109381, -2.855330515357703, -3.021385496155482, -0.4081146878820718, -3.1412025861612767, -3.9819496619499146, 6.6553868855166955, 2.4999940667532843, 6.873312781202972, 4.260120641692548, 1.8259302426976545, 3.911524941388743, -2.659033208321571, 4.388772014891147, -3.4932760897185022, 0.6520170981452726, 0.885403832446455, 0.26094519149144885], Energy: -41.453346001648654
Eval count: 740, θ = [0.8904746212336219, -6.367682099828969, -6.913506726441338, 0.254209140510729, 5.090648585480404, 6.109982351845382, 3.845353723901955, -4.325795231109381, -2.855330515357703, -3.021385496155482, -0.4081146878820718, -3.1412025861612767, -3.9819496619499146, 6.6553868855166955, 2.4999940667532843, 6.873312781202972, 4.2601206267913865, 1.8259302575988157, 3.911524941388743, -2.659033208321571, 4.388772014891147, -3.4932760897185022, 0.6520170981452726, 0.885403832446455, 0.26094519149144885], Energy: -41.45334599520328
Eval count: 741, θ = [0.8904746212336219, -6.367682099828969, -6.913506726441338, 0.254209140510729, 5.090648585480404, 6.109982351845382, 3.845353723901955, -4.325795231109381, -2.855330515357703, -3.021385496155482, -0.4081146878820718, -3.1412025861612767, -3.9819496619499146, 6.6553868855166955, 2.4999940667532843, 6.873312781202972, 4.2601206267913865, 1.8259302426976545, 3.911524956289904, -2.659033208321571, 4.388772014891147, -3.4932760897185022, 0.6520170981452726, 0.885403832446455, 0.26094519149144885], Energy: -41.453345999400284
Eval count: 742, θ = [0.8904746212336219, -6.367682099828969, -6.913506726441338, 0.254209140510729, 5.090648585480404, 6.109982351845382, 3.845353723901955, -4.325795231109381, -2.855330515357703, -3.021385496155482, -0.4081146878820718, -3.1412025861612767, -3.9819496619499146, 6.6553868855166955, 2.4999940667532843, 6.873312781202972, 4.2601206267913865, 1.8259302426976545, 3.911524941388743, -2.65903319342041, 4.388772014891147, -3.4932760897185022, 0.6520170981452726, 0.885403832446455, 0.26094519149144885], Energy: -41.453345997155616
Eval count: 743, θ = [0.8904746212336219, -6.367682099828969, -6.913506726441338, 0.254209140510729, 5.090648585480404, 6.109982351845382, 3.845353723901955, -4.325795231109381, -2.855330515357703, -3.021385496155482, -0.4081146878820718, -3.1412025861612767, -3.9819496619499146, 6.6553868855166955, 2.4999940667532843, 6.873312781202972, 4.2601206267913865, 1.8259302426976545, 3.911524941388743, -2.659033208321571, 4.3887720297923085, -3.4932760897185022, 0.6520170981452726, 0.885403832446455, 0.26094519149144885], Energy: -41.45334599423313
Eval count: 744, θ = [0.8904746212336219, -6.367682099828969, -6.913506726441338, 0.254209140510729, 5.090648585480404, 6.109982351845382, 3.845353723901955, -4.325795231109381, -2.855330515357703, -3.021385496155482, -0.4081146878820718, -3.1412025861612767, -3.9819496619499146, 6.6553868855166955, 2.4999940667532843, 6.873312781202972, 4.2601206267913865, 1.8259302426976545, 3.911524941388743, -2.659033208321571, 4.388772014891147, -3.493276074817341, 0.6520170981452726, 0.885403832446455, 0.26094519149144885], Energy: -41.45334599908239
Eval count: 745, θ = [0.8904746212336219, -6.367682099828969, -6.913506726441338, 0.254209140510729, 5.090648585480404, 6.109982351845382, 3.845353723901955, -4.325795231109381, -2.855330515357703, -3.021385496155482, -0.4081146878820718, -3.1412025861612767, -3.9819496619499146, 6.6553868855166955, 2.4999940667532843, 6.873312781202972, 4.2601206267913865, 1.8259302426976545, 3.911524941388743, -2.659033208321571, 4.388772014891147, -3.4932760897185022, 0.6520171130464338, 0.885403832446455, 0.26094519149144885], Energy: -41.45334599889658
Eval count: 746, θ = [0.8904746212336219, -6.367682099828969, -6.913506726441338, 0.254209140510729, 5.090648585480404, 6.109982351845382, 3.845353723901955, -4.325795231109381, -2.855330515357703, -3.021385496155482, -0.4081146878820718, -3.1412025861612767, -3.9819496619499146, 6.6553868855166955, 2.4999940667532843, 6.873312781202972, 4.2601206267913865, 1.8259302426976545, 3.911524941388743, -2.659033208321571, 4.388772014891147, -3.4932760897185022, 0.6520170981452726, 0.8854038473476162, 0.26094519149144885], Energy: -41.45334599795592
Eval count: 747, θ = [0.8904746212336219, -6.367682099828969, -6.913506726441338, 0.254209140510729, 5.090648585480404, 6.109982351845382, 3.845353723901955, -4.325795231109381, -2.855330515357703, -3.021385496155482, -0.4081146878820718, -3.1412025861612767, -3.9819496619499146, 6.6553868855166955, 2.4999940667532843, 6.873312781202972, 4.2601206267913865, 1.8259302426976545, 3.911524941388743, -2.659033208321571, 4.388772014891147, -3.4932760897185022, 0.6520170981452726, 0.885403832446455, 0.26094520639261004], Energy: -41.45334599395294
Eval count: 748, θ = [0.869923179651677, -6.362692072899777, -6.92088858490808, 0.17448596104214079, 5.100788684139038, 6.107921166092493, 3.836883413321679, -4.319323201948041, -2.847987220221145, -3.0153345827049534, -0.432990735568511, -3.1500215082032663, -3.98920323535758, 6.616213783635444, 2.481528372050911, 6.846733557680265, 4.324795265166117, 1.7477384383520873, 4.016867845131353, -2.6600885518490807, 4.386118472789718, -3.4931295866526355, 0.77139570840904, 0.9371869389459926, 0.11098013793868289], Energy: -41.39396625011087
Eval count: 749, θ = [0.8830557352582524, -6.3658807448897505, -6.916171511100493, 0.22542978818583, 5.094309070095435, 6.1092382822863796, 3.842296017797959, -4.323458886664355, -2.8526796517146646, -3.019201170702822, -0.41709471785065955, -3.1443861378743923, -3.9845681368540165, 6.641245747290467, 2.4933281166832293, 6.863717920042378, 4.283467590832192, 1.7977037030490783, 3.9495527842563374, -2.659414177863986, 4.387814110006332, -3.4932232034264934, 0.6951117051057419, 0.9040970691733614, 0.2068091529969241], Energy: -41.480759579896514
Eval count: 750, θ = [0.8830557501594136, -6.3658807448897505, -6.916171511100493, 0.22542978818583, 5.094309070095435, 6.1092382822863796, 3.842296017797959, -4.323458886664355, -2.8526796517146646, -3.019201170702822, -0.41709471785065955, -3.1443861378743923, -3.9845681368540165, 6.641245747290467, 2.4933281166832293, 6.863717920042378, 4.283467590832192, 1.7977037030490783, 3.9495527842563374, -2.659414177863986, 4.387814110006332, -3.4932232034264934, 0.6951117051057419, 0.9040970691733614, 0.2068091529969241], Energy: -41.48075958264308
Eval count: 751, θ = [0.8830557352582524, -6.365880729988589, -6.916171511100493, 0.22542978818583, 5.094309070095435, 6.1092382822863796, 3.842296017797959, -4.323458886664355, -2.8526796517146646, -3.019201170702822, -0.41709471785065955, -3.1443861378743923, -3.9845681368540165, 6.641245747290467, 2.4933281166832293, 6.863717920042378, 4.283467590832192, 1.7977037030490783, 3.9495527842563374, -2.659414177863986, 4.387814110006332, -3.4932232034264934, 0.6951117051057419, 0.9040970691733614, 0.2068091529969241], Energy: -41.480759575014986
Eval count: 752, θ = [0.8830557352582524, -6.3658807448897505, -6.916171496199332, 0.22542978818583, 5.094309070095435, 6.1092382822863796, 3.842296017797959, -4.323458886664355, -2.8526796517146646, -3.019201170702822, -0.41709471785065955, -3.1443861378743923, -3.9845681368540165, 6.641245747290467, 2.4933281166832293, 6.863717920042378, 4.283467590832192, 1.7977037030490783, 3.9495527842563374, -2.659414177863986, 4.387814110006332, -3.4932232034264934, 0.6951117051057419, 0.9040970691733614, 0.2068091529969241], Energy: -41.48075957788909
Eval count: 753, θ = [0.8830557352582524, -6.3658807448897505, -6.916171511100493, 0.2254298030869912, 5.094309070095435, 6.1092382822863796, 3.842296017797959, -4.323458886664355, -2.8526796517146646, -3.019201170702822, -0.41709471785065955, -3.1443861378743923, -3.9845681368540165, 6.641245747290467, 2.4933281166832293, 6.863717920042378, 4.283467590832192, 1.7977037030490783, 3.9495527842563374, -2.659414177863986, 4.387814110006332, -3.4932232034264934, 0.6951117051057419, 0.9040970691733614, 0.2068091529969241], Energy: -41.480759578052215
Eval count: 754, θ = [0.8830557352582524, -6.3658807448897505, -6.916171511100493, 0.22542978818583, 5.094309084996596, 6.1092382822863796, 3.842296017797959, -4.323458886664355, -2.8526796517146646, -3.019201170702822, -0.41709471785065955, -3.1443861378743923, -3.9845681368540165, 6.641245747290467, 2.4933281166832293, 6.863717920042378, 4.283467590832192, 1.7977037030490783, 3.9495527842563374, -2.659414177863986, 4.387814110006332, -3.4932232034264934, 0.6951117051057419, 0.9040970691733614, 0.2068091529969241], Energy: -41.48075959866936
Eval count: 755, θ = [0.8830557352582524, -6.3658807448897505, -6.916171511100493, 0.22542978818583, 5.094309070095435, 6.109238297187541, 3.842296017797959, -4.323458886664355, -2.8526796517146646, -3.019201170702822, -0.41709471785065955, -3.1443861378743923, -3.9845681368540165, 6.641245747290467, 2.4933281166832293, 6.863717920042378, 4.283467590832192, 1.7977037030490783, 3.9495527842563374, -2.659414177863986, 4.387814110006332, -3.4932232034264934, 0.6951117051057419, 0.9040970691733614, 0.2068091529969241], Energy: -41.48075957140862
Eval count: 756, θ = [0.8830557352582524, -6.3658807448897505, -6.916171511100493, 0.22542978818583, 5.094309070095435, 6.1092382822863796, 3.84229603269912, -4.323458886664355, -2.8526796517146646, -3.019201170702822, -0.41709471785065955, -3.1443861378743923, -3.9845681368540165, 6.641245747290467, 2.4933281166832293, 6.863717920042378, 4.283467590832192, 1.7977037030490783, 3.9495527842563374, -2.659414177863986, 4.387814110006332, -3.4932232034264934, 0.6951117051057419, 0.9040970691733614, 0.2068091529969241], Energy: -41.48075958192099
Eval count: 757, θ = [0.8830557352582524, -6.3658807448897505, -6.916171511100493, 0.22542978818583, 5.094309070095435, 6.1092382822863796, 3.842296017797959, -4.323458871763194, -2.8526796517146646, -3.019201170702822, -0.41709471785065955, -3.1443861378743923, -3.9845681368540165, 6.641245747290467, 2.4933281166832293, 6.863717920042378, 4.283467590832192, 1.7977037030490783, 3.9495527842563374, -2.659414177863986, 4.387814110006332, -3.4932232034264934, 0.6951117051057419, 0.9040970691733614, 0.2068091529969241], Energy: -41.480759582262195
Eval count: 758, θ = [0.8830557352582524, -6.3658807448897505, -6.916171511100493, 0.22542978818583, 5.094309070095435, 6.1092382822863796, 3.842296017797959, -4.323458886664355, -2.8526796368135034, -3.019201170702822, -0.41709471785065955, -3.1443861378743923, -3.9845681368540165, 6.641245747290467, 2.4933281166832293, 6.863717920042378, 4.283467590832192, 1.7977037030490783, 3.9495527842563374, -2.659414177863986, 4.387814110006332, -3.4932232034264934, 0.6951117051057419, 0.9040970691733614, 0.2068091529969241], Energy: -41.480759580856386
Eval count: 759, θ = [0.8830557352582524, -6.3658807448897505, -6.916171511100493, 0.22542978818583, 5.094309070095435, 6.1092382822863796, 3.842296017797959, -4.323458886664355, -2.8526796517146646, -3.0192011558016607, -0.41709471785065955, -3.1443861378743923, -3.9845681368540165, 6.641245747290467, 2.4933281166832293, 6.863717920042378, 4.283467590832192, 1.7977037030490783, 3.9495527842563374, -2.659414177863986, 4.387814110006332, -3.4932232034264934, 0.6951117051057419, 0.9040970691733614, 0.2068091529969241], Energy: -41.48075958213086
Eval count: 760, θ = [0.8830557352582524, -6.3658807448897505, -6.916171511100493, 0.22542978818583, 5.094309070095435, 6.1092382822863796, 3.842296017797959, -4.323458886664355, -2.8526796517146646, -3.019201170702822, -0.41709470294949835, -3.1443861378743923, -3.9845681368540165, 6.641245747290467, 2.4933281166832293, 6.863717920042378, 4.283467590832192, 1.7977037030490783, 3.9495527842563374, -2.659414177863986, 4.387814110006332, -3.4932232034264934, 0.6951117051057419, 0.9040970691733614, 0.2068091529969241], Energy: -41.480759580266316
Eval count: 761, θ = [0.8830557352582524, -6.3658807448897505, -6.916171511100493, 0.22542978818583, 5.094309070095435, 6.1092382822863796, 3.842296017797959, -4.323458886664355, -2.8526796517146646, -3.019201170702822, -0.41709471785065955, -3.144386122973231, -3.9845681368540165, 6.641245747290467, 2.4933281166832293, 6.863717920042378, 4.283467590832192, 1.7977037030490783, 3.9495527842563374, -2.659414177863986, 4.387814110006332, -3.4932232034264934, 0.6951117051057419, 0.9040970691733614, 0.2068091529969241], Energy: -41.480759581057946
Eval count: 762, θ = [0.8830557352582524, -6.3658807448897505, -6.916171511100493, 0.22542978818583, 5.094309070095435, 6.1092382822863796, 3.842296017797959, -4.323458886664355, -2.8526796517146646, -3.019201170702822, -0.41709471785065955, -3.1443861378743923, -3.9845681219528553, 6.641245747290467, 2.4933281166832293, 6.863717920042378, 4.283467590832192, 1.7977037030490783, 3.9495527842563374, -2.659414177863986, 4.387814110006332, -3.4932232034264934, 0.6951117051057419, 0.9040970691733614, 0.2068091529969241], Energy: -41.480759581633045
Eval count: 763, θ = [0.8830557352582524, -6.3658807448897505, -6.916171511100493, 0.22542978818583, 5.094309070095435, 6.1092382822863796, 3.842296017797959, -4.323458886664355, -2.8526796517146646, -3.019201170702822, -0.41709471785065955, -3.1443861378743923, -3.9845681368540165, 6.6412457621916285, 2.4933281166832293, 6.863717920042378, 4.283467590832192, 1.7977037030490783, 3.9495527842563374, -2.659414177863986, 4.387814110006332, -3.4932232034264934, 0.6951117051057419, 0.9040970691733614, 0.2068091529969241], Energy: -41.480759581083596
Eval count: 764, θ = [0.8830557352582524, -6.3658807448897505, -6.916171511100493, 0.22542978818583, 5.094309070095435, 6.1092382822863796, 3.842296017797959, -4.323458886664355, -2.8526796517146646, -3.019201170702822, -0.41709471785065955, -3.1443861378743923, -3.9845681368540165, 6.641245747290467, 2.4933281315843905, 6.863717920042378, 4.283467590832192, 1.7977037030490783, 3.9495527842563374, -2.659414177863986, 4.387814110006332, -3.4932232034264934, 0.6951117051057419, 0.9040970691733614, 0.2068091529969241], Energy: -41.480759581535764
Eval count: 765, θ = [0.8830557352582524, -6.3658807448897505, -6.916171511100493, 0.22542978818583, 5.094309070095435, 6.1092382822863796, 3.842296017797959, -4.323458886664355, -2.8526796517146646, -3.019201170702822, -0.41709471785065955, -3.1443861378743923, -3.9845681368540165, 6.641245747290467, 2.4933281166832293, 6.863717934943539, 4.283467590832192, 1.7977037030490783, 3.9495527842563374, -2.659414177863986, 4.387814110006332, -3.4932232034264934, 0.6951117051057419, 0.9040970691733614, 0.2068091529969241], Energy: -41.48075957764591
Eval count: 766, θ = [0.8830557352582524, -6.3658807448897505, -6.916171511100493, 0.22542978818583, 5.094309070095435, 6.1092382822863796, 3.842296017797959, -4.323458886664355, -2.8526796517146646, -3.019201170702822, -0.41709471785065955, -3.1443861378743923, -3.9845681368540165, 6.641245747290467, 2.4933281166832293, 6.863717920042378, 4.283467605733353, 1.7977037030490783, 3.9495527842563374, -2.659414177863986, 4.387814110006332, -3.4932232034264934, 0.6951117051057419, 0.9040970691733614, 0.2068091529969241], Energy: -41.480759579021274
Eval count: 767, θ = [0.8830557352582524, -6.3658807448897505, -6.916171511100493, 0.22542978818583, 5.094309070095435, 6.1092382822863796, 3.842296017797959, -4.323458886664355, -2.8526796517146646, -3.019201170702822, -0.41709471785065955, -3.1443861378743923, -3.9845681368540165, 6.641245747290467, 2.4933281166832293, 6.863717920042378, 4.283467590832192, 1.7977037179502395, 3.9495527842563374, -2.659414177863986, 4.387814110006332, -3.4932232034264934, 0.6951117051057419, 0.9040970691733614, 0.2068091529969241], Energy: -41.48075958507857
Eval count: 768, θ = [0.8830557352582524, -6.3658807448897505, -6.916171511100493, 0.22542978818583, 5.094309070095435, 6.1092382822863796, 3.842296017797959, -4.323458886664355, -2.8526796517146646, -3.019201170702822, -0.41709471785065955, -3.1443861378743923, -3.9845681368540165, 6.641245747290467, 2.4933281166832293, 6.863717920042378, 4.283467590832192, 1.7977037030490783, 3.9495527991574986, -2.659414177863986, 4.387814110006332, -3.4932232034264934, 0.6951117051057419, 0.9040970691733614, 0.2068091529969241], Energy: -41.48075958029043
Eval count: 769, θ = [0.8830557352582524, -6.3658807448897505, -6.916171511100493, 0.22542978818583, 5.094309070095435, 6.1092382822863796, 3.842296017797959, -4.323458886664355, -2.8526796517146646, -3.019201170702822, -0.41709471785065955, -3.1443861378743923, -3.9845681368540165, 6.641245747290467, 2.4933281166832293, 6.863717920042378, 4.283467590832192, 1.7977037030490783, 3.9495527842563374, -2.659414162962825, 4.387814110006332, -3.4932232034264934, 0.6951117051057419, 0.9040970691733614, 0.2068091529969241], Energy: -41.4807595796763
Eval count: 770, θ = [0.8830557352582524, -6.3658807448897505, -6.916171511100493, 0.22542978818583, 5.094309070095435, 6.1092382822863796, 3.842296017797959, -4.323458886664355, -2.8526796517146646, -3.019201170702822, -0.41709471785065955, -3.1443861378743923, -3.9845681368540165, 6.641245747290467, 2.4933281166832293, 6.863717920042378, 4.283467590832192, 1.7977037030490783, 3.9495527842563374, -2.659414177863986, 4.387814124907493, -3.4932232034264934, 0.6951117051057419, 0.9040970691733614, 0.2068091529969241], Energy: -41.48075958145982
Eval count: 771, θ = [0.8830557352582524, -6.3658807448897505, -6.916171511100493, 0.22542978818583, 5.094309070095435, 6.1092382822863796, 3.842296017797959, -4.323458886664355, -2.8526796517146646, -3.019201170702822, -0.41709471785065955, -3.1443861378743923, -3.9845681368540165, 6.641245747290467, 2.4933281166832293, 6.863717920042378, 4.283467590832192, 1.7977037030490783, 3.9495527842563374, -2.659414177863986, 4.387814110006332, -3.493223188525332, 0.6951117051057419, 0.9040970691733614, 0.2068091529969241], Energy: -41.48075958000177
Eval count: 772, θ = [0.8830557352582524, -6.3658807448897505, -6.916171511100493, 0.22542978818583, 5.094309070095435, 6.1092382822863796, 3.842296017797959, -4.323458886664355, -2.8526796517146646, -3.019201170702822, -0.41709471785065955, -3.1443861378743923, -3.9845681368540165, 6.641245747290467, 2.4933281166832293, 6.863717920042378, 4.283467590832192, 1.7977037030490783, 3.9495527842563374, -2.659414177863986, 4.387814110006332, -3.4932232034264934, 0.6951117200069031, 0.9040970691733614, 0.2068091529969241], Energy: -41.480759579779516
Eval count: 773, θ = [0.8830557352582524, -6.3658807448897505, -6.916171511100493, 0.22542978818583, 5.094309070095435, 6.1092382822863796, 3.842296017797959, -4.323458886664355, -2.8526796517146646, -3.019201170702822, -0.41709471785065955, -3.1443861378743923, -3.9845681368540165, 6.641245747290467, 2.4933281166832293, 6.863717920042378, 4.283467590832192, 1.7977037030490783, 3.9495527842563374, -2.659414177863986, 4.387814110006332, -3.4932232034264934, 0.6951117051057419, 0.9040970840745226, 0.2068091529969241], Energy: -41.48075958011341
Eval count: 774, θ = [0.8830557352582524, -6.3658807448897505, -6.916171511100493, 0.22542978818583, 5.094309070095435, 6.1092382822863796, 3.842296017797959, -4.323458886664355, -2.8526796517146646, -3.019201170702822, -0.41709471785065955, -3.1443861378743923, -3.9845681368540165, 6.641245747290467, 2.4933281166832293, 6.863717920042378, 4.283467590832192, 1.7977037030490783, 3.9495527842563374, -2.659414177863986, 4.387814110006332, -3.4932232034264934, 0.6951117051057419, 0.9040970691733614, 0.2068091678980853], Energy: -41.48075957898336
Eval count: 775, θ = [0.8710180920903933, -6.368152137874219, -6.9348490229886846, 0.1636568297943522, 5.107237389928612, 6.102857745464153, 3.868338124155223, -4.289020071610212, -2.843399828945306, -2.994774946411796, -0.3534548744967018, -3.1163897461000314, -3.9636478207731516, 6.644999682811666, 2.547172684073716, 6.827616809755071, 4.2628987572943045, 1.936216381434555, 4.091975990095041, -2.6949588617480447, 4.382625541656338, -3.527338267393699, 0.7844712137045852, 0.9254827972389356, 0.06865206397102577], Energy: -41.28261846953643
Eval count: 776, θ = [0.8807771682659328, -6.366310689606405, -6.919706917616008, 0.2137369823727643, 5.096756230426345, 6.108030530869123, 3.847225444856785, -4.316940073459583, -2.850923103729151, -3.0145776087945295, -0.4050485353512569, -3.1390867903765836, -3.980608197102851, 6.641956317744386, 2.5035201827098477, 6.856884456287082, 4.279574182087939, 1.8239223251319805, 3.976511617579366, -2.6661423174442405, 4.386831982490602, -3.499680734823013, 0.7120262808166148, 0.9081451052712454, 0.18065783928711923], Energy: -41.492964350702366
Eval count: 777, θ = [0.880777183167094, -6.366310689606405, -6.919706917616008, 0.2137369823727643, 5.096756230426345, 6.108030530869123, 3.847225444856785, -4.316940073459583, -2.850923103729151, -3.0145776087945295, -0.4050485353512569, -3.1390867903765836, -3.980608197102851, 6.641956317744386, 2.5035201827098477, 6.856884456287082, 4.279574182087939, 1.8239223251319805, 3.976511617579366, -2.6661423174442405, 4.386831982490602, -3.499680734823013, 0.7120262808166148, 0.9081451052712454, 0.18065783928711923], Energy: -41.49296435502415
Eval count: 778, θ = [0.8807771682659328, -6.366310674705244, -6.919706917616008, 0.2137369823727643, 5.096756230426345, 6.108030530869123, 3.847225444856785, -4.316940073459583, -2.850923103729151, -3.0145776087945295, -0.4050485353512569, -3.1390867903765836, -3.980608197102851, 6.641956317744386, 2.5035201827098477, 6.856884456287082, 4.279574182087939, 1.8239223251319805, 3.976511617579366, -2.6661423174442405, 4.386831982490602, -3.499680734823013, 0.7120262808166148, 0.9081451052712454, 0.18065783928711923], Energy: -41.49296434798975
Eval count: 779, θ = [0.8807771682659328, -6.366310689606405, -6.919706902714847, 0.2137369823727643, 5.096756230426345, 6.108030530869123, 3.847225444856785, -4.316940073459583, -2.850923103729151, -3.0145776087945295, -0.4050485353512569, -3.1390867903765836, -3.980608197102851, 6.641956317744386, 2.5035201827098477, 6.856884456287082, 4.279574182087939, 1.8239223251319805, 3.976511617579366, -2.6661423174442405, 4.386831982490602, -3.499680734823013, 0.7120262808166148, 0.9081451052712454, 0.18065783928711923], Energy: -41.492964349389844
Eval count: 780, θ = [0.8807771682659328, -6.366310689606405, -6.919706917616008, 0.2137369972739255, 5.096756230426345, 6.108030530869123, 3.847225444856785, -4.316940073459583, -2.850923103729151, -3.0145776087945295, -0.4050485353512569, -3.1390867903765836, -3.980608197102851, 6.641956317744386, 2.5035201827098477, 6.856884456287082, 4.279574182087939, 1.8239223251319805, 3.976511617579366, -2.6661423174442405, 4.386831982490602, -3.499680734823013, 0.7120262808166148, 0.9081451052712454, 0.18065783928711923], Energy: -41.49296434882315
Eval count: 781, θ = [0.8807771682659328, -6.366310689606405, -6.919706917616008, 0.2137369823727643, 5.096756245327506, 6.108030530869123, 3.847225444856785, -4.316940073459583, -2.850923103729151, -3.0145776087945295, -0.4050485353512569, -3.1390867903765836, -3.980608197102851, 6.641956317744386, 2.5035201827098477, 6.856884456287082, 4.279574182087939, 1.8239223251319805, 3.976511617579366, -2.6661423174442405, 4.386831982490602, -3.499680734823013, 0.7120262808166148, 0.9081451052712454, 0.18065783928711923], Energy: -41.49296435691151
Eval count: 782, θ = [0.8807771682659328, -6.366310689606405, -6.919706917616008, 0.2137369823727643, 5.096756230426345, 6.108030545770284, 3.847225444856785, -4.316940073459583, -2.850923103729151, -3.0145776087945295, -0.4050485353512569, -3.1390867903765836, -3.980608197102851, 6.641956317744386, 2.5035201827098477, 6.856884456287082, 4.279574182087939, 1.8239223251319805, 3.976511617579366, -2.6661423174442405, 4.386831982490602, -3.499680734823013, 0.7120262808166148, 0.9081451052712454, 0.18065783928711923], Energy: -41.492964342269424
Eval count: 783, θ = [0.8807771682659328, -6.366310689606405, -6.919706917616008, 0.2137369823727643, 5.096756230426345, 6.108030530869123, 3.8472254597579463, -4.316940073459583, -2.850923103729151, -3.0145776087945295, -0.4050485353512569, -3.1390867903765836, -3.980608197102851, 6.641956317744386, 2.5035201827098477, 6.856884456287082, 4.279574182087939, 1.8239223251319805, 3.976511617579366, -2.6661423174442405, 4.386831982490602, -3.499680734823013, 0.7120262808166148, 0.9081451052712454, 0.18065783928711923], Energy: -41.49296435141484
Eval count: 784, θ = [0.8807771682659328, -6.366310689606405, -6.919706917616008, 0.2137369823727643, 5.096756230426345, 6.108030530869123, 3.847225444856785, -4.316940058558422, -2.850923103729151, -3.0145776087945295, -0.4050485353512569, -3.1390867903765836, -3.980608197102851, 6.641956317744386, 2.5035201827098477, 6.856884456287082, 4.279574182087939, 1.8239223251319805, 3.976511617579366, -2.6661423174442405, 4.386831982490602, -3.499680734823013, 0.7120262808166148, 0.9081451052712454, 0.18065783928711923], Energy: -41.492964352427116
Eval count: 785, θ = [0.8807771682659328, -6.366310689606405, -6.919706917616008, 0.2137369823727643, 5.096756230426345, 6.108030530869123, 3.847225444856785, -4.316940073459583, -2.8509230888279897, -3.0145776087945295, -0.4050485353512569, -3.1390867903765836, -3.980608197102851, 6.641956317744386, 2.5035201827098477, 6.856884456287082, 4.279574182087939, 1.8239223251319805, 3.976511617579366, -2.6661423174442405, 4.386831982490602, -3.499680734823013, 0.7120262808166148, 0.9081451052712454, 0.18065783928711923], Energy: -41.49296434839327
Eval count: 786, θ = [0.8807771682659328, -6.366310689606405, -6.919706917616008, 0.2137369823727643, 5.096756230426345, 6.108030530869123, 3.847225444856785, -4.316940073459583, -2.850923103729151, -3.0145775938933683, -0.4050485353512569, -3.1390867903765836, -3.980608197102851, 6.641956317744386, 2.5035201827098477, 6.856884456287082, 4.279574182087939, 1.8239223251319805, 3.976511617579366, -2.6661423174442405, 4.386831982490602, -3.499680734823013, 0.7120262808166148, 0.9081451052712454, 0.18065783928711923], Energy: -41.492964351972105
Eval count: 787, θ = [0.8807771682659328, -6.366310689606405, -6.919706917616008, 0.2137369823727643, 5.096756230426345, 6.108030530869123, 3.847225444856785, -4.316940073459583, -2.850923103729151, -3.0145776087945295, -0.4050485204500957, -3.1390867903765836, -3.980608197102851, 6.641956317744386, 2.5035201827098477, 6.856884456287082, 4.279574182087939, 1.8239223251319805, 3.976511617579366, -2.6661423174442405, 4.386831982490602, -3.499680734823013, 0.7120262808166148, 0.9081451052712454, 0.18065783928711923], Energy: -41.49296435109902
Eval count: 788, θ = [0.8807771682659328, -6.366310689606405, -6.919706917616008, 0.2137369823727643, 5.096756230426345, 6.108030530869123, 3.847225444856785, -4.316940073459583, -2.850923103729151, -3.0145776087945295, -0.4050485353512569, -3.1390867754754224, -3.980608197102851, 6.641956317744386, 2.5035201827098477, 6.856884456287082, 4.279574182087939, 1.8239223251319805, 3.976511617579366, -2.6661423174442405, 4.386831982490602, -3.499680734823013, 0.7120262808166148, 0.9081451052712454, 0.18065783928711923], Energy: -41.49296435179667
Eval count: 789, θ = [0.8807771682659328, -6.366310689606405, -6.919706917616008, 0.2137369823727643, 5.096756230426345, 6.108030530869123, 3.847225444856785, -4.316940073459583, -2.850923103729151, -3.0145776087945295, -0.4050485353512569, -3.1390867903765836, -3.98060818220169, 6.641956317744386, 2.5035201827098477, 6.856884456287082, 4.279574182087939, 1.8239223251319805, 3.976511617579366, -2.6661423174442405, 4.386831982490602, -3.499680734823013, 0.7120262808166148, 0.9081451052712454, 0.18065783928711923], Energy: -41.49296435099385
Eval count: 790, θ = [0.8807771682659328, -6.366310689606405, -6.919706917616008, 0.2137369823727643, 5.096756230426345, 6.108030530869123, 3.847225444856785, -4.316940073459583, -2.850923103729151, -3.0145776087945295, -0.4050485353512569, -3.1390867903765836, -3.980608197102851, 6.641956332645547, 2.5035201827098477, 6.856884456287082, 4.279574182087939, 1.8239223251319805, 3.976511617579366, -2.6661423174442405, 4.386831982490602, -3.499680734823013, 0.7120262808166148, 0.9081451052712454, 0.18065783928711923], Energy: -41.492964349960815
Eval count: 791, θ = [0.8807771682659328, -6.366310689606405, -6.919706917616008, 0.2137369823727643, 5.096756230426345, 6.108030530869123, 3.847225444856785, -4.316940073459583, -2.850923103729151, -3.0145776087945295, -0.4050485353512569, -3.1390867903765836, -3.980608197102851, 6.641956317744386, 2.503520197611009, 6.856884456287082, 4.279574182087939, 1.8239223251319805, 3.976511617579366, -2.6661423174442405, 4.386831982490602, -3.499680734823013, 0.7120262808166148, 0.9081451052712454, 0.18065783928711923], Energy: -41.492964349876104
Eval count: 792, θ = [0.8807771682659328, -6.366310689606405, -6.919706917616008, 0.2137369823727643, 5.096756230426345, 6.108030530869123, 3.847225444856785, -4.316940073459583, -2.850923103729151, -3.0145776087945295, -0.4050485353512569, -3.1390867903765836, -3.980608197102851, 6.641956317744386, 2.5035201827098477, 6.856884471188243, 4.279574182087939, 1.8239223251319805, 3.976511617579366, -2.6661423174442405, 4.386831982490602, -3.499680734823013, 0.7120262808166148, 0.9081451052712454, 0.18065783928711923], Energy: -41.492964349196285
Eval count: 793, θ = [0.8807771682659328, -6.366310689606405, -6.919706917616008, 0.2137369823727643, 5.096756230426345, 6.108030530869123, 3.847225444856785, -4.316940073459583, -2.850923103729151, -3.0145776087945295, -0.4050485353512569, -3.1390867903765836, -3.980608197102851, 6.641956317744386, 2.5035201827098477, 6.856884456287082, 4.2795741969891, 1.8239223251319805, 3.976511617579366, -2.6661423174442405, 4.386831982490602, -3.499680734823013, 0.7120262808166148, 0.9081451052712454, 0.18065783928711923], Energy: -41.492964350220916
Eval count: 794, θ = [0.8807771682659328, -6.366310689606405, -6.919706917616008, 0.2137369823727643, 5.096756230426345, 6.108030530869123, 3.847225444856785, -4.316940073459583, -2.850923103729151, -3.0145776087945295, -0.4050485353512569, -3.1390867903765836, -3.980608197102851, 6.641956317744386, 2.5035201827098477, 6.856884456287082, 4.279574182087939, 1.8239223400331417, 3.976511617579366, -2.6661423174442405, 4.386831982490602, -3.499680734823013, 0.7120262808166148, 0.9081451052712454, 0.18065783928711923], Energy: -41.49296435045105
Eval count: 795, θ = [0.8807771682659328, -6.366310689606405, -6.919706917616008, 0.2137369823727643, 5.096756230426345, 6.108030530869123, 3.847225444856785, -4.316940073459583, -2.850923103729151, -3.0145776087945295, -0.4050485353512569, -3.1390867903765836, -3.980608197102851, 6.641956317744386, 2.5035201827098477, 6.856884456287082, 4.279574182087939, 1.8239223251319805, 3.9765116324805274, -2.6661423174442405, 4.386831982490602, -3.499680734823013, 0.7120262808166148, 0.9081451052712454, 0.18065783928711923], Energy: -41.49296434989803
Eval count: 796, θ = [0.8807771682659328, -6.366310689606405, -6.919706917616008, 0.2137369823727643, 5.096756230426345, 6.108030530869123, 3.847225444856785, -4.316940073459583, -2.850923103729151, -3.0145776087945295, -0.4050485353512569, -3.1390867903765836, -3.980608197102851, 6.641956317744386, 2.5035201827098477, 6.856884456287082, 4.279574182087939, 1.8239223251319805, 3.976511617579366, -2.6661423025430793, 4.386831982490602, -3.499680734823013, 0.7120262808166148, 0.9081451052712454, 0.18065783928711923], Energy: -41.492964351094265
Eval count: 797, θ = [0.8807771682659328, -6.366310689606405, -6.919706917616008, 0.2137369823727643, 5.096756230426345, 6.108030530869123, 3.847225444856785, -4.316940073459583, -2.850923103729151, -3.0145776087945295, -0.4050485353512569, -3.1390867903765836, -3.980608197102851, 6.641956317744386, 2.5035201827098477, 6.856884456287082, 4.279574182087939, 1.8239223251319805, 3.976511617579366, -2.6661423174442405, 4.386831997391763, -3.499680734823013, 0.7120262808166148, 0.9081451052712454, 0.18065783928711923], Energy: -41.4929643533229
Eval count: 798, θ = [0.8807771682659328, -6.366310689606405, -6.919706917616008, 0.2137369823727643, 5.096756230426345, 6.108030530869123, 3.847225444856785, -4.316940073459583, -2.850923103729151, -3.0145776087945295, -0.4050485353512569, -3.1390867903765836, -3.980608197102851, 6.641956317744386, 2.5035201827098477, 6.856884456287082, 4.279574182087939, 1.8239223251319805, 3.976511617579366, -2.6661423174442405, 4.386831982490602, -3.4996807199218516, 0.7120262808166148, 0.9081451052712454, 0.18065783928711923], Energy: -41.4929643512743
Eval count: 799, θ = [0.8807771682659328, -6.366310689606405, -6.919706917616008, 0.2137369823727643, 5.096756230426345, 6.108030530869123, 3.847225444856785, -4.316940073459583, -2.850923103729151, -3.0145776087945295, -0.4050485353512569, -3.1390867903765836, -3.980608197102851, 6.641956317744386, 2.5035201827098477, 6.856884456287082, 4.279574182087939, 1.8239223251319805, 3.976511617579366, -2.6661423174442405, 4.386831982490602, -3.499680734823013, 0.712026295717776, 0.9081451052712454, 0.18065783928711923], Energy: -41.49296434982495
Eval count: 800, θ = [0.8807771682659328, -6.366310689606405, -6.919706917616008, 0.2137369823727643, 5.096756230426345, 6.108030530869123, 3.847225444856785, -4.316940073459583, -2.850923103729151, -3.0145776087945295, -0.4050485353512569, -3.1390867903765836, -3.980608197102851, 6.641956317744386, 2.5035201827098477, 6.856884456287082, 4.279574182087939, 1.8239223251319805, 3.976511617579366, -2.6661423174442405, 4.386831982490602, -3.499680734823013, 0.7120262808166148, 0.9081451201724066, 0.18065783928711923], Energy: -41.49296435082793
Eval count: 801, θ = [0.8807771682659328, -6.366310689606405, -6.919706917616008, 0.2137369823727643, 5.096756230426345, 6.108030530869123, 3.847225444856785, -4.316940073459583, -2.850923103729151, -3.0145776087945295, -0.4050485353512569, -3.1390867903765836, -3.980608197102851, 6.641956317744386, 2.5035201827098477, 6.856884456287082, 4.279574182087939, 1.8239223251319805, 3.976511617579366, -2.6661423174442405, 4.386831982490602, -3.499680734823013, 0.7120262808166148, 0.9081451052712454, 0.18065785418828043], Energy: -41.49296435083296
Eval count: 802, θ = [0.8807633043780436, -6.366581399053106, -6.928759437831126, 0.1835864776653005, 5.099276396181535, 6.10524219238015, 3.8568902543150796, -4.299330284537639, -2.854050664892755, -3.0036663827677, -0.3822722212949117, -3.0838755702883347, -3.9733692299735726, 6.63468568293381, 2.5060443108261934, 6.840312824719922, 4.270261890341712, 1.8232392751556294, 3.9554110507836584, -2.6293256959848237, 4.392407727837614, -3.5019784105698766, 0.6922029417761767, 0.9233161309917357, 0.17466324947258682], Energy: -41.49863584073522
Eval count: 803, θ = [0.8807633192792048, -6.366581399053106, -6.928759437831126, 0.1835864776653005, 5.099276396181535, 6.10524219238015, 3.8568902543150796, -4.299330284537639, -2.854050664892755, -3.0036663827677, -0.3822722212949117, -3.0838755702883347, -3.9733692299735726, 6.63468568293381, 2.5060443108261934, 6.840312824719922, 4.270261890341712, 1.8232392751556294, 3.9554110507836584, -2.6293256959848237, 4.392407727837614, -3.5019784105698766, 0.6922029417761767, 0.9233161309917357, 0.17466324947258682], Energy: -41.49863584302339
Eval count: 804, θ = [0.8807633043780436, -6.366581384151945, -6.928759437831126, 0.1835864776653005, 5.099276396181535, 6.10524219238015, 3.8568902543150796, -4.299330284537639, -2.854050664892755, -3.0036663827677, -0.3822722212949117, -3.0838755702883347, -3.9733692299735726, 6.63468568293381, 2.5060443108261934, 6.840312824719922, 4.270261890341712, 1.8232392751556294, 3.9554110507836584, -2.6293256959848237, 4.392407727837614, -3.5019784105698766, 0.6922029417761767, 0.9233161309917357, 0.17466324947258682], Energy: -41.498635835243554
Eval count: 805, θ = [0.8807633043780436, -6.366581399053106, -6.928759422929965, 0.1835864776653005, 5.099276396181535, 6.10524219238015, 3.8568902543150796, -4.299330284537639, -2.854050664892755, -3.0036663827677, -0.3822722212949117, -3.0838755702883347, -3.9733692299735726, 6.63468568293381, 2.5060443108261934, 6.840312824719922, 4.270261890341712, 1.8232392751556294, 3.9554110507836584, -2.6293256959848237, 4.392407727837614, -3.5019784105698766, 0.6922029417761767, 0.9233161309917357, 0.17466324947258682], Energy: -41.498635839994904
Eval count: 806, θ = [0.8807633043780436, -6.366581399053106, -6.928759437831126, 0.1835864925664617, 5.099276396181535, 6.10524219238015, 3.8568902543150796, -4.299330284537639, -2.854050664892755, -3.0036663827677, -0.3822722212949117, -3.0838755702883347, -3.9733692299735726, 6.63468568293381, 2.5060443108261934, 6.840312824719922, 4.270261890341712, 1.8232392751556294, 3.9554110507836584, -2.6293256959848237, 4.392407727837614, -3.5019784105698766, 0.6922029417761767, 0.9233161309917357, 0.17466324947258682], Energy: -41.49863583980106
Eval count: 807, θ = [0.8807633043780436, -6.366581399053106, -6.928759437831126, 0.1835864776653005, 5.0992764110826965, 6.10524219238015, 3.8568902543150796, -4.299330284537639, -2.854050664892755, -3.0036663827677, -0.3822722212949117, -3.0838755702883347, -3.9733692299735726, 6.63468568293381, 2.5060443108261934, 6.840312824719922, 4.270261890341712, 1.8232392751556294, 3.9554110507836584, -2.6293256959848237, 4.392407727837614, -3.5019784105698766, 0.6922029417761767, 0.9233161309917357, 0.17466324947258682], Energy: -41.49863583038346
Eval count: 808, θ = [0.8807633043780436, -6.366581399053106, -6.928759437831126, 0.1835864776653005, 5.099276396181535, 6.105242207281311, 3.8568902543150796, -4.299330284537639, -2.854050664892755, -3.0036663827677, -0.3822722212949117, -3.0838755702883347, -3.9733692299735726, 6.63468568293381, 2.5060443108261934, 6.840312824719922, 4.270261890341712, 1.8232392751556294, 3.9554110507836584, -2.6293256959848237, 4.392407727837614, -3.5019784105698766, 0.6922029417761767, 0.9233161309917357, 0.17466324947258682], Energy: -41.4986358412979
Eval count: 809, θ = [0.8807633043780436, -6.366581399053106, -6.928759437831126, 0.1835864776653005, 5.099276396181535, 6.10524219238015, 3.856890269216241, -4.299330284537639, -2.854050664892755, -3.0036663827677, -0.3822722212949117, -3.0838755702883347, -3.9733692299735726, 6.63468568293381, 2.5060443108261934, 6.840312824719922, 4.270261890341712, 1.8232392751556294, 3.9554110507836584, -2.6293256959848237, 4.392407727837614, -3.5019784105698766, 0.6922029417761767, 0.9233161309917357, 0.17466324947258682], Energy: -41.498635839864775
Eval count: 810, θ = [0.8807633043780436, -6.366581399053106, -6.928759437831126, 0.1835864776653005, 5.099276396181535, 6.10524219238015, 3.8568902543150796, -4.299330269636478, -2.854050664892755, -3.0036663827677, -0.3822722212949117, -3.0838755702883347, -3.9733692299735726, 6.63468568293381, 2.5060443108261934, 6.840312824719922, 4.270261890341712, 1.8232392751556294, 3.9554110507836584, -2.6293256959848237, 4.392407727837614, -3.5019784105698766, 0.6922029417761767, 0.9233161309917357, 0.17466324947258682], Energy: -41.498635839593625
Eval count: 811, θ = [0.8807633043780436, -6.366581399053106, -6.928759437831126, 0.1835864776653005, 5.099276396181535, 6.10524219238015, 3.8568902543150796, -4.299330284537639, -2.854050649991594, -3.0036663827677, -0.3822722212949117, -3.0838755702883347, -3.9733692299735726, 6.63468568293381, 2.5060443108261934, 6.840312824719922, 4.270261890341712, 1.8232392751556294, 3.9554110507836584, -2.6293256959848237, 4.392407727837614, -3.5019784105698766, 0.6922029417761767, 0.9233161309917357, 0.17466324947258682], Energy: -41.49863584141357
Eval count: 812, θ = [0.8807633043780436, -6.366581399053106, -6.928759437831126, 0.1835864776653005, 5.099276396181535, 6.10524219238015, 3.8568902543150796, -4.299330284537639, -2.854050664892755, -3.003666367866539, -0.3822722212949117, -3.0838755702883347, -3.9733692299735726, 6.63468568293381, 2.5060443108261934, 6.840312824719922, 4.270261890341712, 1.8232392751556294, 3.9554110507836584, -2.6293256959848237, 4.392407727837614, -3.5019784105698766, 0.6922029417761767, 0.9233161309917357, 0.17466324947258682], Energy: -41.498635838923995
Eval count: 813, θ = [0.8807633043780436, -6.366581399053106, -6.928759437831126, 0.1835864776653005, 5.099276396181535, 6.10524219238015, 3.8568902543150796, -4.299330284537639, -2.854050664892755, -3.0036663827677, -0.3822722063937505, -3.0838755702883347, -3.9733692299735726, 6.63468568293381, 2.5060443108261934, 6.840312824719922, 4.270261890341712, 1.8232392751556294, 3.9554110507836584, -2.6293256959848237, 4.392407727837614, -3.5019784105698766, 0.6922029417761767, 0.9233161309917357, 0.17466324947258682], Energy: -41.49863584063607
Eval count: 814, θ = [0.8807633043780436, -6.366581399053106, -6.928759437831126, 0.1835864776653005, 5.099276396181535, 6.10524219238015, 3.8568902543150796, -4.299330284537639, -2.854050664892755, -3.0036663827677, -0.3822722212949117, -3.0838755553871735, -3.9733692299735726, 6.63468568293381, 2.5060443108261934, 6.840312824719922, 4.270261890341712, 1.8232392751556294, 3.9554110507836584, -2.6293256959848237, 4.392407727837614, -3.5019784105698766, 0.6922029417761767, 0.9233161309917357, 0.17466324947258682], Energy: -41.49863584030902
Eval count: 815, θ = [0.8807633043780436, -6.366581399053106, -6.928759437831126, 0.1835864776653005, 5.099276396181535, 6.10524219238015, 3.8568902543150796, -4.299330284537639, -2.854050664892755, -3.0036663827677, -0.3822722212949117, -3.0838755702883347, -3.9733692150724114, 6.63468568293381, 2.5060443108261934, 6.840312824719922, 4.270261890341712, 1.8232392751556294, 3.9554110507836584, -2.6293256959848237, 4.392407727837614, -3.5019784105698766, 0.6922029417761767, 0.9233161309917357, 0.17466324947258682], Energy: -41.4986358384773
Eval count: 816, θ = [0.8807633043780436, -6.366581399053106, -6.928759437831126, 0.1835864776653005, 5.099276396181535, 6.10524219238015, 3.8568902543150796, -4.299330284537639, -2.854050664892755, -3.0036663827677, -0.3822722212949117, -3.0838755702883347, -3.9733692299735726, 6.634685697834971, 2.5060443108261934, 6.840312824719922, 4.270261890341712, 1.8232392751556294, 3.9554110507836584, -2.6293256959848237, 4.392407727837614, -3.5019784105698766, 0.6922029417761767, 0.9233161309917357, 0.17466324947258682], Energy: -41.498635842515284
Eval count: 817, θ = [0.8807633043780436, -6.366581399053106, -6.928759437831126, 0.1835864776653005, 5.099276396181535, 6.10524219238015, 3.8568902543150796, -4.299330284537639, -2.854050664892755, -3.0036663827677, -0.3822722212949117, -3.0838755702883347, -3.9733692299735726, 6.63468568293381, 2.5060443257273546, 6.840312824719922, 4.270261890341712, 1.8232392751556294, 3.9554110507836584, -2.6293256959848237, 4.392407727837614, -3.5019784105698766, 0.6922029417761767, 0.9233161309917357, 0.17466324947258682], Energy: -41.49863584112588
Eval count: 818, θ = [0.8807633043780436, -6.366581399053106, -6.928759437831126, 0.1835864776653005, 5.099276396181535, 6.10524219238015, 3.8568902543150796, -4.299330284537639, -2.854050664892755, -3.0036663827677, -0.3822722212949117, -3.0838755702883347, -3.9733692299735726, 6.63468568293381, 2.5060443108261934, 6.840312839621083, 4.270261890341712, 1.8232392751556294, 3.9554110507836584, -2.6293256959848237, 4.392407727837614, -3.5019784105698766, 0.6922029417761767, 0.9233161309917357, 0.17466324947258682], Energy: -41.49863584114218
Eval count: 819, θ = [0.8807633043780436, -6.366581399053106, -6.928759437831126, 0.1835864776653005, 5.099276396181535, 6.10524219238015, 3.8568902543150796, -4.299330284537639, -2.854050664892755, -3.0036663827677, -0.3822722212949117, -3.0838755702883347, -3.9733692299735726, 6.63468568293381, 2.5060443108261934, 6.840312824719922, 4.270261905242873, 1.8232392751556294, 3.9554110507836584, -2.6293256959848237, 4.392407727837614, -3.5019784105698766, 0.6922029417761767, 0.9233161309917357, 0.17466324947258682], Energy: -41.49863584145457
Eval count: 820, θ = [0.8807633043780436, -6.366581399053106, -6.928759437831126, 0.1835864776653005, 5.099276396181535, 6.10524219238015, 3.8568902543150796, -4.299330284537639, -2.854050664892755, -3.0036663827677, -0.3822722212949117, -3.0838755702883347, -3.9733692299735726, 6.63468568293381, 2.5060443108261934, 6.840312824719922, 4.270261890341712, 1.8232392900567906, 3.9554110507836584, -2.6293256959848237, 4.392407727837614, -3.5019784105698766, 0.6922029417761767, 0.9233161309917357, 0.17466324947258682], Energy: -41.49863584107264
Eval count: 821, θ = [0.8807633043780436, -6.366581399053106, -6.928759437831126, 0.1835864776653005, 5.099276396181535, 6.10524219238015, 3.8568902543150796, -4.299330284537639, -2.854050664892755, -3.0036663827677, -0.3822722212949117, -3.0838755702883347, -3.9733692299735726, 6.63468568293381, 2.5060443108261934, 6.840312824719922, 4.270261890341712, 1.8232392751556294, 3.9554110656848196, -2.6293256959848237, 4.392407727837614, -3.5019784105698766, 0.6922029417761767, 0.9233161309917357, 0.17466324947258682], Energy: -41.4986358408706
Eval count: 822, θ = [0.8807633043780436, -6.366581399053106, -6.928759437831126, 0.1835864776653005, 5.099276396181535, 6.10524219238015, 3.8568902543150796, -4.299330284537639, -2.854050664892755, -3.0036663827677, -0.3822722212949117, -3.0838755702883347, -3.9733692299735726, 6.63468568293381, 2.5060443108261934, 6.840312824719922, 4.270261890341712, 1.8232392751556294, 3.9554110507836584, -2.6293256810836625, 4.392407727837614, -3.5019784105698766, 0.6922029417761767, 0.9233161309917357, 0.17466324947258682], Energy: -41.49863584022568
Eval count: 823, θ = [0.8807633043780436, -6.366581399053106, -6.928759437831126, 0.1835864776653005, 5.099276396181535, 6.10524219238015, 3.8568902543150796, -4.299330284537639, -2.854050664892755, -3.0036663827677, -0.3822722212949117, -3.0838755702883347, -3.9733692299735726, 6.63468568293381, 2.5060443108261934, 6.840312824719922, 4.270261890341712, 1.8232392751556294, 3.9554110507836584, -2.6293256959848237, 4.392407742738775, -3.5019784105698766, 0.6922029417761767, 0.9233161309917357, 0.17466324947258682], Energy: -41.49863583824486
Eval count: 824, θ = [0.8807633043780436, -6.366581399053106, -6.928759437831126, 0.1835864776653005, 5.099276396181535, 6.10524219238015, 3.8568902543150796, -4.299330284537639, -2.854050664892755, -3.0036663827677, -0.3822722212949117, -3.0838755702883347, -3.9733692299735726, 6.63468568293381, 2.5060443108261934, 6.840312824719922, 4.270261890341712, 1.8232392751556294, 3.9554110507836584, -2.6293256959848237, 4.392407727837614, -3.5019783956687154, 0.6922029417761767, 0.9233161309917357, 0.17466324947258682], Energy: -41.498635840005015
Eval count: 825, θ = [0.8807633043780436, -6.366581399053106, -6.928759437831126, 0.1835864776653005, 5.099276396181535, 6.10524219238015, 3.8568902543150796, -4.299330284537639, -2.854050664892755, -3.0036663827677, -0.3822722212949117, -3.0838755702883347, -3.9733692299735726, 6.63468568293381, 2.5060443108261934, 6.840312824719922, 4.270261890341712, 1.8232392751556294, 3.9554110507836584, -2.6293256959848237, 4.392407727837614, -3.5019784105698766, 0.6922029566773379, 0.9233161309917357, 0.17466324947258682], Energy: -41.498635841471604
Eval count: 826, θ = [0.8807633043780436, -6.366581399053106, -6.928759437831126, 0.1835864776653005, 5.099276396181535, 6.10524219238015, 3.8568902543150796, -4.299330284537639, -2.854050664892755, -3.0036663827677, -0.3822722212949117, -3.0838755702883347, -3.9733692299735726, 6.63468568293381, 2.5060443108261934, 6.840312824719922, 4.270261890341712, 1.8232392751556294, 3.9554110507836584, -2.6293256959848237, 4.392407727837614, -3.5019784105698766, 0.6922029417761767, 0.9233161458928969, 0.17466324947258682], Energy: -41.49863583999502
Eval count: 827, θ = [0.8807633043780436, -6.366581399053106, -6.928759437831126, 0.1835864776653005, 5.099276396181535, 6.10524219238015, 3.8568902543150796, -4.299330284537639, -2.854050664892755, -3.0036663827677, -0.3822722212949117, -3.0838755702883347, -3.9733692299735726, 6.63468568293381, 2.5060443108261934, 6.840312824719922, 4.270261890341712, 1.8232392751556294, 3.9554110507836584, -2.6293256959848237, 4.392407727837614, -3.5019784105698766, 0.6922029417761767, 0.9233161309917357, 0.17466326437374802], Energy: -41.498635840208415
Eval count: 828, θ = [0.8819955423179761, -6.368840089773678, -6.94276442788165, 0.18283563530177543, 5.097999785269911, 6.103226770506546, 3.8446633371057, -4.304247382078691, -2.8540771178895157, -3.009729024053788, -0.3827495195156546, -3.0789159638096653, -3.9852669059202923, 6.639390649110658, 2.5051777388293033, 6.839763342440613, 4.273015454463358, 1.8262921037496884, 3.9410551797767477, -2.6444234577471954, 4.390140513219813, -3.5079993781524026, 0.7076837492021825, 0.9000087854697367, 0.1544533466383669], Energy: -41.5007150103605
Eval count: 829, θ = [0.8819955572191372, -6.368840089773678, -6.94276442788165, 0.18283563530177543, 5.097999785269911, 6.103226770506546, 3.8446633371057, -4.304247382078691, -2.8540771178895157, -3.009729024053788, -0.3827495195156546, -3.0789159638096653, -3.9852669059202923, 6.639390649110658, 2.5051777388293033, 6.839763342440613, 4.273015454463358, 1.8262921037496884, 3.9410551797767477, -2.6444234577471954, 4.390140513219813, -3.5079993781524026, 0.7076837492021825, 0.9000087854697367, 0.1544533466383669], Energy: -41.5007150097566
Eval count: 830, θ = [0.8819955423179761, -6.368840074872517, -6.94276442788165, 0.18283563530177543, 5.097999785269911, 6.103226770506546, 3.8446633371057, -4.304247382078691, -2.8540771178895157, -3.009729024053788, -0.3827495195156546, -3.0789159638096653, -3.9852669059202923, 6.639390649110658, 2.5051777388293033, 6.839763342440613, 4.273015454463358, 1.8262921037496884, 3.9410551797767477, -2.6444234577471954, 4.390140513219813, -3.5079993781524026, 0.7076837492021825, 0.9000087854697367, 0.1544533466383669], Energy: -41.50071501090484
Eval count: 831, θ = [0.8819955423179761, -6.368840089773678, -6.942764412980488, 0.18283563530177543, 5.097999785269911, 6.103226770506546, 3.8446633371057, -4.304247382078691, -2.8540771178895157, -3.009729024053788, -0.3827495195156546, -3.0789159638096653, -3.9852669059202923, 6.639390649110658, 2.5051777388293033, 6.839763342440613, 4.273015454463358, 1.8262921037496884, 3.9410551797767477, -2.6444234577471954, 4.390140513219813, -3.5079993781524026, 0.7076837492021825, 0.9000087854697367, 0.1544533466383669], Energy: -41.50071501024549
Eval count: 832, θ = [0.8819955423179761, -6.368840089773678, -6.94276442788165, 0.18283565020293663, 5.097999785269911, 6.103226770506546, 3.8446633371057, -4.304247382078691, -2.8540771178895157, -3.009729024053788, -0.3827495195156546, -3.0789159638096653, -3.9852669059202923, 6.639390649110658, 2.5051777388293033, 6.839763342440613, 4.273015454463358, 1.8262921037496884, 3.9410551797767477, -2.6444234577471954, 4.390140513219813, -3.5079993781524026, 0.7076837492021825, 0.9000087854697367, 0.1544533466383669], Energy: -41.500715009507765
Eval count: 833, θ = [0.8819955423179761, -6.368840089773678, -6.94276442788165, 0.18283563530177543, 5.097999800171072, 6.103226770506546, 3.8446633371057, -4.304247382078691, -2.8540771178895157, -3.009729024053788, -0.3827495195156546, -3.0789159638096653, -3.9852669059202923, 6.639390649110658, 2.5051777388293033, 6.839763342440613, 4.273015454463358, 1.8262921037496884, 3.9410551797767477, -2.6444234577471954, 4.390140513219813, -3.5079993781524026, 0.7076837492021825, 0.9000087854697367, 0.1544533466383669], Energy: -41.5007150076161
Eval count: 834, θ = [0.8819955423179761, -6.368840089773678, -6.94276442788165, 0.18283563530177543, 5.097999785269911, 6.103226785407707, 3.8446633371057, -4.304247382078691, -2.8540771178895157, -3.009729024053788, -0.3827495195156546, -3.0789159638096653, -3.9852669059202923, 6.639390649110658, 2.5051777388293033, 6.839763342440613, 4.273015454463358, 1.8262921037496884, 3.9410551797767477, -2.6444234577471954, 4.390140513219813, -3.5079993781524026, 0.7076837492021825, 0.9000087854697367, 0.1544533466383669], Energy: -41.50071501219897
Eval count: 835, θ = [0.8819955423179761, -6.368840089773678, -6.94276442788165, 0.18283563530177543, 5.097999785269911, 6.103226770506546, 3.844663352006861, -4.304247382078691, -2.8540771178895157, -3.009729024053788, -0.3827495195156546, -3.0789159638096653, -3.9852669059202923, 6.639390649110658, 2.5051777388293033, 6.839763342440613, 4.273015454463358, 1.8262921037496884, 3.9410551797767477, -2.6444234577471954, 4.390140513219813, -3.5079993781524026, 0.7076837492021825, 0.9000087854697367, 0.1544533466383669], Energy: -41.500715011537686
Eval count: 836, θ = [0.8819955423179761, -6.368840089773678, -6.94276442788165, 0.18283563530177543, 5.097999785269911, 6.103226770506546, 3.8446633371057, -4.304247367177529, -2.8540771178895157, -3.009729024053788, -0.3827495195156546, -3.0789159638096653, -3.9852669059202923, 6.639390649110658, 2.5051777388293033, 6.839763342440613, 4.273015454463358, 1.8262921037496884, 3.9410551797767477, -2.6444234577471954, 4.390140513219813, -3.5079993781524026, 0.7076837492021825, 0.9000087854697367, 0.1544533466383669], Energy: -41.500715010082466
Eval count: 837, θ = [0.8819955423179761, -6.368840089773678, -6.94276442788165, 0.18283563530177543, 5.097999785269911, 6.103226770506546, 3.8446633371057, -4.304247382078691, -2.8540771029883545, -3.009729024053788, -0.3827495195156546, -3.0789159638096653, -3.9852669059202923, 6.639390649110658, 2.5051777388293033, 6.839763342440613, 4.273015454463358, 1.8262921037496884, 3.9410551797767477, -2.6444234577471954, 4.390140513219813, -3.5079993781524026, 0.7076837492021825, 0.9000087854697367, 0.1544533466383669], Energy: -41.50071501299245
Eval count: 838, θ = [0.8819955423179761, -6.368840089773678, -6.94276442788165, 0.18283563530177543, 5.097999785269911, 6.103226770506546, 3.8446633371057, -4.304247382078691, -2.8540771178895157, -3.0097290091526268, -0.3827495195156546, -3.0789159638096653, -3.9852669059202923, 6.639390649110658, 2.5051777388293033, 6.839763342440613, 4.273015454463358, 1.8262921037496884, 3.9410551797767477, -2.6444234577471954, 4.390140513219813, -3.5079993781524026, 0.7076837492021825, 0.9000087854697367, 0.1544533466383669], Energy: -41.500715010221285
Eval count: 839, θ = [0.8819955423179761, -6.368840089773678, -6.94276442788165, 0.18283563530177543, 5.097999785269911, 6.103226770506546, 3.8446633371057, -4.304247382078691, -2.8540771178895157, -3.009729024053788, -0.3827495046144934, -3.0789159638096653, -3.9852669059202923, 6.639390649110658, 2.5051777388293033, 6.839763342440613, 4.273015454463358, 1.8262921037496884, 3.9410551797767477, -2.6444234577471954, 4.390140513219813, -3.5079993781524026, 0.7076837492021825, 0.9000087854697367, 0.1544533466383669], Energy: -41.50071501013666
Eval count: 840, θ = [0.8819955423179761, -6.368840089773678, -6.94276442788165, 0.18283563530177543, 5.097999785269911, 6.103226770506546, 3.8446633371057, -4.304247382078691, -2.8540771178895157, -3.009729024053788, -0.3827495195156546, -3.078915948908504, -3.9852669059202923, 6.639390649110658, 2.5051777388293033, 6.839763342440613, 4.273015454463358, 1.8262921037496884, 3.9410551797767477, -2.6444234577471954, 4.390140513219813, -3.5079993781524026, 0.7076837492021825, 0.9000087854697367, 0.1544533466383669], Energy: -41.500715010273844
Eval count: 841, θ = [0.8819955423179761, -6.368840089773678, -6.94276442788165, 0.18283563530177543, 5.097999785269911, 6.103226770506546, 3.8446633371057, -4.304247382078691, -2.8540771178895157, -3.009729024053788, -0.3827495195156546, -3.0789159638096653, -3.985266891019131, 6.639390649110658, 2.5051777388293033, 6.839763342440613, 4.273015454463358, 1.8262921037496884, 3.9410551797767477, -2.6444234577471954, 4.390140513219813, -3.5079993781524026, 0.7076837492021825, 0.9000087854697367, 0.1544533466383669], Energy: -41.500715011953574
Eval count: 842, θ = [0.8819955423179761, -6.368840089773678, -6.94276442788165, 0.18283563530177543, 5.097999785269911, 6.103226770506546, 3.8446633371057, -4.304247382078691, -2.8540771178895157, -3.009729024053788, -0.3827495195156546, -3.0789159638096653, -3.9852669059202923, 6.639390664011819, 2.5051777388293033, 6.839763342440613, 4.273015454463358, 1.8262921037496884, 3.9410551797767477, -2.6444234577471954, 4.390140513219813, -3.5079993781524026, 0.7076837492021825, 0.9000087854697367, 0.1544533466383669], Energy: -41.50071500911387
Eval count: 843, θ = [0.8819955423179761, -6.368840089773678, -6.94276442788165, 0.18283563530177543, 5.097999785269911, 6.103226770506546, 3.8446633371057, -4.304247382078691, -2.8540771178895157, -3.009729024053788, -0.3827495195156546, -3.0789159638096653, -3.9852669059202923, 6.639390649110658, 2.5051777537304645, 6.839763342440613, 4.273015454463358, 1.8262921037496884, 3.9410551797767477, -2.6444234577471954, 4.390140513219813, -3.5079993781524026, 0.7076837492021825, 0.9000087854697367, 0.1544533466383669], Energy: -41.50071501042026
Eval count: 844, θ = [0.8819955423179761, -6.368840089773678, -6.94276442788165, 0.18283563530177543, 5.097999785269911, 6.103226770506546, 3.8446633371057, -4.304247382078691, -2.8540771178895157, -3.009729024053788, -0.3827495195156546, -3.0789159638096653, -3.9852669059202923, 6.639390649110658, 2.5051777388293033, 6.839763357341774, 4.273015454463358, 1.8262921037496884, 3.9410551797767477, -2.6444234577471954, 4.390140513219813, -3.5079993781524026, 0.7076837492021825, 0.9000087854697367, 0.1544533466383669], Energy: -41.500715011128804
Eval count: 845, θ = [0.8819955423179761, -6.368840089773678, -6.94276442788165, 0.18283563530177543, 5.097999785269911, 6.103226770506546, 3.8446633371057, -4.304247382078691, -2.8540771178895157, -3.009729024053788, -0.3827495195156546, -3.0789159638096653, -3.9852669059202923, 6.639390649110658, 2.5051777388293033, 6.839763342440613, 4.273015469364519, 1.8262921037496884, 3.9410551797767477, -2.6444234577471954, 4.390140513219813, -3.5079993781524026, 0.7076837492021825, 0.9000087854697367, 0.1544533466383669], Energy: -41.50071501004056
Eval count: 846, θ = [0.8819955423179761, -6.368840089773678, -6.94276442788165, 0.18283563530177543, 5.097999785269911, 6.103226770506546, 3.8446633371057, -4.304247382078691, -2.8540771178895157, -3.009729024053788, -0.3827495195156546, -3.0789159638096653, -3.9852669059202923, 6.639390649110658, 2.5051777388293033, 6.839763342440613, 4.273015454463358, 1.8262921186508496, 3.9410551797767477, -2.6444234577471954, 4.390140513219813, -3.5079993781524026, 0.7076837492021825, 0.9000087854697367, 0.1544533466383669], Energy: -41.50071500998507
Eval count: 847, θ = [0.8819955423179761, -6.368840089773678, -6.94276442788165, 0.18283563530177543, 5.097999785269911, 6.103226770506546, 3.8446633371057, -4.304247382078691, -2.8540771178895157, -3.009729024053788, -0.3827495195156546, -3.0789159638096653, -3.9852669059202923, 6.639390649110658, 2.5051777388293033, 6.839763342440613, 4.273015454463358, 1.8262921037496884, 3.941055194677909, -2.6444234577471954, 4.390140513219813, -3.5079993781524026, 0.7076837492021825, 0.9000087854697367, 0.1544533466383669], Energy: -41.50071501155444
Eval count: 848, θ = [0.8819955423179761, -6.368840089773678, -6.94276442788165, 0.18283563530177543, 5.097999785269911, 6.103226770506546, 3.8446633371057, -4.304247382078691, -2.8540771178895157, -3.009729024053788, -0.3827495195156546, -3.0789159638096653, -3.9852669059202923, 6.639390649110658, 2.5051777388293033, 6.839763342440613, 4.273015454463358, 1.8262921037496884, 3.9410551797767477, -2.6444234428460343, 4.390140513219813, -3.5079993781524026, 0.7076837492021825, 0.9000087854697367, 0.1544533466383669], Energy: -41.500715010453824
Eval count: 849, θ = [0.8819955423179761, -6.368840089773678, -6.94276442788165, 0.18283563530177543, 5.097999785269911, 6.103226770506546, 3.8446633371057, -4.304247382078691, -2.8540771178895157, -3.009729024053788, -0.3827495195156546, -3.0789159638096653, -3.9852669059202923, 6.639390649110658, 2.5051777388293033, 6.839763342440613, 4.273015454463358, 1.8262921037496884, 3.9410551797767477, -2.6444234577471954, 4.390140528120974, -3.5079993781524026, 0.7076837492021825, 0.9000087854697367, 0.1544533466383669], Energy: -41.50071501021458
Eval count: 850, θ = [0.8819955423179761, -6.368840089773678, -6.94276442788165, 0.18283563530177543, 5.097999785269911, 6.103226770506546, 3.8446633371057, -4.304247382078691, -2.8540771178895157, -3.009729024053788, -0.3827495195156546, -3.0789159638096653, -3.9852669059202923, 6.639390649110658, 2.5051777388293033, 6.839763342440613, 4.273015454463358, 1.8262921037496884, 3.9410551797767477, -2.6444234577471954, 4.390140513219813, -3.5079993632512414, 0.7076837492021825, 0.9000087854697367, 0.1544533466383669], Energy: -41.500715010842185
Eval count: 851, θ = [0.8819955423179761, -6.368840089773678, -6.94276442788165, 0.18283563530177543, 5.097999785269911, 6.103226770506546, 3.8446633371057, -4.304247382078691, -2.8540771178895157, -3.009729024053788, -0.3827495195156546, -3.0789159638096653, -3.9852669059202923, 6.639390649110658, 2.5051777388293033, 6.839763342440613, 4.273015454463358, 1.8262921037496884, 3.9410551797767477, -2.6444234577471954, 4.390140513219813, -3.5079993781524026, 0.7076837641033437, 0.9000087854697367, 0.1544533466383669], Energy: -41.50071500975446
Eval count: 852, θ = [0.8819955423179761, -6.368840089773678, -6.94276442788165, 0.18283563530177543, 5.097999785269911, 6.103226770506546, 3.8446633371057, -4.304247382078691, -2.8540771178895157, -3.009729024053788, -0.3827495195156546, -3.0789159638096653, -3.9852669059202923, 6.639390649110658, 2.5051777388293033, 6.839763342440613, 4.273015454463358, 1.8262921037496884, 3.9410551797767477, -2.6444234577471954, 4.390140513219813, -3.5079993781524026, 0.7076837492021825, 0.9000088003708979, 0.1544533466383669], Energy: -41.50071501071391
Eval count: 853, θ = [0.8819955423179761, -6.368840089773678, -6.94276442788165, 0.18283563530177543, 5.097999785269911, 6.103226770506546, 3.8446633371057, -4.304247382078691, -2.8540771178895157, -3.009729024053788, -0.3827495195156546, -3.0789159638096653, -3.9852669059202923, 6.639390649110658, 2.5051777388293033, 6.839763342440613, 4.273015454463358, 1.8262921037496884, 3.9410551797767477, -2.6444234577471954, 4.390140513219813, -3.5079993781524026, 0.7076837492021825, 0.9000087854697367, 0.1544533615395281], Energy: -41.50071501122259
Eval count: 854, θ = [0.8810429533558992, -6.369917951960013, -6.94533600266783, 0.1769387522426134, 5.096578431197308, 6.104382484787635, 3.8515210755990186, -4.305459669402554, -2.8522198582153493, -3.0148015814287685, -0.3911559088559628, -3.097599599215623, -3.9854044878539763, 6.63811104817377, 2.502741586893205, 6.846266377247953, 4.274808432111588, 1.8273906604618482, 3.9807576456054194, -2.6555646704690092, 4.386519096479549, -3.494777853909964, 0.6897393053601764, 0.899701064222334, 0.1817137438846112], Energy: -41.50131926285194
Eval count: 855, θ = [0.8814811632307105, -6.369422113909667, -6.944153027103361, 0.17965143577140225, 5.097232282349289, 6.103850833224794, 3.848366379453796, -4.304901993114486, -2.853074234616619, -3.012468104115094, -0.38728880250990605, -3.0890047552081787, -3.9853411974272173, 6.638699690063069, 2.503862265252328, 6.843274851855296, 4.273983626721173, 1.826885302517894, 3.9624937214228964, -2.6504394909567175, 4.388185020230051, -3.5008600181106293, 0.6979941065415998, 0.8998426221184145, 0.1691734187914702], Energy: -41.502926264489716
Eval count: 856, θ = [0.8814811781318717, -6.369422113909667, -6.944153027103361, 0.17965143577140225, 5.097232282349289, 6.103850833224794, 3.848366379453796, -4.304901993114486, -2.853074234616619, -3.012468104115094, -0.38728880250990605, -3.0890047552081787, -3.9853411974272173, 6.638699690063069, 2.503862265252328, 6.843274851855296, 4.273983626721173, 1.826885302517894, 3.9624937214228964, -2.6504394909567175, 4.388185020230051, -3.5008600181106293, 0.6979941065415998, 0.8998426221184145, 0.1691734187914702], Energy: -41.502926266375994
Eval count: 857, θ = [0.8814811632307105, -6.3694220990085055, -6.944153027103361, 0.17965143577140225, 5.097232282349289, 6.103850833224794, 3.848366379453796, -4.304901993114486, -2.853074234616619, -3.012468104115094, -0.38728880250990605, -3.0890047552081787, -3.9853411974272173, 6.638699690063069, 2.503862265252328, 6.843274851855296, 4.273983626721173, 1.826885302517894, 3.9624937214228964, -2.6504394909567175, 4.388185020230051, -3.5008600181106293, 0.6979941065415998, 0.8998426221184145, 0.1691734187914702], Energy: -41.50292626604101
Eval count: 858, θ = [0.8814811632307105, -6.369422113909667, -6.9441530122022, 0.17965143577140225, 5.097232282349289, 6.103850833224794, 3.848366379453796, -4.304901993114486, -2.853074234616619, -3.012468104115094, -0.38728880250990605, -3.0890047552081787, -3.9853411974272173, 6.638699690063069, 2.503862265252328, 6.843274851855296, 4.273983626721173, 1.826885302517894, 3.9624937214228964, -2.6504394909567175, 4.388185020230051, -3.5008600181106293, 0.6979941065415998, 0.8998426221184145, 0.1691734187914702], Energy: -41.50292626425137
Eval count: 859, θ = [0.8814811632307105, -6.369422113909667, -6.944153027103361, 0.17965145067256344, 5.097232282349289, 6.103850833224794, 3.848366379453796, -4.304901993114486, -2.853074234616619, -3.012468104115094, -0.38728880250990605, -3.0890047552081787, -3.9853411974272173, 6.638699690063069, 2.503862265252328, 6.843274851855296, 4.273983626721173, 1.826885302517894, 3.9624937214228964, -2.6504394909567175, 4.388185020230051, -3.5008600181106293, 0.6979941065415998, 0.8998426221184145, 0.1691734187914702], Energy: -41.50292626397179
Eval count: 860, θ = [0.8814811632307105, -6.369422113909667, -6.944153027103361, 0.17965143577140225, 5.09723229725045, 6.103850833224794, 3.848366379453796, -4.304901993114486, -2.853074234616619, -3.012468104115094, -0.38728880250990605, -3.0890047552081787, -3.9853411974272173, 6.638699690063069, 2.503862265252328, 6.843274851855296, 4.273983626721173, 1.826885302517894, 3.9624937214228964, -2.6504394909567175, 4.388185020230051, -3.5008600181106293, 0.6979941065415998, 0.8998426221184145, 0.1691734187914702], Energy: -41.50292626443404
Eval count: 861, θ = [0.8814811632307105, -6.369422113909667, -6.944153027103361, 0.17965143577140225, 5.097232282349289, 6.103850848125955, 3.848366379453796, -4.304901993114486, -2.853074234616619, -3.012468104115094, -0.38728880250990605, -3.0890047552081787, -3.9853411974272173, 6.638699690063069, 2.503862265252328, 6.843274851855296, 4.273983626721173, 1.826885302517894, 3.9624937214228964, -2.6504394909567175, 4.388185020230051, -3.5008600181106293, 0.6979941065415998, 0.8998426221184145, 0.1691734187914702], Energy: -41.50292626541098
Eval count: 862, θ = [0.8814811632307105, -6.369422113909667, -6.944153027103361, 0.17965143577140225, 5.097232282349289, 6.103850833224794, 3.848366394354957, -4.304901993114486, -2.853074234616619, -3.012468104115094, -0.38728880250990605, -3.0890047552081787, -3.9853411974272173, 6.638699690063069, 2.503862265252328, 6.843274851855296, 4.273983626721173, 1.826885302517894, 3.9624937214228964, -2.6504394909567175, 4.388185020230051, -3.5008600181106293, 0.6979941065415998, 0.8998426221184145, 0.1691734187914702], Energy: -41.50292626444774
Eval count: 863, θ = [0.8814811632307105, -6.369422113909667, -6.944153027103361, 0.17965143577140225, 5.097232282349289, 6.103850833224794, 3.848366379453796, -4.304901978213325, -2.853074234616619, -3.012468104115094, -0.38728880250990605, -3.0890047552081787, -3.9853411974272173, 6.638699690063069, 2.503862265252328, 6.843274851855296, 4.273983626721173, 1.826885302517894, 3.9624937214228964, -2.6504394909567175, 4.388185020230051, -3.5008600181106293, 0.6979941065415998, 0.8998426221184145, 0.1691734187914702], Energy: -41.5029262639956
Eval count: 864, θ = [0.8814811632307105, -6.369422113909667, -6.944153027103361, 0.17965143577140225, 5.097232282349289, 6.103850833224794, 3.848366379453796, -4.304901993114486, -2.8530742197154577, -3.012468104115094, -0.38728880250990605, -3.0890047552081787, -3.9853411974272173, 6.638699690063069, 2.503862265252328, 6.843274851855296, 4.273983626721173, 1.826885302517894, 3.9624937214228964, -2.6504394909567175, 4.388185020230051, -3.5008600181106293, 0.6979941065415998, 0.8998426221184145, 0.1691734187914702], Energy: -41.50292626603209
Eval count: 865, θ = [0.8814811632307105, -6.369422113909667, -6.944153027103361, 0.17965143577140225, 5.097232282349289, 6.103850833224794, 3.848366379453796, -4.304901993114486, -2.853074234616619, -3.012468089213933, -0.38728880250990605, -3.0890047552081787, -3.9853411974272173, 6.638699690063069, 2.503862265252328, 6.843274851855296, 4.273983626721173, 1.826885302517894, 3.9624937214228964, -2.6504394909567175, 4.388185020230051, -3.5008600181106293, 0.6979941065415998, 0.8998426221184145, 0.1691734187914702], Energy: -41.50292626573119
Eval count: 866, θ = [0.8814811632307105, -6.369422113909667, -6.944153027103361, 0.17965143577140225, 5.097232282349289, 6.103850833224794, 3.848366379453796, -4.304901993114486, -2.853074234616619, -3.012468104115094, -0.38728878760874486, -3.0890047552081787, -3.9853411974272173, 6.638699690063069, 2.503862265252328, 6.843274851855296, 4.273983626721173, 1.826885302517894, 3.9624937214228964, -2.6504394909567175, 4.388185020230051, -3.5008600181106293, 0.6979941065415998, 0.8998426221184145, 0.1691734187914702], Energy: -41.50292626434959
Eval count: 867, θ = [0.8814811632307105, -6.369422113909667, -6.944153027103361, 0.17965143577140225, 5.097232282349289, 6.103850833224794, 3.848366379453796, -4.304901993114486, -2.853074234616619, -3.012468104115094, -0.38728880250990605, -3.0890047403070175, -3.9853411974272173, 6.638699690063069, 2.503862265252328, 6.843274851855296, 4.273983626721173, 1.826885302517894, 3.9624937214228964, -2.6504394909567175, 4.388185020230051, -3.5008600181106293, 0.6979941065415998, 0.8998426221184145, 0.1691734187914702], Energy: -41.50292626463739
Eval count: 868, θ = [0.8814811632307105, -6.369422113909667, -6.944153027103361, 0.17965143577140225, 5.097232282349289, 6.103850833224794, 3.848366379453796, -4.304901993114486, -2.853074234616619, -3.012468104115094, -0.38728880250990605, -3.0890047552081787, -3.985341182526056, 6.638699690063069, 2.503862265252328, 6.843274851855296, 4.273983626721173, 1.826885302517894, 3.9624937214228964, -2.6504394909567175, 4.388185020230051, -3.5008600181106293, 0.6979941065415998, 0.8998426221184145, 0.1691734187914702], Energy: -41.502926266055155
Eval count: 869, θ = [0.8814811632307105, -6.369422113909667, -6.944153027103361, 0.17965143577140225, 5.097232282349289, 6.103850833224794, 3.848366379453796, -4.304901993114486, -2.853074234616619, -3.012468104115094, -0.38728880250990605, -3.0890047552081787, -3.9853411974272173, 6.63869970496423, 2.503862265252328, 6.843274851855296, 4.273983626721173, 1.826885302517894, 3.9624937214228964, -2.6504394909567175, 4.388185020230051, -3.5008600181106293, 0.6979941065415998, 0.8998426221184145, 0.1691734187914702], Energy: -41.502926264135866
Eval count: 870, θ = [0.8814811632307105, -6.369422113909667, -6.944153027103361, 0.17965143577140225, 5.097232282349289, 6.103850833224794, 3.848366379453796, -4.304901993114486, -2.853074234616619, -3.012468104115094, -0.38728880250990605, -3.0890047552081787, -3.9853411974272173, 6.638699690063069, 2.503862280153489, 6.843274851855296, 4.273983626721173, 1.826885302517894, 3.9624937214228964, -2.6504394909567175, 4.388185020230051, -3.5008600181106293, 0.6979941065415998, 0.8998426221184145, 0.1691734187914702], Energy: -41.50292626427168
Eval count: 871, θ = [0.8814811632307105, -6.369422113909667, -6.944153027103361, 0.17965143577140225, 5.097232282349289, 6.103850833224794, 3.848366379453796, -4.304901993114486, -2.853074234616619, -3.012468104115094, -0.38728880250990605, -3.0890047552081787, -3.9853411974272173, 6.638699690063069, 2.503862265252328, 6.843274866756457, 4.273983626721173, 1.826885302517894, 3.9624937214228964, -2.6504394909567175, 4.388185020230051, -3.5008600181106293, 0.6979941065415998, 0.8998426221184145, 0.1691734187914702], Energy: -41.50292626491288
Eval count: 872, θ = [0.8814811632307105, -6.369422113909667, -6.944153027103361, 0.17965143577140225, 5.097232282349289, 6.103850833224794, 3.848366379453796, -4.304901993114486, -2.853074234616619, -3.012468104115094, -0.38728880250990605, -3.0890047552081787, -3.9853411974272173, 6.638699690063069, 2.503862265252328, 6.843274851855296, 4.273983641622334, 1.826885302517894, 3.9624937214228964, -2.6504394909567175, 4.388185020230051, -3.5008600181106293, 0.6979941065415998, 0.8998426221184145, 0.1691734187914702], Energy: -41.502926264162674
Eval count: 873, θ = [0.8814811632307105, -6.369422113909667, -6.944153027103361, 0.17965143577140225, 5.097232282349289, 6.103850833224794, 3.848366379453796, -4.304901993114486, -2.853074234616619, -3.012468104115094, -0.38728880250990605, -3.0890047552081787, -3.9853411974272173, 6.638699690063069, 2.503862265252328, 6.843274851855296, 4.273983626721173, 1.8268853174190551, 3.9624937214228964, -2.6504394909567175, 4.388185020230051, -3.5008600181106293, 0.6979941065415998, 0.8998426221184145, 0.1691734187914702], Energy: -41.50292626417172
Eval count: 874, θ = [0.8814811632307105, -6.369422113909667, -6.944153027103361, 0.17965143577140225, 5.097232282349289, 6.103850833224794, 3.848366379453796, -4.304901993114486, -2.853074234616619, -3.012468104115094, -0.38728880250990605, -3.0890047552081787, -3.9853411974272173, 6.638699690063069, 2.503862265252328, 6.843274851855296, 4.273983626721173, 1.826885302517894, 3.9624937363240575, -2.6504394909567175, 4.388185020230051, -3.5008600181106293, 0.6979941065415998, 0.8998426221184145, 0.1691734187914702], Energy: -41.50292626463625
Eval count: 875, θ = [0.8814811632307105, -6.369422113909667, -6.944153027103361, 0.17965143577140225, 5.097232282349289, 6.103850833224794, 3.848366379453796, -4.304901993114486, -2.853074234616619, -3.012468104115094, -0.38728880250990605, -3.0890047552081787, -3.9853411974272173, 6.638699690063069, 2.503862265252328, 6.843274851855296, 4.273983626721173, 1.826885302517894, 3.9624937214228964, -2.6504394760555563, 4.388185020230051, -3.5008600181106293, 0.6979941065415998, 0.8998426221184145, 0.1691734187914702], Energy: -41.50292626473903
Eval count: 876, θ = [0.8814811632307105, -6.369422113909667, -6.944153027103361, 0.17965143577140225, 5.097232282349289, 6.103850833224794, 3.848366379453796, -4.304901993114486, -2.853074234616619, -3.012468104115094, -0.38728880250990605, -3.0890047552081787, -3.9853411974272173, 6.638699690063069, 2.503862265252328, 6.843274851855296, 4.273983626721173, 1.826885302517894, 3.9624937214228964, -2.6504394909567175, 4.388185035131213, -3.5008600181106293, 0.6979941065415998, 0.8998426221184145, 0.1691734187914702], Energy: -41.5029262656599
Eval count: 877, θ = [0.8814811632307105, -6.369422113909667, -6.944153027103361, 0.17965143577140225, 5.097232282349289, 6.103850833224794, 3.848366379453796, -4.304901993114486, -2.853074234616619, -3.012468104115094, -0.38728880250990605, -3.0890047552081787, -3.9853411974272173, 6.638699690063069, 2.503862265252328, 6.843274851855296, 4.273983626721173, 1.826885302517894, 3.9624937214228964, -2.6504394909567175, 4.388185020230051, -3.500860003209468, 0.6979941065415998, 0.8998426221184145, 0.1691734187914702], Energy: -41.50292626413305
Eval count: 878, θ = [0.8814811632307105, -6.369422113909667, -6.944153027103361, 0.17965143577140225, 5.097232282349289, 6.103850833224794, 3.848366379453796, -4.304901993114486, -2.853074234616619, -3.012468104115094, -0.38728880250990605, -3.0890047552081787, -3.9853411974272173, 6.638699690063069, 2.503862265252328, 6.843274851855296, 4.273983626721173, 1.826885302517894, 3.9624937214228964, -2.6504394909567175, 4.388185020230051, -3.5008600181106293, 0.697994121442761, 0.8998426221184145, 0.1691734187914702], Energy: -41.502926264337226
Eval count: 879, θ = [0.8814811632307105, -6.369422113909667, -6.944153027103361, 0.17965143577140225, 5.097232282349289, 6.103850833224794, 3.848366379453796, -4.304901993114486, -2.853074234616619, -3.012468104115094, -0.38728880250990605, -3.0890047552081787, -3.9853411974272173, 6.638699690063069, 2.503862265252328, 6.843274851855296, 4.273983626721173, 1.826885302517894, 3.9624937214228964, -2.6504394909567175, 4.388185020230051, -3.5008600181106293, 0.6979941065415998, 0.8998426370195757, 0.1691734187914702], Energy: -41.502926264749135
Eval count: 880, θ = [0.8814811632307105, -6.369422113909667, -6.944153027103361, 0.17965143577140225, 5.097232282349289, 6.103850833224794, 3.848366379453796, -4.304901993114486, -2.853074234616619, -3.012468104115094, -0.38728880250990605, -3.0890047552081787, -3.9853411974272173, 6.638699690063069, 2.503862265252328, 6.843274851855296, 4.273983626721173, 1.826885302517894, 3.9624937214228964, -2.6504394909567175, 4.388185020230051, -3.5008600181106293, 0.6979941065415998, 0.8998426221184145, 0.16917343369263138], Energy: -41.50292626464444
Eval count: 881, θ = [0.8829708417401961, -6.3686874876820365, -6.939226758561641, 0.17241803889936544, 5.09742867304394, 6.105050896088855, 3.8468514381847245, -4.308702871514306, -2.851886908084336, -3.0085310032676875, -0.39385930611615094, -3.0813980197056474, -3.9794210406995334, 6.636288631552901, 2.4976776707137893, 6.854321036524315, 4.272008386431885, 1.8251785203871556, 3.9848240615507176, -2.643197149489537, 4.392937438125552, -3.5157909010811212, 0.6885841718543937, 0.9084930031480454, 0.16341594681424673], Energy: -41.50101826807726
Eval count: 882, θ = [0.881970359780614, -6.36918086949771, -6.942535286390071, 0.17727605559953896, 5.097296775224526, 6.104244922693781, 3.8478688868489037, -4.306150166185357, -2.85268432764038, -3.011175196861006, -0.3894464947064681, -3.086506774106772, -3.9833970730892276, 6.637907920901281, 2.5018313019998275, 6.846902316033152, 4.273334976204571, 1.8263248111605457, 3.969826797169873, -2.6480611734631054, 4.389745670010105, -3.505763181034487, 0.6949039716202148, 0.9026833266919853, 0.16728271861053237], Energy: -41.50352796389924
Eval count: 883, θ = [0.8819703746817752, -6.36918086949771, -6.942535286390071, 0.17727605559953896, 5.097296775224526, 6.104244922693781, 3.8478688868489037, -4.306150166185357, -2.85268432764038, -3.011175196861006, -0.3894464947064681, -3.086506774106772, -3.9833970730892276, 6.637907920901281, 2.5018313019998275, 6.846902316033152, 4.273334976204571, 1.8263248111605457, 3.969826797169873, -2.6480611734631054, 4.389745670010105, -3.505763181034487, 0.6949039716202148, 0.9026833266919853, 0.16728271861053237], Energy: -41.50352796465404
Eval count: 884, θ = [0.881970359780614, -6.369180854596549, -6.942535286390071, 0.17727605559953896, 5.097296775224526, 6.104244922693781, 3.8478688868489037, -4.306150166185357, -2.85268432764038, -3.011175196861006, -0.3894464947064681, -3.086506774106772, -3.9833970730892276, 6.637907920901281, 2.5018313019998275, 6.846902316033152, 4.273334976204571, 1.8263248111605457, 3.969826797169873, -2.6480611734631054, 4.389745670010105, -3.505763181034487, 0.6949039716202148, 0.9026833266919853, 0.16728271861053237], Energy: -41.50352796470643
Eval count: 885, θ = [0.881970359780614, -6.36918086949771, -6.94253527148891, 0.17727605559953896, 5.097296775224526, 6.104244922693781, 3.8478688868489037, -4.306150166185357, -2.85268432764038, -3.011175196861006, -0.3894464947064681, -3.086506774106772, -3.9833970730892276, 6.637907920901281, 2.5018313019998275, 6.846902316033152, 4.273334976204571, 1.8263248111605457, 3.969826797169873, -2.6480611734631054, 4.389745670010105, -3.505763181034487, 0.6949039716202148, 0.9026833266919853, 0.16728271861053237], Energy: -41.50352796357618
Eval count: 886, θ = [0.881970359780614, -6.36918086949771, -6.942535286390071, 0.17727607050070016, 5.097296775224526, 6.104244922693781, 3.8478688868489037, -4.306150166185357, -2.85268432764038, -3.011175196861006, -0.3894464947064681, -3.086506774106772, -3.9833970730892276, 6.637907920901281, 2.5018313019998275, 6.846902316033152, 4.273334976204571, 1.8263248111605457, 3.969826797169873, -2.6480611734631054, 4.389745670010105, -3.505763181034487, 0.6949039716202148, 0.9026833266919853, 0.16728271861053237], Energy: -41.50352796349791
Eval count: 887, θ = [0.881970359780614, -6.36918086949771, -6.942535286390071, 0.17727605559953896, 5.097296790125688, 6.104244922693781, 3.8478688868489037, -4.306150166185357, -2.85268432764038, -3.011175196861006, -0.3894464947064681, -3.086506774106772, -3.9833970730892276, 6.637907920901281, 2.5018313019998275, 6.846902316033152, 4.273334976204571, 1.8263248111605457, 3.969826797169873, -2.6480611734631054, 4.389745670010105, -3.505763181034487, 0.6949039716202148, 0.9026833266919853, 0.16728271861053237], Energy: -41.50352796385887
Eval count: 888, θ = [0.881970359780614, -6.36918086949771, -6.942535286390071, 0.17727605559953896, 5.097296775224526, 6.104244937594943, 3.8478688868489037, -4.306150166185357, -2.85268432764038, -3.011175196861006, -0.3894464947064681, -3.086506774106772, -3.9833970730892276, 6.637907920901281, 2.5018313019998275, 6.846902316033152, 4.273334976204571, 1.8263248111605457, 3.969826797169873, -2.6480611734631054, 4.389745670010105, -3.505763181034487, 0.6949039716202148, 0.9026833266919853, 0.16728271861053237], Energy: -41.50352796375307
Eval count: 889, θ = [0.881970359780614, -6.36918086949771, -6.942535286390071, 0.17727605559953896, 5.097296775224526, 6.104244922693781, 3.847868901750065, -4.306150166185357, -2.85268432764038, -3.011175196861006, -0.3894464947064681, -3.086506774106772, -3.9833970730892276, 6.637907920901281, 2.5018313019998275, 6.846902316033152, 4.273334976204571, 1.8263248111605457, 3.969826797169873, -2.6480611734631054, 4.389745670010105, -3.505763181034487, 0.6949039716202148, 0.9026833266919853, 0.16728271861053237], Energy: -41.5035279639927
Eval count: 890, θ = [0.881970359780614, -6.36918086949771, -6.942535286390071, 0.17727605559953896, 5.097296775224526, 6.104244922693781, 3.8478688868489037, -4.3061501512841955, -2.85268432764038, -3.011175196861006, -0.3894464947064681, -3.086506774106772, -3.9833970730892276, 6.637907920901281, 2.5018313019998275, 6.846902316033152, 4.273334976204571, 1.8263248111605457, 3.969826797169873, -2.6480611734631054, 4.389745670010105, -3.505763181034487, 0.6949039716202148, 0.9026833266919853, 0.16728271861053237], Energy: -41.50352796387371
Eval count: 891, θ = [0.881970359780614, -6.36918086949771, -6.942535286390071, 0.17727605559953896, 5.097296775224526, 6.104244922693781, 3.8478688868489037, -4.306150166185357, -2.852684312739219, -3.011175196861006, -0.3894464947064681, -3.086506774106772, -3.9833970730892276, 6.637907920901281, 2.5018313019998275, 6.846902316033152, 4.273334976204571, 1.8263248111605457, 3.969826797169873, -2.6480611734631054, 4.389745670010105, -3.505763181034487, 0.6949039716202148, 0.9026833266919853, 0.16728271861053237], Energy: -41.503527964516564
Eval count: 892, θ = [0.881970359780614, -6.36918086949771, -6.942535286390071, 0.17727605559953896, 5.097296775224526, 6.104244922693781, 3.8478688868489037, -4.306150166185357, -2.85268432764038, -3.0111751819598447, -0.3894464947064681, -3.086506774106772, -3.9833970730892276, 6.637907920901281, 2.5018313019998275, 6.846902316033152, 4.273334976204571, 1.8263248111605457, 3.969826797169873, -2.6480611734631054, 4.389745670010105, -3.505763181034487, 0.6949039716202148, 0.9026833266919853, 0.16728271861053237], Energy: -41.503527964305334
Eval count: 893, θ = [0.881970359780614, -6.36918086949771, -6.942535286390071, 0.17727605559953896, 5.097296775224526, 6.104244922693781, 3.8478688868489037, -4.306150166185357, -2.85268432764038, -3.011175196861006, -0.3894464798053069, -3.086506774106772, -3.9833970730892276, 6.637907920901281, 2.5018313019998275, 6.846902316033152, 4.273334976204571, 1.8263248111605457, 3.969826797169873, -2.6480611734631054, 4.389745670010105, -3.505763181034487, 0.6949039716202148, 0.9026833266919853, 0.16728271861053237], Energy: -41.50352796392371
Eval count: 894, θ = [0.881970359780614, -6.36918086949771, -6.942535286390071, 0.17727605559953896, 5.097296775224526, 6.104244922693781, 3.8478688868489037, -4.306150166185357, -2.85268432764038, -3.011175196861006, -0.3894464947064681, -3.086506759205611, -3.9833970730892276, 6.637907920901281, 2.5018313019998275, 6.846902316033152, 4.273334976204571, 1.8263248111605457, 3.969826797169873, -2.6480611734631054, 4.389745670010105, -3.505763181034487, 0.6949039716202148, 0.9026833266919853, 0.16728271861053237], Energy: -41.503527963994905
Eval count: 895, θ = [0.881970359780614, -6.36918086949771, -6.942535286390071, 0.17727605559953896, 5.097296775224526, 6.104244922693781, 3.8478688868489037, -4.306150166185357, -2.85268432764038, -3.011175196861006, -0.3894464947064681, -3.086506774106772, -3.9833970581880664, 6.637907920901281, 2.5018313019998275, 6.846902316033152, 4.273334976204571, 1.8263248111605457, 3.969826797169873, -2.6480611734631054, 4.389745670010105, -3.505763181034487, 0.6949039716202148, 0.9026833266919853, 0.16728271861053237], Energy: -41.503527964465526
Eval count: 896, θ = [0.881970359780614, -6.36918086949771, -6.942535286390071, 0.17727605559953896, 5.097296775224526, 6.104244922693781, 3.8478688868489037, -4.306150166185357, -2.85268432764038, -3.011175196861006, -0.3894464947064681, -3.086506774106772, -3.9833970730892276, 6.637907935802442, 2.5018313019998275, 6.846902316033152, 4.273334976204571, 1.8263248111605457, 3.969826797169873, -2.6480611734631054, 4.389745670010105, -3.505763181034487, 0.6949039716202148, 0.9026833266919853, 0.16728271861053237], Energy: -41.503527963755914
Eval count: 897, θ = [0.881970359780614, -6.36918086949771, -6.942535286390071, 0.17727605559953896, 5.097296775224526, 6.104244922693781, 3.8478688868489037, -4.306150166185357, -2.85268432764038, -3.011175196861006, -0.3894464947064681, -3.086506774106772, -3.9833970730892276, 6.637907920901281, 2.5018313169009887, 6.846902316033152, 4.273334976204571, 1.8263248111605457, 3.969826797169873, -2.6480611734631054, 4.389745670010105, -3.505763181034487, 0.6949039716202148, 0.9026833266919853, 0.16728271861053237], Energy: -41.50352796402607
Eval count: 898, θ = [0.881970359780614, -6.36918086949771, -6.942535286390071, 0.17727605559953896, 5.097296775224526, 6.104244922693781, 3.8478688868489037, -4.306150166185357, -2.85268432764038, -3.011175196861006, -0.3894464947064681, -3.086506774106772, -3.9833970730892276, 6.637907920901281, 2.5018313019998275, 6.846902330934313, 4.273334976204571, 1.8263248111605457, 3.969826797169873, -2.6480611734631054, 4.389745670010105, -3.505763181034487, 0.6949039716202148, 0.9026833266919853, 0.16728271861053237], Energy: -41.50352796372009
Eval count: 899, θ = [0.881970359780614, -6.36918086949771, -6.942535286390071, 0.17727605559953896, 5.097296775224526, 6.104244922693781, 3.8478688868489037, -4.306150166185357, -2.85268432764038, -3.011175196861006, -0.3894464947064681, -3.086506774106772, -3.9833970730892276, 6.637907920901281, 2.5018313019998275, 6.846902316033152, 4.273334991105732, 1.8263248111605457, 3.969826797169873, -2.6480611734631054, 4.389745670010105, -3.505763181034487, 0.6949039716202148, 0.9026833266919853, 0.16728271861053237], Energy: -41.50352796384895
Eval count: 900, θ = [0.881970359780614, -6.36918086949771, -6.942535286390071, 0.17727605559953896, 5.097296775224526, 6.104244922693781, 3.8478688868489037, -4.306150166185357, -2.85268432764038, -3.011175196861006, -0.3894464947064681, -3.086506774106772, -3.9833970730892276, 6.637907920901281, 2.5018313019998275, 6.846902316033152, 4.273334976204571, 1.8263248260617069, 3.969826797169873, -2.6480611734631054, 4.389745670010105, -3.505763181034487, 0.6949039716202148, 0.9026833266919853, 0.16728271861053237], Energy: -41.50352796377302
Eval count: 901, θ = [0.881970359780614, -6.36918086949771, -6.942535286390071, 0.17727605559953896, 5.097296775224526, 6.104244922693781, 3.8478688868489037, -4.306150166185357, -2.85268432764038, -3.011175196861006, -0.3894464947064681, -3.086506774106772, -3.9833970730892276, 6.637907920901281, 2.5018313019998275, 6.846902316033152, 4.273334976204571, 1.8263248111605457, 3.9698268120710343, -2.6480611734631054, 4.389745670010105, -3.505763181034487, 0.6949039716202148, 0.9026833266919853, 0.16728271861053237], Energy: -41.50352796375395
Eval count: 902, θ = [0.881970359780614, -6.36918086949771, -6.942535286390071, 0.17727605559953896, 5.097296775224526, 6.104244922693781, 3.8478688868489037, -4.306150166185357, -2.85268432764038, -3.011175196861006, -0.3894464947064681, -3.086506774106772, -3.9833970730892276, 6.637907920901281, 2.5018313019998275, 6.846902316033152, 4.273334976204571, 1.8263248111605457, 3.969826797169873, -2.6480611585619442, 4.389745670010105, -3.505763181034487, 0.6949039716202148, 0.9026833266919853, 0.16728271861053237], Energy: -41.50352796399484
Eval count: 903, θ = [0.881970359780614, -6.36918086949771, -6.942535286390071, 0.17727605559953896, 5.097296775224526, 6.104244922693781, 3.8478688868489037, -4.306150166185357, -2.85268432764038, -3.011175196861006, -0.3894464947064681, -3.086506774106772, -3.9833970730892276, 6.637907920901281, 2.5018313019998275, 6.846902316033152, 4.273334976204571, 1.8263248111605457, 3.969826797169873, -2.6480611734631054, 4.389745684911266, -3.505763181034487, 0.6949039716202148, 0.9026833266919853, 0.16728271861053237], Energy: -41.50352796404547
Eval count: 904, θ = [0.881970359780614, -6.36918086949771, -6.942535286390071, 0.17727605559953896, 5.097296775224526, 6.104244922693781, 3.8478688868489037, -4.306150166185357, -2.85268432764038, -3.011175196861006, -0.3894464947064681, -3.086506774106772, -3.9833970730892276, 6.637907920901281, 2.5018313019998275, 6.846902316033152, 4.273334976204571, 1.8263248111605457, 3.969826797169873, -2.6480611734631054, 4.389745670010105, -3.5057631661333257, 0.6949039716202148, 0.9026833266919853, 0.16728271861053237], Energy: -41.503527964212246
Eval count: 905, θ = [0.881970359780614, -6.36918086949771, -6.942535286390071, 0.17727605559953896, 5.097296775224526, 6.104244922693781, 3.8478688868489037, -4.306150166185357, -2.85268432764038, -3.011175196861006, -0.3894464947064681, -3.086506774106772, -3.9833970730892276, 6.637907920901281, 2.5018313019998275, 6.846902316033152, 4.273334976204571, 1.8263248111605457, 3.969826797169873, -2.6480611734631054, 4.389745670010105, -3.505763181034487, 0.694903986521376, 0.9026833266919853, 0.16728271861053237], Energy: -41.503527963906464
Eval count: 906, θ = [0.881970359780614, -6.36918086949771, -6.942535286390071, 0.17727605559953896, 5.097296775224526, 6.104244922693781, 3.8478688868489037, -4.306150166185357, -2.85268432764038, -3.011175196861006, -0.3894464947064681, -3.086506774106772, -3.9833970730892276, 6.637907920901281, 2.5018313019998275, 6.846902316033152, 4.273334976204571, 1.8263248111605457, 3.969826797169873, -2.6480611734631054, 4.389745670010105, -3.505763181034487, 0.6949039716202148, 0.9026833415931464, 0.16728271861053237], Energy: -41.503527964011134
Eval count: 907, θ = [0.881970359780614, -6.36918086949771, -6.942535286390071, 0.17727605559953896, 5.097296775224526, 6.104244922693781, 3.8478688868489037, -4.306150166185357, -2.85268432764038, -3.011175196861006, -0.3894464947064681, -3.086506774106772, -3.9833970730892276, 6.637907920901281, 2.5018313019998275, 6.846902316033152, 4.273334976204571, 1.8263248111605457, 3.969826797169873, -2.6480611734631054, 4.389745670010105, -3.505763181034487, 0.6949039716202148, 0.9026833266919853, 0.16728273351169357], Energy: -41.503527964102325
Eval count: 908, θ = [0.8824027624360578, -6.368500590274135, -6.944502685191681, 0.16950911803776997, 5.097444513712122, 6.105055798416698, 3.8513444570753306, -4.30787246799874, -2.852617419528224, -3.009207061504823, -0.385271511291379, -3.084008009808237, -3.9788527001056164, 6.638195538730952, 2.5041920970463036, 6.843691556584302, 4.2688640124605906, 1.8244073679863326, 3.962363588918895, -2.637095572802599, 4.388107522115313, -3.498898217705089, 0.7020826200505642, 0.9080201956262336, 0.17233621647970024], Energy: -41.50337859152014
Eval count: 909, θ = [0.882159633372645, -6.368883094054824, -6.943396466666026, 0.17387627034639694, 5.0973614441017325, 6.104599863531528, 3.8493902319489632, -4.3069040613029665, -2.8526550402653736, -3.0103136941764634, -0.3876189987424733, -3.085413001697032, -3.9814078859570294, 6.638033818508681, 2.5028646817741427, 6.845496885316248, 4.271377922155503, 1.8254854977277308, 3.9665599619274095, -2.6432612523718197, 4.389028611193694, -3.50275821274357, 0.698046247823274, 0.9050194093701723, 0.16949476259772112], Energy: -41.50375749614238
Eval count: 910, θ = [0.8821596482738062, -6.368883094054824, -6.943396466666026, 0.17387627034639694, 5.0973614441017325, 6.104599863531528, 3.8493902319489632, -4.3069040613029665, -2.8526550402653736, -3.0103136941764634, -0.3876189987424733, -3.085413001697032, -3.9814078859570294, 6.638033818508681, 2.5028646817741427, 6.845496885316248, 4.271377922155503, 1.8254854977277308, 3.9665599619274095, -2.6432612523718197, 4.389028611193694, -3.50275821274357, 0.698046247823274, 0.9050194093701723, 0.16949476259772112], Energy: -41.50375749633233
Eval count: 911, θ = [0.882159633372645, -6.368883079153663, -6.943396466666026, 0.17387627034639694, 5.0973614441017325, 6.104599863531528, 3.8493902319489632, -4.3069040613029665, -2.8526550402653736, -3.0103136941764634, -0.3876189987424733, -3.085413001697032, -3.9814078859570294, 6.638033818508681, 2.5028646817741427, 6.845496885316248, 4.271377922155503, 1.8254854977277308, 3.9665599619274095, -2.6432612523718197, 4.389028611193694, -3.50275821274357, 0.698046247823274, 0.9050194093701723, 0.16949476259772112], Energy: -41.503757496124024
Eval count: 912, θ = [0.882159633372645, -6.368883094054824, -6.9433964517648645, 0.17387627034639694, 5.0973614441017325, 6.104599863531528, 3.8493902319489632, -4.3069040613029665, -2.8526550402653736, -3.0103136941764634, -0.3876189987424733, -3.085413001697032, -3.9814078859570294, 6.638033818508681, 2.5028646817741427, 6.845496885316248, 4.271377922155503, 1.8254854977277308, 3.9665599619274095, -2.6432612523718197, 4.389028611193694, -3.50275821274357, 0.698046247823274, 0.9050194093701723, 0.16949476259772112], Energy: -41.50375749585302
Eval count: 913, θ = [0.882159633372645, -6.368883094054824, -6.943396466666026, 0.17387628524755813, 5.0973614441017325, 6.104599863531528, 3.8493902319489632, -4.3069040613029665, -2.8526550402653736, -3.0103136941764634, -0.3876189987424733, -3.085413001697032, -3.9814078859570294, 6.638033818508681, 2.5028646817741427, 6.845496885316248, 4.271377922155503, 1.8254854977277308, 3.9665599619274095, -2.6432612523718197, 4.389028611193694, -3.50275821274357, 0.698046247823274, 0.9050194093701723, 0.16949476259772112], Energy: -41.50375749593972
Eval count: 914, θ = [0.882159633372645, -6.368883094054824, -6.943396466666026, 0.17387627034639694, 5.097361459002894, 6.104599863531528, 3.8493902319489632, -4.3069040613029665, -2.8526550402653736, -3.0103136941764634, -0.3876189987424733, -3.085413001697032, -3.9814078859570294, 6.638033818508681, 2.5028646817741427, 6.845496885316248, 4.271377922155503, 1.8254854977277308, 3.9665599619274095, -2.6432612523718197, 4.389028611193694, -3.50275821274357, 0.698046247823274, 0.9050194093701723, 0.16949476259772112], Energy: -41.50375749607349
Eval count: 915, θ = [0.882159633372645, -6.368883094054824, -6.943396466666026, 0.17387627034639694, 5.0973614441017325, 6.10459987843269, 3.8493902319489632, -4.3069040613029665, -2.8526550402653736, -3.0103136941764634, -0.3876189987424733, -3.085413001697032, -3.9814078859570294, 6.638033818508681, 2.5028646817741427, 6.845496885316248, 4.271377922155503, 1.8254854977277308, 3.9665599619274095, -2.6432612523718197, 4.389028611193694, -3.50275821274357, 0.698046247823274, 0.9050194093701723, 0.16949476259772112], Energy: -41.50375749573527
Eval count: 916, θ = [0.882159633372645, -6.368883094054824, -6.943396466666026, 0.17387627034639694, 5.0973614441017325, 6.104599863531528, 3.8493902468501244, -4.3069040613029665, -2.8526550402653736, -3.0103136941764634, -0.3876189987424733, -3.085413001697032, -3.9814078859570294, 6.638033818508681, 2.5028646817741427, 6.845496885316248, 4.271377922155503, 1.8254854977277308, 3.9665599619274095, -2.6432612523718197, 4.389028611193694, -3.50275821274357, 0.698046247823274, 0.9050194093701723, 0.16949476259772112], Energy: -41.503757496193835
Eval count: 917, θ = [0.882159633372645, -6.368883094054824, -6.943396466666026, 0.17387627034639694, 5.0973614441017325, 6.104599863531528, 3.8493902319489632, -4.306904046401805, -2.8526550402653736, -3.0103136941764634, -0.3876189987424733, -3.085413001697032, -3.9814078859570294, 6.638033818508681, 2.5028646817741427, 6.845496885316248, 4.271377922155503, 1.8254854977277308, 3.9665599619274095, -2.6432612523718197, 4.389028611193694, -3.50275821274357, 0.698046247823274, 0.9050194093701723, 0.16949476259772112], Energy: -41.50375749638385
Eval count: 918, θ = [0.882159633372645, -6.368883094054824, -6.943396466666026, 0.17387627034639694, 5.0973614441017325, 6.104599863531528, 3.8493902319489632, -4.3069040613029665, -2.8526550253642124, -3.0103136941764634, -0.3876189987424733, -3.085413001697032, -3.9814078859570294, 6.638033818508681, 2.5028646817741427, 6.845496885316248, 4.271377922155503, 1.8254854977277308, 3.9665599619274095, -2.6432612523718197, 4.389028611193694, -3.50275821274357, 0.698046247823274, 0.9050194093701723, 0.16949476259772112], Energy: -41.50375749657773
Eval count: 919, θ = [0.882159633372645, -6.368883094054824, -6.943396466666026, 0.17387627034639694, 5.0973614441017325, 6.104599863531528, 3.8493902319489632, -4.3069040613029665, -2.8526550402653736, -3.0103136792753022, -0.3876189987424733, -3.085413001697032, -3.9814078859570294, 6.638033818508681, 2.5028646817741427, 6.845496885316248, 4.271377922155503, 1.8254854977277308, 3.9665599619274095, -2.6432612523718197, 4.389028611193694, -3.50275821274357, 0.698046247823274, 0.9050194093701723, 0.16949476259772112], Energy: -41.50375749632312
Eval count: 920, θ = [0.882159633372645, -6.368883094054824, -6.943396466666026, 0.17387627034639694, 5.0973614441017325, 6.104599863531528, 3.8493902319489632, -4.3069040613029665, -2.8526550402653736, -3.0103136941764634, -0.3876189838413121, -3.085413001697032, -3.9814078859570294, 6.638033818508681, 2.5028646817741427, 6.845496885316248, 4.271377922155503, 1.8254854977277308, 3.9665599619274095, -2.6432612523718197, 4.389028611193694, -3.50275821274357, 0.698046247823274, 0.9050194093701723, 0.16949476259772112], Energy: -41.5037574961515
Eval count: 921, θ = [0.882159633372645, -6.368883094054824, -6.943396466666026, 0.17387627034639694, 5.0973614441017325, 6.104599863531528, 3.8493902319489632, -4.3069040613029665, -2.8526550402653736, -3.0103136941764634, -0.3876189987424733, -3.0854129867958706, -3.9814078859570294, 6.638033818508681, 2.5028646817741427, 6.845496885316248, 4.271377922155503, 1.8254854977277308, 3.9665599619274095, -2.6432612523718197, 4.389028611193694, -3.50275821274357, 0.698046247823274, 0.9050194093701723, 0.16949476259772112], Energy: -41.50375749616075
Eval count: 922, θ = [0.882159633372645, -6.368883094054824, -6.943396466666026, 0.17387627034639694, 5.0973614441017325, 6.104599863531528, 3.8493902319489632, -4.3069040613029665, -2.8526550402653736, -3.0103136941764634, -0.3876189987424733, -3.085413001697032, -3.9814078710558682, 6.638033818508681, 2.5028646817741427, 6.845496885316248, 4.271377922155503, 1.8254854977277308, 3.9665599619274095, -2.6432612523718197, 4.389028611193694, -3.50275821274357, 0.698046247823274, 0.9050194093701723, 0.16949476259772112], Energy: -41.50375749612164
Eval count: 923, θ = [0.882159633372645, -6.368883094054824, -6.943396466666026, 0.17387627034639694, 5.0973614441017325, 6.104599863531528, 3.8493902319489632, -4.3069040613029665, -2.8526550402653736, -3.0103136941764634, -0.3876189987424733, -3.085413001697032, -3.9814078859570294, 6.6380338334098425, 2.5028646817741427, 6.845496885316248, 4.271377922155503, 1.8254854977277308, 3.9665599619274095, -2.6432612523718197, 4.389028611193694, -3.50275821274357, 0.698046247823274, 0.9050194093701723, 0.16949476259772112], Energy: -41.50375749615991
Eval count: 924, θ = [0.882159633372645, -6.368883094054824, -6.943396466666026, 0.17387627034639694, 5.0973614441017325, 6.104599863531528, 3.8493902319489632, -4.3069040613029665, -2.8526550402653736, -3.0103136941764634, -0.3876189987424733, -3.085413001697032, -3.9814078859570294, 6.638033818508681, 2.502864696675304, 6.845496885316248, 4.271377922155503, 1.8254854977277308, 3.9665599619274095, -2.6432612523718197, 4.389028611193694, -3.50275821274357, 0.698046247823274, 0.9050194093701723, 0.16949476259772112], Energy: -41.503757496134185
Eval count: 925, θ = [0.882159633372645, -6.368883094054824, -6.943396466666026, 0.17387627034639694, 5.0973614441017325, 6.104599863531528, 3.8493902319489632, -4.3069040613029665, -2.8526550402653736, -3.0103136941764634, -0.3876189987424733, -3.085413001697032, -3.9814078859570294, 6.638033818508681, 2.5028646817741427, 6.845496900217409, 4.271377922155503, 1.8254854977277308, 3.9665599619274095, -2.6432612523718197, 4.389028611193694, -3.50275821274357, 0.698046247823274, 0.9050194093701723, 0.16949476259772112], Energy: -41.50375749618839
Eval count: 926, θ = [0.882159633372645, -6.368883094054824, -6.943396466666026, 0.17387627034639694, 5.0973614441017325, 6.104599863531528, 3.8493902319489632, -4.3069040613029665, -2.8526550402653736, -3.0103136941764634, -0.3876189987424733, -3.085413001697032, -3.9814078859570294, 6.638033818508681, 2.5028646817741427, 6.845496885316248, 4.2713779370566645, 1.8254854977277308, 3.9665599619274095, -2.6432612523718197, 4.389028611193694, -3.50275821274357, 0.698046247823274, 0.9050194093701723, 0.16949476259772112], Energy: -41.50375749637337
Eval count: 927, θ = [0.882159633372645, -6.368883094054824, -6.943396466666026, 0.17387627034639694, 5.0973614441017325, 6.104599863531528, 3.8493902319489632, -4.3069040613029665, -2.8526550402653736, -3.0103136941764634, -0.3876189987424733, -3.085413001697032, -3.9814078859570294, 6.638033818508681, 2.5028646817741427, 6.845496885316248, 4.271377922155503, 1.825485512628892, 3.9665599619274095, -2.6432612523718197, 4.389028611193694, -3.50275821274357, 0.698046247823274, 0.9050194093701723, 0.16949476259772112], Energy: -41.50375749612078
Eval count: 928, θ = [0.882159633372645, -6.368883094054824, -6.943396466666026, 0.17387627034639694, 5.0973614441017325, 6.104599863531528, 3.8493902319489632, -4.3069040613029665, -2.8526550402653736, -3.0103136941764634, -0.3876189987424733, -3.085413001697032, -3.9814078859570294, 6.638033818508681, 2.5028646817741427, 6.845496885316248, 4.271377922155503, 1.8254854977277308, 3.9665599768285706, -2.6432612523718197, 4.389028611193694, -3.50275821274357, 0.698046247823274, 0.9050194093701723, 0.16949476259772112], Energy: -41.503757496042816
Eval count: 929, θ = [0.882159633372645, -6.368883094054824, -6.943396466666026, 0.17387627034639694, 5.0973614441017325, 6.104599863531528, 3.8493902319489632, -4.3069040613029665, -2.8526550402653736, -3.0103136941764634, -0.3876189987424733, -3.085413001697032, -3.9814078859570294, 6.638033818508681, 2.5028646817741427, 6.845496885316248, 4.271377922155503, 1.8254854977277308, 3.9665599619274095, -2.6432612374706586, 4.389028611193694, -3.50275821274357, 0.698046247823274, 0.9050194093701723, 0.16949476259772112], Energy: -41.503757496089705
Eval count: 930, θ = [0.882159633372645, -6.368883094054824, -6.943396466666026, 0.17387627034639694, 5.0973614441017325, 6.104599863531528, 3.8493902319489632, -4.3069040613029665, -2.8526550402653736, -3.0103136941764634, -0.3876189987424733, -3.085413001697032, -3.9814078859570294, 6.638033818508681, 2.5028646817741427, 6.845496885316248, 4.271377922155503, 1.8254854977277308, 3.9665599619274095, -2.6432612523718197, 4.389028626094855, -3.50275821274357, 0.698046247823274, 0.9050194093701723, 0.16949476259772112], Energy: -41.50375749639378
Eval count: 931, θ = [0.882159633372645, -6.368883094054824, -6.943396466666026, 0.17387627034639694, 5.0973614441017325, 6.104599863531528, 3.8493902319489632, -4.3069040613029665, -2.8526550402653736, -3.0103136941764634, -0.3876189987424733, -3.085413001697032, -3.9814078859570294, 6.638033818508681, 2.5028646817741427, 6.845496885316248, 4.271377922155503, 1.8254854977277308, 3.9665599619274095, -2.6432612523718197, 4.389028611193694, -3.5027581978424087, 0.698046247823274, 0.9050194093701723, 0.16949476259772112], Energy: -41.50375749607333
Eval count: 932, θ = [0.882159633372645, -6.368883094054824, -6.943396466666026, 0.17387627034639694, 5.0973614441017325, 6.104599863531528, 3.8493902319489632, -4.3069040613029665, -2.8526550402653736, -3.0103136941764634, -0.3876189987424733, -3.085413001697032, -3.9814078859570294, 6.638033818508681, 2.5028646817741427, 6.845496885316248, 4.271377922155503, 1.8254854977277308, 3.9665599619274095, -2.6432612523718197, 4.389028611193694, -3.50275821274357, 0.6980462627244352, 0.9050194093701723, 0.16949476259772112], Energy: -41.50375749606421
Eval count: 933, θ = [0.882159633372645, -6.368883094054824, -6.943396466666026, 0.17387627034639694, 5.0973614441017325, 6.104599863531528, 3.8493902319489632, -4.3069040613029665, -2.8526550402653736, -3.0103136941764634, -0.3876189987424733, -3.085413001697032, -3.9814078859570294, 6.638033818508681, 2.5028646817741427, 6.845496885316248, 4.271377922155503, 1.8254854977277308, 3.9665599619274095, -2.6432612523718197, 4.389028611193694, -3.50275821274357, 0.698046247823274, 0.9050194242713335, 0.16949476259772112], Energy: -41.50375749614725
Eval count: 934, θ = [0.882159633372645, -6.368883094054824, -6.943396466666026, 0.17387627034639694, 5.0973614441017325, 6.104599863531528, 3.8493902319489632, -4.3069040613029665, -2.8526550402653736, -3.0103136941764634, -0.3876189987424733, -3.085413001697032, -3.9814078859570294, 6.638033818508681, 2.5028646817741427, 6.845496885316248, 4.271377922155503, 1.8254854977277308, 3.9665599619274095, -2.6432612523718197, 4.389028611193694, -3.50275821274357, 0.698046247823274, 0.9050194093701723, 0.1694947774988823], Energy: -41.5037574962204
Eval count: 935, θ = [0.8819178960023806, -6.368888323012205, -6.9485188944172265, 0.17038520244225167, 5.097370693191634, 6.104610206825165, 3.8497865279406183, -4.304413548212508, -2.852549064097171, -3.0096626009299667, -0.3876216814501067, -3.0827149872754096, -3.980587744194965, 6.637506443836659, 2.5028939196240607, 6.846237901387604, 4.272346898277021, 1.8254689799569666, 3.962972934674357, -2.6464851322338236, 4.3896774600577855, -3.5030532146102273, 0.6947904259335307, 0.9044337378467672, 0.17146718985639173], Energy: -41.50380547735245
Eval count: 936, θ = [0.8819179109035418, -6.368888323012205, -6.9485188944172265, 0.17038520244225167, 5.097370693191634, 6.104610206825165, 3.8497865279406183, -4.304413548212508, -2.852549064097171, -3.0096626009299667, -0.3876216814501067, -3.0827149872754096, -3.980587744194965, 6.637506443836659, 2.5028939196240607, 6.846237901387604, 4.272346898277021, 1.8254689799569666, 3.962972934674357, -2.6464851322338236, 4.3896774600577855, -3.5030532146102273, 0.6947904259335307, 0.9044337378467672, 0.17146718985639173], Energy: -41.50380547824765
Eval count: 937, θ = [0.8819178960023806, -6.3688883081110435, -6.9485188944172265, 0.17038520244225167, 5.097370693191634, 6.104610206825165, 3.8497865279406183, -4.304413548212508, -2.852549064097171, -3.0096626009299667, -0.3876216814501067, -3.0827149872754096, -3.980587744194965, 6.637506443836659, 2.5028939196240607, 6.846237901387604, 4.272346898277021, 1.8254689799569666, 3.962972934674357, -2.6464851322338236, 4.3896774600577855, -3.5030532146102273, 0.6947904259335307, 0.9044337378467672, 0.17146718985639173], Energy: -41.50380547729003
Eval count: 938, θ = [0.8819178960023806, -6.368888323012205, -6.948518879516065, 0.17038520244225167, 5.097370693191634, 6.104610206825165, 3.8497865279406183, -4.304413548212508, -2.852549064097171, -3.0096626009299667, -0.3876216814501067, -3.0827149872754096, -3.980587744194965, 6.637506443836659, 2.5028939196240607, 6.846237901387604, 4.272346898277021, 1.8254689799569666, 3.962972934674357, -2.6464851322338236, 4.3896774600577855, -3.5030532146102273, 0.6947904259335307, 0.9044337378467672, 0.17146718985639173], Energy: -41.50380547730019
Eval count: 939, θ = [0.8819178960023806, -6.368888323012205, -6.9485188944172265, 0.17038521734341286, 5.097370693191634, 6.104610206825165, 3.8497865279406183, -4.304413548212508, -2.852549064097171, -3.0096626009299667, -0.3876216814501067, -3.0827149872754096, -3.980587744194965, 6.637506443836659, 2.5028939196240607, 6.846237901387604, 4.272346898277021, 1.8254689799569666, 3.962972934674357, -2.6464851322338236, 4.3896774600577855, -3.5030532146102273, 0.6947904259335307, 0.9044337378467672, 0.17146718985639173], Energy: -41.503805477370896
Eval count: 940, θ = [0.8819178960023806, -6.368888323012205, -6.9485188944172265, 0.17038520244225167, 5.097370708092795, 6.104610206825165, 3.8497865279406183, -4.304413548212508, -2.852549064097171, -3.0096626009299667, -0.3876216814501067, -3.0827149872754096, -3.980587744194965, 6.637506443836659, 2.5028939196240607, 6.846237901387604, 4.272346898277021, 1.8254689799569666, 3.962972934674357, -2.6464851322338236, 4.3896774600577855, -3.5030532146102273, 0.6947904259335307, 0.9044337378467672, 0.17146718985639173], Energy: -41.50380547663458
Eval count: 941, θ = [0.8819178960023806, -6.368888323012205, -6.9485188944172265, 0.17038520244225167, 5.097370693191634, 6.104610221726326, 3.8497865279406183, -4.304413548212508, -2.852549064097171, -3.0096626009299667, -0.3876216814501067, -3.0827149872754096, -3.980587744194965, 6.637506443836659, 2.5028939196240607, 6.846237901387604, 4.272346898277021, 1.8254689799569666, 3.962972934674357, -2.6464851322338236, 4.3896774600577855, -3.5030532146102273, 0.6947904259335307, 0.9044337378467672, 0.17146718985639173], Energy: -41.50380547724621
Eval count: 942, θ = [0.8819178960023806, -6.368888323012205, -6.9485188944172265, 0.17038520244225167, 5.097370693191634, 6.104610206825165, 3.8497865428417795, -4.304413548212508, -2.852549064097171, -3.0096626009299667, -0.3876216814501067, -3.0827149872754096, -3.980587744194965, 6.637506443836659, 2.5028939196240607, 6.846237901387604, 4.272346898277021, 1.8254689799569666, 3.962972934674357, -2.6464851322338236, 4.3896774600577855, -3.5030532146102273, 0.6947904259335307, 0.9044337378467672, 0.17146718985639173], Energy: -41.50380547732097
Eval count: 943, θ = [0.8819178960023806, -6.368888323012205, -6.9485188944172265, 0.17038520244225167, 5.097370693191634, 6.104610206825165, 3.8497865279406183, -4.3044135333113465, -2.852549064097171, -3.0096626009299667, -0.3876216814501067, -3.0827149872754096, -3.980587744194965, 6.637506443836659, 2.5028939196240607, 6.846237901387604, 4.272346898277021, 1.8254689799569666, 3.962972934674357, -2.6464851322338236, 4.3896774600577855, -3.5030532146102273, 0.6947904259335307, 0.9044337378467672, 0.17146718985639173], Energy: -41.50380547702814
Eval count: 944, θ = [0.8819178960023806, -6.368888323012205, -6.9485188944172265, 0.17038520244225167, 5.097370693191634, 6.104610206825165, 3.8497865279406183, -4.304413548212508, -2.8525490491960097, -3.0096626009299667, -0.3876216814501067, -3.0827149872754096, -3.980587744194965, 6.637506443836659, 2.5028939196240607, 6.846237901387604, 4.272346898277021, 1.8254689799569666, 3.962972934674357, -2.6464851322338236, 4.3896774600577855, -3.5030532146102273, 0.6947904259335307, 0.9044337378467672, 0.17146718985639173], Energy: -41.50380547756926
Eval count: 945, θ = [0.8819178960023806, -6.368888323012205, -6.9485188944172265, 0.17038520244225167, 5.097370693191634, 6.104610206825165, 3.8497865279406183, -4.304413548212508, -2.852549064097171, -3.0096625860288055, -0.3876216814501067, -3.0827149872754096, -3.980587744194965, 6.637506443836659, 2.5028939196240607, 6.846237901387604, 4.272346898277021, 1.8254689799569666, 3.962972934674357, -2.6464851322338236, 4.3896774600577855, -3.5030532146102273, 0.6947904259335307, 0.9044337378467672, 0.17146718985639173], Energy: -41.503805477222805
Eval count: 946, θ = [0.8819178960023806, -6.368888323012205, -6.9485188944172265, 0.17038520244225167, 5.097370693191634, 6.104610206825165, 3.8497865279406183, -4.304413548212508, -2.852549064097171, -3.0096626009299667, -0.38762166654894553, -3.0827149872754096, -3.980587744194965, 6.637506443836659, 2.5028939196240607, 6.846237901387604, 4.272346898277021, 1.8254689799569666, 3.962972934674357, -2.6464851322338236, 4.3896774600577855, -3.5030532146102273, 0.6947904259335307, 0.9044337378467672, 0.17146718985639173], Energy: -41.50380547739998
Eval count: 947, θ = [0.8819178960023806, -6.368888323012205, -6.9485188944172265, 0.17038520244225167, 5.097370693191634, 6.104610206825165, 3.8497865279406183, -4.304413548212508, -2.852549064097171, -3.0096626009299667, -0.3876216814501067, -3.0827149723742484, -3.980587744194965, 6.637506443836659, 2.5028939196240607, 6.846237901387604, 4.272346898277021, 1.8254689799569666, 3.962972934674357, -2.6464851322338236, 4.3896774600577855, -3.5030532146102273, 0.6947904259335307, 0.9044337378467672, 0.17146718985639173], Energy: -41.503805477285155
Eval count: 948, θ = [0.8819178960023806, -6.368888323012205, -6.9485188944172265, 0.17038520244225167, 5.097370693191634, 6.104610206825165, 3.8497865279406183, -4.304413548212508, -2.852549064097171, -3.0096626009299667, -0.3876216814501067, -3.0827149872754096, -3.980587729293804, 6.637506443836659, 2.5028939196240607, 6.846237901387604, 4.272346898277021, 1.8254689799569666, 3.962972934674357, -2.6464851322338236, 4.3896774600577855, -3.5030532146102273, 0.6947904259335307, 0.9044337378467672, 0.17146718985639173], Energy: -41.50380547696327
Eval count: 949, θ = [0.8819178960023806, -6.368888323012205, -6.9485188944172265, 0.17038520244225167, 5.097370693191634, 6.104610206825165, 3.8497865279406183, -4.304413548212508, -2.852549064097171, -3.0096626009299667, -0.3876216814501067, -3.0827149872754096, -3.980587744194965, 6.63750645873782, 2.5028939196240607, 6.846237901387604, 4.272346898277021, 1.8254689799569666, 3.962972934674357, -2.6464851322338236, 4.3896774600577855, -3.5030532146102273, 0.6947904259335307, 0.9044337378467672, 0.17146718985639173], Energy: -41.503805477528026
Eval count: 950, θ = [0.8819178960023806, -6.368888323012205, -6.9485188944172265, 0.17038520244225167, 5.097370693191634, 6.104610206825165, 3.8497865279406183, -4.304413548212508, -2.852549064097171, -3.0096626009299667, -0.3876216814501067, -3.0827149872754096, -3.980587744194965, 6.637506443836659, 2.502893934525222, 6.846237901387604, 4.272346898277021, 1.8254689799569666, 3.962972934674357, -2.6464851322338236, 4.3896774600577855, -3.5030532146102273, 0.6947904259335307, 0.9044337378467672, 0.17146718985639173], Energy: -41.503805477388006
Eval count: 951, θ = [0.8819178960023806, -6.368888323012205, -6.9485188944172265, 0.17038520244225167, 5.097370693191634, 6.104610206825165, 3.8497865279406183, -4.304413548212508, -2.852549064097171, -3.0096626009299667, -0.3876216814501067, -3.0827149872754096, -3.980587744194965, 6.637506443836659, 2.5028939196240607, 6.846237916288765, 4.272346898277021, 1.8254689799569666, 3.962972934674357, -2.6464851322338236, 4.3896774600577855, -3.5030532146102273, 0.6947904259335307, 0.9044337378467672, 0.17146718985639173], Energy: -41.50380547728077
Eval count: 952, θ = [0.8819178960023806, -6.368888323012205, -6.9485188944172265, 0.17038520244225167, 5.097370693191634, 6.104610206825165, 3.8497865279406183, -4.304413548212508, -2.852549064097171, -3.0096626009299667, -0.3876216814501067, -3.0827149872754096, -3.980587744194965, 6.637506443836659, 2.5028939196240607, 6.846237901387604, 4.272346913178183, 1.8254689799569666, 3.962972934674357, -2.6464851322338236, 4.3896774600577855, -3.5030532146102273, 0.6947904259335307, 0.9044337378467672, 0.17146718985639173], Energy: -41.50380547729483
Eval count: 953, θ = [0.8819178960023806, -6.368888323012205, -6.9485188944172265, 0.17038520244225167, 5.097370693191634, 6.104610206825165, 3.8497865279406183, -4.304413548212508, -2.852549064097171, -3.0096626009299667, -0.3876216814501067, -3.0827149872754096, -3.980587744194965, 6.637506443836659, 2.5028939196240607, 6.846237901387604, 4.272346898277021, 1.8254689948581277, 3.962972934674357, -2.6464851322338236, 4.3896774600577855, -3.5030532146102273, 0.6947904259335307, 0.9044337378467672, 0.17146718985639173], Energy: -41.50380547737127
Eval count: 954, θ = [0.8819178960023806, -6.368888323012205, -6.9485188944172265, 0.17038520244225167, 5.097370693191634, 6.104610206825165, 3.8497865279406183, -4.304413548212508, -2.852549064097171, -3.0096626009299667, -0.3876216814501067, -3.0827149872754096, -3.980587744194965, 6.637506443836659, 2.5028939196240607, 6.846237901387604, 4.272346898277021, 1.8254689799569666, 3.9629729495755184, -2.6464851322338236, 4.3896774600577855, -3.5030532146102273, 0.6947904259335307, 0.9044337378467672, 0.17146718985639173], Energy: -41.503805477455415
Eval count: 955, θ = [0.8819178960023806, -6.368888323012205, -6.9485188944172265, 0.17038520244225167, 5.097370693191634, 6.104610206825165, 3.8497865279406183, -4.304413548212508, -2.852549064097171, -3.0096626009299667, -0.3876216814501067, -3.0827149872754096, -3.980587744194965, 6.637506443836659, 2.5028939196240607, 6.846237901387604, 4.272346898277021, 1.8254689799569666, 3.962972934674357, -2.6464851173326625, 4.3896774600577855, -3.5030532146102273, 0.6947904259335307, 0.9044337378467672, 0.17146718985639173], Energy: -41.50380547746171
Eval count: 956, θ = [0.8819178960023806, -6.368888323012205, -6.9485188944172265, 0.17038520244225167, 5.097370693191634, 6.104610206825165, 3.8497865279406183, -4.304413548212508, -2.852549064097171, -3.0096626009299667, -0.3876216814501067, -3.0827149872754096, -3.980587744194965, 6.637506443836659, 2.5028939196240607, 6.846237901387604, 4.272346898277021, 1.8254689799569666, 3.962972934674357, -2.6464851322338236, 4.389677474958947, -3.5030532146102273, 0.6947904259335307, 0.9044337378467672, 0.17146718985639173], Energy: -41.50380547726087
Eval count: 957, θ = [0.8819178960023806, -6.368888323012205, -6.9485188944172265, 0.17038520244225167, 5.097370693191634, 6.104610206825165, 3.8497865279406183, -4.304413548212508, -2.852549064097171, -3.0096626009299667, -0.3876216814501067, -3.0827149872754096, -3.980587744194965, 6.637506443836659, 2.5028939196240607, 6.846237901387604, 4.272346898277021, 1.8254689799569666, 3.962972934674357, -2.6464851322338236, 4.3896774600577855, -3.503053199709066, 0.6947904259335307, 0.9044337378467672, 0.17146718985639173], Energy: -41.503805477325216
Eval count: 958, θ = [0.8819178960023806, -6.368888323012205, -6.9485188944172265, 0.17038520244225167, 5.097370693191634, 6.104610206825165, 3.8497865279406183, -4.304413548212508, -2.852549064097171, -3.0096626009299667, -0.3876216814501067, -3.0827149872754096, -3.980587744194965, 6.637506443836659, 2.5028939196240607, 6.846237901387604, 4.272346898277021, 1.8254689799569666, 3.962972934674357, -2.6464851322338236, 4.3896774600577855, -3.5030532146102273, 0.6947904408346919, 0.9044337378467672, 0.17146718985639173], Energy: -41.503805477457455
Eval count: 959, θ = [0.8819178960023806, -6.368888323012205, -6.9485188944172265, 0.17038520244225167, 5.097370693191634, 6.104610206825165, 3.8497865279406183, -4.304413548212508, -2.852549064097171, -3.0096626009299667, -0.3876216814501067, -3.0827149872754096, -3.980587744194965, 6.637506443836659, 2.5028939196240607, 6.846237901387604, 4.272346898277021, 1.8254689799569666, 3.962972934674357, -2.6464851322338236, 4.3896774600577855, -3.5030532146102273, 0.6947904259335307, 0.9044337527479284, 0.17146718985639173], Energy: -41.50380547737262
Eval count: 960, θ = [0.8819178960023806, -6.368888323012205, -6.9485188944172265, 0.17038520244225167, 5.097370693191634, 6.104610206825165, 3.8497865279406183, -4.304413548212508, -2.852549064097171, -3.0096626009299667, -0.3876216814501067, -3.0827149872754096, -3.980587744194965, 6.637506443836659, 2.5028939196240607, 6.846237901387604, 4.272346898277021, 1.8254689799569666, 3.962972934674357, -2.6464851322338236, 4.3896774600577855, -3.5030532146102273, 0.6947904259335307, 0.9044337378467672, 0.17146720475755292], Energy: -41.503805477269694
Eval count: 961, θ = [0.8824999488888685, -6.368935179010912, -6.950153697095802, 0.1709426014977069, 5.097284407239521, 6.104350944377269, 3.8492568013961797, -4.305680291906316, -2.8523743353695297, -3.009927902943514, -0.38719668595159, -3.0829216580795764, -3.9821614575659816, 6.637804219090985, 2.5029163440804374, 6.845449772239932, 4.272599216792333, 1.8257909347813464, 3.9660287123082614, -2.6428317628850797, 4.389544216767339, -3.5031345736466304, 0.6946021132028554, 0.9054695273680496, 0.17125728493422102], Energy: -41.50387315094217
Eval count: 962, θ = [0.8824999637900297, -6.368935179010912, -6.950153697095802, 0.1709426014977069, 5.097284407239521, 6.104350944377269, 3.8492568013961797, -4.305680291906316, -2.8523743353695297, -3.009927902943514, -0.38719668595159, -3.0829216580795764, -3.9821614575659816, 6.637804219090985, 2.5029163440804374, 6.845449772239932, 4.272599216792333, 1.8257909347813464, 3.9660287123082614, -2.6428317628850797, 4.389544216767339, -3.5031345736466304, 0.6946021132028554, 0.9054695273680496, 0.17125728493422102], Energy: -41.503873150826585
Eval count: 963, θ = [0.8824999488888685, -6.368935164109751, -6.950153697095802, 0.1709426014977069, 5.097284407239521, 6.104350944377269, 3.8492568013961797, -4.305680291906316, -2.8523743353695297, -3.009927902943514, -0.38719668595159, -3.0829216580795764, -3.9821614575659816, 6.637804219090985, 2.5029163440804374, 6.845449772239932, 4.272599216792333, 1.8257909347813464, 3.9660287123082614, -2.6428317628850797, 4.389544216767339, -3.5031345736466304, 0.6946021132028554, 0.9054695273680496, 0.17125728493422102], Energy: -41.50387315108345
Eval count: 964, θ = [0.8824999488888685, -6.368935179010912, -6.950153682194641, 0.1709426014977069, 5.097284407239521, 6.104350944377269, 3.8492568013961797, -4.305680291906316, -2.8523743353695297, -3.009927902943514, -0.38719668595159, -3.0829216580795764, -3.9821614575659816, 6.637804219090985, 2.5029163440804374, 6.845449772239932, 4.272599216792333, 1.8257909347813464, 3.9660287123082614, -2.6428317628850797, 4.389544216767339, -3.5031345736466304, 0.6946021132028554, 0.9054695273680496, 0.17125728493422102], Energy: -41.50387315095709
Eval count: 965, θ = [0.8824999488888685, -6.368935179010912, -6.950153697095802, 0.1709426163988681, 5.097284407239521, 6.104350944377269, 3.8492568013961797, -4.305680291906316, -2.8523743353695297, -3.009927902943514, -0.38719668595159, -3.0829216580795764, -3.9821614575659816, 6.637804219090985, 2.5029163440804374, 6.845449772239932, 4.272599216792333, 1.8257909347813464, 3.9660287123082614, -2.6428317628850797, 4.389544216767339, -3.5031345736466304, 0.6946021132028554, 0.9054695273680496, 0.17125728493422102], Energy: -41.50387315094285
Eval count: 966, θ = [0.8824999488888685, -6.368935179010912, -6.950153697095802, 0.1709426014977069, 5.097284422140683, 6.104350944377269, 3.8492568013961797, -4.305680291906316, -2.8523743353695297, -3.009927902943514, -0.38719668595159, -3.0829216580795764, -3.9821614575659816, 6.637804219090985, 2.5029163440804374, 6.845449772239932, 4.272599216792333, 1.8257909347813464, 3.9660287123082614, -2.6428317628850797, 4.389544216767339, -3.5031345736466304, 0.6946021132028554, 0.9054695273680496, 0.17125728493422102], Energy: -41.50387315064385
Eval count: 967, θ = [0.8824999488888685, -6.368935179010912, -6.950153697095802, 0.1709426014977069, 5.097284407239521, 6.10435095927843, 3.8492568013961797, -4.305680291906316, -2.8523743353695297, -3.009927902943514, -0.38719668595159, -3.0829216580795764, -3.9821614575659816, 6.637804219090985, 2.5029163440804374, 6.845449772239932, 4.272599216792333, 1.8257909347813464, 3.9660287123082614, -2.6428317628850797, 4.389544216767339, -3.5031345736466304, 0.6946021132028554, 0.9054695273680496, 0.17125728493422102], Energy: -41.50387315111705
Eval count: 968, θ = [0.8824999488888685, -6.368935179010912, -6.950153697095802, 0.1709426014977069, 5.097284407239521, 6.104350944377269, 3.849256816297341, -4.305680291906316, -2.8523743353695297, -3.009927902943514, -0.38719668595159, -3.0829216580795764, -3.9821614575659816, 6.637804219090985, 2.5029163440804374, 6.845449772239932, 4.272599216792333, 1.8257909347813464, 3.9660287123082614, -2.6428317628850797, 4.389544216767339, -3.5031345736466304, 0.6946021132028554, 0.9054695273680496, 0.17125728493422102], Energy: -41.50387315092223
Eval count: 969, θ = [0.8824999488888685, -6.368935179010912, -6.950153697095802, 0.1709426014977069, 5.097284407239521, 6.104350944377269, 3.8492568013961797, -4.3056802770051545, -2.8523743353695297, -3.009927902943514, -0.38719668595159, -3.0829216580795764, -3.9821614575659816, 6.637804219090985, 2.5029163440804374, 6.845449772239932, 4.272599216792333, 1.8257909347813464, 3.9660287123082614, -2.6428317628850797, 4.389544216767339, -3.5031345736466304, 0.6946021132028554, 0.9054695273680496, 0.17125728493422102], Energy: -41.50387315090955
Eval count: 970, θ = [0.8824999488888685, -6.368935179010912, -6.950153697095802, 0.1709426014977069, 5.097284407239521, 6.104350944377269, 3.8492568013961797, -4.305680291906316, -2.8523743204683685, -3.009927902943514, -0.38719668595159, -3.0829216580795764, -3.9821614575659816, 6.637804219090985, 2.5029163440804374, 6.845449772239932, 4.272599216792333, 1.8257909347813464, 3.9660287123082614, -2.6428317628850797, 4.389544216767339, -3.5031345736466304, 0.6946021132028554, 0.9054695273680496, 0.17125728493422102], Energy: -41.50387315121867
Eval count: 971, θ = [0.8824999488888685, -6.368935179010912, -6.950153697095802, 0.1709426014977069, 5.097284407239521, 6.104350944377269, 3.8492568013961797, -4.305680291906316, -2.8523743353695297, -3.009927888042353, -0.38719668595159, -3.0829216580795764, -3.9821614575659816, 6.637804219090985, 2.5029163440804374, 6.845449772239932, 4.272599216792333, 1.8257909347813464, 3.9660287123082614, -2.6428317628850797, 4.389544216767339, -3.5031345736466304, 0.6946021132028554, 0.9054695273680496, 0.17125728493422102], Energy: -41.50387315090943
Eval count: 972, θ = [0.8824999488888685, -6.368935179010912, -6.950153697095802, 0.1709426014977069, 5.097284407239521, 6.104350944377269, 3.8492568013961797, -4.305680291906316, -2.8523743353695297, -3.009927902943514, -0.3871966710504288, -3.0829216580795764, -3.9821614575659816, 6.637804219090985, 2.5029163440804374, 6.845449772239932, 4.272599216792333, 1.8257909347813464, 3.9660287123082614, -2.6428317628850797, 4.389544216767339, -3.5031345736466304, 0.6946021132028554, 0.9054695273680496, 0.17125728493422102], Energy: -41.50387315094237
Eval count: 973, θ = [0.8824999488888685, -6.368935179010912, -6.950153697095802, 0.1709426014977069, 5.097284407239521, 6.104350944377269, 3.8492568013961797, -4.305680291906316, -2.8523743353695297, -3.009927902943514, -0.38719668595159, -3.082921643178415, -3.9821614575659816, 6.637804219090985, 2.5029163440804374, 6.845449772239932, 4.272599216792333, 1.8257909347813464, 3.9660287123082614, -2.6428317628850797, 4.389544216767339, -3.5031345736466304, 0.6946021132028554, 0.9054695273680496, 0.17125728493422102], Energy: -41.50387315093118
Eval count: 974, θ = [0.8824999488888685, -6.368935179010912, -6.950153697095802, 0.1709426014977069, 5.097284407239521, 6.104350944377269, 3.8492568013961797, -4.305680291906316, -2.8523743353695297, -3.009927902943514, -0.38719668595159, -3.0829216580795764, -3.9821614426648204, 6.637804219090985, 2.5029163440804374, 6.845449772239932, 4.272599216792333, 1.8257909347813464, 3.9660287123082614, -2.6428317628850797, 4.389544216767339, -3.5031345736466304, 0.6946021132028554, 0.9054695273680496, 0.17125728493422102], Energy: -41.503873151068355
Eval count: 975, θ = [0.8824999488888685, -6.368935179010912, -6.950153697095802, 0.1709426014977069, 5.097284407239521, 6.104350944377269, 3.8492568013961797, -4.305680291906316, -2.8523743353695297, -3.009927902943514, -0.38719668595159, -3.0829216580795764, -3.9821614575659816, 6.637804233992147, 2.5029163440804374, 6.845449772239932, 4.272599216792333, 1.8257909347813464, 3.9660287123082614, -2.6428317628850797, 4.389544216767339, -3.5031345736466304, 0.6946021132028554, 0.9054695273680496, 0.17125728493422102], Energy: -41.50387315093005
Eval count: 976, θ = [0.8824999488888685, -6.368935179010912, -6.950153697095802, 0.1709426014977069, 5.097284407239521, 6.104350944377269, 3.8492568013961797, -4.305680291906316, -2.8523743353695297, -3.009927902943514, -0.38719668595159, -3.0829216580795764, -3.9821614575659816, 6.637804219090985, 2.5029163589815986, 6.845449772239932, 4.272599216792333, 1.8257909347813464, 3.9660287123082614, -2.6428317628850797, 4.389544216767339, -3.5031345736466304, 0.6946021132028554, 0.9054695273680496, 0.17125728493422102], Energy: -41.50387315091966
Eval count: 977, θ = [0.8824999488888685, -6.368935179010912, -6.950153697095802, 0.1709426014977069, 5.097284407239521, 6.104350944377269, 3.8492568013961797, -4.305680291906316, -2.8523743353695297, -3.009927902943514, -0.38719668595159, -3.0829216580795764, -3.9821614575659816, 6.637804219090985, 2.5029163440804374, 6.845449787141093, 4.272599216792333, 1.8257909347813464, 3.9660287123082614, -2.6428317628850797, 4.389544216767339, -3.5031345736466304, 0.6946021132028554, 0.9054695273680496, 0.17125728493422102], Energy: -41.503873150993066
Eval count: 978, θ = [0.8824999488888685, -6.368935179010912, -6.950153697095802, 0.1709426014977069, 5.097284407239521, 6.104350944377269, 3.8492568013961797, -4.305680291906316, -2.8523743353695297, -3.009927902943514, -0.38719668595159, -3.0829216580795764, -3.9821614575659816, 6.637804219090985, 2.5029163440804374, 6.845449772239932, 4.272599231693494, 1.8257909347813464, 3.9660287123082614, -2.6428317628850797, 4.389544216767339, -3.5031345736466304, 0.6946021132028554, 0.9054695273680496, 0.17125728493422102], Energy: -41.50387315085309
Eval count: 979, θ = [0.8824999488888685, -6.368935179010912, -6.950153697095802, 0.1709426014977069, 5.097284407239521, 6.104350944377269, 3.8492568013961797, -4.305680291906316, -2.8523743353695297, -3.009927902943514, -0.38719668595159, -3.0829216580795764, -3.9821614575659816, 6.637804219090985, 2.5029163440804374, 6.845449772239932, 4.272599216792333, 1.8257909496825075, 3.9660287123082614, -2.6428317628850797, 4.389544216767339, -3.5031345736466304, 0.6946021132028554, 0.9054695273680496, 0.17125728493422102], Energy: -41.5038731509263
Eval count: 980, θ = [0.8824999488888685, -6.368935179010912, -6.950153697095802, 0.1709426014977069, 5.097284407239521, 6.104350944377269, 3.8492568013961797, -4.305680291906316, -2.8523743353695297, -3.009927902943514, -0.38719668595159, -3.0829216580795764, -3.9821614575659816, 6.637804219090985, 2.5029163440804374, 6.845449772239932, 4.272599216792333, 1.8257909347813464, 3.9660287272094226, -2.6428317628850797, 4.389544216767339, -3.5031345736466304, 0.6946021132028554, 0.9054695273680496, 0.17125728493422102], Energy: -41.50387315092439
Eval count: 981, θ = [0.8824999488888685, -6.368935179010912, -6.950153697095802, 0.1709426014977069, 5.097284407239521, 6.104350944377269, 3.8492568013961797, -4.305680291906316, -2.8523743353695297, -3.009927902943514, -0.38719668595159, -3.0829216580795764, -3.9821614575659816, 6.637804219090985, 2.5029163440804374, 6.845449772239932, 4.272599216792333, 1.8257909347813464, 3.9660287123082614, -2.6428317479839185, 4.389544216767339, -3.5031345736466304, 0.6946021132028554, 0.9054695273680496, 0.17125728493422102], Energy: -41.50387315087404
Eval count: 982, θ = [0.8824999488888685, -6.368935179010912, -6.950153697095802, 0.1709426014977069, 5.097284407239521, 6.104350944377269, 3.8492568013961797, -4.305680291906316, -2.8523743353695297, -3.009927902943514, -0.38719668595159, -3.0829216580795764, -3.9821614575659816, 6.637804219090985, 2.5029163440804374, 6.845449772239932, 4.272599216792333, 1.8257909347813464, 3.9660287123082614, -2.6428317628850797, 4.3895442316685, -3.5031345736466304, 0.6946021132028554, 0.9054695273680496, 0.17125728493422102], Energy: -41.50387315092648
Eval count: 983, θ = [0.8824999488888685, -6.368935179010912, -6.950153697095802, 0.1709426014977069, 5.097284407239521, 6.104350944377269, 3.8492568013961797, -4.305680291906316, -2.8523743353695297, -3.009927902943514, -0.38719668595159, -3.0829216580795764, -3.9821614575659816, 6.637804219090985, 2.5029163440804374, 6.845449772239932, 4.272599216792333, 1.8257909347813464, 3.9660287123082614, -2.6428317628850797, 4.389544216767339, -3.503134558745469, 0.6946021132028554, 0.9054695273680496, 0.17125728493422102], Energy: -41.50387315092736
Eval count: 984, θ = [0.8824999488888685, -6.368935179010912, -6.950153697095802, 0.1709426014977069, 5.097284407239521, 6.104350944377269, 3.8492568013961797, -4.305680291906316, -2.8523743353695297, -3.009927902943514, -0.38719668595159, -3.0829216580795764, -3.9821614575659816, 6.637804219090985, 2.5029163440804374, 6.845449772239932, 4.272599216792333, 1.8257909347813464, 3.9660287123082614, -2.6428317628850797, 4.389544216767339, -3.5031345736466304, 0.6946021281040166, 0.9054695273680496, 0.17125728493422102], Energy: -41.503873151005685
Eval count: 985, θ = [0.8824999488888685, -6.368935179010912, -6.950153697095802, 0.1709426014977069, 5.097284407239521, 6.104350944377269, 3.8492568013961797, -4.305680291906316, -2.8523743353695297, -3.009927902943514, -0.38719668595159, -3.0829216580795764, -3.9821614575659816, 6.637804219090985, 2.5029163440804374, 6.845449772239932, 4.272599216792333, 1.8257909347813464, 3.9660287123082614, -2.6428317628850797, 4.389544216767339, -3.5031345736466304, 0.6946021132028554, 0.9054695422692108, 0.17125728493422102], Energy: -41.50387315084524
Eval count: 986, θ = [0.8824999488888685, -6.368935179010912, -6.950153697095802, 0.1709426014977069, 5.097284407239521, 6.104350944377269, 3.8492568013961797, -4.305680291906316, -2.8523743353695297, -3.009927902943514, -0.38719668595159, -3.0829216580795764, -3.9821614575659816, 6.637804219090985, 2.5029163440804374, 6.845449772239932, 4.272599216792333, 1.8257909347813464, 3.9660287123082614, -2.6428317628850797, 4.389544216767339, -3.5031345736466304, 0.6946021132028554, 0.9054695273680496, 0.1712572998353822], Energy: -41.50387315092859
Eval count: 987, θ = [0.8825513445056132, -6.368857410999935, -6.949823498907014, 0.1713306525408097, 5.097215778825012, 6.104415321699048, 3.8493523390640836, -4.3061224717568125, -2.852171943206908, -3.009964313606047, -0.3870555659206341, -3.083626344924555, -3.9819700875042923, 6.637895689389691, 2.5023990602064554, 6.846419025455022, 4.271662405822904, 1.8256849184052242, 3.9662547479179837, -2.6447499023794405, 4.389538981529776, -3.5023460980964365, 0.6971117524218035, 0.9018472606344549, 0.17093074208629477], Energy: -41.503875266214244
Eval count: 988, θ = [0.8825265598209859, -6.36889491333473, -6.949982731512671, 0.17114352135469385, 5.09724887374084, 6.104384276802255, 3.849306267606652, -4.305909237850163, -2.8522695434739993, -3.0099467551673103, -0.3871236187174165, -3.0832865213691623, -3.982062372545829, 6.637851579353665, 2.5026485117840696, 6.8459516191511085, 4.272114167391367, 1.8257360430460776, 3.9661457459902643, -2.6438249113889634, 4.389541506136351, -3.5027263273666667, 0.6959015204894022, 0.9035940387512347, 0.17108821196438473], Energy: -41.50388912478395
Eval count: 989, θ = [0.8825265747221471, -6.36889491333473, -6.949982731512671, 0.17114352135469385, 5.09724887374084, 6.104384276802255, 3.849306267606652, -4.305909237850163, -2.8522695434739993, -3.0099467551673103, -0.3871236187174165, -3.0832865213691623, -3.982062372545829, 6.637851579353665, 2.5026485117840696, 6.8459516191511085, 4.272114167391367, 1.8257360430460776, 3.9661457459902643, -2.6438249113889634, 4.389541506136351, -3.5027263273666667, 0.6959015204894022, 0.9035940387512347, 0.17108821196438473], Energy: -41.503889124686054
Eval count: 990, θ = [0.8825265598209859, -6.3688948984335685, -6.949982731512671, 0.17114352135469385, 5.09724887374084, 6.104384276802255, 3.849306267606652, -4.305909237850163, -2.8522695434739993, -3.0099467551673103, -0.3871236187174165, -3.0832865213691623, -3.982062372545829, 6.637851579353665, 2.5026485117840696, 6.8459516191511085, 4.272114167391367, 1.8257360430460776, 3.9661457459902643, -2.6438249113889634, 4.389541506136351, -3.5027263273666667, 0.6959015204894022, 0.9035940387512347, 0.17108821196438473], Energy: -41.50388912480723
Eval count: 991, θ = [0.8825265598209859, -6.36889491333473, -6.94998271661151, 0.17114352135469385, 5.09724887374084, 6.104384276802255, 3.849306267606652, -4.305909237850163, -2.8522695434739993, -3.0099467551673103, -0.3871236187174165, -3.0832865213691623, -3.982062372545829, 6.637851579353665, 2.5026485117840696, 6.8459516191511085, 4.272114167391367, 1.8257360430460776, 3.9661457459902643, -2.6438249113889634, 4.389541506136351, -3.5027263273666667, 0.6959015204894022, 0.9035940387512347, 0.17108821196438473], Energy: -41.50388912476991
Eval count: 992, θ = [0.8825265598209859, -6.36889491333473, -6.949982731512671, 0.17114353625585504, 5.09724887374084, 6.104384276802255, 3.849306267606652, -4.305909237850163, -2.8522695434739993, -3.0099467551673103, -0.3871236187174165, -3.0832865213691623, -3.982062372545829, 6.637851579353665, 2.5026485117840696, 6.8459516191511085, 4.272114167391367, 1.8257360430460776, 3.9661457459902643, -2.6438249113889634, 4.389541506136351, -3.5027263273666667, 0.6959015204894022, 0.9035940387512347, 0.17108821196438473], Energy: -41.503889124780315
Eval count: 993, θ = [0.8825265598209859, -6.36889491333473, -6.949982731512671, 0.17114352135469385, 5.097248888642001, 6.104384276802255, 3.849306267606652, -4.305909237850163, -2.8522695434739993, -3.0099467551673103, -0.3871236187174165, -3.0832865213691623, -3.982062372545829, 6.637851579353665, 2.5026485117840696, 6.8459516191511085, 4.272114167391367, 1.8257360430460776, 3.9661457459902643, -2.6438249113889634, 4.389541506136351, -3.5027263273666667, 0.6959015204894022, 0.9035940387512347, 0.17108821196438473], Energy: -41.50388912474195
Eval count: 994, θ = [0.8825265598209859, -6.36889491333473, -6.949982731512671, 0.17114352135469385, 5.09724887374084, 6.104384291703417, 3.849306267606652, -4.305909237850163, -2.8522695434739993, -3.0099467551673103, -0.3871236187174165, -3.0832865213691623, -3.982062372545829, 6.637851579353665, 2.5026485117840696, 6.8459516191511085, 4.272114167391367, 1.8257360430460776, 3.9661457459902643, -2.6438249113889634, 4.389541506136351, -3.5027263273666667, 0.6959015204894022, 0.9035940387512347, 0.17108821196438473], Energy: -41.50388912487621
Eval count: 995, θ = [0.8825265598209859, -6.36889491333473, -6.949982731512671, 0.17114352135469385, 5.09724887374084, 6.104384276802255, 3.849306282507813, -4.305909237850163, -2.8522695434739993, -3.0099467551673103, -0.3871236187174165, -3.0832865213691623, -3.982062372545829, 6.637851579353665, 2.5026485117840696, 6.8459516191511085, 4.272114167391367, 1.8257360430460776, 3.9661457459902643, -2.6438249113889634, 4.389541506136351, -3.5027263273666667, 0.6959015204894022, 0.9035940387512347, 0.17108821196438473], Energy: -41.50388912476923
Eval count: 996, θ = [0.8825265598209859, -6.36889491333473, -6.949982731512671, 0.17114352135469385, 5.09724887374084, 6.104384276802255, 3.849306267606652, -4.305909222949002, -2.8522695434739993, -3.0099467551673103, -0.3871236187174165, -3.0832865213691623, -3.982062372545829, 6.637851579353665, 2.5026485117840696, 6.8459516191511085, 4.272114167391367, 1.8257360430460776, 3.9661457459902643, -2.6438249113889634, 4.389541506136351, -3.5027263273666667, 0.6959015204894022, 0.9035940387512347, 0.17108821196438473], Energy: -41.50388912478396
Eval count: 997, θ = [0.8825265598209859, -6.36889491333473, -6.949982731512671, 0.17114352135469385, 5.09724887374084, 6.104384276802255, 3.849306267606652, -4.305909237850163, -2.852269528572838, -3.0099467551673103, -0.3871236187174165, -3.0832865213691623, -3.982062372545829, 6.637851579353665, 2.5026485117840696, 6.8459516191511085, 4.272114167391367, 1.8257360430460776, 3.9661457459902643, -2.6438249113889634, 4.389541506136351, -3.5027263273666667, 0.6959015204894022, 0.9035940387512347, 0.17108821196438473], Energy: -41.50388912492876
Eval count: 998, θ = [0.8825265598209859, -6.36889491333473, -6.949982731512671, 0.17114352135469385, 5.09724887374084, 6.104384276802255, 3.849306267606652, -4.305909237850163, -2.8522695434739993, -3.009946740266149, -0.3871236187174165, -3.0832865213691623, -3.982062372545829, 6.637851579353665, 2.5026485117840696, 6.8459516191511085, 4.272114167391367, 1.8257360430460776, 3.9661457459902643, -2.6438249113889634, 4.389541506136351, -3.5027263273666667, 0.6959015204894022, 0.9035940387512347, 0.17108821196438473], Energy: -41.50388912477728
Eval count: 999, θ = [0.8825265598209859, -6.36889491333473, -6.949982731512671, 0.17114352135469385, 5.09724887374084, 6.104384276802255, 3.849306267606652, -4.305909237850163, -2.8522695434739993, -3.0099467551673103, -0.3871236038162553, -3.0832865213691623, -3.982062372545829, 6.637851579353665, 2.5026485117840696, 6.8459516191511085, 4.272114167391367, 1.8257360430460776, 3.9661457459902643, -2.6438249113889634, 4.389541506136351, -3.5027263273666667, 0.6959015204894022, 0.9035940387512347, 0.17108821196438473], Energy: -41.503889124789666
Eval count: 1000, θ = [0.8825265598209859, -6.36889491333473, -6.949982731512671, 0.17114352135469385, 5.09724887374084, 6.104384276802255, 3.849306267606652, -4.305909237850163, -2.8522695434739993, -3.0099467551673103, -0.3871236187174165, -3.083286506468001, -3.982062372545829, 6.637851579353665, 2.5026485117840696, 6.8459516191511085, 4.272114167391367, 1.8257360430460776, 3.9661457459902643, -2.6438249113889634, 4.389541506136351, -3.5027263273666667, 0.6959015204894022, 0.9035940387512347, 0.17108821196438473], Energy: -41.503889124783925
Eval count: 1001, θ = [0.8825265598209859, -6.36889491333473, -6.949982731512671, 0.17114352135469385, 5.09724887374084, 6.104384276802255, 3.849306267606652, -4.305909237850163, -2.8522695434739993, -3.0099467551673103, -0.3871236187174165, -3.0832865213691623, -3.9820623576446676, 6.637851579353665, 2.5026485117840696, 6.8459516191511085, 4.272114167391367, 1.8257360430460776, 3.9661457459902643, -2.6438249113889634, 4.389541506136351, -3.5027263273666667, 0.6959015204894022, 0.9035940387512347, 0.17108821196438473], Energy: -41.50388912487255
Eval count: 1002, θ = [0.8825265598209859, -6.36889491333473, -6.949982731512671, 0.17114352135469385, 5.09724887374084, 6.104384276802255, 3.849306267606652, -4.305909237850163, -2.8522695434739993, -3.0099467551673103, -0.3871236187174165, -3.0832865213691623, -3.982062372545829, 6.637851594254826, 2.5026485117840696, 6.8459516191511085, 4.272114167391367, 1.8257360430460776, 3.9661457459902643, -2.6438249113889634, 4.389541506136351, -3.5027263273666667, 0.6959015204894022, 0.9035940387512347, 0.17108821196438473], Energy: -41.50388912482155
Eval count: 1003, θ = [0.8825265598209859, -6.36889491333473, -6.949982731512671, 0.17114352135469385, 5.09724887374084, 6.104384276802255, 3.849306267606652, -4.305909237850163, -2.8522695434739993, -3.0099467551673103, -0.3871236187174165, -3.0832865213691623, -3.982062372545829, 6.637851579353665, 2.5026485266852307, 6.8459516191511085, 4.272114167391367, 1.8257360430460776, 3.9661457459902643, -2.6438249113889634, 4.389541506136351, -3.5027263273666667, 0.6959015204894022, 0.9035940387512347, 0.17108821196438473], Energy: -41.50388912479615
Eval count: 1004, θ = [0.8825265598209859, -6.36889491333473, -6.949982731512671, 0.17114352135469385, 5.09724887374084, 6.104384276802255, 3.849306267606652, -4.305909237850163, -2.8522695434739993, -3.0099467551673103, -0.3871236187174165, -3.0832865213691623, -3.982062372545829, 6.637851579353665, 2.5026485117840696, 6.84595163405227, 4.272114167391367, 1.8257360430460776, 3.9661457459902643, -2.6438249113889634, 4.389541506136351, -3.5027263273666667, 0.6959015204894022, 0.9035940387512347, 0.17108821196438473], Energy: -41.50388912479029
Eval count: 1005, θ = [0.8825265598209859, -6.36889491333473, -6.949982731512671, 0.17114352135469385, 5.09724887374084, 6.104384276802255, 3.849306267606652, -4.305909237850163, -2.8522695434739993, -3.0099467551673103, -0.3871236187174165, -3.0832865213691623, -3.982062372545829, 6.637851579353665, 2.5026485117840696, 6.8459516191511085, 4.272114182292528, 1.8257360430460776, 3.9661457459902643, -2.6438249113889634, 4.389541506136351, -3.5027263273666667, 0.6959015204894022, 0.9035940387512347, 0.17108821196438473], Energy: -41.5038891248168
Eval count: 1006, θ = [0.8825265598209859, -6.36889491333473, -6.949982731512671, 0.17114352135469385, 5.09724887374084, 6.104384276802255, 3.849306267606652, -4.305909237850163, -2.8522695434739993, -3.0099467551673103, -0.3871236187174165, -3.0832865213691623, -3.982062372545829, 6.637851579353665, 2.5026485117840696, 6.8459516191511085, 4.272114167391367, 1.8257360579472388, 3.9661457459902643, -2.6438249113889634, 4.389541506136351, -3.5027263273666667, 0.6959015204894022, 0.9035940387512347, 0.17108821196438473], Energy: -41.50388912477259
Eval count: 1007, θ = [0.8825265598209859, -6.36889491333473, -6.949982731512671, 0.17114352135469385, 5.09724887374084, 6.104384276802255, 3.849306267606652, -4.305909237850163, -2.8522695434739993, -3.0099467551673103, -0.3871236187174165, -3.0832865213691623, -3.982062372545829, 6.637851579353665, 2.5026485117840696, 6.8459516191511085, 4.272114167391367, 1.8257360430460776, 3.9661457608914255, -2.6438249113889634, 4.389541506136351, -3.5027263273666667, 0.6959015204894022, 0.9035940387512347, 0.17108821196438473], Energy: -41.50388912475863
Eval count: 1008, θ = [0.8825265598209859, -6.36889491333473, -6.949982731512671, 0.17114352135469385, 5.09724887374084, 6.104384276802255, 3.849306267606652, -4.305909237850163, -2.8522695434739993, -3.0099467551673103, -0.3871236187174165, -3.0832865213691623, -3.982062372545829, 6.637851579353665, 2.5026485117840696, 6.8459516191511085, 4.272114167391367, 1.8257360430460776, 3.9661457459902643, -2.643824896487802, 4.389541506136351, -3.5027263273666667, 0.6959015204894022, 0.9035940387512347, 0.17108821196438473], Energy: -41.50388912475034
Eval count: 1009, θ = [0.8825265598209859, -6.36889491333473, -6.949982731512671, 0.17114352135469385, 5.09724887374084, 6.104384276802255, 3.849306267606652, -4.305909237850163, -2.8522695434739993, -3.0099467551673103, -0.3871236187174165, -3.0832865213691623, -3.982062372545829, 6.637851579353665, 2.5026485117840696, 6.8459516191511085, 4.272114167391367, 1.8257360430460776, 3.9661457459902643, -2.6438249113889634, 4.389541521037512, -3.5027263273666667, 0.6959015204894022, 0.9035940387512347, 0.17108821196438473], Energy: -41.50388912474905
Eval count: 1010, θ = [0.8825265598209859, -6.36889491333473, -6.949982731512671, 0.17114352135469385, 5.09724887374084, 6.104384276802255, 3.849306267606652, -4.305909237850163, -2.8522695434739993, -3.0099467551673103, -0.3871236187174165, -3.0832865213691623, -3.982062372545829, 6.637851579353665, 2.5026485117840696, 6.8459516191511085, 4.272114167391367, 1.8257360430460776, 3.9661457459902643, -2.6438249113889634, 4.389541506136351, -3.5027263124655055, 0.6959015204894022, 0.9035940387512347, 0.17108821196438473], Energy: -41.503889124759134
Eval count: 1011, θ = [0.8825265598209859, -6.36889491333473, -6.949982731512671, 0.17114352135469385, 5.09724887374084, 6.104384276802255, 3.849306267606652, -4.305909237850163, -2.8522695434739993, -3.0099467551673103, -0.3871236187174165, -3.0832865213691623, -3.982062372545829, 6.637851579353665, 2.5026485117840696, 6.8459516191511085, 4.272114167391367, 1.8257360430460776, 3.9661457459902643, -2.6438249113889634, 4.389541506136351, -3.5027263273666667, 0.6959015353905634, 0.9035940387512347, 0.17108821196438473], Energy: -41.503889124768776
Eval count: 1012, θ = [0.8825265598209859, -6.36889491333473, -6.949982731512671, 0.17114352135469385, 5.09724887374084, 6.104384276802255, 3.849306267606652, -4.305909237850163, -2.8522695434739993, -3.0099467551673103, -0.3871236187174165, -3.0832865213691623, -3.982062372545829, 6.637851579353665, 2.5026485117840696, 6.8459516191511085, 4.272114167391367, 1.8257360430460776, 3.9661457459902643, -2.6438249113889634, 4.389541506136351, -3.5027263273666667, 0.6959015204894022, 0.9035940536523959, 0.17108821196438473], Energy: -41.50388912478992
Eval count: 1013, θ = [0.8825265598209859, -6.36889491333473, -6.949982731512671, 0.17114352135469385, 5.09724887374084, 6.104384276802255, 3.849306267606652, -4.305909237850163, -2.8522695434739993, -3.0099467551673103, -0.3871236187174165, -3.0832865213691623, -3.982062372545829, 6.637851579353665, 2.5026485117840696, 6.8459516191511085, 4.272114167391367, 1.8257360430460776, 3.9661457459902643, -2.6438249113889634, 4.389541506136351, -3.5027263273666667, 0.6959015204894022, 0.9035940387512347, 0.17108822686554592], Energy: -41.50388912478466
Eval count: 1014, θ = [0.8824122074248599, -6.368859836028558, -6.950083110313533, 0.1711150066029929, 5.097241186133015, 6.104465546692035, 3.8493603486775045, -4.306209620695844, -2.852161959316676, -3.010185979082986, -0.386912751453364, -3.083884216175822, -3.981643101638056, 6.638197315092139, 2.5026517728465105, 6.8459963683455705, 4.2719204793282115, 1.8254354893201337, 3.965075062600198, -2.645557447059758, 4.389328628187392, -3.5029671154958564, 0.6954261946709377, 0.9044246648948433, 0.17078085335007695], Energy: -41.503885756102406
Eval count: 1015, θ = [0.8824809858203992, -6.36888093362616, -6.950022736477012, 0.17113215708639012, 5.097245809921844, 6.104416666101737, 3.849327821075038, -4.3060289524206405, -2.852226666887106, -3.010042095459623, -0.3870395796842068, -3.0835247266398182, -3.981895276330584, 6.637989368864702, 2.5026498114477986, 6.845969453493753, 4.272036974956377, 1.825616260372985, 3.965719035863497, -2.6445153961042136, 4.389456665764838, -3.5028222910605877, 0.6957120841517002, 0.9039250764700633, 0.170965717271284], Energy: -41.503891765437466
Eval count: 1016, θ = [0.8824810007215604, -6.36888093362616, -6.950022736477012, 0.17113215708639012, 5.097245809921844, 6.104416666101737, 3.849327821075038, -4.3060289524206405, -2.852226666887106, -3.010042095459623, -0.3870395796842068, -3.0835247266398182, -3.981895276330584, 6.637989368864702, 2.5026498114477986, 6.845969453493753, 4.272036974956377, 1.825616260372985, 3.965719035863497, -2.6445153961042136, 4.389456665764838, -3.5028222910605877, 0.6957120841517002, 0.9039250764700633, 0.170965717271284], Energy: -41.5038917654054
Eval count: 1017, θ = [0.8824809858203992, -6.368880918724999, -6.950022736477012, 0.17113215708639012, 5.097245809921844, 6.104416666101737, 3.849327821075038, -4.3060289524206405, -2.852226666887106, -3.010042095459623, -0.3870395796842068, -3.0835247266398182, -3.981895276330584, 6.637989368864702, 2.5026498114477986, 6.845969453493753, 4.272036974956377, 1.825616260372985, 3.965719035863497, -2.6445153961042136, 4.389456665764838, -3.5028222910605877, 0.6957120841517002, 0.9039250764700633, 0.170965717271284], Energy: -41.50389176544611
Eval count: 1018, θ = [0.8824809858203992, -6.36888093362616, -6.950022721575851, 0.17113215708639012, 5.097245809921844, 6.104416666101737, 3.849327821075038, -4.3060289524206405, -2.852226666887106, -3.010042095459623, -0.3870395796842068, -3.0835247266398182, -3.981895276330584, 6.637989368864702, 2.5026498114477986, 6.845969453493753, 4.272036974956377, 1.825616260372985, 3.965719035863497, -2.6445153961042136, 4.389456665764838, -3.5028222910605877, 0.6957120841517002, 0.9039250764700633, 0.170965717271284], Energy: -41.50389176542884
Eval count: 1019, θ = [0.8824809858203992, -6.36888093362616, -6.950022736477012, 0.17113217198755132, 5.097245809921844, 6.104416666101737, 3.849327821075038, -4.3060289524206405, -2.852226666887106, -3.010042095459623, -0.3870395796842068, -3.0835247266398182, -3.981895276330584, 6.637989368864702, 2.5026498114477986, 6.845969453493753, 4.272036974956377, 1.825616260372985, 3.965719035863497, -2.6445153961042136, 4.389456665764838, -3.5028222910605877, 0.6957120841517002, 0.9039250764700633, 0.170965717271284], Energy: -41.503891765437324
Eval count: 1020, θ = [0.8824809858203992, -6.36888093362616, -6.950022736477012, 0.17113215708639012, 5.0972458248230055, 6.104416666101737, 3.849327821075038, -4.3060289524206405, -2.852226666887106, -3.010042095459623, -0.3870395796842068, -3.0835247266398182, -3.981895276330584, 6.637989368864702, 2.5026498114477986, 6.845969453493753, 4.272036974956377, 1.825616260372985, 3.965719035863497, -2.6445153961042136, 4.389456665764838, -3.5028222910605877, 0.6957120841517002, 0.9039250764700633, 0.170965717271284], Energy: -41.50389176541952
Eval count: 1021, θ = [0.8824809858203992, -6.36888093362616, -6.950022736477012, 0.17113215708639012, 5.097245809921844, 6.104416681002898, 3.849327821075038, -4.3060289524206405, -2.852226666887106, -3.010042095459623, -0.3870395796842068, -3.0835247266398182, -3.981895276330584, 6.637989368864702, 2.5026498114477986, 6.845969453493753, 4.272036974956377, 1.825616260372985, 3.965719035863497, -2.6445153961042136, 4.389456665764838, -3.5028222910605877, 0.6957120841517002, 0.9039250764700633, 0.170965717271284], Energy: -41.50389176546209
Eval count: 1022, θ = [0.8824809858203992, -6.36888093362616, -6.950022736477012, 0.17113215708639012, 5.097245809921844, 6.104416666101737, 3.849327835976199, -4.3060289524206405, -2.852226666887106, -3.010042095459623, -0.3870395796842068, -3.0835247266398182, -3.981895276330584, 6.637989368864702, 2.5026498114477986, 6.845969453493753, 4.272036974956377, 1.825616260372985, 3.965719035863497, -2.6445153961042136, 4.389456665764838, -3.5028222910605877, 0.6957120841517002, 0.9039250764700633, 0.170965717271284], Energy: -41.50389176543728
Eval count: 1023, θ = [0.8824809858203992, -6.36888093362616, -6.950022736477012, 0.17113215708639012, 5.097245809921844, 6.104416666101737, 3.849327821075038, -4.306028937519479, -2.852226666887106, -3.010042095459623, -0.3870395796842068, -3.0835247266398182, -3.981895276330584, 6.637989368864702, 2.5026498114477986, 6.845969453493753, 4.272036974956377, 1.825616260372985, 3.965719035863497, -2.6445153961042136, 4.389456665764838, -3.5028222910605877, 0.6957120841517002, 0.9039250764700633, 0.170965717271284], Energy: -41.503891765455705
Eval count: 1024, θ = [0.8824809858203992, -6.36888093362616, -6.950022736477012, 0.17113215708639012, 5.097245809921844, 6.104416666101737, 3.849327821075038, -4.3060289524206405, -2.8522266519859447, -3.010042095459623, -0.3870395796842068, -3.0835247266398182, -3.981895276330584, 6.637989368864702, 2.5026498114477986, 6.845969453493753, 4.272036974956377, 1.825616260372985, 3.965719035863497, -2.6445153961042136, 4.389456665764838, -3.5028222910605877, 0.6957120841517002, 0.9039250764700633, 0.170965717271284], Energy: -41.50389176549493
Eval count: 1025, θ = [0.8824809858203992, -6.36888093362616, -6.950022736477012, 0.17113215708639012, 5.097245809921844, 6.104416666101737, 3.849327821075038, -4.3060289524206405, -2.852226666887106, -3.010042080558462, -0.3870395796842068, -3.0835247266398182, -3.981895276330584, 6.637989368864702, 2.5026498114477986, 6.845969453493753, 4.272036974956377, 1.825616260372985, 3.965719035863497, -2.6445153961042136, 4.389456665764838, -3.5028222910605877, 0.6957120841517002, 0.9039250764700633, 0.170965717271284], Energy: -41.50389176545629
Eval count: 1026, θ = [0.8824809858203992, -6.36888093362616, -6.950022736477012, 0.17113215708639012, 5.097245809921844, 6.104416666101737, 3.849327821075038, -4.3060289524206405, -2.852226666887106, -3.010042095459623, -0.38703956478304563, -3.0835247266398182, -3.981895276330584, 6.637989368864702, 2.5026498114477986, 6.845969453493753, 4.272036974956377, 1.825616260372985, 3.965719035863497, -2.6445153961042136, 4.389456665764838, -3.5028222910605877, 0.6957120841517002, 0.9039250764700633, 0.170965717271284], Energy: -41.50389176544088
Eval count: 1027, θ = [0.8824809858203992, -6.36888093362616, -6.950022736477012, 0.17113215708639012, 5.097245809921844, 6.104416666101737, 3.849327821075038, -4.3060289524206405, -2.852226666887106, -3.010042095459623, -0.3870395796842068, -3.083524711738657, -3.981895276330584, 6.637989368864702, 2.5026498114477986, 6.845969453493753, 4.272036974956377, 1.825616260372985, 3.965719035863497, -2.6445153961042136, 4.389456665764838, -3.5028222910605877, 0.6957120841517002, 0.9039250764700633, 0.170965717271284], Energy: -41.50389176544051
Eval count: 1028, θ = [0.8824809858203992, -6.36888093362616, -6.950022736477012, 0.17113215708639012, 5.097245809921844, 6.104416666101737, 3.849327821075038, -4.3060289524206405, -2.852226666887106, -3.010042095459623, -0.3870395796842068, -3.0835247266398182, -3.9818952614294227, 6.637989368864702, 2.5026498114477986, 6.845969453493753, 4.272036974956377, 1.825616260372985, 3.965719035863497, -2.6445153961042136, 4.389456665764838, -3.5028222910605877, 0.6957120841517002, 0.9039250764700633, 0.170965717271284], Energy: -41.50389176547347
Eval count: 1029, θ = [0.8824809858203992, -6.36888093362616, -6.950022736477012, 0.17113215708639012, 5.097245809921844, 6.104416666101737, 3.849327821075038, -4.3060289524206405, -2.852226666887106, -3.010042095459623, -0.3870395796842068, -3.0835247266398182, -3.981895276330584, 6.637989383765863, 2.5026498114477986, 6.845969453493753, 4.272036974956377, 1.825616260372985, 3.965719035863497, -2.6445153961042136, 4.389456665764838, -3.5028222910605877, 0.6957120841517002, 0.9039250764700633, 0.170965717271284], Energy: -41.50389176541991
Eval count: 1030, θ = [0.8824809858203992, -6.36888093362616, -6.950022736477012, 0.17113215708639012, 5.097245809921844, 6.104416666101737, 3.849327821075038, -4.3060289524206405, -2.852226666887106, -3.010042095459623, -0.3870395796842068, -3.0835247266398182, -3.981895276330584, 6.637989368864702, 2.50264982634896, 6.845969453493753, 4.272036974956377, 1.825616260372985, 3.965719035863497, -2.6445153961042136, 4.389456665764838, -3.5028222910605877, 0.6957120841517002, 0.9039250764700633, 0.170965717271284], Energy: -41.503891765442745
Eval count: 1031, θ = [0.8824809858203992, -6.36888093362616, -6.950022736477012, 0.17113215708639012, 5.097245809921844, 6.104416666101737, 3.849327821075038, -4.3060289524206405, -2.852226666887106, -3.010042095459623, -0.3870395796842068, -3.0835247266398182, -3.981895276330584, 6.637989368864702, 2.5026498114477986, 6.845969468394914, 4.272036974956377, 1.825616260372985, 3.965719035863497, -2.6445153961042136, 4.389456665764838, -3.5028222910605877, 0.6957120841517002, 0.9039250764700633, 0.170965717271284], Energy: -41.50389176544846
Eval count: 1032, θ = [0.8824809858203992, -6.36888093362616, -6.950022736477012, 0.17113215708639012, 5.097245809921844, 6.104416666101737, 3.849327821075038, -4.3060289524206405, -2.852226666887106, -3.010042095459623, -0.3870395796842068, -3.0835247266398182, -3.981895276330584, 6.637989368864702, 2.5026498114477986, 6.845969453493753, 4.272036989857538, 1.825616260372985, 3.965719035863497, -2.6445153961042136, 4.389456665764838, -3.5028222910605877, 0.6957120841517002, 0.9039250764700633, 0.170965717271284], Energy: -41.503891765482216
Eval count: 1033, θ = [0.8824809858203992, -6.36888093362616, -6.950022736477012, 0.17113215708639012, 5.097245809921844, 6.104416666101737, 3.849327821075038, -4.3060289524206405, -2.852226666887106, -3.010042095459623, -0.3870395796842068, -3.0835247266398182, -3.981895276330584, 6.637989368864702, 2.5026498114477986, 6.845969453493753, 4.272036974956377, 1.8256162752741463, 3.965719035863497, -2.6445153961042136, 4.389456665764838, -3.5028222910605877, 0.6957120841517002, 0.9039250764700633, 0.170965717271284], Energy: -41.50389176544613
Eval count: 1034, θ = [0.8824809858203992, -6.36888093362616, -6.950022736477012, 0.17113215708639012, 5.097245809921844, 6.104416666101737, 3.849327821075038, -4.3060289524206405, -2.852226666887106, -3.010042095459623, -0.3870395796842068, -3.0835247266398182, -3.981895276330584, 6.637989368864702, 2.5026498114477986, 6.845969453493753, 4.272036974956377, 1.825616260372985, 3.9657190507646582, -2.6445153961042136, 4.389456665764838, -3.5028222910605877, 0.6957120841517002, 0.9039250764700633, 0.170965717271284], Energy: -41.50389176542645
Eval count: 1035, θ = [0.8824809858203992, -6.36888093362616, -6.950022736477012, 0.17113215708639012, 5.097245809921844, 6.104416666101737, 3.849327821075038, -4.3060289524206405, -2.852226666887106, -3.010042095459623, -0.3870395796842068, -3.0835247266398182, -3.981895276330584, 6.637989368864702, 2.5026498114477986, 6.845969453493753, 4.272036974956377, 1.825616260372985, 3.965719035863497, -2.6445153812030524, 4.389456665764838, -3.5028222910605877, 0.6957120841517002, 0.9039250764700633, 0.170965717271284], Energy: -41.50389176543566
Eval count: 1036, θ = [0.8824809858203992, -6.36888093362616, -6.950022736477012, 0.17113215708639012, 5.097245809921844, 6.104416666101737, 3.849327821075038, -4.3060289524206405, -2.852226666887106, -3.010042095459623, -0.3870395796842068, -3.0835247266398182, -3.981895276330584, 6.637989368864702, 2.5026498114477986, 6.845969453493753, 4.272036974956377, 1.825616260372985, 3.965719035863497, -2.6445153961042136, 4.389456680665999, -3.5028222910605877, 0.6957120841517002, 0.9039250764700633, 0.170965717271284], Energy: -41.503891765455485
Eval count: 1037, θ = [0.8824809858203992, -6.36888093362616, -6.950022736477012, 0.17113215708639012, 5.097245809921844, 6.104416666101737, 3.849327821075038, -4.3060289524206405, -2.852226666887106, -3.010042095459623, -0.3870395796842068, -3.0835247266398182, -3.981895276330584, 6.637989368864702, 2.5026498114477986, 6.845969453493753, 4.272036974956377, 1.825616260372985, 3.965719035863497, -2.6445153961042136, 4.389456665764838, -3.5028222761594265, 0.6957120841517002, 0.9039250764700633, 0.170965717271284], Energy: -41.503891765429564
Eval count: 1038, θ = [0.8824809858203992, -6.36888093362616, -6.950022736477012, 0.17113215708639012, 5.097245809921844, 6.104416666101737, 3.849327821075038, -4.3060289524206405, -2.852226666887106, -3.010042095459623, -0.3870395796842068, -3.0835247266398182, -3.981895276330584, 6.637989368864702, 2.5026498114477986, 6.845969453493753, 4.272036974956377, 1.825616260372985, 3.965719035863497, -2.6445153961042136, 4.389456665764838, -3.5028222910605877, 0.6957120990528614, 0.9039250764700633, 0.170965717271284], Energy: -41.50389176543867
Eval count: 1039, θ = [0.8824809858203992, -6.36888093362616, -6.950022736477012, 0.17113215708639012, 5.097245809921844, 6.104416666101737, 3.849327821075038, -4.3060289524206405, -2.852226666887106, -3.010042095459623, -0.3870395796842068, -3.0835247266398182, -3.981895276330584, 6.637989368864702, 2.5026498114477986, 6.845969453493753, 4.272036974956377, 1.825616260372985, 3.965719035863497, -2.6445153961042136, 4.389456665764838, -3.5028222910605877, 0.6957120841517002, 0.9039250913712245, 0.170965717271284], Energy: -41.50389176542786
Eval count: 1040, θ = [0.8824809858203992, -6.36888093362616, -6.950022736477012, 0.17113215708639012, 5.097245809921844, 6.104416666101737, 3.849327821075038, -4.3060289524206405, -2.852226666887106, -3.010042095459623, -0.3870395796842068, -3.0835247266398182, -3.981895276330584, 6.637989368864702, 2.5026498114477986, 6.845969453493753, 4.272036974956377, 1.825616260372985, 3.965719035863497, -2.6445153961042136, 4.389456665764838, -3.5028222910605877, 0.6957120841517002, 0.9039250764700633, 0.1709657321724452], Energy: -41.503891765452686
Eval count: 1041, θ = [0.8824930735238894, -6.368871589896959, -6.950224163919635, 0.17125885641511995, 5.097244236222185, 6.104447294185482, 3.8492865771102727, -4.30594987055798, -2.852204614632523, -3.0100485293158057, -0.3871070790411564, -3.083516619221206, -3.9817029128009267, 6.637948211890863, 2.5026891145857157, 6.846093285121515, 4.272393897918935, 1.8256915816714376, 3.965420324309104, -2.644667125094287, 4.389500309217764, -3.5027848890892237, 0.6957234874323122, 0.9036262515677672, 0.17139534564866077], Energy: -41.50389234372268
